PROVEEDOR,fecha,NUMERO,CANT,U#MEDIDA,descripcion,importe_nominal,P#UNITARIO,CLASIFICACION,SUBCLASIFICACION,registro_id,descripcion_normalizada,motivo,semana_inicio
repostearte,2025-07-30,24221,1.0,pz,disco dorado pasteloso 16 cm,5.0,5.0,BASES,,2,DISCO DORADO PASTELOSO 16 CM,,2025-07-28
cravioto,2025-07-22,219757,1.0,paq,celofan 9x12 100 pz,12.9,12.9,EMPAQUE,,3,CELOFAN 9X12 100 PZ,,2025-07-21
repostearte,2025-07-22,25035,1.0,pz,disco blanco pasteloso 20 cm,6.0,6.0,BASES,,4,DISCO BLANCO PASTELOSO 20 CM,,2025-07-21
MEGA PLAST,2025-07-22,138444,1.0,lts,Crema para batir ambiante 1 lt,72.0,72.0,AMBIANTE,,5,CREMA PARA BATIR AMBIANTE 1 LT,,2025-07-21
megaplast,2025-07-22,138444,3.0,kg,tegral satin red velet cake puratos,246.0,82.0,HARINA,RED VELVET,6,TEGRAL SATIN RED VELET CAKE PURATOS,,2025-07-21
repostearte,2025-07-17,24816,2.0,paq,caja cupcake 12 cav,52.0,26.0,EMPAQUE,,7,CAJA CUPCAKE 12 CAV,,2025-07-14
MEGA PLAST,2025-07-17,137343,1.0,Kg,queso crema philadelphia,45.0,45.0,QUESO CREMA,,8,QUESO CREMA PHILADELPHIA,,2025-07-14
megaplast,2025-07-17,137343,1.0,kg,tegral satin creme cake vainilla,64.0,64.0,HARINA,VAINILLA,9,TEGRAL SATIN CREME CAKE VAINILLA,,2025-07-14
b. aurrera,2025-07-16,316955,1.0,paq,au huevo 3,95.0,95.0,HUEVO,,10,AU HUEVO 3,,2025-07-14
b. aurrera,2025-07-16,316955,1.0,paq,chant dull,91.0,91.0,CHANTILLY,,11,CHANT DULL,,2025-07-14
megaplast,2025-07-14,136719,5.0,kg,rompope coronado,85.0,170.0,LICORES,rompope,12,ROMPOPE CORONADO,,2025-07-14
repostearte,2025-07-14,24699,1.0,kg,fondant sabor nata coco blanco,87.0,92.0,FONDANT,nata coco,13,FONDANT SABOR NATA COCO BLANCO,,2025-07-14
b. aurera,2025-07-12,625103,1.0,paq,chant dull,91.0,91.0,CHANTILLY,,14,CHANT DULL,,2025-07-07
MEGA PLAST,2025-07-10,135845,1.0,kg,cocoa hershey's c 1kg,42.0,420.0,CHOCOLATE,cocoa,15,COCOA HERSHEY'S C 1KG,,2025-07-07
mega plast,2025-07-10,135845,1.0,kg,tegral satin creme cake vainilla,64.0,64.0,HARINA,VAINILLA,16,TEGRAL SATIN CREME CAKE VAINILLA,,2025-07-07
MEGA PLAST,2025-07-10,135845,1.0,kg,confiter  chocolate semi amargo,29.0,290.0,CHOCOLATE,CHOCOLATE,17,CONFITER CHOCOLATE SEMI AMARGO,,2025-07-07
MEGA PLAST,2025-07-10,135845,2.0,paq,queso crema philadelphia,90.0,45.0,QUESO CREMA,,18,QUESO CREMA PHILADELPHIA,,2025-07-07
MEGA PLAST,2025-07-10,135845,1.0,lts,Crema para batir ambiante 1 lt,72.0,72.0,AMBIANTE,,19,CREMA PARA BATIR AMBIANTE 1 LT,,2025-07-07
MEGA PLAST,2025-07-10,135845,2.0,kg,Tegral Satin Creme cake chocolate,158.0,79.0,HARINA,CHOCOLATE,20,TEGRAL SATIN CREME CAKE CHOCOLATE,,2025-07-07
repostearte,2025-07-10,24501,1.0,pz,plumon ma market,30.0,30.0,DECORACION,,21,PLUMON MA MARKET,,2025-07-07
REPOSTEARTE,2025-07-10,24501,3.0,pz,base dorada pasteloso 30 cm,39.0,13.0,BASES,,22,BASE DORADA PASTELOSO 30 CM,,2025-07-07
REPOSTEARTE,2025-07-10,24501,1.0,pz,pegamento de fondant,45.0,45.0,DECORACION,,23,PEGAMENTO DE FONDANT,,2025-07-07
REPOSTEARTE,2025-07-10,24501,1.0,paq,capacillo alegria baby colores10,56.0,56.0,CAPACILLOS,,24,CAPACILLO ALEGRIA BABY COLORES10,,2025-07-07
repostearte,2025-07-10,24501,1.0,kg,perlas y granillo,40.0,440.0,DECORACION,,25,PERLAS Y GRANILLO,,2025-07-07
REPOSTEARTE,2025-07-03,24221,1.0,pz,disco plateado pasteloso 20 cm,7.0,7.0,BASES,,26,DISCO PLATEADO PASTELOSO 20 CM,,2025-06-30
REPOSTEARTE,2025-07-03,24221,1.0,Kg,fondant sabor nata coco blanco,87.0,92.0,FONDANT,nata coco,27,FONDANT SABOR NATA COCO BLANCO,,2025-06-30
b. aurrera,2025-07-01,643581909,2.0,kg,chant dull,182.0,91.0,CHANTILLY,,28,CHANT DULL,,2025-06-30
repostearte,2025-06-30,24079,1.0,pz,base fantasia pasteloso 30 cm,62.0,62.0,BASES,,29,BASE FANTASIA PASTELOSO 30 CM,,2025-06-30
REPOSTEARTE,2025-06-30,24079,1.0,pz,base 32 doble liston,48.0,48.0,BASES,,30,BASE 32 DOBLE LISTON,,2025-06-30
REPOSTEARTE,2025-06-30,24079,4.0,kg,fondant sabor nata coco blanco,348.0,92.0,FONDANT,nata coco,31,FONDANT SABOR NATA COCO BLANCO,,2025-06-30
mega plast,2025-06-30,133740,3.0,kg,tegral satin red velet cake puratos,246.0,82.0,HARINA,RED VELVET,32,TEGRAL SATIN RED VELET CAKE PURATOS,,2025-06-30
MEGA PLAST,2025-06-30,133740,2.0,Kg,confiter  chocolate semi amargo,58.0,290.0,CHOCOLATE,CHOCOLATE,33,CONFITER CHOCOLATE SEMI AMARGO,,2025-06-30
MEGA PLAST,2025-06-30,133740,2.0,pz,chips blanco alpezzi c/500 gr,288.0,180.0,CHOCOLATE,,34,CHIPS BLANCO ALPEZZI C/500 GR,,2025-06-30
MEGA PLAST,2025-06-30,133740,1.0,pz,chips sabor chocolate semiamargo,128.0,180.0,CHOCOLATE,CHOCOLATE,35,CHIPS SABOR CHOCOLATE SEMIAMARGO,,2025-06-30
MEGA PLAST,2025-06-30,133740,1.0,kg,relleno zarzamora fruitfill purat,68.0,68.0,RELLENO,zarzamora,36,RELLENO ZARZAMORA FRUITFILL PURAT,,2025-06-30
MEGA PLAST,2025-06-30,133740,1.0,kg,Tegral Satin Creme cake chocolate,79.0,79.0,HARINA,CHOCOLATE,37,TEGRAL SATIN CREME CAKE CHOCOLATE,,2025-06-30
REPOSTEARTE,2025-06-30,24079,1.0,pz,base fantasia pasteloso 40cm,62.0,62.0,BASES,,38,BASE FANTASIA PASTELOSO 40CM,,2025-06-30
MEGA PLAST,2025-06-30,133740,1.0,kg,nutella,205.0,205.0,CHOCOLATE,NUTELLA,39,NUTELLA,,2025-06-30
MEGA PLAST,2025-06-30,133740,1.0,Kg,tegral satin creme cake vainilla,64.0,64.0,HARINA,VAINILLA,40,TEGRAL SATIN CREME CAKE VAINILLA,,2025-06-30
REPOSTEARTE,2025-06-30,24079,1.0,pz,base plateada doble c/liston past,55.0,55.0,BASES,,41,BASE PLATEADA DOBLE C/LISTON PAST,,2025-06-30
CRAVIOTO,2025-06-29,266638,2.0,paq,fiorentina vela luces pastel gr,30.44,15.22,VELAS,,42,FIORENTINA VELA LUCES PASTEL GR,,2025-06-23
cravioto,2025-06-29,266638,1.0,paq,alegria capacillo rosa love 100pz,40.72,40.72,CAPACILLOS,,43,ALEGRIA CAPACILLO ROSA LOVE 100PZ,,2025-06-23
CRAVIOTO,2025-06-29,266638,1.0,paq,alegria capacillo met dorado 50 pz,45.24,45.24,CAPACILLOS,,44,ALEGRIA CAPACILLO MET DORADO 50 PZ,,2025-06-23
CRAVIOTO,2025-06-29,266638,2.0,paq,fiorentina vela luces p/pastel,21.76,10.88,VELAS,,45,FIORENTINA VELA LUCES P/PASTEL,,2025-06-23
repostearte,2025-06-25,,1.0,pz,vela espiral color primario alegr,45.0,45.0,VELAS,,46,VELA ESPIRAL COLOR PRIMARIO ALEGR,,2025-06-23
MEGA PLAST,2025-06-24,132490,2.0,g,confiter  chocolate semi amargo,50.0,250.0,CHOCOLATE,CHOCOLATE,47,CONFITER CHOCOLATE SEMI AMARGO,,2025-06-23
repostearte,2025-06-24,23839,1.0,pz,base dorada pasteloso32 cm,16.0,16.0,BASES,,48,BASE DORADA PASTELOSO32 CM,,2025-06-23
REPOSTEARTE,2025-06-24,23840,2.0,cj,caja cupcake blanca 6 cav,36.0,18.0,EMPAQUE,,49,CAJA CUPCAKE BLANCA 6 CAV,,2025-06-23
MEGA PLAST,2025-06-24,132490,1.0,kg,jarabe tres leches dulcerito puratos,47.5,47.5,JARABE,tres leches,50,JARABE TRES LECHES DULCERITO PURATOS,,2025-06-23
MEGA PLAST,2025-06-24,132490,1.0,lts,crema para batir ambiante puratos,72.0,72.0,AMBIANTE,,51,CREMA PARA BATIR AMBIANTE PURATOS,,2025-06-23
REPOSTEARTE,2025-06-24,23839,1.0,kg,fondant sabor nata coco blanco,87.0,92.0,FONDANT,nata coco,52,FONDANT SABOR NATA COCO BLANCO,,2025-06-23
ESTRELLA,2025-06-24,1567,10.0,pz,BASES  26 cm,145.0,14.5,BASES,,53,BASES 26 CM,,2025-06-23
ESTRELLA,2025-06-24,1567,10.0,cj,CAJAS 26*26,499.0,49.9,EMPAQUE,,54,CAJAS 26*26,,2025-06-23
B. AURRERA,2025-06-24,,1.0,kg,chant dull,91.0,91.0,CHANTILLY,,55,CHANT DULL,,2025-06-23
MEGAPLAST,2025-06-24,122195,600.0,g,GALLETA OREO BASE,84.0,140.0,GALLETAS,,56,GALLETA OREO BASE,,2025-06-23
megaplast,2025-06-24,132490,2.0,kg,tegral Satin Creme cake vainilla,128.0,64.0,HARINA,VAINILLA,57,TEGRAL SATIN CREME CAKE VAINILLA,,2025-06-23
repostearte,2025-06-24,23840,2.0,cj,caja cupcake blanca 12 cav,52.0,26.0,EMPAQUE,,58,CAJA CUPCAKE BLANCA 12 CAV,,2025-06-23
MEGA PLAST,2025-06-24,132490,25.0,g,papel encerado,21.25,85.0,DECORACION,,59,PAPEL ENCERADO,,2025-06-23
b. aurrera,2025-06-10,173821,1.0,pz,gloria man,107.0,107.0,MANTEQUILLA,,60,GLORIA MAN,,2025-06-09
b. aurrera,2025-06-10,173821,1.0,paq,sjuan hvo,91.0,91.0,HUEVO,,61,SJUAN HVO,,2025-06-09
b. aurrera,2025-06-09,570809128,1.0,kg,harina tri,17.5,17.5,HARINA,,63,HARINA TRI,,2025-06-09
B. AURRERA,2025-06-09,570809128,1.0,kg,zulka azucar glass 500 g,27.5,27.5,AZUCAR,GLASS,64,ZULKA AZUCAR GLASS 500 G,,2025-06-09
MEGA PLAST,2025-06-04,128357,2.0,pz,domo cupcake 12 cav,36.0,18.0,EMPAQUE,,65,DOMO CUPCAKE 12 CAV,,2025-06-02
MEGA PLAST,2025-06-04,128357,1.0,lts,Crema para batir ambiante 1 lt,72.0,72.0,AMBIANTE,,66,CREMA PARA BATIR AMBIANTE 1 LT,,2025-06-02
MEGA PLAST,2025-06-04,128357,2.0,paq,mantequilla 225gr gloria verde,124.0,62.0,MANTEQUILLA,,67,MANTEQUILLA 225GR GLORIA VERDE,,2025-06-02
MEGA PLAST,2025-06-04,128357,5.0,pz,domo cupcake 6 cav,40.0,8.0,EMPAQUE,,68,DOMO CUPCAKE 6 CAV,,2025-06-02
REPOSTEARTE,2025-06-04,23030,2.0,pz,base dorada pasteloso 30 cm,26.0,13.0,BASES,,69,BASE DORADA PASTELOSO 30 CM,,2025-06-02
repostrearte,2025-06-04,23030,1.0,pz,base dorada pasteloso 26 cm,10.0,10.0,BASES,,70,BASE DORADA PASTELOSO 26 CM,,2025-06-02
megaplst,2025-06-04,128357,1.0,kg,Tegral Satin Cremea cake vainilla,64.0,64.0,HARINA,VAINILLA,71,TEGRAL SATIN CREMEA CAKE VAINILLA,,2025-06-02
cravioto,2025-05-24,239432,1.0,pz,diana cereza c/tallo,33.72,33.72,DULCERIA,,72,DIANA CEREZA C/TALLO,,2025-05-19
REPOSTEARTE,2025-05-20,22412,1.0,cj,caja de acetato para pastel 4-2 c,38.0,38.0,EMPAQUE,,73,CAJA DE ACETATO PARA PASTEL 4-2 C,,2025-05-19
REPOSTEARTE,2025-05-20,22412,4.0,cj,caja cupcake 12 cav,104.0,26.0,EMPAQUE,,74,CAJA CUPCAKE 12 CAV,,2025-05-19
REPOSTEARTE,2025-05-20,22412,1.0,pz,base plateada pasteloso 16 cm,5.0,5.0,BASES,,75,BASE PLATEADA PASTELOSO 16 CM,,2025-05-19
megaplast,2025-05-20,125143,1.0,kg,tegral Satin Creme cake vainilla,64.0,64.0,HARINA,VAINILLA,76,TEGRAL SATIN CREME CAKE VAINILLA,,2025-05-19
B. AURRERA,2025-05-19,,1.0,paq,OREO DISP,37.0,37.0,GALLETAS,,77,OREO DISP,,2025-05-19
megaplast,2025-05-10,123235,25.0,kg,papel encerado,21.25,85.0,DECORACION,,78,PAPEL ENCERADO,,2025-05-05
B. AURRERA,2025-05-06,429927777,2.0,paq,OREO DISP,74.0,37.0,GALLETAS,,79,OREO DISP,,2025-05-05
REPOSTEARTE,2025-05-06,21843,3.0,pz,PANERA RECTO ALUMINIO #16,135.0,45.0,HERRAMIENTA,,80,PANERA RECTO ALUMINIO #16,,2025-05-05
b. aurrera,2025-05-06,429927777,4.0,paq,huevo blan,244.0,61.0,HUEVO,,81,HUEVO BLAN,,2025-05-05
B. AURRERA,2025-05-06,429927777,1.0,paq,chant dull,91.0,91.0,CHANTILLY,,82,CHANT DULL,,2025-05-05
PARISINA,2025-05-05,326223,1.0,pz,FLOR ARTIFICIAL TULIPAN,39.99,39.99,DECORACION,,83,FLOR ARTIFICIAL TULIPAN,,2025-05-05
PARISINA,2025-05-05,326223,1.0,pz,ASTROMELIA ARTIFICIAL,44.99,44.99,DECORACION,,84,ASTROMELIA ARTIFICIAL,,2025-05-05
PARISINA,2025-05-05,326223,1.0,pz,ROSAS ARTIFICIALES,49.99,49.99,DECORACION,,85,ROSAS ARTIFICIALES,,2025-05-05
PARISINA,2025-05-05,326223,1.0,pz,ROSAS ARTIFICIALES,29.99,29.99,DECORACION,,86,ROSAS ARTIFICIALES,,2025-05-05
PARISINA,2025-05-05,326223,1.0,pz,CINTA FLORAL,19.99,19.99,CINTA,,87,CINTA FLORAL,,2025-05-05
ESTRELLA,2025-05-05,1567,3.0,pz,CAJAS 30*30,180.0,60.0,EMPAQUE,,88,CAJAS 30*30,,2025-05-05
ESTRELLA,2025-05-05,1567,1.0,pz,BASES 32 CM LISTON,40.0,40.0,BASES,,89,BASES 32 CM LISTON,,2025-05-05
ESTRELLA,2025-05-05,1567,3.0,pz,BASE 30 CM LISTON,108.0,36.0,BASES,,90,BASE 30 CM LISTON,,2025-05-05
PARISINA,2025-05-05,326223,1.0,pz,MARGARITA ARTIFICIAL,49.99,49.99,DECORACION,,91,MARGARITA ARTIFICIAL,,2025-05-05
PARISINA,2025-05-05,326223,1.0,pz,GERBERA,49.99,49.99,DECORACION,,92,GERBERA,,2025-05-05
PARISINA,2025-05-05,326223,1.0,pz,FLOR ARTIFICIAL LILY,39.99,39.99,DECORACION,,93,FLOR ARTIFICIAL LILY,,2025-05-05
megaplast,2025-05-02,121121,1.0,Kg,tegral satin creme cake vainilla,64.0,64.0,HARINA,VAINILLA,94,TEGRAL SATIN CREME CAKE VAINILLA,,2025-04-28
megaplast,2025-05-01,121083,1.0,pz,domo 1/2 de plancha inix 25 pzs,48.0,48.0,EMPAQUE,,95,DOMO 1/2 DE PLANCHA INIX 25 PZS,,2025-04-28
megaplast,2025-04-14,136719,1.0,kg,Tegral Satin Creme Cake Chocolate,79.0,79.0,HARINA,CHOCOLATE,96,TEGRAL SATIN CREME CAKE CHOCOLATE,,2025-04-14
REPOSTEARTE,2024-06-04,9629,4.0,pz,caja cupcake 6 cav,72.0,18.0,EMPAQUE,,97,CAJA CUPCAKE 6 CAV,,2024-06-03
MEGA PLAST,2024-06-04,55718,0.2,kg,PASA GRANDE CHILENA,18.0,90.0,DECORACION,,98,PASA GRANDE CHILENA,,2024-06-03
CRAVIOTO,2024-06-04,177051,1.0,1,fenix cuchara pastelera 50 pz,10.44,10.44,CONSUMIBLES,,99,FENIX CUCHARA PASTELERA 50 PZ,,2024-06-03
CRAVIOTO,2024-06-04,177051,1.0,1,"reyma tapa n.10, 50 pz",20.7,20.7,CONSUMIBLES,,100,"REYMA TAPA N.10, 50 PZ",,2024-06-03
CRAVIOTO,2024-06-04,177051,1.0,1,reyma vaso n.10 50 pz,30.6,30.6,CONSUMIBLES,,101,REYMA VASO N.10 50 PZ,,2024-06-03
CRAVIOTO,2024-06-04,80969,1.0,pz,nutella frasco 950 g,171.14,171.14,RELLENO,,102,NUTELLA FRASCO 950 G,,2024-06-03
REPOSTEARTE,2024-06-04,9630,1.0,kg,fondant sabor nata coco blanco,87.0,87.0,FONDANT,,103,FONDANT SABOR NATA COCO BLANCO,,2024-06-03
REPOSTEARTE,2024-06-04,9629,1.0,pz,base dorada pasteloso 28 cm,12.0,12.0,BASES,,104,BASE DORADA PASTELOSO 28 CM,,2024-06-03
MEGA PLAST,2024-06-04,55718,0.2,Kg,NUEZ GRANILLO,46.0,230.0,DECORACION,,105,NUEZ GRANILLO,,2024-06-03
MEGA PLAST,2024-06-04,55718,1.0,pz,TEGRAL SATIN CREME CAKE CHOCOLATE,64.0,64.0,HARINA,CHOCOLATE,106,TEGRAL SATIN CREME CAKE CHOCOLATE,,2024-06-03
MEGA PLAST,2024-05-05,50047,5.0,kg,Tegral Satin Creme Cake Vainilla,270.0,57.0,HARINA,VAINILLA,107,TEGRAL SATIN CREME CAKE VAINILLA,,2024-04-29
REPOSTEARTE,2024-05-05,8585,2.0,pz,caja cupcake blanca 6 cav,36.0,18.0,EMPAQUE,,108,CAJA CUPCAKE BLANCA 6 CAV,,2024-04-29
REPOSTEARTE,2024-05-05,8585,1.0,pz,base fantasia pasteloso 36 cm,55.0,55.0,BASES,,109,BASE FANTASIA PASTELOSO 36 CM,,2024-04-29
REPOSTEARTE,2024-05-05,8585,2.0,pz,disco dorado pasteloso 32 cm,28.0,14.0,BASES,,110,DISCO DORADO PASTELOSO 32 CM,,2024-04-29
REPOSTEARTE,2024-05-05,8585,2.0,kg,fondant sabor nata coco blanco,174.0,92.0,FONDANT,,111,FONDANT SABOR NATA COCO BLANCO,,2024-04-29
REPOSTEARTE,2024-05-05,8585,1.0,Paq,capacillo verde puntos alegria,56.0,56.0,HORNEADO,,112,CAPACILLO VERDE PUNTOS ALEGRIA,,2024-04-29
REPOSTEARTE,2024-05-05,8585,1.0,pz,pegamento para fondant 30 ml,45.0,45.0,DECORACION,,113,PEGAMENTO PARA FONDANT 30 ML,,2024-04-29
MEGA PLAST,2024-05-05,50047,2.0,pz,Crema para batir ambiante 1 lt,132.0,66.0,AMBIANTE,,114,CREMA PARA BATIR AMBIANTE 1 LT,,2024-04-29
MEGA PLAST,2024-05-05,50047,0.2,kg,confiter semi amargo,44.0,220.0,CHOCOLATE,,115,CONFITER SEMI AMARGO,,2024-04-29
MEGA PLAST,2024-05-05,50047,1.0,pz,jarabe tres leches dulcerito puratos,45.0,45.0,JARABE,,116,JARABE TRES LECHES DULCERITO PURATOS,,2024-04-29
MEGA PLAST,2024-05-05,50047,1.0,paq,chips blanco alpezi c/500 g,126.0,160.0,CHOCOLATE,,117,CHIPS BLANCO ALPEZI C/500 G,,2024-04-29
MEGA PLAST,2024-05-05,50047,2.0,pz,Domo mantecada 12 cavidades,32.0,16.0,EMPAQUE,,118,DOMO MANTECADA 12 CAVIDADES,,2024-04-29
MEGA PLAST,2024-05-05,50047,1.0,pz,relleno zarzamora fruitfill purat,57.0,57.0,RELLENO,,119,RELLENO ZARZAMORA FRUITFILL PURAT,,2024-04-29
MEGA PLAST,2024-05-05,50047,1.0,kg,tegral satin red velet cake puratos,72.0,72.0,HARINA,RED VELVET,120,TEGRAL SATIN RED VELET CAKE PURATOS,,2024-04-29
REPOSTEARTE,2024-05-05,8585,0.1,kg,perlas y granillo diamantado ma b,40.0,400.0,DECORACION,,121,PERLAS Y GRANILLO DIAMANTADO MA B,,2024-04-29
MEGA PLAST,2024-05-05,50047,1.0,pz,domo 1/2 de plancha inix,48.0,48.0,EMPAQUE,,122,DOMO 1/2 DE PLANCHA INIX,,2024-04-29
MEGA PLAST,2024-05-05,50047,1.0,pz,domo 1/4 plancha,25.0,25.0,EMPAQUE,,123,DOMO 1/4 PLANCHA,,2024-04-29
MEGA PLAST,2024-05-05,50047,0.5,g,galleta oreo base,55.0,110.0,RELLENO,,124,GALLETA OREO BASE,,2024-04-29
MEGA PLAST,2024-05-05,50047,0.1,g,granillo chocolate combinado turin,25.0,250.0,CHOCOLATE,,125,GRANILLO CHOCOLATE COMBINADO TURIN,,2024-04-29
MEGA PLAST,2024-05-05,50047,1.0,paq,chips sabor chocolate semiamargo,107.0,160.0,CHOCOLATE,,126,CHIPS SABOR CHOCOLATE SEMIAMARGO,,2024-04-29
MEGA PLAST,2024-04-28,48561,1.0,pz,Crema para batir ambiante 1 lt,66.0,66.0,AMBIANTE,,127,CREMA PARA BATIR AMBIANTE 1 LT,,2024-04-22
MEGA PLAST,2024-04-28,48561,0.5,g,chips blanco alpezi c/500 g,63.0,160.0,CHOCOLATE,,128,CHIPS BLANCO ALPEZI C/500 G,,2024-04-22
MEGA PLAST,2024-04-13,45448,1.0,pz,domo 1/2 de plancha inix,48.0,48.0,EMPAQUE,,129,DOMO 1/2 DE PLANCHA INIX,,2024-04-08
REPOSTEARTE,2024-04-13,7723,1.0,paq,capacillo party color alegria,56.0,56.0,HORNEADO,,130,CAPACILLO PARTY COLOR ALEGRIA,,2024-04-08
REPOSTEARTE,2024-04-13,7723,1.0,pz,base dorada pasteloso 30cm,12.0,12.0,BASES,,131,BASE DORADA PASTELOSO 30CM,,2024-04-08
REPOSTEARTE,2024-04-13,7723,1.0,pz,base dorada pasteloso 28 cm,12.0,12.0,BASES,,132,BASE DORADA PASTELOSO 28 CM,,2024-04-08
MEGA PLAST,2024-04-13,45448,1.0,kg,Tegral Satin Creme Cake Chocolate,64.0,64.0,HARINA,CHOCOLATE,133,TEGRAL SATIN CREME CAKE CHOCOLATE,,2024-04-08
MEGA PLAST,2024-04-13,45448,0.5,Kg,papel encerado,42.8,85.0,CONSUMIBLES,,134,PAPEL ENCERADO,,2024-04-08
REPOSTEARTE,2024-04-13,7723,1.0,Paq,capacillo blanco mini corazones,56.0,56.0,HORNEADO,,135,CAPACILLO BLANCO MINI CORAZONES,,2024-04-08
MEGA PLAST,2024-04-13,45448,1.0,pz,papel pelicula 150m meta film,45.0,45.0,OTROS,,136,PAPEL PELICULA 150M META FILM,,2024-04-08
MEGA PLAST,2024-04-13,45448,1.0,paq,royal icing deiman 500g,55.0,55.0,ROYALICING,,137,ROYAL ICING DEIMAN 500G,,2024-04-08
REPOSTEARTE,2024-04-13,7723,1.0,kg,Foundant sabor nata coco blanco,87.0,92.0,FONDANT,,138,FOUNDANT SABOR NATA COCO BLANCO,,2024-04-08
MEGA PLAST,2024-04-04,43733,0.5,g,confitier chocolate semiamargo tu,110.0,220.0,CHOCOLATE,,139,CONFITIER CHOCOLATE SEMIAMARGO TU,,2024-04-01
MEGA PLAST,2024-04-04,43733,1.0,pz,Crema para batir ambiante 1 lt,66.0,66.0,AMBIANTE,,140,CREMA PARA BATIR AMBIANTE 1 LT,,2024-04-01
MEGA PLAST,2024-03-28,42495,2.0,pz,Crema para batir ambiante 1 lt,123.0,66.0,AMBIANTE,,141,CREMA PARA BATIR AMBIANTE 1 LT,,2024-03-25
MEGA PLAST,2024-03-28,42495,5.0,Kg,Tegral Satin Creme Cake Chocolate,320.0,64.0,HARINA,CHOCOLATE,142,TEGRAL SATIN CREME CAKE CHOCOLATE,,2024-03-25
MEGA PLAST,2024-03-28,42495,1.0,Kg,tegral satin creme cake vainilla,54.0,54.0,HARINA,VAINILLA,143,TEGRAL SATIN CREME CAKE VAINILLA,,2024-03-25
MEGA PLAST,2024-03-28,42495,1.0,Paq,chips blanco alpezi c/500 g,126.0,160.0,CHOCOLATE,,144,CHIPS BLANCO ALPEZI C/500 G,,2024-03-25
MEGA PLAST,2024-03-28,42495,1.0,pz,nutella 1 kg,175.0,160.0,RELLENO,,145,NUTELLA 1 KG,,2024-03-25
MEGA PLAST,2024-03-28,42495,1.0,Kg,confiter semi amargo,185.0,220.0,CHOCOLATE,,146,CONFITER SEMI AMARGO,,2024-03-25
MEGA PLAST,2024-03-28,42495,1.0,paq,chips sabor chocolate semiamargo,107.0,160.0,CHOCOLATE,,147,CHIPS SABOR CHOCOLATE SEMIAMARGO,,2024-03-25
MEGA PLAST,2024-03-28,42495,0.1,Kg,chips amarillo alpezzi c/500 gr,16.0,160.0,CHOCOLATE,,148,CHIPS AMARILLO ALPEZZI C/500 GR,,2024-03-25
MEGA PLAST,2024-03-28,42495,0.3,Kg,chips rojo alpezzi c/500g,48.0,160.0,CHOCOLATE,,149,CHIPS ROJO ALPEZZI C/500G,,2024-03-25
MEGA PLAST,2024-03-28,42495,2.0,Kg,tegral Satin Creme cake puratos,144.0,72.0,HARINA,VAINILL,150,TEGRAL SATIN CREME CAKE PURATOS,,2024-03-25
MEGA PLAST,2024-03-28,42495,4.0,pz,Domo mantecada 12 cavidades,64.0,16.0,EMPAQUE,,151,DOMO MANTECADA 12 CAVIDADES,,2024-03-25
MEGA PLAST,2024-03-14,39780,1.0,pz,relleno zarzamora fruitfill purat,57.0,57.0,RELLENO,,152,RELLENO ZARZAMORA FRUITFILL PURAT,,2024-03-11
MEGA PLAST,2024-03-14,39780,1.0,Kg,Tegral Satin Creme Cake Vainilla,54.0,54.0,HARINA,VAINILLA,153,TEGRAL SATIN CREME CAKE VAINILLA,,2024-03-11
MEGA PLAST,2024-03-14,39780,0.1,kg,kisses plateados,32.0,320.0,CHOCOLATE,,154,KISSES PLATEADOS,,2024-03-11
MEGA PLAST,2024-03-14,39780,0.1,Kg,goma aro manzana lucky gummys,15.0,150.0,DULCERIA,,155,GOMA ARO MANZANA LUCKY GUMMYS,,2024-03-11
MEGA PLAST,2024-03-14,39780,1.0,pz,oblea arroz,20.0,20.0,DECORACION,,156,OBLEA ARROZ,,2024-03-11
MEGA PLAST,2024-03-14,39780,1.0,pz,Crema para batir ambiante 1 lt,66.0,66.0,AMBIANTE,,157,CREMA PARA BATIR AMBIANTE 1 LT,,2024-03-11
MEGA PLAST,2024-03-09,38719,1.0,kg,chips sabor chocolate semiamargo,107.0,160.0,CHOCOLATE,,158,CHIPS SABOR CHOCOLATE SEMIAMARGO,,2024-03-04
MEGA PLAST,2024-03-09,38719,1.0,kg,mantequilla 1 kg gloria verde,199.0,199.0,MANTEQUILLA,MANTEQUILLA,159,MANTEQUILLA 1 KG GLORIA VERDE,,2024-03-04
MEGA PLAST,2024-03-09,38719,0.1,g,confitier chocolate semiamargo tu,22.0,220.0,CHOCOLATE,,160,CONFITIER CHOCOLATE SEMIAMARGO TU,,2024-03-04
MEGA PLAST,2024-03-09,38719,0.5,g,chips blanco alpezi c/500 g,63.0,160.0,CHOCOLATE,,161,CHIPS BLANCO ALPEZI C/500 G,,2024-03-04
MEGA PLAST,2024-03-09,38719,1.0,kg,tegral satin red velet cake puratos,72.0,72.0,HARINA,RED VELVET,162,TEGRAL SATIN RED VELET CAKE PURATOS,,2024-03-04
MEGA PLAST,2024-03-09,38719,1.0,kg,royal icing deiman 500g,50.0,50.0,ROYALICING,,163,ROYAL ICING DEIMAN 500G,,2024-03-04
MEGA PLAST,2024-03-01,37121,1.0,pz,domo rigido 35-25 inix,38.0,38.0,EMPAQUE,,164,DOMO RIGIDO 35-25 INIX,,2024-02-26
MEGA PLAST,2024-03-01,37121,2.0,kg,tegral satin creme cake vainilla,108.0,54.0,HARINA,VAINILLA,165,TEGRAL SATIN CREME CAKE VAINILLA,,2024-02-26
MEGA PLAST,2024-03-01,37121,0.1,kg,confitier chocolate semiamargo turin,22.0,220.0,CHOCOLATE,,166,CONFITIER CHOCOLATE SEMIAMARGO TURIN,,2024-02-26
MEGA PLAST,2024-03-01,37121,1.0,pz,cremfil cream cheese filling puratos,99.0,99.0,QUESO CREMA,,167,CREMFIL CREAM CHEESE FILLING PURATOS,,2024-02-26
MEGA PLAST,2024-03-01,37121,0.5,kg,chips blanco alpezi c/500 g,63.0,160.0,CHOCOLATE,,168,CHIPS BLANCO ALPEZI C/500 G,,2024-02-26
MEGA PLAST,2024-02-17,,1.0,PZ,Relleno durazno puratos,62.0,62.0,RELLENO,,169,RELLENO DURAZNO PURATOS,,2024-02-12
REPOSTEARTE,2024-02-17,,1.0,pz,color morado enco 40g,49.0,49.0,COLORANTES,,170,COLOR MORADO ENCO 40G,,2024-02-12
REPOSTEARTE,2024-02-17,,1.0,pz,color rojo enco 40g,43.0,43.0,COLORANTES,,171,COLOR ROJO ENCO 40G,,2024-02-12
REPOSTEARTE,2024-02-17,,1.0,kg,fondant sabor nata coco blanco,83.0,83.0,FONDANT,,172,FONDANT SABOR NATA COCO BLANCO,,2024-02-12
MEGA PLAST,2024-02-17,,1.0,pz,Tegral Satin Red Velvet Cake Puratos,72.0,72.0,HARINA,,173,TEGRAL SATIN RED VELVET CAKE PURATOS,,2024-02-12
B. AURRERA,2024-02-16,,1.0,paq,oreo vainilla,21.5,21.5,GALLETAS,,174,OREO VAINILLA,,2024-02-12
B. AURRERA,2024-02-16,,1.0,kg,harina trigo,18.0,18.0,HARINA,,175,HARINA TRIGO,,2024-02-12
B. AURRERA,2024-02-16,,2.0,pz,lechera,52.0,26.0,LECHERA,,176,LECHERA,,2024-02-12
B. AURRERA,2024-02-16,,3.0,pz,oreo,64.5,21.5,GALLETAS,,177,OREO,,2024-02-12
B. AURRERA,2024-02-16,,4.0,pz,dmonte elote,60.0,15.0,HORNEADO,,178,DMONTE ELOTE,,2024-02-12
B. AURRERA,2024-02-16,,2.0,kg,chantilly dulce,142.0,71.0,CHANTILLY,,179,CHANTILLY DULCE,,2024-02-12
B. AURRERA,2024-02-16,,1.0,pz,zulka glass,24.5,24.5,AZUCAR,GLASS,180,ZULKA GLASS,,2024-02-12
B. AURRERA,2024-02-16,,2.0,paq,Queso philadelphia 190g,70.0,35.0,QUESO CREMA,,181,QUESO PHILADELPHIA 190G,,2024-02-12
B. AURRERA,2024-02-16,,1.0,paq,huevo calvario,80.0,80.0,HUEVO,,182,HUEVO CALVARIO,,2024-02-12
MEGA PLAST,2024-02-15,,1.0,kg,chips blanco alpezzi c/ 500 g,126.0,126.0,CHOCOLATE,,183,CHIPS BLANCO ALPEZZI C/ 500 G,,2024-02-12
REPOSTEARTE,2024-02-15,,1.0,paq,caketopper happy birthday tx,35.0,35.0,DECORACION,,184,CAKETOPPER HAPPY BIRTHDAY TX,,2024-02-12
REPOSTEARTE,2024-02-15,,2.0,pz,manga para decorar color verde ,14.0,7.0,CONSUMIBLES,,185,MANGA PARA DECORAR COLOR VERDE,,2024-02-12
REPOSTEARTE,2024-02-15,,1.0,kg,fondant sabor nata coco blanco,83.0,83.0,FONDANT,,186,FONDANT SABOR NATA COCO BLANCO,,2024-02-12
REPOSTEARTE,2024-02-15,,2.0,paq,paquete palitos para paletas,30.0,15.0,DECORACION,,187,PAQUETE PALITOS PARA PALETAS,,2024-02-12
MEGA PLAST,2024-02-15,,1.0,kg,Crema para batir ambiante 1 lt,66.0,66.0,AMBIANTE,,188,CREMA PARA BATIR AMBIANTE 1 LT,,2024-02-12
GASOLINERIA,2024-02-14,,30.0,lts,gasolina,680.7,22.69,COMBUSTIBLE,,189,GASOLINA,,2024-02-12
B. AURRERA,2024-02-14,,1.0,kg,chantilly dulce,71.0,71.0,CHANTILLY,,190,CHANTILLY DULCE,,2024-02-12
MEGA PLAST,2024-02-13,,1.0,paq,malv c/ chocolate 32 pz cod,66.29,66.29,DULCERIA,,193,MALV C/ CHOCOLATE 32 PZ COD,,2024-02-12
MEGA PLAST,2024-02-13,,1.0,paq,celofan 9x12 100 pz,12.9,12.9,EMPAQUE,,194,CELOFAN 9X12 100 PZ,,2024-02-12
REPOSTEARTE,2024-02-12,,2.0,pz,base dorada pasteloso 28 cm,24.0,12.0,BASES,,195,BASE DORADA PASTELOSO 28 CM,,2024-02-12
MEGA PLAST,2024-02-12,,1.0,paq,bolsa de celofan,40.0,40.0,EMPAQUE,,196,BOLSA DE CELOFAN,,2024-02-12
DULCERIA,2024-02-12,ND,1.0,paq,kit kat 9 pz,45.0,45.0,CHOCOLATE,,197,KIT KAT 9 PZ,,2024-02-12
REPOSTEARTE,2024-02-12,,1.0,pz,hoja de arroz gruesa,25.0,25.0,DECORACION,,198,HOJA DE ARROZ GRUESA,,2024-02-12
MEGA PLAST,2024-02-12,,5.0,kg,chantilly 5 kg asturias,205.0,41.0,CHANTILLY,,199,CHANTILLY 5 KG ASTURIAS,,2024-02-12
MEGA PLAST,2024-02-12,,1.0,kg,Harina piña colada espiga mix,41.0,41.0,HARINA,PIÑA COLADA,200,HARINA PINA COLADA ESPIGA MIX,,2024-02-12
MEGA PLAST,2024-02-12,,1.0,kg,Tegral Satin Creme Cake Chocolate,64.0,64.0,HARINA,CHOCOLATE,201,TEGRAL SATIN CREME CAKE CHOCOLATE,,2024-02-12
MEGA PLAST,2024-02-12,,2.0,kg,Tegral Satin Creme Cake Vainilla,108.0,54.0,HARINA,VAINILLA,202,TEGRAL SATIN CREME CAKE VAINILLA,,2024-02-12
MEGA PLAST,2024-02-12,,1.0,kg,Crema para batir ambiante 1 lt,66.0,66.0,AMBIANTE,,203,CREMA PARA BATIR AMBIANTE 1 LT,,2024-02-12
B. AURRERA,2024-02-12,,1.0,paq,au huevo 1,77.0,77.0,HUEVO,,204,AU HUEVO 1,,2024-02-12
B. AURRERA,2024-02-12,,1.0,paq,nido f 120,25.0,25.0,LECHE EN POLVO,,205,NIDO F 120,,2024-02-12
B. AURRERA,2024-02-12,,1.0,paq,inca mante,22.0,22.0,MANTECA VEGETAL,,206,INCA MANTE,,2024-02-12
TIENDAS TRES B,2024-02-12,,1.0,kg,AzucZulka,60.0,60.0,AZUCAR,,207,AZUCZULKA,,2024-02-12
TIENDAS TRES B,2024-02-12,,1.0,paq,hue12pzCR,32.0,32.0,HUEVO,,208,HUE12PZCR,,2024-02-12
TIENDAS TRES B,2024-02-12,,1.0,pz,nescafe 4 ,34.0,34.0,DECORACION,,209,NESCAFE 4,,2024-02-12
TIENDAS TRES B,2024-02-12,,1.0,pz,soyaradir,32.0,32.0,OTROS,,210,SOYARADIR,,2024-02-12
REPOSTEARTE,2024-02-11,,50.9,gr,perla neon y confeti ma baker,28.0,550.0982,DECORACION,,211,PERLA NEON Y CONFETI MA BAKER,,2024-02-05
REPOSTEARTE,2024-02-11,,1.0,pz,fondant sabor nata coco blanco,83.0,83.0,FONDANT,,212,FONDANT SABOR NATA COCO BLANCO,,2024-02-05
REPOSTEARTE,2024-02-10,,1.0,pz,fondant sabor nata coco blanco,83.0,83.0,FONDANT,,213,FONDANT SABOR NATA COCO BLANCO,,2024-02-05
REPOSTEARTE,2024-02-10,,1.0,pz,base doble liston negra 36cm,55.0,55.0,BASES,,214,BASE DOBLE LISTON NEGRA 36CM,,2024-02-05
REPOSTEARTE,2024-02-10,,2.0,pz,hoja de arroz gruesa,50.0,25.0,DECORACION,,215,HOJA DE ARROZ GRUESA,,2024-02-05
MEGA PLAST,2024-02-06,,1.0,paq,inix contenedor mantecadas 25 pz,153.6,153.6,EMPAQUE,,216,INIX CONTENEDOR MANTECADAS 25 PZ,,2024-02-05
MEGA PLAST,2024-02-06,,2.0,pz,mantequilla 225 g gloria,116.0,58.0,MANTEQUILLA,,217,MANTEQUILLA 225 G GLORIA,,2024-02-05
MEGA PLAST,2024-02-06,,1.0,paq,marian surtido navideño 340g,66.53,66.53,GALLETAS,,218,MARIAN SURTIDO NAVIDENO 340G,,2024-02-05
MEGA PLAST,2024-02-06,,1.0,kg,Tegral Satin Creme Cake Chocolate,64.0,64.0,HARINA,CHOCOLATE,219,TEGRAL SATIN CREME CAKE CHOCOLATE,,2024-02-05
MEGA PLAST,2024-02-06,,2.0,kg,Tegral Satin Creme Cake Vainilla,108.0,54.0,HARINA,VAINILLA,220,TEGRAL SATIN CREME CAKE VAINILLA,,2024-02-05
MEGA PLAST,2024-02-06,,100.0,gr,chips blanco alpezzi c/ 500 g,16.0,160.0,CHOCOLATE,,221,CHIPS BLANCO ALPEZZI C/ 500 G,,2024-02-05
MEGA PLAST,2024-02-06,,1.0,paq,puratos fruitfil fresa 1 kg,60.48,60.48,RELLENO,,222,PURATOS FRUITFIL FRESA 1 KG,,2024-02-05
MEGA PLAST,2024-02-06,,1.0,paq,alegria capacillo bco dots colores 100pz,39.15,39.15,CAPACILLOS,,223,ALEGRIA CAPACILLO BCO DOTS COLORES 100PZ,,2024-02-05
MEGA PLAST,2024-02-06,,1.0,pz,fiorentina manga no 12 10 pz,35.96,35.96,RELLENO,,224,FIORENTINA MANGA NO 12 10 PZ,,2024-02-05
REPOSTEARTE,2024-02-06,,1.0,pz,fondant sabor nata coco blanco,83.0,83.0,FONDANT,,225,FONDANT SABOR NATA COCO BLANCO,,2024-02-05
MEGA PLAST,2024-02-06,,1.0,paq,inix contenedor mantecadas 25 pz,179.32,179.32,EMPAQUE,,226,INIX CONTENEDOR MANTECADAS 25 PZ,,2024-02-05
MEGA PLAST,2024-01-24,,100.0,gr,chips rosa alpezzi c/500g,16.0,160.0,CHOCOLATE,,227,CHIPS ROSA ALPEZZI C/500G,,2024-01-22
MEGA PLAST,2024-01-24,,100.0,gr,chips rojo alpezzi c/500g,16.0,160.0,CHOCOLATE,,228,CHIPS ROJO ALPEZZI C/500G,,2024-01-22
MEGA PLAST,2024-01-24,,1.0,kg,Tegral Satin Creme Cake Chocolate,64.0,64.0,CHOCOLATE,,229,TEGRAL SATIN CREME CAKE CHOCOLATE,,2024-01-22
MEGA PLAST,2024-01-24,,1.0,kg,Crema para batir ambiante 1 lt,66.0,66.0,AMBIANTE,,230,CREMA PARA BATIR AMBIANTE 1 LT,,2024-01-22
MEGA PLAST,2024-01-24,,1.0,kg,Tegral Satin Red Velvet Cake Puratos,72.0,72.0,CHOCOLATE,,231,TEGRAL SATIN RED VELVET CAKE PURATOS,,2024-01-22
MEGA PLAST,2024-01-24,,1.0,paq,sprinkles,50.0,50.0,DECORACION,,232,SPRINKLES,,2024-01-22
GASOLINERIA,2024-01-24,,10.0,lts,gasolina,219.9,21.99,COMBUSTIBLE,,233,GASOLINA,,2024-01-22
MEGA PLAST,2024-01-24,,1.0,kg,mantequilla 225gr gloria,58.0,58.0,MANTEQUILLA,,234,MANTEQUILLA 225GR GLORIA,,2024-01-22
B. AURRERA,2024-01-15,,2.0,paq,gloria man,115.0,57.5,MANTEQUILLA,,235,GLORIA MAN,,2024-01-15
CASETA,2024-01-14,,1.0,tick,peaje,65.0,65.0,CASETAS,,236,PEAJE,,2024-01-08
SAMS,2024-01-13,,4.0,paq,harina de trigo,70.59,17.6475,HARINA,,237,HARINA DE TRIGO,,2024-01-08
SAMS,2024-01-13,,4.0,paq,Queso philadelphia 190g,142.2,35.55,QUESO CREMA,,238,QUESO PHILADELPHIA 190G,,2024-01-08
SAMS,2024-01-13,,30.0,pz,huevo,83.89,2.7963,HUEVO,,239,HUEVO,,2024-01-08
REPOSTEARTE,2024-01-13,,3.0,pz,transfer hoja de arroz gruesa,135.0,45.0,DECORACION,,240,TRANSFER HOJA DE ARROZ GRUESA,,2024-01-08
REPOSTEARTE,2024-01-10,,50.9,gr,perla neon y confeti ma baker,28.0,550.0982,DECORACION,,241,PERLA NEON Y CONFETI MA BAKER,,2024-01-08
REPOSTEARTE,2024-01-10,,1.0,pz,color negro enco 40g,46.0,46.0,COLORANTES,,242,COLOR NEGRO ENCO 40G,,2024-01-08
MEGA PLAST,2024-01-10,,4.0,pz,Domo mantecada 12 cavidades,64.0,16.0,EMPAQUE,,243,DOMO MANTECADA 12 CAVIDADES,,2024-01-08
MEGA PLAST,2024-01-10,,1.0,pz,mantequilla 225gr gloria,58.0,58.0,MANTEQUILLA,,244,MANTEQUILLA 225GR GLORIA,,2024-01-08
MEGA PLAST,2024-01-10,,100.0,gr,chips rojo alpezzi c/500g,16.0,160.0,CHOCOLATE,,245,CHIPS ROJO ALPEZZI C/500G,,2024-01-08
MEGA PLAST,2024-01-10,,100.0,gr,confitier chocolate semiamargo tu,22.0,220.0,CHOCOLATE,,246,CONFITIER CHOCOLATE SEMIAMARGO TU,,2024-01-08
MEGA PLAST,2024-01-10,,1.0,kg,Tegral Satin Creme Cake Vainilla,54.0,54.0,HARINA,VAINILLA,247,TEGRAL SATIN CREME CAKE VAINILLA,,2024-01-08
MEGA PLAST,2024-01-10,,1.0,kg,Tegral Satin Red Velvet Cake Puratos,72.0,72.0,HARINA,RED VELVET,248,TEGRAL SATIN RED VELVET CAKE PURATOS,,2024-01-08
REPOSTEARTE,2024-01-10,,2.0,pz,base plateada pasteloso 30 cm,24.0,12.0,BASES,,249,BASE PLATEADA PASTELOSO 30 CM,,2024-01-08
REPOSTEARTE,2024-01-10,,1.0,kg,fondant sabor nata coco blanco,83.0,83.0,FONDANT,,250,FONDANT SABOR NATA COCO BLANCO,,2024-01-08
CASETA,2024-01-01,,1.0,tick,peaje,65.0,65.0,CASETAS,,251,PEAJE,,2024-01-01
CASETA,2023-12-31,,1.0,tick,peaje,65.0,65.0,CASETAS,,252,PEAJE,,2023-12-25
B. AURRERA,2023-12-30,,1.0,paq,au huevo 1,32.0,32.0,HUEVO,,253,AU HUEVO 1,,2023-12-25
B. AURRERA,2023-12-30,,1.0,paq,cremas,56.0,56.0,NO DEFINIDO,,254,CREMAS,,2023-12-25
B. AURRERA,2023-12-30,,2.0,paq,Queso philadelphia 190g,80.0,40.0,QUESO CREMA,,255,QUESO PHILADELPHIA 190G,,2023-12-25
B. AURRERA,2023-12-30,,1.0,kg,chantilly dulce,71.0,71.0,CHANTILLY,,256,CHANTILLY DULCE,,2023-12-25
MEGA PLAST,2023-12-29,,1.0,kg,Crema para batir ambiante 1 lt,66.0,66.0,AMBIANTE,,257,CREMA PARA BATIR AMBIANTE 1 LT,,2023-12-25
REPOSTEARTE,2023-12-29,,1.0,pz,charola galletera alta grande,175.0,175.0,EMPAQUE,,258,CHAROLA GALLETERA ALTA GRANDE,,2023-12-25
MEGA PLAST,2023-12-29,,500.0,gr,chips blanco alpezzi c/ 500 g,63.0,126.0,CHOCOLATE,,259,CHIPS BLANCO ALPEZZI C/ 500 G,,2023-12-25
MEGA PLAST,2023-12-29,,1.0,kg,Tegral Satin Red Velvet Cake Puratos,72.0,72.0,HARINA,RED VELVET,260,TEGRAL SATIN RED VELVET CAKE PURATOS,,2023-12-25
MEGA PLAST,2023-12-29,,100.0,gr,chips rojo alpezzi c/ 500 g,16.0,160.0,CHOCOLATE,,261,CHIPS ROJO ALPEZZI C/ 500 G,,2023-12-25
MEGA PLAST,2023-12-29,,3.0,pz,papel estrella pliego,18.0,6.0,CONSUMIBLES,,262,PAPEL ESTRELLA PLIEGO,,2023-12-25
MEGA PLAST,2023-12-29,,1.0,pz,domo rigido 35-25 inix,38.0,38.0,EMPAQUE,,263,DOMO RIGIDO 35-25 INIX,,2023-12-25
B. AURRERA,2023-12-29,,1.0,kg,chantilly dulce,71.0,71.0,CHANTILLY,,264,CHANTILLY DULCE,,2023-12-25
B. AURRERA,2023-12-29,,1.0,paq,huevo blanco,48.0,48.0,HUEVO,,265,HUEVO BLANCO,,2023-12-25
MEGA PLAST,2023-12-29,,300.0,gr,confitier chocolate semiamargo tu,66.0,220.0,CHOCOLATE,,266,CONFITIER CHOCOLATE SEMIAMARGO TU,,2023-12-25
MEGA PLAST,2023-12-29,,1.0,pz,domo 1/2 de plancha inix,48.0,48.0,EMPAQUE,,267,DOMO 1/2 DE PLANCHA INIX,,2023-12-25
MEGA PLAST,2023-12-24,,100.0,gr,nuez pedazo,28.0,280.0,RELLENO,,268,NUEZ PEDAZO,,2023-12-18
MEGA PLAST,2023-12-24,,250.0,gr,papel encerado,21.25,85.0,CONSUMIBLES,,269,PAPEL ENCERADO,,2023-12-18
MEGA PLAST,2023-12-24,,1.0,pz,durazno mitades en almibar 820g,45.0,45.0,RELLENO,,270,DURAZNO MITADES EN ALMIBAR 820G,,2023-12-18
MEGA PLAST,2023-12-24,,1.0,pz,rebanadas de piña en almibar 800g,43.0,43.0,RELLENO,,271,REBANADAS DE PINA EN ALMIBAR 800G,,2023-12-18
B. AURRERA,2023-12-21,,1.0,kg,zulka glass,22.5,22.5,AZUCAR,GLASS,272,ZULKA GLASS,,2023-12-18
B. AURRERA,2023-12-21,,2.0,lts,sabrosano,82.0,41.0,ACEITE,,273,SABROSANO,,2023-12-18
B. AURRERA,2023-12-21,,2.0,paq,oreo,60.0,30.0,GALLETAS,,274,OREO,,2023-12-18
B. AURRERA,2023-12-21,,1.0,kg,azucar,37.0,37.0,AZUCAR,,275,AZUCAR,,2023-12-18
MEGA PLAST,2023-12-17,,100.0,gr,granillo chocolate combinado turin,25.0,250.0,CHOCOLATE,,276,GRANILLO CHOCOLATE COMBINADO TURIN,,2023-12-11
MEGA PLAST,2023-12-17,,1.0,kg,Tegral Satin Creme Cake Chocolate,64.0,64.0,HARINA,CHOCOLATE,277,TEGRAL SATIN CREME CAKE CHOCOLATE,,2023-12-11
MEGA PLAST,2023-12-17,,5.0,kg,chantilly 5 kg asturias,205.0,41.0,CHANTILLY,,278,CHANTILLY 5 KG ASTURIAS,,2023-12-11
MEGA PLAST,2023-12-17,,1.0,pz,domo rigido 35-25 inix,38.0,38.0,EMPAQUE,,279,DOMO RIGIDO 35-25 INIX,,2023-12-11
MEGA PLAST,2023-12-17,,100.0,gr,granillo chocolate semiamargo,22.0,220.0,CHOCOLATE,,280,GRANILLO CHOCOLATE SEMIAMARGO,,2023-12-11
MEGA PLAST,2023-12-17,,500.0,gr,chips blanco aplezzi c/ 500g,63.0,126.0,CHOCOLATE,,281,CHIPS BLANCO APLEZZI C/ 500G,,2023-12-11
GASOLINERIA,2023-12-13,,10.0,lts,gasolina,212.4,21.24,COMBUSTIBLE,,282,GASOLINA,,2023-12-11
B. AURRERA,2023-12-13,,1.0,pz,bowl mezcl,199.0,199.0,HERRAMIENTA,,283,BOWL MEZCL,,2023-12-11
REPOSTEARTE,2023-12-11,,1.0,pz,color rosa brillante enco 40g,43.0,43.0,COLORANTES,,284,COLOR ROSA BRILLANTE ENCO 40G,,2023-12-11
REPOSTEARTE,2023-12-11,,1.0,pz,duya aluminio repo no. 70,40.0,40.0,HERRAMIENTA,,285,DUYA ALUMINIO REPO NO. 70,,2023-12-11
REPOSTEARTE,2023-12-11,,1.0,kg,Foundant sabor nata coco blanco,83.0,83.0,FONDANT,,286,FOUNDANT SABOR NATA COCO BLANCO,,2023-12-11
REPOSTEARTE,2023-12-11,,1.0,pz,color azul brillante enco,42.0,42.0,COLORANTES,,287,COLOR AZUL BRILLANTE ENCO,,2023-12-11
MEGA PLAST,2023-12-11,,1.0,kg,tegral satin creme cake vainilla,54.0,54.0,HARINA,VAINILLA,288,TEGRAL SATIN CREME CAKE VAINILLA,,2023-12-11
MEGA PLAST,2023-12-11,,1.0,kg,relleno zarzamora fruitfill purat,57.0,57.0,RELLENO,,289,RELLENO ZARZAMORA FRUITFILL PURAT,,2023-12-11
MEGA PLAST,2023-12-11,,1.0,kg,Crema para batir ambiante 1 lt,66.0,66.0,AMBIANTE,,290,CREMA PARA BATIR AMBIANTE 1 LT,,2023-12-11
REPOSTEARTE,2023-12-11,,2.0,pz,transfer hoja de arroz gruesa,90.0,45.0,DECORACION,,291,TRANSFER HOJA DE ARROZ GRUESA,,2023-12-11
MEGA PLAST,2023-12-11,,1.0,kg,Tegral Satin Creme Cake Chocolate,64.0,64.0,HARINA,CHOCOLATE,292,TEGRAL SATIN CREME CAKE CHOCOLATE,,2023-12-11
SAMS,2023-12-10,,4.0,pz,Queso philadelphia 190g,142.2,35.55,QUESO CREMA,,293,QUESO PHILADELPHIA 190G,,2023-12-04
GASOLINERIA,2023-12-09,,20.0,lts,gasolina,425.0,21.25,COMBUSTIBLE,,294,GASOLINA,,2023-12-04
B. AURRERA,2023-12-08,,1.0,kg,zulka glass,22.5,22.5,AZUCAR,GLASS,296,ZULKA GLASS,,2023-12-04
REPOSTEARTE,2023-12-07,,1.0,pz,transfer hoja de arroz gruesa,45.0,45.0,DECORACION,,300,TRANSFER HOJA DE ARROZ GRUESA,,2023-12-04
MEGA PLAST,2023-12-07,,1.0,pz,Queso philadelphia 190g,37.0,37.0,QUESO CREMA,,301,QUESO PHILADELPHIA 190G,,2023-12-04
REPOSTEARTE,2023-12-07,,100.0,gr,perlas y granillo diamantado ma b,40.0,400.0,DECORACION,,302,PERLAS Y GRANILLO DIAMANTADO MA B,,2023-12-04
REPOSTEARTE,2023-12-07,,1.0,kg,Foundant sabor nata coco blanco,83.0,83.0,FONDANT,,303,FOUNDANT SABOR NATA COCO BLANCO,,2023-12-04
MEGA PLAST,2023-12-07,,1.0,kg,Tegral Satin Red Velvet Cake Puratos,72.0,72.0,HARINA,RED VELVET,304,TEGRAL SATIN RED VELVET CAKE PURATOS,,2023-12-04
MEGA PLAST,2023-12-07,,1.0,kg,Tegral Satin Creme Cake Chocolate,64.0,64.0,HARINA,CHOCOLATE,305,TEGRAL SATIN CREME CAKE CHOCOLATE,,2023-12-04
MEGA PLAST,2023-12-07,,1.0,kg,Tegral Satin Creme Cake Vainilla,54.0,54.0,HARINA,VAINILLA,306,TEGRAL SATIN CREME CAKE VAINILLA,,2023-12-04
MEGA PLAST,2023-12-07,,1.0,kg,Mantequilla Gloria Verde,199.0,199.0,MANTEQUILLA,,307,MANTEQUILLA GLORIA VERDE,,2023-12-04
MEGA PLAST,2023-12-07,,1.0,pz,domo 1/2 de plancha inix,48.0,48.0,EMPAQUE,,308,DOMO 1/2 DE PLANCHA INIX,,2023-12-04
MEGA PLAST,2023-12-07,,1.0,pz,domo rigido 35-25 inix,38.0,38.0,EMPAQUE,,309,DOMO RIGIDO 35-25 INIX,,2023-12-04
MEGA PLAST,2023-12-07,,500.0,gr,chips blanco alpezzi c/ 500 g,63.0,126.0,CHOCOLATE,,310,CHIPS BLANCO ALPEZZI C/ 500 G,,2023-12-04
MEGA PLAST,2023-12-07,,100.0,gr,chips negro alpezzi c/500g,16.0,160.0,CHOCOLATE,,311,CHIPS NEGRO ALPEZZI C/500G,,2023-12-04
REPOSTEARTE,2023-12-07,,1.0,paq,capacillos blanco hollidays,56.0,56.0,CAPACILLOS,,312,CAPACILLOS BLANCO HOLLIDAYS,,2023-12-04
MEGA PLAST,2023-12-06,,1.0,paq,malv c/ chocolate 32 pz cod,66.29,66.29,DULCERIA,,313,MALV C/ CHOCOLATE 32 PZ COD,,2023-12-04
MEGA PLAST,2023-12-06,,1.0,paq,celofan 12x13,25.97,25.97,EMPAQUE,,314,CELOFAN 12X13,,2023-12-04
MEGA PLAST,2023-12-06,,1.0,kg,Tegral Satin Creme Cake Vainilla,54.0,54.0,HARINA,VAINILLA,315,TEGRAL SATIN CREME CAKE VAINILLA,,2023-12-04
REPOSTEARTE,2023-12-06,,2.0,pz,caja de acetato 17x11x3,42.0,21.0,EMPAQUE,,316,CAJA DE ACETATO 17X11X3,,2023-12-04
REPOSTEARTE,2023-12-06,,2.0,pz,caja de acetato corazon chico,36.0,18.0,EMPAQUE,,317,CAJA DE ACETATO CORAZON CHICO,,2023-12-04
ESTRELLA,2023-12-06,,1.0,pz,domo grande,19.0,19.0,EMPAQUE,,318,DOMO GRANDE,,2023-12-04
REPOSTEARTE,2023-12-06,,2.0,pz,transfer hoja de arroz gruesa,90.0,45.0,DECORACION,,319,TRANSFER HOJA DE ARROZ GRUESA,,2023-12-04
ESTRELLA,2023-12-06,,100.0,gr,nuez pedazo,28.5,285.0,RELLENO,,320,NUEZ PEDAZO,,2023-12-04
REPOSTEARTE,2023-12-06,,2.0,pz,manga p/ decorar color verde alegr,20.0,10.0,CONSUMIBLES,,321,MANGA P/ DECORAR COLOR VERDE ALEGR,,2023-12-04
REPOSTEARTE,2023-12-06,,1.0,pz,color azul brillante enco,42.0,42.0,COLORANTES,,322,COLOR AZUL BRILLANTE ENCO,,2023-12-04
ESTRELLA,2023-12-06,,1.0,kg,royal icing,95.0,95.0,ROYALICING,,323,ROYAL ICING,,2023-12-04
ESTRELLA,2023-12-06,,100.0,gr,luneta,20.0,200.0,RELLENO,,324,LUNETA,,2023-12-04
SAMS,2023-12-06,,2.0,kg,nutella,337.58,168.79,RELLENO,,325,NUTELLA,,2023-12-04
SAMS,2023-12-06,,4.0,kg,harina de trigo,70.59,17.6475,HARINA,,326,HARINA DE TRIGO,,2023-12-04
PARISINA,2023-12-06,,1.0,paq,pinceles,149.99,149.99,OTROS,,327,PINCELES,,2023-12-04
ESTRELLA,2023-12-06,,1.0,pz,Domo mantecada 12 cavidades,9.5,9.5,EMPAQUE,,328,DOMO MANTECADA 12 CAVIDADES,,2023-12-04
PARISINA,2023-12-04,,5.0,pz,cajita mini,99.95,19.99,OTROS,,329,CAJITA MINI,,2023-12-04
MEGA PLAST,2023-12-04,,1.0,paq,malv c/ chocolate 32 pz cod,66.29,66.29,DULCERIA,,330,MALV C/ CHOCOLATE 32 PZ COD,,2023-12-04
B. AURRERA,2023-12-03,,1.0,paq,gloria man,76.0,76.0,MANTEQUILLA,,331,GLORIA MAN,,2023-11-27
B. AURRERA,2023-12-03,,1.0,kg,harina trigo,17.0,17.0,HARINA,,332,HARINA TRIGO,,2023-11-27
B. AURRERA,2023-12-03,,1.0,kg,au azucar,37.0,37.0,AZUCAR,,333,AU AZUCAR,,2023-11-27
B. AURRERA,2023-12-03,,1.0,kg,zulka glass,24.0,24.0,AZUCAR,GLASS,334,ZULKA GLASS,,2023-11-27
B. AURRERA,2023-12-03,,2.0,paq,oreo,53.0,26.5,GALLETAS,,335,OREO,,2023-11-27
REPOSTEARTE,2023-12-02,,100.0,gr,perlas y granillo diamantado ma b,40.0,400.0,DECORACION,,336,PERLAS Y GRANILLO DIAMANTADO MA B,,2023-11-27
REPOSTEARTE,2023-12-02,,2.0,pz,transfer hoja de arroz gruesa,90.0,45.0,DECORACION,,337,TRANSFER HOJA DE ARROZ GRUESA,,2023-11-27
MEGA PLAST,2023-11-30,,14.0,paq,nestle bota felices fiestas,415.94,29.71,NO DEFINIDO,,338,NESTLE BOTA FELICES FIESTAS,,2023-11-27
MEGA PLAST,2023-11-29,,250.0,gr,papel encerado,21.25,85.0,CONSUMIBLES,,339,PAPEL ENCERADO,,2023-11-27
MEGA PLAST,2023-11-29,,100.0,gr,nuez granillo,26.0,260.0,RELLENO,,340,NUEZ GRANILLO,,2023-11-27
REPOSTEARTE,2023-11-29,,6.0,pz,caja cupcake 2 cav,78.0,13.0,EMPAQUE,,341,CAJA CUPCAKE 2 CAV,,2023-11-27
B. AURRERA,2023-11-28,,1.0,pz,cortagalletas,25.0,25.0,HERRAMIENTA,,342,CORTAGALLETAS,,2023-11-27
B. AURRERA,2023-11-28,,1.0,pz,porta,22.0,22.0,NO DEFINIDO,,343,PORTA,,2023-11-27
B. AURRERA,2023-11-28,,1.0,pz,contenedor,22.0,22.0,EMPAQUE,,344,CONTENEDOR,,2023-11-27
B. AURRERA,2023-11-28,,1.0,pz,caja ic,22.0,22.0,EMPAQUE,,345,CAJA IC,,2023-11-27
B. AURRERA,2023-11-28,,1.0,pz,espatulas,35.0,35.0,HERRAMIENTA,,346,ESPATULAS,,2023-11-27
B. AURRERA,2023-11-28,,1.0,pz,150 capacillos,22.0,22.0,CAPACILLOS,,347,150 CAPACILLOS,,2023-11-27
B. AURRERA,2023-11-28,,1.0,paq,gloria man,76.0,76.0,MANTEQUILLA,,348,GLORIA MAN,,2023-11-27
B. AURRERA,2023-11-28,,1.0,pz,canister,59.0,59.0,HERRAMIENTA,,349,CANISTER,,2023-11-27
MEGA PLAST,2023-11-26,,1.0,kg,chips sabor chocolate semiamargo,107.0,107.0,CHOCOLATE,,350,CHIPS SABOR CHOCOLATE SEMIAMARGO,,2023-11-20
MEGA PLAST,2023-11-26,,1.0,kg,Crema para batir ambiante 1 lt,66.0,66.0,AMBIANTE,,351,CREMA PARA BATIR AMBIANTE 1 LT,,2023-11-20
MEGA PLAST,2023-11-26,,6.0,pz,Domo mantecada 12 cavidades,96.0,16.0,EMPAQUE,,352,DOMO MANTECADA 12 CAVIDADES,,2023-11-20
MEGA PLAST,2023-11-26,,1.0,kg,Tegral Satin Creme Cake Chocolate,64.0,64.0,HARINA,CHOCOLATE,353,TEGRAL SATIN CREME CAKE CHOCOLATE,,2023-11-20
SAMS,2023-11-25,,1.0,paq,kisses leche,149.0,149.0,CHOCOLATE,,354,KISSES LECHE,,2023-11-20
TUZOPRINT,2023-11-24,TC6452,1.0,pz,vinil brillante 140x50 cm,210.0,210.0,ADMINISTRACION,,355,VINIL BRILLANTE 140X50 CM,,2023-11-20
TUZOPRINT,2023-11-24,TC6452,1.0,pz,estructura,310.0,310.0,OTROS,,356,ESTRUCTURA,,2023-11-20
TUZOPRINT,2023-11-24,TC6452,1.0,pz,lona  de 80x180 cm,123.0,123.0,OTROS,,357,LONA DE 80X180 CM,,2023-11-20
REPOSTEARTE,2023-11-16,,1.0,kg,Foundant sabor nata coco blanco,83.0,83.0,FONDANT,,358,FOUNDANT SABOR NATA COCO BLANCO,,2023-11-13
MEGA PLAST,2023-11-16,,1.0,kg,Tegral Satin Creme cake chocolate,64.0,64.0,HARINA,CHOCOLATE,359,TEGRAL SATIN CREME CAKE CHOCOLATE,,2023-11-13
MEGA PLAST,2023-11-16,,1.0,kg,Tegral Satin Red Velvet Puratos,72.0,72.0,HARINA,RED VELVET,360,TEGRAL SATIN RED VELVET PURATOS,,2023-11-13
REPOSTEARTE,2023-11-16,,1.0,pz,base dorada pasteloso 46x66 cm,46.0,46.0,BASES,,361,BASE DORADA PASTELOSO 46X66 CM,,2023-11-13
MEGA PLAST,2023-11-14,,1.0,kg,Harina piña colada espiga mix,41.0,41.0,HARINA,PIÑA COLADA,362,HARINA PINA COLADA ESPIGA MIX,,2023-11-13
ESTRELLA,2023-11-13,,50.0,pz,bolsa de celofan,25.0,0.5,EMPAQUE,,363,BOLSA DE CELOFAN,,2023-11-13
ESTRELLA,2023-11-13,,1.0,pz,papel encerado,6.0,6.0,CONSUMIBLES,,364,PAPEL ENCERADO,,2023-11-13
ESTRELLA,2023-11-13,,1.0,paq,palo para brocheta,20.0,20.0,CONSUMIBLES,,365,PALO PARA BROCHETA,,2023-11-13
ESTRELLA,2023-11-13,,1.0,pz,molde,18.5,18.5,HERRAMIENTA,,366,MOLDE,,2023-11-13
ESTRELLA,2023-11-13,,1.0,kg,royal icing,95.0,95.0,ROYALICING,,367,ROYAL ICING,,2023-11-13
B. AURRERA,2023-11-13,,1.0,paq,zulka glass,24.0,24.0,AZUCAR,GLASS,368,ZULKA GLASS,,2023-11-13
B. AURRERA,2023-11-13,,1.0,paq,saborizant,15.0,15.0,SABORIZANTE,,369,SABORIZANT,,2023-11-13
B. AURRERA,2023-11-13,,1.0,paq,gloria man,76.0,76.0,MANTEQUILLA,,370,GLORIA MAN,,2023-11-13
B. AURRERA,2023-11-13,,1.0,kg,chantilly dulce,71.0,71.0,CHANTILLY,,371,CHANTILLY DULCE,,2023-11-13
B. AURRERA,2023-11-13,,1.0,paq,harina tri,17.0,17.0,HARINA,TRIGO,372,HARINA TRI,,2023-11-13
GASOLINERIA,2023-11-09,,10.0,lts,gasolina,209.7,20.97,COMBUSTIBLE,,373,GASOLINA,,2023-11-06
MEGA PLAST,2023-11-09,,1.0,kg,Tegral Satin Red Velvet Puratos,72.0,72.0,HARINA,RED VELVET,374,TEGRAL SATIN RED VELVET PURATOS,,2023-11-06
MEGA PLAST,2023-11-09,,1.0,kg,tegral satin creme cake vainilla,54.0,54.0,HARINA,VAINILLA,375,TEGRAL SATIN CREME CAKE VAINILLA,,2023-11-06
REPOSTEARTE,2023-11-09,,2.0,kg,Foundant sabor nata coco blanco,83.0,41.5,FONDANT,,376,FOUNDANT SABOR NATA COCO BLANCO,,2023-11-06
MEGA PLAST,2023-11-09,,1.0,kg,chips blanco alpezi c/500 g,126.0,126.0,CHOCOLATE,,377,CHIPS BLANCO ALPEZI C/500 G,,2023-11-06
B. AURRERA,2023-11-05,,1.0,paq,huevo calvario,80.0,80.0,HUEVO,,378,HUEVO CALVARIO,,2023-10-30
B. AURRERA,2023-11-05,,1.0,paq,iberia 90,16.0,16.0,MANTEQUILLA,,379,IBERIA 90,,2023-10-30
REPOSTEARTE,2023-11-05,,2.0,pz,base dorada pasteloso 30cm,12.0,6.0,BASES,,380,BASE DORADA PASTELOSO 30CM,,2023-10-30
MEGA PLAST,2023-11-05,,1.0,kg,tegral satin creme cake vainilla,54.0,54.0,HARINA,VAINILLA,381,TEGRAL SATIN CREME CAKE VAINILLA,,2023-10-30
GASOLINERIA,2023-11-03,ND,20.0,lts,gasolina,419.6,20.98,COMBUSTIBLE,,382,GASOLINA,,2023-10-30
B. AURRERA,2023-11-02,,1.0,paq,oreo 273.6,28.5,28.5,GALLETAS,,383,OREO 273.6,,2023-10-30
B. AURRERA,2023-11-02,,1.0,paq,oreo vainilla,28.5,28.5,GALLETAS,,384,OREO VAINILLA,,2023-10-30
CRAVIOTO,2023-11-01,,1.0,paq,ferrero rocher T-16,106.98,106.98,CHOCOLATE,,385,FERRERO ROCHER T-16,,2023-10-30
CRAVIOTO,2023-11-01,,1.0,pz,celofan 8x12,12.32,12.32,EMPAQUE,,386,CELOFAN 8X12,,2023-10-30
CASETA,2023-11-01,,1.0,tick,peaje,63.0,63.0,CASETAS,,387,PEAJE,,2023-10-30
CRAVIOTO,2023-11-01,,1.0,pz,nutella frasco 950 g,162.99,162.99,RELLENO,,388,NUTELLA FRASCO 950 G,,2023-10-30
CRAVIOTO,2023-11-01,,1.0,pz,mars m&m mini vit 215.6g,100.51,100.51,CHOCOLATE,,389,MARS M&M MINI VIT 215.6G,,2023-10-30
GASOLINERIA,2023-10-31,ND,10.0,lts,gasolina (aprox),220.0,22.0,COMBUSTIBLE,,390,GASOLINA (APROX),,2023-10-30
TIENDAS TRES B,2023-10-31,,1.0,paq,bolsa jumbo,21.0,21.0,OTROS,,391,BOLSA JUMBO,,2023-10-30
TIENDAS TRES B,2023-10-31,,2.0,paq,hue1pzSan,72.0,36.0,HUEVO,,392,HUE1PZSAN,,2023-10-30
ESTRELLA,2023-10-30,0271,2.0,paq,15-14-chs,109.0,54.5,EMPAQUE,,393,15-14-CHS,,2023-10-30
MEGA PLAST,2023-10-30,,5.0,kg,chantilly 5 kg asturias,205.0,41.0,CHANTILLY,,394,CHANTILLY 5 KG ASTURIAS,,2023-10-30
GASOLINERIA,2023-10-30,ND,10.0,lts,gasolina,218.0,21.8,COMBUSTIBLE,,395,GASOLINA,,2023-10-30
REPOSTEARTE,2023-10-30,,2.0,paq,capacillo floreado alegria,166.0,83.0,CAPACILLOS,,396,CAPACILLO FLOREADO ALEGRIA,,2023-10-30
REPOSTEARTE,2023-10-30,,1.0,pz,Transfer hoja de arroz gruesa,45.0,45.0,TRANSFER,,397,TRANSFER HOJA DE ARROZ GRUESA,,2023-10-30
REPOSTEARTE,2023-10-30,,1.0,kg,Foundant sabor nata coco blanco,83.0,83.0,FONDANT,,398,FOUNDANT SABOR NATA COCO BLANCO,,2023-10-30
MEGA PLAST,2023-10-30,,1.0,kg,Tegral Satin Red Velvet Puratos,72.0,72.0,HARINA,RED VELVET,399,TEGRAL SATIN RED VELVET PURATOS,,2023-10-30
MEGA PLAST,2023-10-30,,1.0,pz,nutella 650g,99.0,99.0,RELLENO,,400,NUTELLA 650G,,2023-10-30
MEGA PLAST,2023-10-30,,500.0,g,azucar glass de primera,25.0,50.0,AZUCAR,GLASS,401,AZUCAR GLASS DE PRIMERA,,2023-10-30
MEGA PLAST,2023-10-30,,1.0,pz,relleno zarzamora fruitfill purat,57.0,57.0,RELLENO,,402,RELLENO ZARZAMORA FRUITFILL PURAT,,2023-10-30
MEGA PLAST,2023-10-30,,1.0,kg,Tegral Satin Creme cake chocolate,64.0,64.0,HARINA,CHOCOLATE,403,TEGRAL SATIN CREME CAKE CHOCOLATE,,2023-10-30
MEGA PLAST,2023-10-30,,1.0,kg,tegral satin creme cake vainilla,54.0,54.0,HARINA,VAINILLA,404,TEGRAL SATIN CREME CAKE VAINILLA,,2023-10-30
PARISINA,2023-10-21,,2.5,mt,rollo 45,37.48,14.992,OTROS,,405,ROLLO 45,,2023-10-16
PARISINA,2023-10-21,,3.0,pz,foami con diamantina carta,29.97,9.99,OTROS,,406,FOAMI CON DIAMANTINA CARTA,,2023-10-16
REPOSTEARTE,2023-10-19,,1.0,paq,capacillo blanco mini corazones ,56.0,56.0,CAPACILLOS,,407,CAPACILLO BLANCO MINI CORAZONES,,2023-10-16
REPOSTEARTE,2023-10-19,,1.0,pz,Transfer hoja de arroz gruesa,45.0,45.0,TRANSFER,,408,TRANSFER HOJA DE ARROZ GRUESA,,2023-10-16
REPOSTEARTE,2023-10-19,,1.0,kg,Foundant sabor nata coco blanco,83.0,83.0,FONDANT,,409,FOUNDANT SABOR NATA COCO BLANCO,,2023-10-16
MEGA PLAST,2023-10-19,,5.0,pz,Domo mantecada 12 cavidades,80.0,16.0,EMPAQUE,,410,DOMO MANTECADA 12 CAVIDADES,,2023-10-16
HAZ IDEAS,2023-10-17,ND,1.0,pz,comision cobro con tarjea,41.52,41.52,OTROS,,411,COMISION COBRO CON TARJEA,,2023-10-16
HAZ IDEAS,2023-10-17,ND,12.0,pz,30*30*30,324.0,27.0,EMPAQUE,,412,30*30*30,,2023-10-16
HAZ IDEAS,2023-10-17,ND,12.0,pz,32*32*30,348.0,29.0,EMPAQUE,,413,32*32*30,,2023-10-16
HAZ IDEAS,2023-10-17,ND,12.0,pz,31*31*20,222.0,18.5,EMPAQUE,,414,31*31*20,,2023-10-16
HAZ IDEAS,2023-10-17,ND,1.0,pz,envio,200.0,200.0,OTROS,,415,ENVIO,,2023-10-16
HAZ IDEAS,2023-10-17,ND,12.0,pz,cupcakes  de 6 cav,144.0,12.0,EMPAQUE,,416,CUPCAKES DE 6 CAV,,2023-10-16
B. AURRERA,2023-10-16,,2.0,kg,chantilly dulce,142.0,71.0,CHANTILLY,,417,CHANTILLY DULCE,,2023-10-16
MEGA PLAST,2023-10-16,,2.0,pz,papel estrella pliego,12.0,6.0,CONSUMIBLES,,418,PAPEL ESTRELLA PLIEGO,,2023-10-16
MEGA PLAST,2023-10-16,,1.0,kg,tegral satin creme cake vainilla,51.0,51.0,HARINA,VAINILLA,419,TEGRAL SATIN CREME CAKE VAINILLA,,2023-10-16
MEGA PLAST,2023-10-16,,1.0,kg,Tegral Satin Creme cake chocolate,61.0,61.0,HARINA,CHOCOLATE,420,TEGRAL SATIN CREME CAKE CHOCOLATE,,2023-10-16
MEGA PLAST,2023-10-16,,200.0,g,confitier chocolate semiamargo tu,44.0,220.0,CHOCOLATE,,421,CONFITIER CHOCOLATE SEMIAMARGO TU,,2023-10-16
MEGA PLAST,2023-10-16,,1.0,pz,mantequilla 225 g,58.0,58.0,MANTEQUILLA,,422,MANTEQUILLA 225 G,,2023-10-16
MEGA PLAST,2023-10-16,,1.0,pz,Crema para batir ambiante 1 lt,66.0,66.0,AMBIANTE,,423,CREMA PARA BATIR AMBIANTE 1 LT,,2023-10-16
REPOSTEARTE,2023-10-16,,1.0,pz,base dorada pasteloso 30cm,12.0,12.0,BASES,,424,BASE DORADA PASTELOSO 30CM,,2023-10-16
MEGA PLAST,2023-10-16,,1.0,pz,kit kat 9 pz,23.2,23.2,CHOCOLATE,,425,KIT KAT 9 PZ,,2023-10-16
B. AURRERA,2023-10-16,,1.0,paq,huevo calvario,78.0,78.0,HUEVO,,426,HUEVO CALVARIO,,2023-10-16
REPOSTEARTE,2023-10-16,,1.0,kg,Foundant sabor nata coco blanco,83.0,83.0,FONDANT,,427,FOUNDANT SABOR NATA COCO BLANCO,,2023-10-16
CASETA,2023-10-15,,1.0,tick,peaje,37.0,37.0,CASETAS,,428,PEAJE,,2023-10-09
B. AURRERA,2023-10-13,,1.0,paq,huevo aurrera,30.5,30.5,HUEVO,,429,HUEVO AURRERA,,2023-10-09
REPOSTEARTE,2023-10-10,,1.0,pz,base dorada pasteloso 30cm,12.0,12.0,BASES,,430,BASE DORADA PASTELOSO 30CM,,2023-10-09
MEGA PLAST,2023-10-10,,1.0,kg,tregal satin creme cake chocolate,61.0,61.0,HARINA,CHOCOLATE,431,TREGAL SATIN CREME CAKE CHOCOLATE,,2023-10-09
MEGA PLAST,2023-10-10,,1.0,pz,relleno fresa frutifil puratos,52.0,52.0,RELLENO,,432,RELLENO FRESA FRUTIFIL PURATOS,,2023-10-09
MEGA PLAST,2023-10-10,,1.0,pz,chips blanco alpezzi 500 g,126.0,126.0,CHOCOLATE,,433,CHIPS BLANCO ALPEZZI 500 G,,2023-10-09
MEGA PLAST,2023-10-10,,100.0,g,confitier chocolate semiamargo tu,22.0,220.0,CHOCOLATE,,434,CONFITIER CHOCOLATE SEMIAMARGO TU,,2023-10-09
MEGA PLAST,2023-10-10,,100.0,g,kisses plateados,32.0,320.0,CHOCOLATE,,435,KISSES PLATEADOS,,2023-10-09
MEGA PLAST,2023-10-10,,1.0,kg,Crema para batir ambiante 1 lt,66.0,66.0,AMBIANTE,,436,CREMA PARA BATIR AMBIANTE 1 LT,,2023-10-09
MEGA PLAST,2023-10-10,,100.0,g,granillo chocolate semiamargo,22.0,220.0,CHOCOLATE,,437,GRANILLO CHOCOLATE SEMIAMARGO,,2023-10-09
MEGA PLAST,2023-10-10,,5.0,pz,Domo mantecada 12 cavidades,80.0,16.0,EMPAQUE,,438,DOMO MANTECADA 12 CAVIDADES,,2023-10-09
REPOSTEARTE,2023-10-10,,70.0,g,sprinkles,45.5,650.0,DECORACION,,439,SPRINKLES,,2023-10-09
MEGA PLAST,2023-10-10,,2.0,kg,tregal satin creme cake vainilla,102.0,51.0,HARINA,VAINILLA,440,TREGAL SATIN CREME CAKE VAINILLA,,2023-10-09
REPOSTEARTE,2023-10-10,,1.0,pz,base dorada pasteloso 28 cm,12.0,12.0,BASES,,441,BASE DORADA PASTELOSO 28 CM,,2023-10-09
REPOSTEARTE,2023-10-10,,2.0,kg,Foundant sabor nata coco blanco,166.0,83.0,FONDANT,,442,FOUNDANT SABOR NATA COCO BLANCO,,2023-10-09
REPOSTEARTE,2023-10-10,,3.0,pz,Transfer hoja de arroz gruesa,135.0,45.0,TRANSFER,,443,TRANSFER HOJA DE ARROZ GRUESA,,2023-10-09
SORIANA,2023-10-05,,1.0,bot,bailey's,300.0,300.0,LICORES,,444,BAILEY'S,,2023-10-02
MEGA PLAST,2023-10-05,,1.0,kg,jarabe tres leches dulcerito puratos,45.0,45.0,RELLENO,,445,JARABE TRES LECHES DULCERITO PURATOS,,2023-10-02
MEGA PLAST,2023-10-05,,1.0,kg,tegral satin creme cake vainilla,51.0,51.0,HARINA,VAINILLA,446,TEGRAL SATIN CREME CAKE VAINILLA,,2023-10-02
MEGA PLAST,2023-10-05,,1.0,kg,relleno de baileys,95.0,95.0,RELLENO,,447,RELLENO DE BAILEYS,,2023-10-02
REPOSTEARTE,2023-10-01,ND,1.0,pz,molde de silicon,59.0,59.0,HERRAMIENTA,,448,MOLDE DE SILICON,,2023-09-25
REPOSTEARTE,2023-10-01,ND,1.0,pz,base 32,15.0,15.0,BASES,,449,BASE 32,,2023-09-25
REPOSTEARTE,2023-10-01,ND,1.0,kg,Foundant,83.0,83.0,FONDANT,,450,FOUNDANT,,2023-09-25
B. AURRERA,2023-09-28,,1.0,paq,oreo 273.6,31.5,31.5,GALLETAS,,451,OREO 273.6,,2023-09-25
B. AURRERA,2023-09-28,,1.0,paq,oreo charo,36.0,36.0,GALLETAS,,452,OREO CHARO,,2023-09-25
B. AURRERA,2023-09-28,,1.0,kg,chantilly dulce,71.0,71.0,CHANTILLY,,453,CHANTILLY DULCE,,2023-09-25
REPOSTEARTE,2023-09-26,,1.0,kg,Foundant sabor nata coco blanco,83.0,83.0,FONDANT,,454,FOUNDANT SABOR NATA COCO BLANCO,,2023-09-25
MEGA PLAST,2023-09-26,,500.0,g,chips blanco alpezzi,63.0,126.0,CHOCOLATE,,455,CHIPS BLANCO ALPEZZI,,2023-09-25
REPOSTEARTE,2023-09-26,,1.0,pz,Transfer hoja de arroz gruesa,45.0,45.0,TRANSFER,,456,TRANSFER HOJA DE ARROZ GRUESA,,2023-09-25
REPOSTEARTE,2023-09-26,,1.0,pz,molde de silicon girasol,45.0,45.0,HERRAMIENTA,,457,MOLDE DE SILICON GIRASOL,,2023-09-25
MEGA PLAST,2023-09-26,,1.0,kg,tegral satin creme cake vainilla,51.0,51.0,HARINA,VAINILLA,458,TEGRAL SATIN CREME CAKE VAINILLA,,2023-09-25
OXXO,2023-09-25,ND,1.0,pz,mantequilla sin sal,30.5,30.5,MANTEQUILLA,,459,MANTEQUILLA SIN SAL,,2023-09-25
OXXO,2023-09-25,ND,1.0,kg,harina selecta,21.5,21.5,HARINA,TRIGO,460,HARINA SELECTA,,2023-09-25
GASOLINERIA,2023-09-24,,10.0,lts,gasolina,213.9,21.39,COMBUSTIBLE,,461,GASOLINA,,2023-09-18
CASETA,2023-09-22,,1.0,tick,peaje,38.0,38.0,CASETAS,,462,PEAJE,,2023-09-18
MEGA PLAST,2023-09-21,,1.0,pz,Crema para batir ambiante 1 lt,66.0,66.0,AMBIANTE,,463,CREMA PARA BATIR AMBIANTE 1 LT,,2023-09-18
MEGA PLAST,2023-09-21,,1.0,kg,tegral satin red velet cake puratos,68.0,68.0,HARINA,RED VELVET,464,TEGRAL SATIN RED VELET CAKE PURATOS,,2023-09-18
REPOSTEARTE,2023-09-21,,1.0,pz,pegamento de fondant,65.0,65.0,DECORACION,,465,PEGAMENTO DE FONDANT,,2023-09-18
REPOSTEARTE,2023-09-21,,2.0,pz,base dorada pasteloso 30cm,24.0,12.0,BASES,,466,BASE DORADA PASTELOSO 30CM,,2023-09-18
REPOSTEARTE,2023-09-21,,1.0,pz,matizador,70.0,70.0,DECORACION,,467,MATIZADOR,,2023-09-18
MEGA PLAST,2023-09-21,,0.1,pz,kisses plateados,32.0,320.0,CHOCOLATE,,468,KISSES PLATEADOS,,2023-09-18
MEGA PLAST,2023-09-21,,100.0,g,confitier chocolate semiamargo tu,22.0,220.0,CHOCOLATE,,469,CONFITIER CHOCOLATE SEMIAMARGO TU,,2023-09-18
B. AURRERA,2023-09-17,,3.0,pz,philadelphia qso,99.0,33.0,QUESO CREMA,,470,PHILADELPHIA QSO,,2023-09-11
MEGA PLAST,2023-09-15,,1.0,kg,Tegral Satin Red Velvet Puratos,68.0,68.0,HARINA,RED VELVET,471,TEGRAL SATIN RED VELVET PURATOS,,2023-09-11
MEGA PLAST,2023-09-15,,200.0,g,granillo magic colors - varios,20.0,100.0,COLORANTES,,472,GRANILLO MAGIC COLORS - VARIOS,,2023-09-11
B. AURRERA,2023-09-11,,2.0,kg,chantilly dulce,138.0,69.0,CHANTILLY,,473,CHANTILLY DULCE,,2023-09-11
B. AURRERA,2023-09-11,,1.0,pz,philadelphia qso,41.0,41.0,QUESO CREMA,,474,PHILADELPHIA QSO,,2023-09-11
ESTRELLA,2023-09-11,,1.0,pz,bolsa g,3.0,3.0,OTROS,,475,BOLSA G,,2023-09-11
ESTRELLA,2023-09-11,,1.0,pz,molde acetato,39.5,39.5,HERRAMIENTA,,476,MOLDE ACETATO,,2023-09-11
ESTRELLA,2023-09-11,,100.0,g,kisses,35.0,350.0,CHOCOLATE,,477,KISSES,,2023-09-11
ESTRELLA,2023-09-11,,4.0,pz,bisagra 12 cupcakes,78.0,19.5,EMPAQUE,,478,BISAGRA 12 CUPCAKES,,2023-09-11
CRAVIOTO,2023-09-09,172962,40.0,pz,2 paq nestle carlos v stick 20 pz,77.14,1.9285,CHOCOLATE,,479,2 PAQ NESTLE CARLOS V STICK 20 PZ,,2023-09-04
CRAVIOTO,2023-09-09,172962,3.0,pz,djana cereza c/ tallo 460g,136.92,45.64,DULCERIA,,480,DJANA CEREZA C/ TALLO 460G,,2023-09-04
CRAVIOTO,2023-09-09,172962,50.0,pz,2 paq inix contenedor mantecada 25 pz,358.64,7.1728,EMPAQUE,,481,2 PAQ INIX CONTENEDOR MANTECADA 25 PZ,,2023-09-04
CRAVIOTO,2023-09-09,172962,1.0,pz,nutella frasco 950 g,162.99,162.99,RELLENO,,482,NUTELLA FRASCO 950 G,,2023-09-04
CRAVIOTO,2023-09-09,172962,1.0,paq,zulka azucar glass 500 g,24.56,24.56,AZUCAR,GLASS,483,ZULKA AZUCAR GLASS 500 G,,2023-09-04
CRAVIOTO,2023-09-09,172962,1.0,paq,puratos fruitfil zarzamora 1 kg,56.47,56.47,RELLENO,,484,PURATOS FRUITFIL ZARZAMORA 1 KG,,2023-09-04
CRAVIOTO,2023-09-09,172962,16.0,pz,ferrero rocher t-16,106.98,6.6863,CHOCOLATE,,485,FERRERO ROCHER T-16,,2023-09-04
CRAVIOTO,2023-09-09,172962,100.0,pz,alegria capacillo polka negro 100 pz,39.15,0.3915,CAPACILLOS,,486,ALEGRIA CAPACILLO POLKA NEGRO 100 PZ,,2023-09-04
MEGA PLAST,2023-09-07,ND,1.0,pz,domo 1/4 plancha,25.0,25.0,EMPAQUE,,487,DOMO 1/4 PLANCHA,,2023-09-04
MEGA PLAST,2023-09-07,,1.0,pz,domo 1/4 plancha,25.0,25.0,EMPAQUE,,488,DOMO 1/4 PLANCHA,,2023-09-04
MEGA PLAST,2023-09-07,,1.0,kg,tegral satin creme cake vainilla,51.0,51.0,HARINA,VAINILLA,489,TEGRAL SATIN CREME CAKE VAINILLA,,2023-09-04
MEGA PLAST,2023-09-07,,200.0,g,cereza con rabo diana,44.0,220.0,DULCERIA,,490,CEREZA CON RABO DIANA,,2023-09-04
MEGA PLAST,2023-09-07,,200.0,g,chips negro alpezzi c/500g,32.0,160.0,CHOCOLATE,,491,CHIPS NEGRO ALPEZZI C/500G,,2023-09-04
MEGA PLAST,2023-09-07,,100.0,g,chips rojo alpezzi c/500g,16.0,160.0,CHOCOLATE,,492,CHIPS ROJO ALPEZZI C/500G,,2023-09-04
MEGA PLAST,2023-09-07,,1.0,pz,Crema para batir ambiante 1 lt,66.0,66.0,AMBIANTE,,493,CREMA PARA BATIR AMBIANTE 1 LT,,2023-09-04
REPOSTEARTE,2023-09-06,ND,2.0,pz,Transfer,90.0,45.0,TRANSFER,,494,TRANSFER,,2023-09-04
REPOSTEARTE,2023-09-06,ND,2.0,pz,botellas jack daniels,190.0,95.0,LICORES,,495,BOTELLAS JACK DANIELS,,2023-09-04
REPOSTEARTE,2023-09-06,ND,100.0,g,perlas,40.0,400.0,DECORACION,,496,PERLAS,,2023-09-04
REPOSTEARTE,2023-09-06,ND,1.0,pz,color humedo,46.0,46.0,COLORANTES,,497,COLOR HUMEDO,,2023-09-04
REPOSTEARTE,2023-09-06,ND,1.0,kg,Foundant,83.0,83.0,FONDANT,,498,FOUNDANT,,2023-09-04
B. AURRERA,2023-09-05,,1.0,paq,Carlos V stk,54.0,54.0,CHOCOLATE,,499,CARLOS V STK,,2023-09-04
B. AURRERA,2023-09-05,,1.0,paq,huevo san juan,75.0,75.0,HUEVO,,500,HUEVO SAN JUAN,,2023-09-04
MEGA PLAST,2023-09-04,,1.0,kg,Tegral Satin Creme cake chocolate,68.0,68.0,HARINA,CHOCOLATE,501,TEGRAL SATIN CREME CAKE CHOCOLATE,,2023-09-04
MEGA PLAST,2023-09-04,,1.0,kg,tegral satin creme cake vainilla,51.0,51.0,HARINA,VAINILLA,502,TEGRAL SATIN CREME CAKE VAINILLA,,2023-09-04
ESTRELLA,2023-09-04,,200.0,g,turin semi trozo,44.0,220.0,CHOCOLATE,,503,TURIN SEMI TROZO,,2023-09-04
ESTRELLA,2023-09-04,,100.0,g,Granillo Turin Semi amargo,22.5,225.0,CHOCOLATE,,504,GRANILLO TURIN SEMI AMARGO,,2023-09-04
ESTRELLA,2023-09-04,,5.0,pz,domo 6 cupcakes,47.5,9.5,EMPAQUE,,505,DOMO 6 CUPCAKES,,2023-09-04
ESTRELLA,2023-09-04,,2.0,pz,alpezzi blanco 500 g,124.0,62.0,CHOCOLATE,,506,ALPEZZI BLANCO 500 G,,2023-09-04
REPOSTEARTE,2023-09-04,ND,1.0,kg,Foundant,83.0,83.0,FONDANT,,507,FOUNDANT,,2023-09-04
MEGA PLAST,2023-09-04,,1.0,pz,Crema para batir ambiante 1 lt,66.0,66.0,AMBIANTE,,508,CREMA PARA BATIR AMBIANTE 1 LT,,2023-09-04
ESTRELLA,2023-09-04,,5.0,pz,bisagra 12 cupcakes,97.5,19.5,EMPAQUE,,509,BISAGRA 12 CUPCAKES,,2023-09-04
B. AURRERA,2023-09-03,,1.0,kg,chantilly dulce,69.0,69.0,CHANTILLY,,510,CHANTILLY DULCE,,2023-08-28
MEGA PLAST,2023-09-01,,1.0,kg,tegral satin creme cake vainilla,51.0,51.0,HARINA,VAINILLA,511,TEGRAL SATIN CREME CAKE VAINILLA,,2023-08-28
GASOLINERIA,2023-08-31,ND,10.0,lts,gasolina (aprox),220.0,22.0,COMBUSTIBLE,,512,GASOLINA (APROX),,2023-08-28
EXPOPAN,2023-08-28,ND,24.0,pz,cupcake 6,0.0,0.0,EMPAQUE,,513,CUPCAKE 6,,2023-08-28
EXPOPAN,2023-08-28,ND,1.0,pz,"varios articulos (domo, bases, caketopper, sprinkles)",2000.0,2000.0,DOMO,,514,"VARIOS ARTICULOS (DOMO, BASES, CAKETOPPER, SPRINKLES)",,2023-08-28
EXPOPAN,2023-08-28,ND,1.0,paq,sprinkles,50.0,50.0,DECORACION,,515,SPRINKLES,,2023-08-28
EXPOPAN,2023-08-28,ND,2.0,pz,caketopper harry potter,35.0,17.5,DECORACION,,516,CAKETOPPER HARRY POTTER,,2023-08-28
EXPOPAN,2023-08-28,ND,5.0,pz,bases para pastel 30,0.0,0.0,BASES,,517,BASES PARA PASTEL 30,,2023-08-28
EXPOPAN,2023-08-28,ND,5.0,pz,bases para pastel 28,0.0,0.0,BASES,,518,BASES PARA PASTEL 28,,2023-08-28
EXPOPAN,2023-08-28,ND,12.0,pz,pastel alto,0.0,0.0,EMPAQUE,,519,PASTEL ALTO,,2023-08-28
EXPOPAN,2023-08-28,ND,24.0,pz,cupcake 12,0.0,0.0,EMPAQUE,,520,CUPCAKE 12,,2023-08-28
GASOLINERIA,2023-08-28,ND,10.0,lts,gasolina (aprox),220.0,22.0,COMBUSTIBLE,,521,GASOLINA (APROX),,2023-08-28
B. AURRERA,2023-08-24,,1.0,kg,chantilly dulce,69.0,69.0,CHANTILLY,,522,CHANTILLY DULCE,,2023-08-21
B. AURRERA,2023-08-23,,1.0,kg,huevo calvario,76.0,76.0,HUEVO,,523,HUEVO CALVARIO,,2023-08-21
ESTRELLA,2023-08-22,,500.0,g,alpezzi blanco,62.0,124.0,CHOCOLATE,,524,ALPEZZI BLANCO,,2023-08-21
MEGA PLAST,2023-08-22,,1.0,kg,Tegral Satin Creme cake chocolate,61.0,61.0,HARINA,CHOCOLATE,525,TEGRAL SATIN CREME CAKE CHOCOLATE,,2023-08-21
MEGA PLAST,2023-08-22,,1.0,pz,carboximetil celulosa deiman,42.0,42.0,CONSUMIBLES,,526,CARBOXIMETIL CELULOSA DEIMAN,,2023-08-21
MEGA PLAST,2023-08-22,,1.0,pz,Crema para batir ambiante 1 lt,66.0,66.0,AMBIANTE,,527,CREMA PARA BATIR AMBIANTE 1 LT,,2023-08-21
MEGA PLAST,2023-08-22,,1.0,pz,cream cheese filling puratos,93.0,93.0,RELLENO,,528,CREAM CHEESE FILLING PURATOS,,2023-08-21
MEGA PLAST,2023-08-22,,1.0,pz,relleno fresa frutifru,52.0,52.0,RELLENO,,529,RELLENO FRESA FRUTIFRU,,2023-08-21
MEGA PLAST,2023-08-18,,300.0,g,Confitier semiamargo TURIN,66.0,220.0,CHOCOLATE,,530,CONFITIER SEMIAMARGO TURIN,,2023-08-14
MEGA PLAST,2023-08-18,,1.0,kg,Queso philadelphia 190g,37.0,37.0,QUESO CREMA,,531,QUESO PHILADELPHIA 190G,,2023-08-14
MEGA PLAST,2023-08-18,,1.0,kg,Tegral Satin Creme ca ,51.0,51.0,HARINA,VAINILLA,532,TEGRAL SATIN CREME CA,,2023-08-14
MEGA PLAST,2023-08-18,,1.0,kg,chips chocolate semi,107.0,107.0,CHOCOLATE,,533,CHIPS CHOCOLATE SEMI,,2023-08-14
REPOSTEARTE,2023-08-18,,1.0,kg,Foundant sabor nata coco blanco,83.0,83.0,FONDANT,,534,FOUNDANT SABOR NATA COCO BLANCO,,2023-08-14
MEGA PLAST,2023-08-18,,1.0,kg,Tegral Satin Red Velvet Puratos,65.0,65.0,HARINA,RED VELVET,535,TEGRAL SATIN RED VELVET PURATOS,,2023-08-14
REPOSTEARTE,2023-08-18,,1.0,pz,base fantasia pasteloso 28cm,14.0,14.0,BASES,,536,BASE FANTASIA PASTELOSO 28CM,,2023-08-14
B. AURRERA,2023-08-16,,1.0,kg,chantilly dulce,69.0,69.0,CHANTILLY,,537,CHANTILLY DULCE,,2023-08-14
MEGA PLAST,2023-08-12,,1.0,kg,Tegral Satin Creme ca ,51.0,51.0,HARINA,VAINILLA,538,TEGRAL SATIN CREME CA,,2023-08-07
MEGA PLAST,2023-08-12,,100.0,g,chips rojo alpezzi c/,16.0,160.0,CHOCOLATE,,539,CHIPS ROJO ALPEZZI C/,,2023-08-07
MEGA PLAST,2023-08-12,,200.0,g,cereza con rabo diana,44.0,220.0,DULCERIA,,540,CEREZA CON RABO DIANA,,2023-08-07
CRAVIOTO,2023-08-08,112701,25.0,pz,capacillo No. 72 decorado 25 pz,17.37,0.6948,CAPACILLOS,,541,CAPACILLO NO. 72 DECORADO 25 PZ,,2023-08-07
REPOSTEARTE,2023-08-08,,1.0,paq,capacillos a granel,25.0,25.0,CAPACILLOS,,542,CAPACILLOS A GRANEL,,2023-08-07
CRAVIOTO,2023-08-08,112701,32.0,pz,dlr malv c/ chocolate 32 pz,62.98,1.9681,CHOCOLATE,,543,DLR MALV C/ CHOCOLATE 32 PZ,,2023-08-07
B. AURRERA,2023-08-08,,1.0,pz,calahua cre,29.5,29.5,RELLENO,,544,CALAHUA CRE,,2023-08-07
MEGA PLAST,2023-08-08,,1.0,pz,domo 1/4 plancha,25.0,25.0,EMPAQUE,,545,DOMO 1/4 PLANCHA,,2023-08-07
MEGA PLAST,2023-08-08,,1.0,pz,Crema para batir ambiante 1 lt,66.0,66.0,AMBIANTE,,546,CREMA PARA BATIR AMBIANTE 1 LT,,2023-08-07
ESTRELLA,2023-08-08,,250.0,g,Removedor 15,20.0,80.0,HERRAMIENTA,,547,REMOVEDOR 15,,2023-08-07
ESTRELLA,2023-08-08,,4.0,pz,bisagra 12 cupcakes,78.0,19.5,EMPAQUE,,548,BISAGRA 12 CUPCAKES,,2023-08-07
REPOSTEARTE,2023-08-08,,1.0,pz,hoja comestible de oro (colores),48.0,48.0,DECORACION,,549,HOJA COMESTIBLE DE ORO (COLORES),,2023-08-07
REPOSTEARTE,2023-08-08,,1.0,pz,base fansasia pasteloso 28 cm,14.0,14.0,BASES,,550,BASE FANSASIA PASTELOSO 28 CM,,2023-08-07
REPOSTEARTE,2023-08-08,,1.0,pz,caja acetato 17x11x13,42.0,42.0,EMPAQUE,,551,CAJA ACETATO 17X11X13,,2023-08-07
B. AURRERA,2023-08-08,,1.0,kg,chantilly dulce,69.0,69.0,CHANTILLY,,552,CHANTILLY DULCE,,2023-08-07
REPOSTEARTE,2023-08-08,,1.0,pz,disco dorado pasteloso 32 cm,14.0,14.0,BASES,,553,DISCO DORADO PASTELOSO 32 CM,,2023-08-07
REPOSTEARTE,2023-08-08,,1.0,pz,Transfer hoja de arroz gruesa,90.0,90.0,TRANSFER,,554,TRANSFER HOJA DE ARROZ GRUESA,,2023-08-07
B. AURRERA,2023-08-06,,1.0,paq,Carlos V 8 pz,65.0,65.0,CHOCOLATE,,555,CARLOS V 8 PZ,,2023-07-31
MEGA PLAST,2023-08-05,,1.0,pz,relleno zarzamora puratos,54.0,54.0,RELLENO,,556,RELLENO ZARZAMORA PURATOS,,2023-07-31
MEGA PLAST,2023-08-05,,1.0,pz,Crema para batir ambiante 1 lt,66.0,66.0,AMBIANTE,,557,CREMA PARA BATIR AMBIANTE 1 LT,,2023-07-31
MEGA PLAST,2023-08-05,,1.0,pz,Relleno durazno puratos,62.0,62.0,RELLENO,,558,RELLENO DURAZNO PURATOS,,2023-07-31
MEGA PLAST,2023-08-05,,1.0,pz,nutella grande 650 gr,99.0,99.0,RELLENO,,559,NUTELLA GRANDE 650 GR,,2023-07-31
MEGA PLAST,2023-08-05,,100.0,g,chips rojo alpezzi c/,16.0,160.0,CHOCOLATE,,560,CHIPS ROJO ALPEZZI C/,,2023-07-31
MEGA PLAST,2023-08-05,,4.0,kg,Tegral Satin Creme ca ,204.0,51.0,HARINA,VAINILLA,561,TEGRAL SATIN CREME CA,,2023-07-31
MEGA PLAST,2023-08-05,,600.0,g,Confitier semiamargo TURIN,132.0,220.0,CHOCOLATE,,562,CONFITIER SEMIAMARGO TURIN,,2023-07-31
MEGA PLAST,2023-08-05,,1.0,kg,Tegral Satin Creme ca ,61.0,61.0,HARINA,CHOCOLATE,563,TEGRAL SATIN CREME CA,,2023-07-31
MEGA PLAST,2023-08-05,,1.0,pz,relleno queso creme p,93.0,93.0,RELLENO,,564,RELLENO QUESO CREME P,,2023-07-31
MEGA PLAST,2023-08-05,,100.0,g,cereza con rabo diana,22.0,220.0,DULCERIA,,565,CEREZA CON RABO DIANA,,2023-07-31
REPOSTEARTE,2023-08-05,,1.0,paq,capacillo metalico vencort,25.0,25.0,CAPACILLOS,,566,CAPACILLO METALICO VENCORT,,2023-07-31
REPOSTEARTE,2023-08-05,,1.0,kg,Foundant sabor nata coco blanco,166.0,166.0,FONDANT,,567,FOUNDANT SABOR NATA COCO BLANCO,,2023-07-31
REPOSTEARTE,2023-08-05,,1.0,pz,base plateada pasteloso 18 cm,5.0,5.0,BASES,,568,BASE PLATEADA PASTELOSO 18 CM,,2023-07-31
REPOSTEARTE,2023-08-05,,1.0,pz,base plateada pasteloso 30cm,12.0,12.0,BASES,,569,BASE PLATEADA PASTELOSO 30CM,,2023-07-31
REPOSTEARTE,2023-08-05,,1.0,pz,base dorada pasteloso 32cm,15.0,15.0,BASES,,570,BASE DORADA PASTELOSO 32CM,,2023-07-31
B. AURRERA,2023-08-05,,1.0,kg,chantilly dulce,69.0,69.0,CHANTILLY,,571,CHANTILLY DULCE,,2023-07-31
B. AURRERA,2023-08-05,,1.0,paq,Carlos V stk,51.0,51.0,CHOCOLATE,,572,CARLOS V STK,,2023-07-31
REPOSTEARTE,2023-08-05,ND,1.0,pz,duya,65.0,65.0,HERRAMIENTA,,573,DUYA,,2023-07-31
B. AURRERA,2023-08-02,,1.0,paq,oreo 273.6,24.0,24.0,GALLETAS,,574,OREO 273.6,,2023-07-31
B. AURRERA,2023-08-02,,1.0,kg,chantilly dulce,69.0,69.0,CHANTILLY,,575,CHANTILLY DULCE,,2023-07-31
TIENDAS TRES B,2023-08-01,,2.0,paq,MariasDor,24.0,12.0,GALLETAS,,576,MARIASDOR,,2023-07-31
MEGA PLAST,2023-08-01,,2.0,pz,Queso philadelphia 190g,74.0,37.0,QUESO CREMA,,577,QUESO PHILADELPHIA 190G,,2023-07-31
MEGA PLAST,2023-08-01,,1.0,kg,chips chocolate semi,107.0,107.0,CHOCOLATE,,578,CHIPS CHOCOLATE SEMI,,2023-07-31
MEGA PLAST,2023-08-01,,1.0,pz,Crema para batir ambiante 1 lt,66.0,66.0,AMBIANTE,,579,CREMA PARA BATIR AMBIANTE 1 LT,,2023-07-31
MEGA PLAST,2023-08-01,,1.0,kg,Tegral Satin Creme ca ,61.0,61.0,HARINA,CHOCOLATE,580,TEGRAL SATIN CREME CA,,2023-07-31
TIENDAS TRES B,2023-08-01,,1.0,kg,hue12pzCR,30.0,30.0,HUEVO,,581,HUE12PZCR,,2023-07-31
REPOSTEARTE,2023-08-01,,1.0,pz,base plateada pasteloso 35x47cm,23.0,23.0,BASES,,582,BASE PLATEADA PASTELOSO 35X47CM,,2023-07-31
"DULCERIA Y MATERIAS PRIMAS ""EL GLOBO""",2023-07-29,,1.0,paq,minicacahuate,28.95,28.95,OTROS,,583,MINICACAHUATE,,2023-07-24
CRAVIOTO,2023-07-28,166568,100.0,pz,alegria capacillo polka negro 100 pz,39.15,0.3915,CAPACILLOS,,584,ALEGRIA CAPACILLO POLKA NEGRO 100 PZ,,2023-07-24
CRAVIOTO,2023-07-28,166568,100.0,pz,alegria capacillo golosinas 100 pz,29.15,0.2915,CAPACILLOS,,585,ALEGRIA CAPACILLO GOLOSINAS 100 PZ,,2023-07-24
CRAVIOTO,2023-07-28,166568,50.0,pz,alegria capacillo met dorado 50 pz,43.5,0.87,CAPACILLOS,,586,ALEGRIA CAPACILLO MET DORADO 50 PZ,,2023-07-24
CRAVIOTO,2023-07-28,166568,25.0,pz,inix contenedor mantecadas 25 pz,179.32,7.1728,EMPAQUE,,587,INIX CONTENEDOR MANTECADAS 25 PZ,,2023-07-24
B. AURRERA,2023-07-26,,30.0,pz,huevo aurrera,52.5,1.75,HUEVO,,588,HUEVO AURRERA,,2023-07-24
REPOSTEARTE,2023-07-25,ND,1.0,pz,base 28cm,12.0,12.0,BASES,,589,BASE 28CM,,2023-07-24
MEGA PLAST,2023-07-25,,1.0,pz,relleno zarzamora puratos,54.0,54.0,RELLENO,,590,RELLENO ZARZAMORA PURATOS,,2023-07-24
MEGA PLAST,2023-07-25,,500.0,g,chips blanco alpezzi,64.0,128.0,CHOCOLATE,,591,CHIPS BLANCO ALPEZZI,,2023-07-24
MEGA PLAST,2023-07-25,,1.0,kg,Tegral Satin Creme ca ,51.0,51.0,HARINA,VAINILLA,592,TEGRAL SATIN CREME CA,,2023-07-24
REPOSTEARTE,2023-07-25,ND,1.0,pz,base 30 cm,13.0,13.0,BASES,,593,BASE 30 CM,,2023-07-24
REPOSTEARTE,2023-07-25,ND,1.0,paq,capacillos,30.0,30.0,CAPACILLOS,,594,CAPACILLOS,,2023-07-24
MEGA PLAST,2023-07-25,,1.0,kg,Tegral Satin Creme ca ,61.0,61.0,HARINA,CHOCOLATE,595,TEGRAL SATIN CREME CA,,2023-07-24
REPOSTEARTE,2023-07-25,ND,1.0,kg,Foundant,83.0,83.0,FONDANT,,596,FOUNDANT,,2023-07-24
REPOSTEARTE,2023-07-22,ND,2.0,kg,Foundant,166.0,83.0,FONDANT,,597,FOUNDANT,,2023-07-17
REPOSTEARTE,2023-07-22,ND,1.0,pz,base 32cm doble,15.0,15.0,BASES,,598,BASE 32CM DOBLE,,2023-07-17
REPOSTEARTE,2023-07-22,ND,1.0,pz,base 28cm,14.0,14.0,BASES,,599,BASE 28CM,,2023-07-17
REPOSTEARTE,2023-07-22,ND,1.0,pz,panera 16cm,45.0,45.0,EMPAQUE,,600,PANERA 16CM,,2023-07-17
MEGA PLAST,2023-07-20,,1.0,pz,relleno fresa frutifru,52.0,52.0,RELLENO,,601,RELLENO FRESA FRUTIFRU,,2023-07-17
MEGA PLAST,2023-07-20,,100.0,g,Confitier leche TURIN,23.0,230.0,CHOCOLATE,,602,CONFITIER LECHE TURIN,,2023-07-17
MEGA PLAST,2023-07-20,,100.0,g,cereza con rabo diana,22.0,220.0,DULCERIA,,603,CEREZA CON RABO DIANA,,2023-07-17
MEGA PLAST,2023-07-20,,1.0,pz,Crema para batir ambiante 1 lt,66.0,66.0,AMBIANTE,,604,CREMA PARA BATIR AMBIANTE 1 LT,,2023-07-17
REPOSTEARTE,2023-07-19,ND,2.0,pz,caja 6 cupcakes,36.0,18.0,EMPAQUE,,605,CAJA 6 CUPCAKES,,2023-07-17
MEGA PLAST,2023-07-19,,1.0,kg,Tegral Satin Creme ca ,51.0,51.0,HARINA,VAINILLA,606,TEGRAL SATIN CREME CA,,2023-07-17
REPOSTEARTE,2023-07-19,ND,1.0,pz,base 30 cm,12.0,12.0,BASES,,607,BASE 30 CM,,2023-07-17
REPOSTEARTE,2023-07-19,ND,1.0,pz,oblea arroz,45.0,45.0,TRANSFER,,608,OBLEA ARROZ,,2023-07-17
B. AURRERA,2023-07-18,,1.0,kg,chantilly dulce,69.0,69.0,CHANTILLY,,609,CHANTILLY DULCE,,2023-07-17
B. AURRERA,2023-07-18,,1.0,paq,huevo san juan,75.0,75.0,HUEVO,,610,HUEVO SAN JUAN,,2023-07-17
MEGA PLAST,2023-07-16,,500.0,g,Azucar glass de prime,25.0,50.0,AZUCAR,GLASS,611,AZUCAR GLASS DE PRIME,,2023-07-10
MEGA PLAST,2023-07-16,,1.0,pz,pelicula 150 ,45.0,45.0,OTROS,,612,PELICULA 150,,2023-07-10
MEGA PLAST,2023-07-16,,2.0,kg,Tegral Satin Red Velvet Puratos,130.0,65.0,HARINA,RED VELVET,613,TEGRAL SATIN RED VELVET PURATOS,,2023-07-10
MEGA PLAST,2023-07-16,,1.0,pz,Crema para batir ambiante 1 lt,66.0,66.0,AMBIANTE,,614,CREMA PARA BATIR AMBIANTE 1 LT,,2023-07-10
MEGA PLAST,2023-07-16,,1.0,pz,nutella grande 650 gr,99.0,99.0,RELLENO,,615,NUTELLA GRANDE 650 GR,,2023-07-10
MEGA PLAST,2023-07-16,,500.0,g,chips blanco alpezzi,64.0,128.0,CHOCOLATE,,616,CHIPS BLANCO ALPEZZI,,2023-07-10
MEGA PLAST,2023-07-16,,100.0,g,confitier amargo 70%,28.0,280.0,CHOCOLATE,,617,CONFITIER AMARGO 70%,,2023-07-10
MEGA PLAST,2023-07-16,,1.0,kg,Tegral Satin Creme ca ,61.0,61.0,HARINA,CHOCOLATE,618,TEGRAL SATIN CREME CA,,2023-07-10
REPOSTEARTE,2023-07-10,ND,2.0,kg,Foundant,166.0,83.0,FONDANT,,619,FOUNDANT,,2023-07-10
MEGA PLAST,2023-07-10,,1.0,pz,nutella grande 650 gr,99.0,99.0,RELLENO,,620,NUTELLA GRANDE 650 GR,,2023-07-10
MEGA PLAST,2023-07-10,,1.0,kg,chips chocolate semi,107.0,107.0,CHOCOLATE,,621,CHIPS CHOCOLATE SEMI,,2023-07-10
REPOSTEARTE,2023-07-10,ND,2.0,pz,base 28 cm,24.0,12.0,BASES,,622,BASE 28 CM,,2023-07-10
MEGA PLAST,2023-07-10,,1.0,pz,Crema para batir ambiante 1 lt,66.0,66.0,AMBIANTE,,623,CREMA PARA BATIR AMBIANTE 1 LT,,2023-07-10
MEGA PLAST,2023-07-10,,200.0,g,confitier blanco turin,50.0,250.0,CHOCOLATE,,624,CONFITIER BLANCO TURIN,,2023-07-10
MEGA PLAST,2023-07-10,,2.0,kg,Tegral Satin Creme ca ,102.0,51.0,HARINA,VAINILLA,625,TEGRAL SATIN CREME CA,,2023-07-10
REPOSTEARTE,2023-07-10,ND,2.0,pz,caja cupcakes 6,36.0,18.0,EMPAQUE,,626,CAJA CUPCAKES 6,,2023-07-10
REPOSTEARTE,2023-07-10,ND,1.0,pz,base 26 cm,10.0,10.0,BASES,,627,BASE 26 CM,,2023-07-10
REPOSTEARTE,2023-07-10,ND,4.0,pz,Transfer,180.0,45.0,TRANSFER,,628,TRANSFER,,2023-07-10
EL SOL FRIJOLERO,2023-07-10,,1.51,kg,huevo blanco tepa de linea,41.53,27.5033,HUEVO,,629,HUEVO BLANCO TEPA DE LINEA,,2023-07-10
B. AURRERA,2023-07-10,,2.0,pz,philadelphia qso,68.0,34.0,QUESO CREMA,,630,PHILADELPHIA QSO,,2023-07-10
B. AURRERA,2023-07-10,,1.0,paq,kiss rosa,48.5,48.5,CHOCOLATE,,631,KISS ROSA,,2023-07-10
B. AURRERA,2023-07-10,,2.0,kg,chantilly dulce,138.0,69.0,CHANTILLY,,632,CHANTILLY DULCE,,2023-07-10
MEGA PLAST,2023-07-10,,500.0,g,chips blanco alpezzi,64.0,128.0,CHOCOLATE,,633,CHIPS BLANCO ALPEZZI,,2023-07-10
REPOSTEARTE,2023-07-10,ND,1.0,pz,molde f 18,60.0,60.0,HERRAMIENTA,,634,MOLDE F 18,,2023-07-10
MEGA PLAST,2023-07-02,,2.0,pz,Queso philadelphia 190g,74.0,37.0,QUESO CREMA,,635,QUESO PHILADELPHIA 190G,,2023-06-26
REPOSTEARTE,2023-07-02,ND,1.0,kg,Foundant,166.0,166.0,FONDANT,,636,FOUNDANT,,2023-06-26
MEGA PLAST,2023-07-02,,1.0,kg,Tegral Satin Creme ca ,61.0,61.0,HARINA,CHOCOLATE,637,TEGRAL SATIN CREME CA,,2023-06-26
MEGA PLAST,2023-07-02,,1.0,kg,Tegral Satin Red Velvet Puratos,65.0,65.0,HARINA,RED VELVET,638,TEGRAL SATIN RED VELVET PURATOS,,2023-06-26
MEGA PLAST,2023-07-01,412380,1.0,kg,Tegral Satin Creme ca ,51.0,51.0,HARINA,VAINILLA,639,TEGRAL SATIN CREME CA,,2023-06-26
CRAVIOTO,2023-07-01,124816,16.0,pz,ferrero rocher t-16,106.98,6.6863,CHOCOLATE,,640,FERRERO ROCHER T-16,,2023-06-26
CRAVIOTO,2023-07-01,124816,20.0,pz,nestle carlos v stick 20 pz,38.57,1.9285,CHOCOLATE,,641,NESTLE CARLOS V STICK 20 PZ,,2023-06-26
GASOLINERIA,2023-06-30,ND,10.0,lts,gasolina (aprox),220.0,22.0,COMBUSTIBLE,,642,GASOLINA (APROX),,2023-06-26
B. AURRERA,2023-06-17,,1.0,paq,chantilly dulce,69.0,69.0,CHANTILLY,,643,CHANTILLY DULCE,,2023-06-12
REPOSTEARTE,2023-06-10,ND,2.0,pz,entrepisos,28.0,14.0,BASES,,644,ENTREPISOS,,2023-06-05
REPOSTEARTE,2023-06-10,ND,1.0,kg,Foundant,83.0,83.0,FONDANT,,645,FOUNDANT,,2023-06-05
REPOSTEARTE,2023-06-10,ND,2.0,pz,caja con 12 cavidades,52.0,26.0,EMPAQUE,,646,CAJA CON 12 CAVIDADES,,2023-06-05
B. AURRERA,2023-06-09,,1.0,paq,kisses rojo,50.0,50.0,CHOCOLATE,,647,KISSES ROJO,,2023-06-05
REPOSTEARTE,2023-05-30,ND,2.0,pz,base 26 cm,20.0,10.0,BASES,,648,BASE 26 CM,,2023-05-29
ESTRELLA,2023-05-30,,100.0,g,ilegible (glatea),7.0,70.0,OTROS,,649,ILEGIBLE (GLATEA),,2023-05-29
ESTRELLA,2023-05-30,,2.0,pz,molde,60.0,30.0,HERRAMIENTA,,650,MOLDE,,2023-05-29
MEGA PLAST,2023-05-28,406780,1.0,pz,mantequilla gloria 22,58.0,58.0,MANTEQUILLA,,651,MANTEQUILLA GLORIA 22,,2023-05-22
MEGA PLAST,2023-05-28,406780,2.0,kg,Tegral Satin Creme ca ,102.0,51.0,HARINA,VAINILLA,652,TEGRAL SATIN CREME CA,,2023-05-22
MEGA PLAST,2023-05-28,406780,1.0,pz,Crema para batir ambiante 1 lt,65.0,65.0,AMBIANTE,,653,CREMA PARA BATIR AMBIANTE 1 LT,,2023-05-22
REPOSTEARTE,2023-05-28,ND,2.0,kg,Foundant,166.0,83.0,FONDANT,,654,FOUNDANT,,2023-05-22
MEGA PLAST,2023-05-28,406780,500.0,g,chips blanco alpezzi,75.0,150.0,CHOCOLATE,,655,CHIPS BLANCO ALPEZZI,,2023-05-22
MEGA PLAST,2023-05-28,406780,1.0,kg,chips chocolate semi,97.0,97.0,CHOCOLATE,,656,CHIPS CHOCOLATE SEMI,,2023-05-22
MEGA PLAST,2023-05-28,406780,100.0,g,Confitier semiamargo TURIN,22.0,220.0,CHOCOLATE,,657,CONFITIER SEMIAMARGO TURIN,,2023-05-22
MEGA PLAST,2023-05-28,406780,1.0,pz,nutella grande 650 gr,99.0,99.0,RELLENO,,658,NUTELLA GRANDE 650 GR,,2023-05-22
MEGA PLAST,2023-05-28,406780,100.0,g,chips rojo alpezzi c/,15.0,150.0,CHOCOLATE,,659,CHIPS ROJO ALPEZZI C/,,2023-05-22
REPOSTEARTE,2023-05-28,ND,1.0,pz,base 36 doble,50.0,50.0,BASES,,660,BASE 36 DOBLE,,2023-05-22
FSM Paseos del Bosque,2023-05-27,,2.0,pz,guante esteril-par (latex),30.0,15.0,CONSUMIBLES,,661,GUANTE ESTERIL-PAR (LATEX),,2023-05-22
FSM Paseos del Bosque,2023-05-27,,2.0,pz,cubreboca tricapa negro y de ,10.0,5.0,CONSUMIBLES,,662,CUBREBOCA TRICAPA NEGRO Y DE,,2023-05-22
FSM Paseos del Bosque,2023-05-27,,2.0,pz,cofia,6.0,3.0,CONSUMIBLES,,663,COFIA,,2023-05-22
B. AURRERA,2023-05-26,,1.0,pz,Queso philadelphia 190g,36.5,36.5,QUESO CREMA,,664,QUESO PHILADELPHIA 190G,,2023-05-22
GASOLINERIA,2023-05-26,,20.0,lts,gasolina,419.8,20.99,COMBUSTIBLE,,665,GASOLINA,,2023-05-22
B. AURRERA,2023-05-26,,1.0,paq,chocolate,49.0,49.0,CHOCOLATE,,666,CHOCOLATE,,2023-05-22
B. AURRERA,2023-05-26,,1.0,paq,kisses leche,77.0,77.0,CHOCOLATE,,667,KISSES LECHE,,2023-05-22
GASOLINERIA,2023-05-26,,10.0,lts,gas LP,90.2,9.02,COMBUSTIBLE,,668,GAS LP,,2023-05-22
B. AURRERA,2023-05-26,,1.0,kg,chantilly dulce,69.0,69.0,CHANTILLY,,669,CHANTILLY DULCE,,2023-05-22
CRAVIOTO,2023-05-24,15631,16.0,pz,ferrero rocher ,106.98,6.6863,CHOCOLATE,,670,FERRERO ROCHER,,2023-05-22
MEGA PLAST,2023-05-23,406026,1.0,kg,Tegral Satin Red Velvet Puratos,65.0,65.0,HARINA,RED VELVET,671,TEGRAL SATIN RED VELVET PURATOS,,2023-05-22
MEGA PLAST,2023-05-23,406026,1.0,pz,ferrero,15.0,15.0,CHOCOLATE,,672,FERRERO,,2023-05-22
REPOSTEARTE,2023-05-18,ND,1.0,pz,base 26 cm,10.0,10.0,BASES,,673,BASE 26 CM,,2023-05-15
REPOSTEARTE,2023-05-18,ND,1.0,pz,Transfer,45.0,45.0,TRANSFER,,674,TRANSFER,,2023-05-15
EL SOL FRIJOLERO,2023-05-07,,2.02,kg,huevo blanco tepa de linea,80.8,40.0,HUEVO,,675,HUEVO BLANCO TEPA DE LINEA,,2023-05-01
REPOSTEARTE,2023-05-07,ND,1.0,pz,pegamento de fondant,65.0,65.0,DECORACION,,676,PEGAMENTO DE FONDANT,,2023-05-01
MEGA PLAST,2023-05-07,403331,1.0,kg,Tegral Satin Creme ca ,61.0,61.0,HARINA,CHOCOLATE,677,TEGRAL SATIN CREME CA,,2023-05-01
MEGA PLAST,2023-05-07,403329,1.0,pz,Royal Icing Enco,75.0,75.0,ROYALICING,,678,ROYAL ICING ENCO,,2023-05-01
GASOLINERIA,2023-05-05,,10.0,lts,gasolina,217.0,21.7,COMBUSTIBLE,,679,GASOLINA,,2023-05-01
MEGA PLAST,2023-05-02,402490,1.0,pz,Crema para batir ambiante 1 lt,66.0,66.0,AMBIANTE,,680,CREMA PARA BATIR AMBIANTE 1 LT,,2023-05-01
MEGA PLAST,2023-05-02,402490,100.0,g,Confitier semiamargo TURIN,22.0,220.0,CHOCOLATE,,681,CONFITIER SEMIAMARGO TURIN,,2023-05-01
MEGA PLAST,2023-05-02,402490,1.0,kg,Tegral Satin Creme ca ,65.0,65.0,HARINA,CHOCOLATE,682,TEGRAL SATIN CREME CA,,2023-05-01
MEGA PLAST,2023-05-02,402490,1.0,pz,nutella grande 650 gr,99.0,99.0,RELLENO,,683,NUTELLA GRANDE 650 GR,,2023-05-01
MEGA PLAST,2023-05-02,402490,100.0,g,confitier blanco turin,25.0,250.0,CHOCOLATE,,684,CONFITIER BLANCO TURIN,,2023-05-01
EL SOL FRIJOLERO,2023-05-02,402490,1.0,paq,huevo,73.0,73.0,HUEVO,,685,HUEVO,,2023-05-01
MEGA PLAST,2023-05-02,402490,1.0,kg,chips blanco alpezzi,119.0,119.0,CHOCOLATE,,686,CHIPS BLANCO ALPEZZI,,2023-05-01
MEGA PLAST,2023-05-02,402490,1.0,kg,Tegral Satin Creme ca ,61.0,61.0,HARINA,CHOCOLATE,687,TEGRAL SATIN CREME CA,,2023-05-01
REPOSTEARTE,2023-05-01,ND,1.0,kg,Foundant,83.0,83.0,FONDANT,,688,FOUNDANT,,2023-05-01
REPOSTEARTE,2023-05-01,ND,1.0,pz,base 30 cm,12.0,12.0,BASES,,689,BASE 30 CM,,2023-05-01
REPOSTEARTE,2023-05-01,ND,1.0,pz,molde f#18,60.0,60.0,HERRAMIENTA,,690,MOLDE F#18,,2023-05-01
REPOSTEARTE,2023-05-01,ND,100.0,g,perlitas,35.0,350.0,DECORACION,,691,PERLITAS,,2023-05-01
REPOSTEARTE,2023-05-01,ND,1.0,pz,base 28cm,12.0,12.0,BASES,,692,BASE 28CM,,2023-05-01
REPOSTEARTE,2023-05-01,ND,2.0,pz,oblea arroz,90.0,45.0,TRANSFER,,693,OBLEA ARROZ,,2023-05-01
B. AURRERA,2023-04-28,,1.0,kg,chantilly dulce,69.0,69.0,CHANTILLY,,694,CHANTILLY DULCE,,2023-04-24
GASOLINERIA,2023-04-25,,10.0,lts,gasolina,215.19,21.519,COMBUSTIBLE,,695,GASOLINA,,2023-04-24
MARNOU,2023-04-24,,1.57,kg,huevo blanco tepa kilo,69.08,44.0,HUEVO,,696,HUEVO BLANCO TEPA KILO,,2023-04-24
MEGA PLAST,2023-04-24,401187,1.0,pz,Queso philadelphia 190g,35.0,35.0,QUESO CREMA,,697,QUESO PHILADELPHIA 190G,,2023-04-24
MEGA PLAST,2023-04-24,401187,1.0,pz,Crema para batir ambiante 1 lt,66.0,66.0,AMBIANTE,,698,CREMA PARA BATIR AMBIANTE 1 LT,,2023-04-24
MEGA PLAST,2023-04-21,400667,200.0,g,Confitier semiamargo TURIN,44.0,220.0,CHOCOLATE,,699,CONFITIER SEMIAMARGO TURIN,,2023-04-17
MEGA PLAST,2023-04-21,400667,200.0,g,Confitier leche TURIN,46.0,230.0,CHOCOLATE,,700,CONFITIER LECHE TURIN,,2023-04-17
MEGA PLAST,2023-04-21,400667,1.0,kg,chips chocolate semi,97.0,97.0,CHOCOLATE,,701,CHIPS CHOCOLATE SEMI,,2023-04-17
MEGA PLAST,2023-04-21,400667,1.0,kg,Tegral Satin Creme ca ,51.0,51.0,HARINA,VAINILLA,702,TEGRAL SATIN CREME CA,,2023-04-17
MEGA PLAST,2023-04-21,400667,100.0,g,cereza con rabo diana,22.0,220.0,DULCERIA,,703,CEREZA CON RABO DIANA,,2023-04-17
MEGA PLAST,2023-04-21,400667,1.0,pz,domo df12a 34cm wow,20.0,20.0,EMPAQUE,,704,DOMO DF12A 34CM WOW,,2023-04-17
B. AURRERA,2023-04-18,,1.0,pz,de abeja,28.0,28.0,OTROS,,705,DE ABEJA,,2023-04-17
B. AURRERA,2023-04-18,,1.0,pz,marg245gr,30.0,30.0,MANTEQUILLA,,706,MARG245GR,,2023-04-17
B. AURRERA,2023-04-18,,1.0,kg,harina,27.5,27.5,HARINA,TRIGO,707,HARINA,,2023-04-17
B. AURRERA,2023-04-18,,1.0,pz,nuez,58.0,58.0,RELLENO,,708,NUEZ,,2023-04-17
B. AURRERA,2023-04-18,,1.0,kg,zulka glass,15.0,15.0,AZUCAR,GLASS,709,ZULKA GLASS,,2023-04-17
B. AURRERA,2023-04-18,,1.0,kg,san juan hvo,85.0,85.0,HUEVO,,710,SAN JUAN HVO,,2023-04-17
B. AURRERA,2023-04-17,,1.0,kg,chantilly dulce,69.0,69.0,CHANTILLY,,711,CHANTILLY DULCE,,2023-04-17
MARNOU,2023-04-06,,1.94,kg,huevo blanco los altos kilo,85.36,44.0,HUEVO,,712,HUEVO BLANCO LOS ALTOS KILO,,2023-04-03
REPOSTEARTE,2023-04-06,ND,1.0,kg,Foundant,83.0,83.0,FONDANT,,713,FOUNDANT,,2023-04-03
REPOSTEARTE,2023-04-02,ND,1.0,pz,base 30 cm,13.0,13.0,BASES,,714,BASE 30 CM,,2023-03-27
REPOSTEARTE,2023-04-02,ND,1.0,pz,base 36cm doble,50.0,50.0,BASES,,715,BASE 36CM DOBLE,,2023-03-27
REPOSTEARTE,2023-04-02,ND,1.0,pz,base 28 cm,12.0,12.0,BASES,,716,BASE 28 CM,,2023-03-27
REPOSTEARTE,2023-04-02,ND,1.0,pz,base 26 cm,11.0,11.0,BASES,,717,BASE 26 CM,,2023-03-27
REPOSTEARTE,2023-04-02,ND,2.0,kg,Foundant,166.0,83.0,FONDANT,,718,FOUNDANT,,2023-03-27
REPOSTEARTE,2023-04-02,ND,1.0,pz,raspa,45.0,45.0,HERRAMIENTA,,719,RASPA,,2023-03-27
REPOSTEARTE,2023-04-02,ND,1.0,pz,matizador,65.0,65.0,DECORACION,,720,MATIZADOR,,2023-03-27
REPOSTEARTE,2023-04-01,ND,1.0,pz,base 30 cm,12.0,12.0,BASES,,721,BASE 30 CM,,2023-03-27
REPOSTEARTE,2023-04-01,ND,1.0,pz,base 28,12.0,12.0,BASES,,722,BASE 28,,2023-03-27
MEGA PLAST,2023-03-30,397213,200.0,g,chips chocolate semi,30.0,150.0,CHOCOLATE,,723,CHIPS CHOCOLATE SEMI,,2023-03-27
MEGA PLAST,2023-03-30,397213,1.0,kg,Tegral Satin Creme ca ,61.0,61.0,HARINA,CHOCOLATE,724,TEGRAL SATIN CREME CA,,2023-03-27
MEGA PLAST,2023-03-30,397213,1.0,kg,Tegral Satin Creme ca ,51.0,51.0,HARINA,VAINILLA,725,TEGRAL SATIN CREME CA,,2023-03-27
MEGA PLAST,2023-03-30,397213,1.0,pz,Nutella chica 350 grs,65.0,65.0,RELLENO,,726,NUTELLA CHICA 350 GRS,,2023-03-27
MEGA PLAST,2023-03-30,397213,100.0,g,Confitier semiamargo TURIN,22.0,220.0,CHOCOLATE,,727,CONFITIER SEMIAMARGO TURIN,,2023-03-27
MEGA PLAST,2023-03-30,397213,1.0,pz,Crema para batir ambiante 1 lt,66.0,66.0,AMBIANTE,,728,CREMA PARA BATIR AMBIANTE 1 LT,,2023-03-27
MEGA PLAST,2023-03-30,397213,1.0,kg,lechera suelta,62.0,62.0,LECHERA,,729,LECHERA SUELTA,,2023-03-27
MEGA PLAST,2023-03-30,397213,200.0,g,Confitier leche TURIN,46.0,230.0,CHOCOLATE,,730,CONFITIER LECHE TURIN,,2023-03-27
MEGA PLAST,2023-03-28,396940,1.0,kg,Harina piña colada espiga mix,33.0,33.0,HARINA,PIÑA COLADA,731,HARINA PINA COLADA ESPIGA MIX,,2023-03-27
MEGA PLAST,2023-03-28,396940,1.0,pz,relleno coco,35.0,35.0,RELLENO,,732,RELLENO COCO,,2023-03-27
MEGA PLAST,2023-03-28,396940,200.0,g,chips chocolate semi,30.0,150.0,CHOCOLATE,,733,CHIPS CHOCOLATE SEMI,,2023-03-27
MEGA PLAST,2023-03-28,396940,1.0,kg,Tegral Satin Creme ca ,61.0,61.0,HARINA,CHOCOLATE,734,TEGRAL SATIN CREME CA,,2023-03-27
MEGA PLAST,2023-03-28,396940,1.0,pz,Royal Icing Deiman 50,50.0,50.0,ROYALICING,,735,ROYAL ICING DEIMAN 50,,2023-03-27
MEGA PLAST,2023-03-28,396944,1.0,kg,Easy pastel tres leches,53.0,53.0,HARINA,VAINILLA,736,EASY PASTEL TRES LECHES,,2023-03-27
MEGA PLAST,2023-03-28,396940,300.0,g,chips chocolate con l,45.0,150.0,CHOCOLATE,,737,CHIPS CHOCOLATE CON L,,2023-03-27
REPOSTEARTE,2023-03-28,ND,1.0,kg,Foundant,93.0,93.0,FONDANT,,738,FOUNDANT,,2023-03-27
REPOSTEARTE,2023-03-28,ND,2.0,pz,caja con 12 cavidades,52.0,26.0,EMPAQUE,,739,CAJA CON 12 CAVIDADES,,2023-03-27
MEGA PLAST,2023-03-28,396940,200.0,g,chips blanco alpezzi,30.0,150.0,CHOCOLATE,,740,CHIPS BLANCO ALPEZZI,,2023-03-27
REPOSTEARTE,2023-03-28,ND,1.0,pz,base,12.0,12.0,BASES,,741,BASE,,2023-03-27
CASETA,2023-03-25,00767864,1.0,tick,peaje,37.0,37.0,CASETAS,,742,PEAJE,,2023-03-20
CASETA,2023-03-25,00225978,1.0,tick,peaje,37.0,37.0,CASETAS,,743,PEAJE,,2023-03-20
MEGA PLAST,2023-03-24,396315,200.0,g,chips chocolate con l,30.0,150.0,CHOCOLATE,,744,CHIPS CHOCOLATE CON L,,2023-03-20
MEGA PLAST,2023-03-24,396315,1.0,pz,Crema para batir ambiante 1 lt,66.0,66.0,AMBIANTE,,745,CREMA PARA BATIR AMBIANTE 1 LT,,2023-03-20
MEGA PLAST,2023-03-24,396315,100.0,g,chips chocolate semi,15.0,150.0,CHOCOLATE,,746,CHIPS CHOCOLATE SEMI,,2023-03-20
GASOLINERIA,2023-03-24,2758991,20.0,lts,gasolina,429.8,21.49,COMBUSTIBLE,,747,GASOLINA,,2023-03-20
CRAVIOTO,2023-03-21,106787,1.0,paq,inix contenedor mantecadas 25 pz,179.32,179.32,EMPAQUE,,748,INIX CONTENEDOR MANTECADAS 25 PZ,,2023-03-20
CRAVIOTO,2023-03-21,106787,1.0,paq,alegria capacillo velitas cumpl 100 pz,39.15,39.15,CAPACILLOS,,749,ALEGRIA CAPACILLO VELITAS CUMPL 100 PZ,,2023-03-20
CRAVIOTO,2023-03-21,106787,1.0,pz,yahel platano 500gr,43.75,43.75,NO DEFINIDO,,750,YAHEL PLATANO 500GR,,2023-03-20
EL SOL FRIJOLERO,2023-03-18,161232,1.89,kg,huevo blanco tepa de linea,77.49,41.0,HUEVO,,751,HUEVO BLANCO TEPA DE LINEA,,2023-03-13
MEGA PLAST,2023-03-18,395403,1.0,pz,Crema para batir ambiante 1 lt,66.0,66.0,AMBIANTE,,752,CREMA PARA BATIR AMBIANTE 1 LT,,2023-03-13
MEGA PLAST,2023-03-18,395403,500.0,g,chips chocolate semi,75.0,150.0,CHOCOLATE,,753,CHIPS CHOCOLATE SEMI,,2023-03-13
MEGA PLAST,2023-03-18,395403,100.0,g,chips chocolate con l,15.0,150.0,CHOCOLATE,,754,CHIPS CHOCOLATE CON L,,2023-03-13
MEGA PLAST,2023-03-18,395403,1.0,pz,Nutella chica 350 grs,65.0,65.0,RELLENO,,755,NUTELLA CHICA 350 GRS,,2023-03-13
MEGA PLAST,2023-03-18,395403,100.0,g,Confitier semiamargo TURIN,22.0,220.0,CHOCOLATE,,756,CONFITIER SEMIAMARGO TURIN,,2023-03-13
MEGA PLAST,2023-03-18,395403,1.0,kg,Tegral Satin Creme ca ,61.0,61.0,HARINA,CHOCOLATE,757,TEGRAL SATIN CREME CA,,2023-03-13
MEGA PLAST,2023-03-18,395403,100.0,g,cereza con rabo diana,22.0,220.0,DULCERIA,,758,CEREZA CON RABO DIANA,,2023-03-13
MEGA PLAST,2023-03-17,395160,300.0,g,chips rojo alpezzi c/,45.0,150.0,CHOCOLATE,,759,CHIPS ROJO ALPEZZI C/,,2023-03-13
B. AURRERA,2023-03-17,309210775492714844021,1.0,pz,espatulas,41.0,41.0,HERRAMIENTA,,760,ESPATULAS,,2023-03-13
B. AURRERA,2023-03-17,309210775492714844021,1.0,bot,wyborowa,149.0,149.0,LICORES,,761,WYBOROWA,,2023-03-13
B. AURRERA,2023-03-17,309210775492714844021,1.0,pz,chantilli dull,61.0,61.0,CHANTILLY,,762,CHANTILLI DULL,,2023-03-13
B. AURRERA,2023-03-17,309210775492714844021,1.0,paq,Carlos V stk,51.0,51.0,CHOCOLATE,,763,CARLOS V STK,,2023-03-13
B. AURRERA,2023-03-17,309210775492714844021,1.0,paq,santa clar,129.0,129.0,OTROS,,764,SANTA CLAR,,2023-03-13
MEGA PLAST,2023-03-15,394830,500.0,g,crema cacahuate suelta,34.0,68.0,OTROS,,765,CREMA CACAHUATE SUELTA,,2023-03-13
MEGA PLAST,2023-03-15,394830,3.0,kg,Tegral Satin Creme ca ,153.0,51.0,HARINA,VAINILLA,766,TEGRAL SATIN CREME CA,,2023-03-13
MEGA PLAST,2023-03-15,394830,1.0,kg,Easy pastel tres leches,65.0,65.0,HARINA,CHOCOLATE,767,EASY PASTEL TRES LECHES,,2023-03-13
MEGA PLAST,2023-03-15,394830,1.0,kg,queso crema suelto,155.0,155.0,QUESO CREMA,,768,QUESO CREMA SUELTO,,2023-03-13
MEGA PLAST,2023-03-15,394830,200.0,g,chips chocolate con l,30.0,150.0,CHOCOLATE,,769,CHIPS CHOCOLATE CON L,,2023-03-13
MEGA PLAST,2023-03-15,394830,100.0,g,Confitier leche TURIN,23.0,230.0,CHOCOLATE,,770,CONFITIER LECHE TURIN,,2023-03-13
MEGA PLAST,2023-03-15,394830,1.0,pz,Nutella chica 350 grs,65.0,65.0,RELLENO,,771,NUTELLA CHICA 350 GRS,,2023-03-13
MEGA PLAST,2023-03-15,394830,2.0,pz,domo 1/4 plancha,50.0,25.0,EMPAQUE,,772,DOMO 1/4 PLANCHA,,2023-03-13
MEGA PLAST,2023-03-15,394830,2.0,pz,Domo mantecada 12 cavidades,32.0,16.0,EMPAQUE,,773,DOMO MANTECADA 12 CAVIDADES,,2023-03-13
EL SOL FRIJOLERO,2023-03-15,160414,1.99,kg,huevo blanco tepa de linea,79.6,40.0,HUEVO,,774,HUEVO BLANCO TEPA DE LINEA,,2023-03-13
B. AURRERA,2023-03-15,179493469041958053181,1.0,pz,AC AU800,37.0,37.0,ACEITE,,775,AC AU800,,2023-03-13
B. AURRERA,2023-03-15,179493469041958053181,1.0,pz,iberia 90,15.0,15.0,MANTEQUILLA,,776,IBERIA 90,,2023-03-13
B. AURRERA,2023-03-15,179493469041958053181,1.0,pz,gloria man,63.0,63.0,MANTEQUILLA,,777,GLORIA MAN,,2023-03-13
MEGA PLAST,2023-03-15,394830,1.0,pz,Relleno durazno puratos,62.0,62.0,RELLENO,,778,RELLENO DURAZNO PURATOS,,2023-03-13
REPOSTEARTE,2023-03-10,ND,1.0,pz,pincel,10.0,10.0,HERRAMIENTA,,779,PINCEL,,2023-03-06
REPOSTEARTE,2023-03-10,ND,1.0,pz,ilegible (roods),37.5,37.5,OTROS,,780,ILEGIBLE (ROODS),,2023-03-06
REPOSTEARTE,2023-03-10,ND,100.0,g,perlas,35.0,350.0,DECORACION,,781,PERLAS,,2023-03-06
REPOSTEARTE,2023-03-10,ND,2.0,pz,caja cupcakes 12,44.0,22.0,EMPAQUE,,782,CAJA CUPCAKES 12,,2023-03-06
CRAVIOTO,2023-03-09,95774,1.0,pz,molde para chocolate,19.72,19.72,HERRAMIENTA,,783,MOLDE PARA CHOCOLATE,,2023-03-06
CRAVIOTO,2023-03-09,95774,1.0,paq,ferrero rocher T-16,106.98,106.98,CHOCOLATE,,784,FERRERO ROCHER T-16,,2023-03-06
CRAVIOTO,2023-03-09,95774,1.0,paq,capacillo No. 72 decorado 25 pz,24.29,24.29,CAPACILLOS,,785,CAPACILLO NO. 72 DECORADO 25 PZ,,2023-03-06
CRAVIOTO,2023-03-09,95774,1.0,paq,kisses leche choc bl 807 gr,187.08,187.08,CHOCOLATE,,786,KISSES LECHE CHOC BL 807 GR,,2023-03-06
CRAVIOTO,2023-03-09,95774,1.0,pz,manga n.12,23.92,23.92,CONSUMIBLES,,787,MANGA N.12,,2023-03-06
CRAVIOTO,2023-03-09,95774,1.0,pz,puratos fruitfil fresa 1 kg,54.72,54.72,RELLENO,,788,PURATOS FRUITFIL FRESA 1 KG,,2023-03-06
CRAVIOTO,2023-03-09,95774,3.0,paq,capacillo no. 4 decorado 50 pz,38.97,12.99,CAPACILLOS,,789,CAPACILLO NO. 4 DECORADO 50 PZ,,2023-03-06
REPOSTEARTE,2023-03-01,ND,1.0,pz,brillo estrella,100.0,100.0,DECORACION,,790,BRILLO ESTRELLA,,2023-02-27
REPOSTEARTE,2023-03-01,ND,1.0,pz,Transfer,90.0,90.0,TRANSFER,,791,TRANSFER,,2023-02-27
REPOSTEARTE,2023-03-01,ND,1.0,pz,base 36cm doble,50.0,50.0,BASES,,792,BASE 36CM DOBLE,,2023-02-27
REPOSTEARTE,2023-03-01,ND,2.0,pz,base 30 cm,24.0,12.0,BASES,,794,BASE 30 CM,,2023-02-27
REPOSTEARTE,2023-03-01,ND,50.0,g,perlas,18.0,360.0,DECORACION,,795,PERLAS,,2023-02-27
REPOSTEARTE,2023-03-01,ND,1.0,pz,extrude,140.0,140.0,OTROS,,796,EXTRUDE,,2023-02-27
REPOSTEARTE,2023-03-01,ND,1.0,kg,Foundant,83.0,83.0,FONDANT,,797,FOUNDANT,,2023-02-27
REPOSTEARTE,2023-03-01,ND,1.0,pz,alambre,55.0,55.0,OTROS,,798,ALAMBRE,,2023-02-27
B. AURRERA,2023-02-27,1594043854020650408395,1.0,pz,Philly Qso,76.0,76.0,QUESO CREMA,,800,PHILLY QSO,,2023-02-27
MEGA PLAST,2023-02-27,392248,1.0,kg,Easy pastel tres leches,65.0,65.0,HARINA,CHOCOLATE,801,EASY PASTEL TRES LECHES,,2023-02-27
REPOSTEARTE,2023-02-27,ND,1.0,pz,oblea arroz,45.0,45.0,TRANSFER,,802,OBLEA ARROZ,,2023-02-27
REPOSTEARTE,2023-02-27,ND,1.0,pz,base doble 32 cm,38.0,38.0,BASES,,803,BASE DOBLE 32 CM,,2023-02-27
B. AURRERA,2023-02-27,1594043854020650408395,1.0,paq,au huevo 1,47.0,47.0,HUEVO,,804,AU HUEVO 1,,2023-02-27
B. AURRERA,2023-02-27,1594043854020650408395,1.0,paq,pro 2 pack,20.0,20.0,OTROS,,805,PRO 2 PACK,,2023-02-27
B. AURRERA,2023-02-27,1594043854020650408395,1.0,paq,chantilli dull,61.0,61.0,CHANTILLY,,806,CHANTILLI DULL,,2023-02-27
B. AURRERA,2023-02-27,1594043854020650408395,1.0,pz,nido f 120,24.0,24.0,LECHE EN POLVO,,807,NIDO F 120,,2023-02-27
B. AURRERA,2023-02-27,1594043854020650408395,1.0,kg,harina tri,20.0,20.0,HARINA,TRIGO,808,HARINA TRI,,2023-02-27
MEGA PLAST,2023-02-27,392248,100.0,g,granillo turin blanco,24.0,240.0,CHOCOLATE,,809,GRANILLO TURIN BLANCO,,2023-02-27
B. AURRERA,2023-02-27,1594043854020650408395,2.0,pz,aceite aurrera 800,74.0,37.0,ACEITE,,810,ACEITE AURRERA 800,,2023-02-27
B. AURRERA,2023-02-20,2312240358444714849061,2.0,paq,AC AU800,74.0,37.0,ACEITE,,811,AC AU800,,2023-02-20
B. AURRERA,2023-02-20,24712137666906735280,2.0,paq,gloria man,47.0,23.5,MANTEQUILLA,,812,GLORIA MAN,,2023-02-20
B. AURRERA,2023-02-20,24712137666906735280,1.0,paq,oreo 273.6,22.5,22.5,GALLETAS,,813,OREO 273.6,,2023-02-20
B. AURRERA,2023-02-20,24712137666906735280,1.0,kg,harina tri,20.0,20.0,HARINA,TRIGO,814,HARINA TRI,,2023-02-20
MEGA PLAST,2023-02-18,390737,1.0,Kg,Tegral Satin Red Velvet Puratos,65.0,65.0,HARINA,RED VELVET,815,TEGRAL SATIN RED VELVET PURATOS,,2023-02-13
MEGA PLAST,2023-02-18,390737,1.0,Kg,Tegral Satin Creme ca ,51.0,51.0,HARINA,VAINILLA,816,TEGRAL SATIN CREME CA,,2023-02-13
MEGA PLAST,2023-02-18,390737,2.0,pz,Domo mantecada 12 cavidades,32.0,16.0,EMPAQUE,,817,DOMO MANTECADA 12 CAVIDADES,,2023-02-13
MEGA PLAST,2023-02-18,390737,100.0,g,Granillo Turin Semi amargo,22.0,220.0,CHOCOLATE,,818,GRANILLO TURIN SEMI AMARGO,,2023-02-13
MEGA PLAST,2023-02-18,390737,100.0,g,granillo turin leche,24.0,240.0,CHOCOLATE,,819,GRANILLO TURIN LECHE,,2023-02-13
MEGA PLAST,2023-02-18,390737,100.0,g,chips chocolate semi,15.0,150.0,CHOCOLATE,,820,CHIPS CHOCOLATE SEMI,,2023-02-13
MEGA PLAST,2023-02-18,390737,200.0,g,chips rojo alpezzi c/,30.0,150.0,CHOCOLATE,,821,CHIPS ROJO ALPEZZI C/,,2023-02-13
MEGA PLAST,2023-02-18,390737,1.0,pz,Queso philadelphia 190g,35.0,35.0,QUESO CREMA,,822,QUESO PHILADELPHIA 190G,,2023-02-13
MEGA PLAST,2023-02-18,390737,1.0,Kg,Easy pastel tres leches,65.0,65.0,HARINA,CHOCOLATE,823,EASY PASTEL TRES LECHES,,2023-02-13
B. AURRERA,2023-02-17,,1.0,kg,chantilly dulce,61.0,61.0,CHANTILLY,,824,CHANTILLY DULCE,,2023-02-13
MEGA PLAST,2023-02-13,389781,300.0,g,chips chocolate con l,45.0,150.0,CHOCOLATE,,825,CHIPS CHOCOLATE CON L,,2023-02-13
OXXO,2023-02-13,2258598,2.0,pz,huevo blanco pz,6.0,3.0,HUEVO,,826,HUEVO BLANCO PZ,,2023-02-13
MEGA PLAST,2023-02-13,389781,1.0,pz,Nutella chica 350 grs,65.0,65.0,RELLENO,,827,NUTELLA CHICA 350 GRS,,2023-02-13
MEGA PLAST,2023-02-13,389781,1.0,Kg,Tegral Satin Creme ca ,51.0,51.0,HARINA,VAINILLA,828,TEGRAL SATIN CREME CA,,2023-02-13
MEGA PLAST,2023-02-13,389781,1.0,pz,relleno zarzamora puratos,52.0,52.0,RELLENO,,829,RELLENO ZARZAMORA PURATOS,,2023-02-13
B. AURRERA,2023-02-12,410152718666906767210,1.0,paq,oreo econopack,35.0,35.0,GALLETAS,,830,OREO ECONOPACK,,2023-02-06
B. AURRERA,2023-02-12,410152718666906767210,1.0,paq,chantilli dull,61.0,61.0,CHANTILLY,,831,CHANTILLI DULL,,2023-02-06
B. AURRERA,2023-02-12,410152718666906767210,1.0,pz,oreo 273.6,22.5,22.5,GALLETAS,,832,OREO 273.6,,2023-02-06
OXXO,2023-02-11,2257507,1.0,paq,qsocremaphilade 200g,39.5,39.5,QUESO CREMA,,833,QSOCREMAPHILADE 200G,,2023-02-06
REPOSTEARTE,2023-02-08,ND,1.0,pz,base 28,11.5,11.5,BASES,,834,BASE 28,,2023-02-06
CRAVIOTO,2023-02-08,14517,1.0,paq,dlr malv c/chocolate 32 pz,61.67,61.67,CHOCOLATE,,835,DLR MALV C/CHOCOLATE 32 PZ,,2023-02-06
REPOSTEARTE,2023-02-08,ND,1.0,kg,Foundant,83.0,83.0,FONDANT,,836,FOUNDANT,,2023-02-06
CRAVIOTO,2023-02-08,14517,2.0,paq,alegria capacillo morado 100 pz,75.16,37.58,CAPACILLOS,,837,ALEGRIA CAPACILLO MORADO 100 PZ,,2023-02-06
CRAVIOTO,2023-02-08,14517,1.0,pz,inix contenedor ham trans 14x14 25 pz,66.6,66.6,EMPAQUE,,838,INIX CONTENEDOR HAM TRANS 14X14 25 PZ,,2023-02-06
REPOSTEARTE,2023-02-08,ND,2.0,pz,caja 12 cupcakes,44.0,22.0,EMPAQUE,,839,CAJA 12 CUPCAKES,,2023-02-06
CRAVIOTO,2023-02-08,14517,1.0,paq,dlr malv c/chocolate 50 pz,53.99,53.99,CHOCOLATE,,840,DLR MALV C/CHOCOLATE 50 PZ,,2023-02-06
CRAVIOTO,2023-02-08,14517,3.0,paq,capacillo no. 4 decorado 50 pz,38.97,12.99,CAPACILLOS,,841,CAPACILLO NO. 4 DECORADO 50 PZ,,2023-02-06
CRAVIOTO,2023-02-08,14517,2.0,paq,capacillo no. 69 decorado 40 pz,24.08,12.04,CAPACILLOS,,842,CAPACILLO NO. 69 DECORADO 40 PZ,,2023-02-06
CRAVIOTO,2023-02-08,14517,1.0,pz,celofan 6x25 100 pz,22.91,22.91,CONSUMIBLES,,843,CELOFAN 6X25 100 PZ,,2023-02-06
CRAVIOTO,2023-02-08,14517,1.0,pz,alpezzi chips blanco 500 gr,70.49,70.49,CHOCOLATE,,844,ALPEZZI CHIPS BLANCO 500 GR,,2023-02-06
CRAVIOTO,2023-02-08,14517,1.0,pz,bondi mega webo late distroller,120.25,120.25,OTROS,,845,BONDI MEGA WEBO LATE DISTROLLER,,2023-02-06
CRAVIOTO,2023-02-08,14517,1.0,paq,inix contenedor multiusos 25 pz,153.6,153.6,EMPAQUE,,846,INIX CONTENEDOR MULTIUSOS 25 PZ,,2023-02-06
CASETA,2023-02-05,04845036,1.0,tick,peaje,58.0,58.0,CASETAS,,847,PEAJE,,2023-01-30
ESTRELLA,2023-02-03,ND,1.0,paq,capacillos #4 tubo,39.0,39.0,CAPACILLOS,,848,CAPACILLOS #4 TUBO,,2023-01-30
B. AURRERA,2023-02-03,333535777181791110393,1.0,paq,galleta,45.0,45.0,GALLETAS,,849,GALLETA,,2023-01-30
B. AURRERA,2023-02-03,333535777181791110393,1.0,pz,chantilli dull,61.0,61.0,CHANTILLY,,850,CHANTILLI DULL,,2023-01-30
MEGA PLAST,2023-02-02,387888,100.0,g,granillo magic sparkl,8.0,80.0,CHOCOLATE,,851,GRANILLO MAGIC SPARKL,,2023-01-30
MEGA PLAST,2023-02-02,387888,100.0,g,chips chocolate semi,15.0,150.0,CHOCOLATE,,852,CHIPS CHOCOLATE SEMI,,2023-01-30
REPOSTEARTE,2023-02-02,ND,1.0,pz,base 28 cm,9.0,9.0,BASES,,853,BASE 28 CM,,2023-01-30
REPOSTEARTE,2023-02-02,ND,1.0,pz,Transfer,45.0,45.0,TRANSFER,,854,TRANSFER,,2023-01-30
GASOLINERIA,2023-01-31,ND,10.0,lts,gasolina (aprox),220.0,22.0,COMBUSTIBLE,,855,GASOLINA (APROX),,2023-01-30
REPOSTEARTE,2023-01-30,ND,2.0,pz,mangas,10.0,5.0,CONSUMIBLES,,856,MANGAS,,2023-01-30
REPOSTEARTE,2023-01-30,ND,1.0,pz,base 26 cm,9.5,9.5,BASES,,857,BASE 26 CM,,2023-01-30
REPOSTEARTE,2023-01-30,ND,1.0,pz,base 25 cm doble,27.0,27.0,BASES,,858,BASE 25 CM DOBLE,,2023-01-30
MEGA PLAST,2023-01-30,387319,300.0,g,chips chocolate con l,45.0,150.0,CHOCOLATE,,859,CHIPS CHOCOLATE CON L,,2023-01-30
MEGA PLAST,2023-01-30,387319,1.0,kg,Tegral Satin Creme ca ,51.0,51.0,HARINA,VAINILLA,860,TEGRAL SATIN CREME CA,,2023-01-30
MEGA PLAST,2023-01-30,387319,1.0,pz,Crema para batir ambiante 1 lt,63.0,63.0,AMBIANTE,,861,CREMA PARA BATIR AMBIANTE 1 LT,,2023-01-30
GASOLINERIA,2023-01-27,,10.0,lts,gasolina,219.4,21.94,COMBUSTIBLE,,862,GASOLINA,,2023-01-23
MEGA PLAST,2023-01-24,386421,1.0,pz,relleno queso creme p,93.0,93.0,RELLENO,,863,RELLENO QUESO CREME P,,2023-01-23
MEGA PLAST,2023-01-24,386421,1.0,kg,Azucar glass de prime,40.0,40.0,AZUCAR,GLASS,864,AZUCAR GLASS DE PRIME,,2023-01-23
MEGA PLAST,2023-01-24,386421,2.0,pz,mantequilla gloria 22,116.0,58.0,MANTEQUILLA,,865,MANTEQUILLA GLORIA 22,,2023-01-23
MEGA PLAST,2023-01-24,386421,2.0,pz,Royal Icing Deiman 50,100.0,50.0,ROYALICING,,866,ROYAL ICING DEIMAN 50,,2023-01-23
MEGA PLAST,2023-01-24,386421,2.0,kg,Tegral Satin Red Velvet Puratos,130.0,65.0,HARINA,RED VELVET,867,TEGRAL SATIN RED VELVET PURATOS,,2023-01-23
MEGA PLAST,2023-01-24,386421,1.0,pz,domo 1/4 plancha,25.0,25.0,EMPAQUE,,868,DOMO 1/4 PLANCHA,,2023-01-23
MEGA PLAST,2023-01-24,386421,300.0,g,chips blanco alpezzi,45.0,150.0,CHOCOLATE,,869,CHIPS BLANCO ALPEZZI,,2023-01-23
B. AURRERA,2023-01-23,422004048828528989482,2.0,paq,chant dull,122.0,61.0,CHANTILLY,,870,CHANT DULL,,2023-01-23
B. AURRERA,2023-01-23,422004048828528989482,1.0,pz,iberia 200,30.0,30.0,MANTEQUILLA,,871,IBERIA 200,,2023-01-23
B. AURRERA,2023-01-23,422004048828528989482,1.0,paq,sjuan hvo,46.5,46.5,HUEVO,,872,SJUAN HVO,,2023-01-23
B. AURRERA,2023-01-23,422004048828528989482,1.0,paq,oreo fudge,41.5,41.5,GALLETAS,,873,OREO FUDGE,,2023-01-23
CRAVIOTO,2023-01-21,90659,1.0,pz,base extrafuerte 20 cm c/ blonda,20.01,20.01,BASES,,874,BASE EXTRAFUERTE 20 CM C/ BLONDA,,2023-01-16
CRAVIOTO,2023-01-21,90659,500.0,g,alpezzi chips blanco,70.49,140.98,CHOCOLATE,,875,ALPEZZI CHIPS BLANCO,,2023-01-16
CRAVIOTO,2023-01-21,90659,1.0,paq,capacillo No. 72 decorado 25 pz,13.99,13.99,CAPACILLOS,,876,CAPACILLO NO. 72 DECORADO 25 PZ,,2023-01-16
CRAVIOTO,2023-01-21,90659,1.0,paq,ferrero rocher T-10,69.63,69.63,CHOCOLATE,,877,FERRERO ROCHER T-10,,2023-01-16
CRAVIOTO,2023-01-21,90659,1.0,paq,dlr malv c/chocolate 32 pz,61.67,61.67,CHOCOLATE,,878,DLR MALV C/CHOCOLATE 32 PZ,,2023-01-16
CRAVIOTO,2023-01-21,90659,1.0,paq,turin tubo baileys 200 g,109.68,109.68,CHOCOLATE,,879,TURIN TUBO BAILEYS 200 G,,2023-01-16
CRAVIOTO,2023-01-21,90659,1.0,paq,alegria capacillo golosinas,37.58,37.58,CAPACILLOS,,880,ALEGRIA CAPACILLO GOLOSINAS,,2023-01-16
CRAVIOTO,2023-01-21,90659,1.0,paq,turin conejos mini 120 gr,54.62,54.62,CHOCOLATE,,881,TURIN CONEJOS MINI 120 GR,,2023-01-16
CRAVIOTO,2023-01-21,90659,1.0,pz,inix contenedor mantecadas 25 pz,179.32,179.32,EMPAQUE,,882,INIX CONTENEDOR MANTECADAS 25 PZ,,2023-01-16
PARISINA,2023-01-21,32048,1.0,mt,liston bolas dif,19.96,19.96,OTROS,,883,LISTON BOLAS DIF,,2023-01-16
CRAVIOTO,2023-01-21,90659,1.0,pz,celofan 9x12 100 pz,14.94,14.94,CONSUMIBLES,,884,CELOFAN 9X12 100 PZ,,2023-01-16
B. AURRERA,2023-01-20,92131018272832600000,1.0,pz,cl corta u,24.0,24.0,HERRAMIENTA,,885,CL CORTA U,,2023-01-16
REPOSTEARTE,2023-01-19,ND,1.0,pz,molde ,35.0,35.0,HERRAMIENTA,,886,MOLDE,,2023-01-16
MEGA PLAST,2023-01-19,385588,100.0,g,Confitier semiamargo TURIN,22.0,220.0,CHOCOLATE,,887,CONFITIER SEMIAMARGO TURIN,,2023-01-16
MEGA PLAST,2023-01-19,385588,300.0,g,chips blanco alpezzi,45.0,150.0,CHOCOLATE,,888,CHIPS BLANCO ALPEZZI,,2023-01-16
REPOSTEARTE,2023-01-19,ND,1.0,kg,Foundant,83.0,83.0,FONDANT,,889,FOUNDANT,,2023-01-16
MEGA PLAST,2023-01-19,385588,1.0,kg,Tegral Satin Red Velvet Puratos,65.0,65.0,HARINA,RED VELVET,890,TEGRAL SATIN RED VELVET PURATOS,,2023-01-16
MEGA PLAST,2023-01-19,385588,200.0,g,kiss leche,64.0,320.0,CHOCOLATE,,891,KISS LECHE,,2023-01-16
MEGA PLAST,2023-01-19,385588,100.0,g,chips rojo alpezzi c/,15.0,150.0,CHOCOLATE,,892,CHIPS ROJO ALPEZZI C/,,2023-01-16
REPOSTEARTE,2023-01-19,ND,1.0,pz,base 28 cm,11.5,11.5,BASES,,893,BASE 28 CM,,2023-01-16
REPOSTEARTE,2023-01-19,ND,1.0,pz,caja acetato,24.0,24.0,EMPAQUE,,895,CAJA ACETATO,,2023-01-16
MEGA PLAST,2023-01-19,385588,1.0,pz,Crema para batir ambiante 1 lt,63.0,63.0,AMBIANTE,,897,CREMA PARA BATIR AMBIANTE 1 LT,,2023-01-16
B. AURRERA,2023-01-17,196483219050650408305,1.0,paq,oreo charo,33.0,33.0,GALLETAS,,898,OREO CHARO,,2023-01-16
B. AURRERA,2023-01-12,22812842646906765210,1.0,pz,gv durazno,45.0,45.0,RELLENO,,899,GV DURAZNO,,2023-01-09
B. AURRERA,2023-01-12,22812842646906765210,4.0,paq,iberia,49.0,12.25,MANTEQUILLA,,900,IBERIA,,2023-01-09
MEGA PLAST,2023-01-10,384225,1.0,kg,Easy pastel tres leches,65.0,65.0,HARINA,CHOCOLATE,901,EASY PASTEL TRES LECHES,,2023-01-09
MEGA PLAST,2023-01-10,384224,300.0,g,chips blanco alpezzi,45.0,150.0,CHOCOLATE,,902,CHIPS BLANCO ALPEZZI,,2023-01-09
MEGA PLAST,2023-01-10,384224,1.0,kg,Easy pastel tres leches,65.0,65.0,HARINA,CHOCOLATE,903,EASY PASTEL TRES LECHES,,2023-01-09
REPOSTEARTE,2023-01-10,ND,1.0,pz,base 33x33,52.0,52.0,BASES,,904,BASE 33X33,,2023-01-09
MEGA PLAST,2023-01-10,384224,1.0,pz,relleno zarzamora puratos,52.0,52.0,RELLENO,,905,RELLENO ZARZAMORA PURATOS,,2023-01-09
MEGA PLAST,2023-01-07,383788,1.0,kg,Tegral Satin Creme ca ,51.0,51.0,HARINA,VAINILLA,906,TEGRAL SATIN CREME CA,,2023-01-02
DULCERIA,2023-01-07,29208,2.0,paq,kit kat 9 pz,248.4,124.2,CHOCOLATE,,907,KIT KAT 9 PZ,,2023-01-02
REPOSTEARTE,2023-01-07,ND,2.0,paq,capacillos,30.0,15.0,CAPACILLOS,,908,CAPACILLOS,,2023-01-02
REPOSTEARTE,2023-01-07,ND,1.0,paq,capacillos,56.0,56.0,CAPACILLOS,,909,CAPACILLOS,,2023-01-02
MEGA PLAST,2023-01-07,383788,1.0,pz,plato rigido negro re,16.0,16.0,OTROS,,910,PLATO RIGIDO NEGRO RE,,2023-01-02
MEGA PLAST,2023-01-07,383788,1.0,pz,domo alto 33 cm inix,10.0,10.0,EMPAQUE,,911,DOMO ALTO 33 CM INIX,,2023-01-02
MEGA PLAST,2023-01-07,383788,1.0,pz,durazno en almibar na,45.0,45.0,RELLENO,,912,DURAZNO EN ALMIBAR NA,,2023-01-02
MEGA PLAST,2023-01-07,383788,250.0,g,Confitier semiamargo TURIN,55.0,220.0,CHOCOLATE,,913,CONFITIER SEMIAMARGO TURIN,,2023-01-02
MEGA PLAST,2023-01-07,383788,1.0,pz,nutella grande 650 gr,99.0,99.0,RELLENO,,914,NUTELLA GRANDE 650 GR,,2023-01-02
MEGA PLAST,2023-01-07,383788,2.0,kg,Tegral Satin Creme ca ,122.0,61.0,HARINA,CHOCOLATE,915,TEGRAL SATIN CREME CA,,2023-01-02
ESTRELLA,2023-01-06,0101,100.0,g,confeti,45.0,450.0,DECORACION,,916,CONFETI,,2023-01-02
MEGA PLAST,2023-01-06,383508,1.0,pz,Tapa Reyma c/50,28.0,28.0,OTROS,,917,TAPA REYMA C/50,,2023-01-02
MEGA PLAST,2023-01-06,383508,1.0,kg,Tegral Satin Red Velvet Puratos,65.0,65.0,HARINA,RED VELVET,918,TEGRAL SATIN RED VELVET PURATOS,,2023-01-02
MEGA PLAST,2023-01-06,383508,1.0,pz,Vaso 4 ancho reyma C/,29.0,29.0,OTROS,,919,VASO 4 ANCHO REYMA C/,,2023-01-02
MUEBLERIA,2023-01-04,1490,1.0,pz,Locker despensero chocolate,2500.0,2500.0,MUEBLES,,920,LOCKER DESPENSERO CHOCOLATE,,2023-01-02
REPOSTEARTE,2023-01-04,ND,1.0,kit,9 colores,290.0,290.0,COLORANTES,,921,9 COLORES,,2023-01-02
MEGA PLAST,2023-01-04,383156,100.0,g,Chips Linea Horneas A,15.0,150.0,OTROS,,922,CHIPS LINEA HORNEAS A,,2023-01-02
MEGA PLAST,2023-01-04,383156,100.0,g,Granillo Turin Semi amargo,22.0,220.0,CHOCOLATE,,923,GRANILLO TURIN SEMI AMARGO,,2023-01-02
MEGA PLAST,2023-01-04,383156,100.0,g,Confitier semiamargo TURIN,22.0,220.0,CHOCOLATE,,924,CONFITIER SEMIAMARGO TURIN,,2023-01-02
B. AURRERA,2023-01-02,9567727253555085134728,1.0,paq,oreo 273.6,28.5,28.5,GALLETAS,,925,OREO 273.6,,2023-01-02
B. AURRERA,2023-01-02,9567727253555085134728,1.0,paq,Carlos V stk,18.5,18.5,CHOCOLATE,,926,CARLOS V STK,,2023-01-02
REPOSTEARTE,2023-01-01,ND,1.0,pz,corazon chico,18.0,18.0,HERRAMIENTA,,927,CORAZON CHICO,,2022-12-26
REPOSTEARTE,2023-01-01,ND,3.0,kg,Foundant,249.0,83.0,FONDANT,,928,FOUNDANT,,2022-12-26
REPOSTEARTE,2023-01-01,ND,1.0,pz,base 25 cm doble,27.0,27.0,BASES,,929,BASE 25 CM DOBLE,,2022-12-26
REPOSTEARTE,2023-01-01,ND,1.0,pz,cortador,35.0,35.0,HERRAMIENTA,,930,CORTADOR,,2022-12-26
REPOSTEARTE,2023-01-01,ND,1.0,pz,molde f 16,56.0,56.0,HERRAMIENTA,,931,MOLDE F 16,,2022-12-26
REPOSTEARTE,2023-01-01,ND,2.0,paq,mangas chicas,10.0,5.0,CONSUMIBLES,,932,MANGAS CHICAS,,2022-12-26
REPOSTEARTE,2023-01-01,ND,1.0,pz,conejo mediano,20.0,20.0,HERRAMIENTA,,933,CONEJO MEDIANO,,2022-12-26
REPOSTEARTE,2023-01-01,ND,1.0,pz,caja 17x11x3,21.0,21.0,EMPAQUE,,934,CAJA 17X11X3,,2022-12-26
REPOSTEARTE,2023-01-01,ND,1.0,paq,mangas,45.0,45.0,CONSUMIBLES,,935,MANGAS,,2022-12-26
MEGA PLAST,2022-12-29,382245,1.0,kg,Fecula de maíz,22.0,22.0,HORNEADO,,936,FECULA DE MAIZ,,2022-12-26
MEGA PLAST,2022-12-29,382245,1.0,kg,Easy pastel tres leches,65.0,65.0,HARINA,CHOCOLATE,937,EASY PASTEL TRES LECHES,,2022-12-26
GASERA,2022-12-29,ND,10.0,lts,Gas LP,100.6,10.06,COMBUSTIBLE,,938,GAS LP,,2022-12-26
OXXO,2022-12-29,ND,1.0,pz,aceite,46.9,46.9,ACEITE,,939,ACEITE,,2022-12-26
REPOSTEARTE,2022-12-28,ND,1.0,pz,matizador,70.0,70.0,DECORACION,,940,MATIZADOR,,2022-12-26
MEGA PLAST,2022-12-26,381786,2.0,Kg,Tegral Satin Creme ca ,102.0,51.0,HARINA,VAINILLA,941,TEGRAL SATIN CREME CA,,2022-12-26
REPOSTEARTE,2022-12-26,ND,1.0,pz,Molde F 28cm,118.0,118.0,HERRAMIENTA,,942,MOLDE F 28CM,,2022-12-26
REPOSTEARTE,2022-12-26,ND,1.0,pz,entrepiso,15.0,15.0,BASES,,943,ENTREPISO,,2022-12-26
REPOSTEARTE,2022-12-26,ND,1.0,pz,base 36cm doble,50.0,50.0,BASES,,944,BASE 36CM DOBLE,,2022-12-26
REPOSTEARTE,2022-12-26,ND,2.0,kg,Foundant,166.0,83.0,FONDANT,,945,FOUNDANT,,2022-12-26
REPOSTEARTE,2022-12-26,ND,1.0,pz,Transfer,45.0,45.0,DECORACION,,946,TRANSFER,,2022-12-26
MEGA PLAST,2022-12-26,381786,1.0,pz,relleno fresa frutifru,49.5,49.5,RELLENO,,947,RELLENO FRESA FRUTIFRU,,2022-12-26
MEGA PLAST,2022-12-26,381786,5.0,kg,Crema tipo chantilli,205.0,41.0,CHANTILLY,,948,CREMA TIPO CHANTILLI,,2022-12-26
MEGA PLAST,2022-12-26,381786,1.0,Kg,queso crema suelto,155.0,155.0,QUESO CREMA,,949,QUESO CREMA SUELTO,,2022-12-26
OXXO,2022-12-24,132305,1.0,pz,qsocremaphilade 200g,39.5,39.5,QUESO CREMA,,950,QSOCREMAPHILADE 200G,,2022-12-19
REPOSTEARTE,2022-12-23,ND,50.0,g,estrellas,33.0,660.0,DECORACION,,951,ESTRELLAS,,2022-12-19
MEGA PLAST,2022-12-23,381462,1.0,pz,Nutella chica 350 grs,65.0,65.0,RELLENO,,952,NUTELLA CHICA 350 GRS,,2022-12-19
MEGA PLAST,2022-12-23,381462,200.0,gr,nuez pedazo,56.0,280.0,DULCERIA,,953,NUEZ PEDAZO,,2022-12-19
TIENDAS TRES B,2022-12-22,408,1.0,paq,huevo cresta roj,33.5,33.5,HUEVO,,954,HUEVO CRESTA ROJ,,2022-12-19
B. AURRERA,2022-12-22,67195680148367507614,2.0,pz,chantilli dull,122.0,61.0,CHANTILLY,,955,CHANTILLI DULL,,2022-12-19
REPOSTEARTE,2022-12-21,ND,1.0,pz,base 40 cm doble,55.0,55.0,BASES,,956,BASE 40 CM DOBLE,,2022-12-19
REPOSTEARTE,2022-12-21,ND,5.0,kg,Foundant,415.0,83.0,FONDANT,,957,FOUNDANT,,2022-12-19
ESTRELLA,2022-12-21,08883,50.0,gr,perla,20.0,400.0,DECORACION,,958,PERLA,,2022-12-19
REPOSTEARTE,2022-12-21,ND,50.0,gr,perlas,18.0,360.0,DECORACION,,959,PERLAS,,2022-12-19
REPOSTEARTE,2022-12-21,ND,1.0,pz,entrepiso 34 cm,15.0,15.0,BASES,,960,ENTREPISO 34 CM,,2022-12-19
REPOSTEARTE,2022-12-21,ND,1.0,pz,base 26 cm,9.5,9.5,BASES,,961,BASE 26 CM,,2022-12-19
REPOSTEARTE,2022-12-21,ND,1.0,pz,encaje,35.0,35.0,DECORACION,,962,ENCAJE,,2022-12-19
REPOSTEARTE,2022-12-21,ND,1.0,pz,encaje,48.0,48.0,DECORACION,,963,ENCAJE,,2022-12-19
MEGA PLAST,2022-12-21,380921,1.0,kg,Tegral Satin Creme ca ,61.0,61.0,HARINA,CHOCOLATE,964,TEGRAL SATIN CREME CA,,2022-12-19
MEGA PLAST,2022-12-21,380921,1.0,kg,Tegral Satin Red Velvet Puratos,65.0,65.0,HARINA,RED VELVET,965,TEGRAL SATIN RED VELVET PURATOS,,2022-12-19
MEGA PLAST,2022-12-21,380921,100.0,gr,Confitier semiamargo TURIN,22.0,220.0,CHOCOLATE,,966,CONFITIER SEMIAMARGO TURIN,,2022-12-19
MEGA PLAST,2022-12-21,380921,1.0,pz,color liquido surtido,12.0,12.0,COLORANTES,,967,COLOR LIQUIDO SURTIDO,,2022-12-19
ESTRELLA,2022-12-21,08883,3.0,kg,red velvet,120.0,40.0,HARINA,RED VELVET,968,RED VELVET,,2022-12-19
REPOSTEARTE,2022-12-21,ND,1.0,pz,matizador,65.0,65.0,DECORACION,,969,MATIZADOR,,2022-12-19
B. AURRERA,2022-12-19,7878668926629189327846,1.0,pz,GV azucar,28.0,28.0,AZUCAR,,970,GV AZUCAR,,2022-12-19
B. AURRERA,2022-12-19,7878668926629189327846,2.0,pz,AC AU800,74.0,37.0,DECORACION,,971,AC AU800,,2022-12-19
B. AURRERA,2022-12-19,7878668926629189327846,1.0,pz,chantilli dull,61.0,61.0,CHANTILLY,,972,CHANTILLI DULL,,2022-12-19
MEGA PLAST,2022-12-14,379680,100.0,gr,chocolate blanco sica,24.0,240.0,CHOCOLATE,,973,CHOCOLATE BLANCO SICA,,2022-12-12
ESTRELLA,2022-12-14,1176,1.0,kg,Rich Piña Colada,40.0,40.0,RELLENO,,974,RICH PINA COLADA,,2022-12-12
MEGA PLAST,2022-12-14,379680,1.0,pz,Queso philadelphia,35.0,35.0,QUESO CREMA,,975,QUESO PHILADELPHIA,,2022-12-12
REPOSTEARTE,2022-12-14,ND,6.0,pz,Transfer,270.0,45.0,DECORACION,,976,TRANSFER,,2022-12-12
REPOSTEARTE,2022-12-14,ND,1.0,kg,Foundant,83.0,83.0,FONDANT,,977,FOUNDANT,,2022-12-12
MEGA PLAST,2022-12-14,379680,1.0,pz,color liquido surtido,12.0,12.0,COLORANTES,,978,COLOR LIQUIDO SURTIDO,,2022-12-12
REPOSTEARTE,2022-12-14,ND,1.0,pz,Diamantina,48.0,48.0,DECORACION,,979,DIAMANTINA,,2022-12-12
B. AURRERA,2022-12-12,54869586723293034937,1.0,paq,rk malv,40.0,40.0,DULCERIA,,980,RK MALV,,2022-12-12
MEGA PLAST,2022-12-11,379085,1.0,pz,color liquido surtido,12.0,12.0,COLORANTES,,981,COLOR LIQUIDO SURTIDO,,2022-12-05
MEGA PLAST,2022-12-11,379085,1.0,pz,Crema para batir ambiante 1 lt,63.0,63.0,AMBIANTE,,982,CREMA PARA BATIR AMBIANTE 1 LT,,2022-12-05
MEGA PLAST,2022-12-11,379085,1.0,pz,Queso philadelphia,35.0,35.0,QUESO CREMA,,983,QUESO PHILADELPHIA,,2022-12-05
SHEIN,2022-12-11,ND,1.0,pz,"Cortadores, Moldes y Duyas",463.0,463.0,HERRAMIENTA,,984,"CORTADORES, MOLDES Y DUYAS",,2022-12-05
MEGA PLAST,2022-12-11,379085,1.0,kg,tregal satin creme ca,51.0,51.0,HARINA,VAINILLA,985,TREGAL SATIN CREME CA,,2022-12-05
B. AURRERA,2022-12-10,47655576971451212539,1.0,paq,chantilli dull,61.0,61.0,CHANTILLY,,986,CHANTILLI DULL,,2022-12-05
REPOSTEARTE,2022-12-04,ND,2.0,pz,oblea arroz,90.0,45.0,DECORACION,,987,OBLEA ARROZ,,2022-11-28
MEGA PLAST,2022-12-03,377668,200.0,gr,Luneta mini m&m's,44.0,220.0,RELLENO,,988,LUNETA MINI M&M'S,,2022-11-28
MEGA PLAST,2022-12-03,377668,1.0,pz,Domo 1/2 plancha INI,48.0,48.0,EMPAQUE,,989,DOMO 1/2 PLANCHA INI,,2022-11-28
OXXO,2022-12-02,2229335,5.0,pz,huevo,15.0,3.0,HUEVO,,990,HUEVO,,2022-11-28
B. AURRERA,2022-12-01,453152405026926733250,1.0,kg,harina tri,21.0,21.0,HARINA,TRIGO,991,HARINA TRI,,2022-11-28
B. AURRERA,2022-12-01,453152405026926733250,1.0,pz,chantilli dull,61.0,61.0,CHANTILLY,,992,CHANTILLI DULL,,2022-11-28
B. AURRERA,2022-12-01,453152405026926733250,1.0,pz,gloria man,63.0,63.0,MANTEQUILLA,,993,GLORIA MAN,,2022-11-28
GASERA,2022-12-01,ND,10.0,lts,Gas LP,120.0,12.0,COMBUSTIBLE,,994,GAS LP,,2022-11-28
GASOLINERIA,2022-12-01,ND,10.0,lts,Gasolina,210.9,21.09,COMBUSTIBLE,,995,GASOLINA,,2022-11-28
B. AURRERA,2022-12-01,ND,1.0,pz,aceite,40.0,40.0,ACEITE,,996,ACEITE,,2022-11-28
TIENDA,2022-12-01,ND,2.0,kg,Huevo,80.0,40.0,HUEVO,,997,HUEVO,,2022-11-28
B. AURRERA,2022-12-01,453152405026926733250,1.0,paq,oreo 273.6,21.5,21.5,GALLETAS,,998,OREO 273.6,,2022-11-28
REPOSTEARTE,2022-11-30,ND,50.0,gr,perlas,18.0,360.0,DECORACION,,999,PERLAS,,2022-11-28
REPOSTEARTE,2022-11-30,ND,1.0,paq,capacillos,10.0,10.0,CAPACILLOS,,1000,CAPACILLOS,,2022-11-28
REPOSTEARTE,2022-11-30,ND,1.0,paq,capacillos,58.0,58.0,CAPACILLOS,,1001,CAPACILLOS,,2022-11-28
REPOSTEARTE,2022-11-30,ND,2.0,kg,Foundant,166.0,83.0,FONDANT,,1002,FOUNDANT,,2022-11-28
REPOSTEARTE,2022-11-30,ND,1.0,pz,base 32cm doble,45.0,45.0,BASES,,1003,BASE 32CM DOBLE,,2022-11-28
B. AURRERA,2022-11-29,850182706046920771200,2.0,paq,mini m&m's,110.0,55.0,CHOCOLATE,,1004,MINI M&M'S,,2022-11-28
B. AURRERA,2022-11-29,850182706046920771200,1.0,pz,sabrosano,45.5,45.5,ACEITE,,1005,SABROSANO,,2022-11-28
B. AURRERA,2022-11-29,850182706046920771200,1.0,paq,Carlos V stk,25.0,25.0,CHOCOLATE,,1006,CARLOS V STK,,2022-11-28
B. AURRERA,2022-11-25,617064447238548987402,1.0,pz,chantilli dull,61.0,61.0,CHANTILLY,,1007,CHANTILLI DULL,,2022-11-21
REPOSTEARTE,2022-11-24,ND,50.0,gr,perla plateada,17.5,350.0,DECORACION,,1008,PERLA PLATEADA,,2022-11-21
REPOSTEARTE,2022-11-24,ND,1.0,pz,matizador,75.0,75.0,DECORACION,,1009,MATIZADOR,,2022-11-21
REPOSTEARTE,2022-11-24,ND,1.0,kg,Foundant,83.0,83.0,FONDANT,,1010,FOUNDANT,,2022-11-21
MEGA PLAST,2022-11-18,375046,100.0,gr,Granillo alpessi colo,12.0,120.0,CHOCOLATE,,1011,GRANILLO ALPESSI COLO,,2022-11-14
REPOSTEARTE,2022-11-18,ND,1.0,pz,Transfer,45.0,45.0,DECORACION,,1012,TRANSFER,,2022-11-14
MEGA PLAST,2022-11-18,375046,1.0,pz,Crema para batir ambiante 1 lt,63.0,63.0,AMBIANTE,,1013,CREMA PARA BATIR AMBIANTE 1 LT,,2022-11-14
REPOSTEARTE,2022-11-18,ND,1.0,pz,base 30 cm,14.5,14.5,BASES,,1014,BASE 30 CM,,2022-11-14
MEGA PLAST,2022-11-11,373741,1.0,pz,Crema batida chantilli ASTURIAS,54.0,54.0,CHANTILLY,,1015,CREMA BATIDA CHANTILLI ASTURIAS,,2022-11-07
REPOSTEARTE,2022-11-11,ND,1.0,paq,soportes,70.0,70.0,DECORACION,,1016,SOPORTES,,2022-11-07
REPOSTEARTE,2022-11-11,ND,1.0,pz,entrepiso,11.5,11.5,BASES,,1017,ENTREPISO,,2022-11-07
REPOSTEARTE,2022-11-10,ND,1.0,pz,base 26 cm,9.0,9.0,BASES,,1018,BASE 26 CM,,2022-11-07
MEGA PLAST,2022-11-10,373552,1.0,kg,Tegral Satin Red Velvet Puratos,65.0,65.0,HARINA,RED VELVET,1019,TEGRAL SATIN RED VELVET PURATOS,,2022-11-07
REPOSTEARTE,2022-11-10,ND,1.0,paq,encaje,55.0,55.0,DECORACION,,1020,ENCAJE,,2022-11-07
MEGA PLAST,2022-11-10,373552,100.0,gr,chocolate blanco sica,21.0,210.0,CHOCOLATE,,1021,CHOCOLATE BLANCO SICA,,2022-11-07
MEGA PLAST,2022-11-10,373552,1.0,kg,Tegral Satin Creme ca ,51.0,51.0,HARINA,VAINILLA,1022,TEGRAL SATIN CREME CA,,2022-11-07
REPOSTEARTE,2022-11-10,ND,2.0,kg,Foundant,166.0,83.0,FONDANT,,1023,FOUNDANT,,2022-11-07
MEGA PLAST,2022-11-10,373552,1.0,pz,relleno zarzamora puratos,52.0,52.0,RELLENO,,1024,RELLENO ZARZAMORA PURATOS,,2022-11-07
B. AURRERA,2022-11-10,ILEGIBLE,2.0,pz,chocolate,33.0,16.5,CHOCOLATE,,1025,CHOCOLATE,,2022-11-07
MEGA PLAST,2022-11-10,373552,100.0,gr,goma aro durazno luck,15.0,150.0,RELLENO,,1026,GOMA ARO DURAZNO LUCK,,2022-11-07
MEGA PLAST,2022-11-10,373552,1.0,pz,Nutella chica 350 grs,65.0,65.0,RELLENO,,1027,NUTELLA CHICA 350 GRS,,2022-11-07
B. AURRERA,2022-11-07,301423710571630400335,1.0,pz,Carlos V stk,25.0,25.0,CHOCOLATE,,1028,CARLOS V STK,,2022-11-07
B. AURRERA,2022-11-07,301423710571630400335,1.0,pz,chantilli dull,61.0,61.0,CHANTILLY,,1029,CHANTILLI DULL,,2022-11-07
TIENDA,2022-11-01,ND,2.0,kg,Huevo,80.0,40.0,HUEVO,,1030,HUEVO,,2022-10-31
GASERA,2022-11-01,ND,10.0,lts,Gas LP,120.0,12.0,COMBUSTIBLE,,1031,GAS LP,,2022-10-31
GASOLINERIA,2022-11-01,ND,10.0,lts,Gasolina,210.9,21.09,COMBUSTIBLE,,1032,GASOLINA,,2022-10-31
SHEIN,2022-10-31,ND,1.0,pz,"Pegatinas, Moldes, Rejilla, Duya",316.0,316.0,HERRAMIENTA,,1033,"PEGATINAS, MOLDES, REJILLA, DUYA",,2022-10-31
MEGA PLAST,2022-10-26,370992,1.0,kg,huevo blanco san juan,43.0,43.0,HUEVO,,1034,HUEVO BLANCO SAN JUAN,,2022-10-24
REPOSTEARTE,2022-10-26,ND,1.0,pz,base 28 cm,11.5,11.5,BASES,,1035,BASE 28 CM,,2022-10-24
REPOSTEARTE,2022-10-26,ND,2.0,cj,para 12 cupcakes,37.0,18.5,EMPAQUE,,1036,PARA 12 CUPCAKES,,2022-10-24
REPOSTEARTE,2022-10-26,ND,1.0,pz,Transfer,45.0,45.0,DECORACION,,1037,TRANSFER,,2022-10-24
REPOSTEARTE,2022-10-26,ND,1.0,pz,cortadores,140.0,140.0,HERRAMIENTA,,1038,CORTADORES,,2022-10-24
MEGA PLAST,2022-10-26,370992,1.0,pz,Queso philadelphia,35.0,35.0,QUESO CREMA,,1039,QUESO PHILADELPHIA,,2022-10-24
MEGA PLAST,2022-10-26,370992,1.0,pz,Crema para batir ambiante 1 lt,63.0,63.0,AMBIANTE,,1040,CREMA PARA BATIR AMBIANTE 1 LT,,2022-10-24
REPOSTEARTE,2022-10-20,ND,1.0,pz,pincel,10.0,10.0,HERRAMIENTA,,1041,PINCEL,,2022-10-17
MEGA PLAST,2022-10-20,369790,1.0,pz,Nutella chica 350 grs,65.0,65.0,RELLENO,,1042,NUTELLA CHICA 350 GRS,,2022-10-17
MEGA PLAST,2022-10-20,369790,500.0,gr,Confitier semiamargo TURIN,110.0,220.0,CHOCOLATE,,1043,CONFITIER SEMIAMARGO TURIN,,2022-10-17
MEGA PLAST,2022-10-20,369790,1.0,kg,Tegral Satin Creme ca ,61.0,61.0,HARINA,CHOCOLATE,1044,TEGRAL SATIN CREME CA,,2022-10-17
MEGA PLAST,2022-10-20,369790,1.0,kg,Tegral Satin Red Velvet Puratos,58.0,58.0,HARINA,RED VELVET,1045,TEGRAL SATIN RED VELVET PURATOS,,2022-10-17
REPOSTEARTE,2022-10-20,ND,1.0,pz,pegamento de fondant,65.0,65.0,DECORACION,,1046,PEGAMENTO DE FONDANT,,2022-10-17
REPOSTEARTE,2022-10-20,ND,2.0,pz,bases 28 cm,23.0,11.5,BASES,,1047,BASES 28 CM,,2022-10-17
REPOSTEARTE,2022-10-18,ND,1.0,paq,capacillos,56.0,56.0,CAPACILLOS,,1048,CAPACILLOS,,2022-10-17
REPOSTEARTE,2022-10-18,ND,1.0,pz,base 28 cm,11.5,11.5,BASES,,1049,BASE 28 CM,,2022-10-17
REPOSTEARTE,2022-10-18,ND,1.0,paq,capacillos,25.0,25.0,CAPACILLOS,,1050,CAPACILLOS,,2022-10-17
MEGA PLAST,2022-10-18,369427,2.0,pz,domo 1/4 plancha,50.0,25.0,EMPAQUE,,1051,DOMO 1/4 PLANCHA,,2022-10-17
MEGA PLAST,2022-10-18,369427,1.0,kg,Easy pastel tres leches,53.0,53.0,HARINA,VAINILLA,1052,EASY PASTEL TRES LECHES,,2022-10-17
REPOSTEARTE,2022-10-08,ND,1.0,paq,capacillos,25.0,25.0,CAPACILLOS,,1053,CAPACILLOS,,2022-10-03
REPOSTEARTE,2022-10-08,ND,1.0,paq,capacillos,45.0,45.0,CAPACILLOS,,1054,CAPACILLOS,,2022-10-03
GASERA,2022-10-01,ND,10.0,lts,Gas LP,120.0,12.0,COMBUSTIBLE,,1055,GAS LP,,2022-09-26
GASOLINERIA,2022-10-01,ND,10.0,lts,Gasolina,210.9,21.09,COMBUSTIBLE,,1056,GASOLINA,,2022-09-26
TIENDA,2022-10-01,ND,1.0,kg,Huevo,40.0,40.0,HUEVO,,1057,HUEVO,,2022-09-26
B. AURRERA,2022-10-01,ND,1.0,pz,aceite,40.0,40.0,ACEITE,,1058,ACEITE,,2022-09-26
B. AURRERA,2022-10-01,05931686102812624133,1.0,pz,chocolate,20.0,20.0,CHOCOLATE,,1059,CHOCOLATE,,2022-09-26
B. AURRERA,2022-09-30,957659127983293068947,1.0,pz,Philly Qso,30.5,30.5,QUESO CREMA,,1060,PHILLY QSO,,2022-09-26
B. AURRERA,2022-09-30,957659127983293068947,1.0,paq,marg245g,39.5,39.5,MANTEQUILLA,,1061,MARG245G,,2022-09-26
B. AURRERA,2022-09-30,957659127983293068947,1.0,paq,gloria man,22.5,22.5,MANTEQUILLA,,1062,GLORIA MAN,,2022-09-26
B. AURRERA,2022-09-30,957659127983293068947,1.0,kg,harina tri,20.0,20.0,HARINA,TRIGO,1063,HARINA TRI,,2022-09-26
B. AURRERA,2022-09-30,957659127983293068947,1.0,paq,oreo 273.6,21.5,21.5,GALLETAS,,1064,OREO 273.6,,2022-09-26
B. AURRERA,2022-09-30,957659127983293068947,1.0,paq,oreo vainilla,21.5,21.5,GALLETAS,,1065,OREO VAINILLA,,2022-09-26
B. AURRERA,2022-09-30,957659127983293068947,1.0,pz,chantilli dull,61.0,61.0,CHANTILLY,,1066,CHANTILLI DULL,,2022-09-26
REPOSTEARTE,2022-09-28,ND,1.0,pz,Transfer,45.0,45.0,DECORACION,,1067,TRANSFER,,2022-09-26
MEGA PLAST,2022-09-28,365578,300.0,gr,Confitier semiamargo TURIN,66.0,220.0,CHOCOLATE,,1068,CONFITIER SEMIAMARGO TURIN,,2022-09-26
REPOSTEARTE,2022-09-28,ND,1.0,Kg,Foundant,85.0,85.0,FONDANT,,1069,FOUNDANT,,2022-09-26
MEGA PLAST,2022-09-28,365578,1.0,pz,Queso philadelphia,35.0,35.0,QUESO CREMA,,1070,QUESO PHILADELPHIA,,2022-09-26
REPOSTEARTE,2022-09-28,ND,1.0,pz,pincel,10.0,10.0,HERRAMIENTA,,1071,PINCEL,,2022-09-26
REPOSTEARTE,2022-09-28,ND,1.0,pz,base 28 cm,11.5,11.5,BASES,,1072,BASE 28 CM,,2022-09-26
MEGA PLAST,2022-09-28,365578,1.0,kg,huevo blanco san juan,43.0,43.0,HUEVO,,1073,HUEVO BLANCO SAN JUAN,,2022-09-26
MEGA PLAST,2022-09-28,365578,1.0,pz,color liquido surtido,12.0,12.0,COLORANTES,,1074,COLOR LIQUIDO SURTIDO,,2022-09-26
MEGA PLAST,2022-09-25,365039,1.0,pz,relleno fresa frutifru,49.5,49.5,RELLENO,,1075,RELLENO FRESA FRUTIFRU,,2022-09-19
MEGA PLAST,2022-09-25,365039,1.0,kg,Tegral Satin Creme ca ,61.0,61.0,HARINA,CHOCOLATE,1076,TEGRAL SATIN CREME CA,,2022-09-19
MEGA PLAST,2022-09-24,364852,1.0,paq,ferrero,66.0,66.0,CHOCOLATE,,1077,FERRERO,,2022-09-19
MEGA PLAST,2022-09-24,364852,1.0,paq,capacillos,56.0,56.0,CAPACILLOS,,1078,CAPACILLOS,,2022-09-19
MEGA PLAST,2022-09-24,364852,1.0,paq,velas,50.0,50.0,OTROS,,1079,VELAS,,2022-09-19
MEGA PLAST,2022-09-24,364852,2.0,kg,chantilly,132.0,66.0,CHANTILLY,,1080,CHANTILLY,,2022-09-19
MEGA PLAST,2022-09-24,364852,1.0,Kg,harina Red velvet esp,40.0,40.0,HARINA,RED VELVET,1081,HARINA RED VELVET ESP,,2022-09-19
MEGA PLAST,2022-09-24,364852,1.0,Kg,huevo blanco san juan,43.0,43.0,HUEVO,,1082,HUEVO BLANCO SAN JUAN,,2022-09-19
MEGA PLAST,2022-09-21,364247,4.0,pz,Domo mantecada 12 cavidades,64.0,16.0,EMPAQUE,,1083,DOMO MANTECADA 12 CAVIDADES,,2022-09-19
MEGA PLAST,2022-09-21,364247,1.0,paq,cacahuate español,15.0,15.0,OTROS,,1084,CACAHUATE ESPANOL,,2022-09-19
MEGA PLAST,2022-09-21,364247,1.0,Kg,azucar estandar,20.0,20.0,AZUCAR,,1085,AZUCAR ESTANDAR,,2022-09-19
B. AURRERA,2022-09-20,33759525869551451259599,1.0,pz,chantilli dull,61.0,61.0,CHANTILLY,,1086,CHANTILLI DULL,,2022-09-19
B. AURRERA,2022-09-20,33759525869551451259599,2.0,pz,sabrosano,80.0,40.0,ACEITE,,1087,SABROSANO,,2022-09-19
B. AURRERA,2022-09-20,33759525869551451259599,1.0,pz,gv barq ch,34.0,34.0,DECORACION,,1088,GV BARQ CH,,2022-09-19
B. AURRERA,2022-09-20,33759525869551451259599,1.0,pz,Philly Qso,30.5,30.5,QUESO CREMA,,1089,PHILLY QSO,,2022-09-19
REPOSTEARTE,2022-09-17,ND,1.0,Kg,Foundant,83.0,83.0,FONDANT,,1090,FOUNDANT,,2022-09-12
REPOSTEARTE,2022-09-17,ND,1.0,pz,base  25 x 35,14.0,14.0,BASES,,1091,BASE 25 X 35,,2022-09-12
MEGA PLAST,2022-09-17,363513,100.0,gr,cocoa hershey's c 1kg,30.0,300.0,CHOCOLATE,,1092,COCOA HERSHEY'S C 1KG,,2022-09-12
MEGA PLAST,2022-09-17,363513,1.0,pz,Nutella chica 350 grs,65.0,65.0,RELLENO,,1093,NUTELLA CHICA 350 GRS,,2022-09-12
MEGA PLAST,2022-09-17,363513,1.0,Kg,Easy pastel tres leches,65.0,65.0,HARINA,CHOCOLATE,1094,EASY PASTEL TRES LECHES,,2022-09-12
SHEIN,2022-09-13,ND,1.0,pz,Cortador de Pastel,80.0,80.0,HERRAMIENTA,,1095,CORTADOR DE PASTEL,,2022-09-12
SHEIN,2022-09-13,ND,1.0,pz,pinzas,50.0,50.0,HERRAMIENTA,,1096,PINZAS,,2022-09-12
B. AURRERA,2022-09-11,5573149112212624103,1.0,pz,chantilli dull,61.0,61.0,CHANTILLY,,1097,CHANTILLI DULL,,2022-09-05
MEGA PLAST,2022-09-09,362125,1.0,pz,Nutella chica 350 grs,65.0,65.0,RELLENO,,1098,NUTELLA CHICA 350 GRS,,2022-09-05
MEGA PLAST,2022-09-09,362125,1.0,paq,Brocheta bambco 30 cm,22.0,22.0,DECORACION,,1099,BROCHETA BAMBCO 30 CM,,2022-09-05
REPOSTEARTE,2022-09-09,ND,1.0,pz,base de liston #26,26.0,26.0,BASES,,1100,BASE DE LISTON #26,,2022-09-05
REPOSTEARTE,2022-09-09,ND,1.0,Kg,Foundant,83.0,83.0,FONDANT,,1101,FOUNDANT,,2022-09-05
B. AURRERA,2022-09-03,66555177564351412343,1.0,pz,chocolate,17.0,17.0,CHOCOLATE,,1102,CHOCOLATE,,2022-08-29
REPOSTEARTE,2022-09-02,ND,1.0,paq,capacillos,56.0,56.0,CAPACILLOS,,1103,CAPACILLOS,,2022-08-29
REPOSTEARTE,2022-09-02,ND,1.0,paq,capacillos,20.0,20.0,CAPACILLOS,,1104,CAPACILLOS,,2022-08-29
MEGA PLAST,2022-09-02,360788,1.0,pz,domo 28 cm inix media,11.0,11.0,EMPAQUE,,1105,DOMO 28 CM INIX MEDIA,,2022-08-29
MEGA PLAST,2022-09-02,360788,1.0,paq,plato rigido negro re,11.0,11.0,EMPAQUE,,1106,PLATO RIGIDO NEGRO RE,,2022-08-29
MEGA PLAST,2022-09-02,360788,1.0,pz,relleno zarzamora puratos,52.0,52.0,RELLENO,,1107,RELLENO ZARZAMORA PURATOS,,2022-08-29
MEGA PLAST,2022-09-02,360788,1.0,kg,Easy pastel tres leches,53.0,53.0,HARINA,CHOCOLATE,1108,EASY PASTEL TRES LECHES,,2022-08-29
MEGA PLAST,2022-09-02,360788,1.0,pz,Crema para batir ambiante 1 lt,63.0,63.0,AMBIANTE,,1109,CREMA PARA BATIR AMBIANTE 1 LT,,2022-08-29
B. AURRERA,2022-09-01,5775753773551451202549,1.0,pz,lechera,22.5,22.5,LECHERA,,1110,LECHERA,,2022-08-29
B. AURRERA,2022-09-01,5775753773551451202549,1.0,pz,GV glass,38.9,38.9,AZUCAR,GLASS,1111,GV GLASS,,2022-08-29
B. AURRERA,2022-09-01,5775753773551451202549,1.0,pz,GV azucar,24.0,24.0,AZUCAR,GLASS,1112,GV AZUCAR,,2022-08-29
B. AURRERA,2022-09-01,5775753773551451202549,1.0,pz,vainilla,13.0,13.0,HORNEADO,,1113,VAINILLA,,2022-08-29
B. AURRERA,2022-09-01,5775753773551451202549,1.0,paq,oreo vainilla,21.5,21.5,GALLETAS,,1114,OREO VAINILLA,,2022-08-29
B. AURRERA,2022-09-01,5775753773551451202549,1.0,paq,oreo 273.6,21.5,21.5,GALLETAS,,1115,OREO 273.6,,2022-08-29
B. AURRERA,2022-09-01,5775753773551451202549,1.0,pz,gv a 10w l,29.0,29.0,NO DEFINIDO,,1116,GV A 10W L,,2022-08-29
GASOLINERIA,2022-09-01,ND,10.0,lts,Gasolina,210.9,21.09,COMBUSTIBLE,,1117,GASOLINA,,2022-08-29
GASERA,2022-09-01,ND,10.0,lts,Gas LP,120.0,12.0,COMBUSTIBLE,,1118,GAS LP,,2022-08-29
B. AURRERA,2022-09-01,5775753773551451202549,1.0,pz,chantilli dull,61.0,61.0,CHANTILLY,,1119,CHANTILLI DULL,,2022-08-29
B. AURRERA,2022-09-01,5775753773551451202549,1.0,pz,carnation,16.5,16.5,HORNEADO,,1120,CARNATION,,2022-08-29
MEGA PLAST,2022-08-30,360160,1.0,kg,harina Red velvet esp,40.0,40.0,HARINA,RED VELVET,1121,HARINA RED VELVET ESP,,2022-08-29
REPOSTEARTE,2022-08-30,ND,2.0,pz,caja de cupcake,40.0,20.0,EMPAQUE,,1122,CAJA DE CUPCAKE,,2022-08-29
MEGA PLAST,2022-08-25,359304,1.0,pz,color liquido surtido,24.0,24.0,COLORANTES,,1123,COLOR LIQUIDO SURTIDO,,2022-08-22
MEGA PLAST,2022-08-25,359304,1.0,pz, domo db09 27 cm wow,14.5,14.5,EMPAQUE,,1124,DOMO DB09 27 CM WOW,,2022-08-22
REPOSTEARTE,2022-08-25,ND,2.0,kg,Foundant,166.0,83.0,FONDANT,,1125,FOUNDANT,,2022-08-22
MEGA PLAST,2022-08-18,358049,1.0,kg,Easy pastel tres leches,65.0,65.0,HARINA,CHOCOLATE,1126,EASY PASTEL TRES LECHES,,2022-08-15
ESTRELLA,2022-08-18,0414,2.0,Kg,chantilly,132.0,66.0,CHANTILLY,,1127,CHANTILLY,,2022-08-15
MEGA PLAST,2022-08-18,358049,100.0,gr,Kiss Leche,28.0,280.0,CHOCOLATE,,1128,KISS LECHE,,2022-08-15
MEGA PLAST,2022-08-18,358049,1.0,pz,Queso philadelphia,30.0,30.0,QUESO CREMA,,1129,QUESO PHILADELPHIA,,2022-08-15
MEGA PLAST,2022-08-14,357453,100.0,gr,goma ricolino,15.0,150.0,DULCERIA,,1130,GOMA RICOLINO,,2022-08-08
MEGA PLAST,2022-08-14,357453,1.0,pz,domo 1/4 plancha,25.0,25.0,EMPAQUE,,1131,DOMO 1/4 PLANCHA,,2022-08-08
MEGA PLAST,2022-08-14,357453,1.0,pz,Domo 1/2 plancha INI,40.0,40.0,EMPAQUE,,1132,DOMO 1/2 PLANCHA INI,,2022-08-08
TIENDA,2022-08-01,ND,2.0,kg,Huevo,80.0,40.0,HUEVO,,1133,HUEVO,,2022-08-01
GASERA,2022-08-01,ND,10.0,lts,Gas LP,120.0,12.0,COMBUSTIBLE,,1134,GAS LP,,2022-08-01
B. AURRERA,2022-08-01,ND,1.0,pz,aceite,40.0,40.0,ACEITE,,1135,ACEITE,,2022-08-01
GASOLINERIA,2022-08-01,ND,10.0,lts,Gasolina,210.9,21.09,COMBUSTIBLE,,1136,GASOLINA,,2022-08-01
ESTRELLA,2022-07-30,2306,1.0,Kg,chantilly,66.0,66.0,CHANTILLY,,1137,CHANTILLY,,2022-07-25
MEGA PLAST,2022-07-29,354546,1.0,kg,chantilly,56.0,56.0,CHANTILLY,,1138,CHANTILLY,,2022-07-25
MEGA PLAST,2022-07-27,354162,1.0,pz,domo 1/4 plancha,25.0,25.0,EMPAQUE,,1139,DOMO 1/4 PLANCHA,,2022-07-25
REPOSTEARTE,2022-07-27,ND,1.0,pz,base 32cm doble,30.0,30.0,BASES,,1140,BASE 32CM DOBLE,,2022-07-25
REPOSTEARTE,2022-07-27,ND,1.0,pz,molde r22,66.0,66.0,HERRAMIENTA,,1141,MOLDE R22,,2022-07-25
REPOSTEARTE,2022-07-27,ND,2.0,pz,caja cupcakes 12,37.0,18.5,EMPAQUE,,1142,CAJA CUPCAKES 12,,2022-07-25
REPOSTEARTE,2022-07-27,ND,1.0,pz,entrepiso,11.0,11.0,BASES,,1143,ENTREPISO,,2022-07-25
REPOSTEARTE,2022-07-27,ND,1.0,pz,entrepiso tetrapack,11.5,11.5,BASES,,1144,ENTREPISO TETRAPACK,,2022-07-25
ESTRELLA,2022-07-27,2462,500.0,gr,Royal Icing Deiman 50,59.0,118.0,ROYALICING,,1145,ROYAL ICING DEIMAN 50,,2022-07-25
ESTRELLA,2022-07-27,2462,1.0,Kg,chantilly,66.0,66.0,CHANTILLY,,1146,CHANTILLY,,2022-07-25
MEGA PLAST,2022-07-27,354162,1.0,pz,crema pastelera coco,32.0,32.0,RELLENO,,1147,CREMA PASTELERA COCO,,2022-07-25
MEGA PLAST,2022-07-27,354162,100.0,gr,Confitier semiamargo TURIN,22.0,220.0,CHOCOLATE,,1148,CONFITIER SEMIAMARGO TURIN,,2022-07-25
MEGA PLAST,2022-07-27,354162,2.0,kg,harina Red velvet esp,80.0,40.0,HARINA,RED VELVET,1149,HARINA RED VELVET ESP,,2022-07-25
MEGA PLAST,2022-07-27,354162,1.0,kg,Easy pastel tres leches,53.0,53.0,HARINA,CHOCOLATE,1150,EASY PASTEL TRES LECHES,,2022-07-25
MEGA PLAST,2022-07-27,354162,1.0,pz,Queso philadelphia,30.0,30.0,QUESO CREMA,,1151,QUESO PHILADELPHIA,,2022-07-25
MEGA PLAST,2022-07-27,354162,1.0,pz,nutella 1 kg,160.0,160.0,RELLENO,,1152,NUTELLA 1 KG,,2022-07-25
REPOSTEARTE,2022-07-27,ND,2.0,kg,Foundant,166.0,83.0,FONDANT,,1153,FOUNDANT,,2022-07-25
MEGA PLAST,2022-07-27,354162,100.0,gr,chocolate blanco sica,21.0,210.0,CHOCOLATE,,1154,CHOCOLATE BLANCO SICA,,2022-07-25
SHEIN,2022-07-26,ND,1.0,pz,Cortadores,59.0,59.0,HERRAMIENTA,,1155,CORTADORES,,2022-07-25
REPOSTEARTE,2022-07-24,ND,2.0,pz,Transfer,90.0,45.0,DECORACION,,1156,TRANSFER,,2022-07-18
B. AURRERA,2022-07-01,ND,1.0,pz,aceite,40.0,40.0,ACEITE,,1157,ACEITE,,2022-06-27
REPOSTEARTE,2022-07-01,ND,2.0,kg,Foundant,166.0,83.0,FONDANT,,1158,FOUNDANT,,2022-06-27
REPOSTEARTE,2022-07-01,ND,1.0,pz,base d liston,23.0,23.0,BASES,,1159,BASE D LISTON,,2022-06-27
GASOLINERIA,2022-07-01,ND,10.0,lts,Gasolina,210.9,21.09,COMBUSTIBLE,,1160,GASOLINA,,2022-06-27
TIENDA,2022-07-01,ND,2.0,kg,Huevo,80.0,40.0,HUEVO,,1161,HUEVO,,2022-06-27
GASERA,2022-07-01,ND,10.0,lts,Gas LP,120.0,12.0,COMBUSTIBLE,,1162,GAS LP,,2022-06-27
ESTRELLA,2022-06-30,3895,2.0,pz,domo 12,30.0,15.0,EMPAQUE,,1163,DOMO 12,,2022-06-27
ESTRELLA,2022-06-30,3895,2.0,Kg,chantilly,132.0,66.0,CHANTILLY,,1164,CHANTILLY,,2022-06-27
ESTRELLA,2022-06-30,3357,1.0,kg,Chantilly,66.0,66.0,CHANTILLY,,1165,CHANTILLY,,2022-06-27
ESTRELLA,2022-06-30,3895,1.0,pz,bolsa,3.0,3.0,EMPAQUE,,1166,BOLSA,,2022-06-27
ESTRELLA,2022-06-30,3895,100.0,gr,kisses,25.0,250.0,CHOCOLATE,,1167,KISSES,,2022-06-27
ESTRELLA,2022-06-30,3357,1.0,pz,manga desechable chica,5.5,5.5,CONSUMIBLES,,1168,MANGA DESECHABLE CHICA,,2022-06-27
ESTRELLA,2022-06-30,3357,1.0,pz,duya pasto chica,18.5,18.5,HERRAMIENTA,,1169,DUYA PASTO CHICA,,2022-06-27
B. AURRERA,2022-06-29,399878732749189393826,1.0,pz,Nido forti,21.0,21.0,DECORACION,,1170,NIDO FORTI,,2022-06-27
B. AURRERA,2022-06-29,399878732749189393826,1.0,pz,Evaporada,17.9,17.9,LECHERA,,1171,EVAPORADA,,2022-06-27
B. AURRERA,2022-06-21,54304151658548980432,1.0,pz,chocolate,7.0,7.0,CHOCOLATE,,1172,CHOCOLATE,,2022-06-20
REPOSTEARTE,2022-06-21,ND,1.0,paq,capacillos,39.0,39.0,CAPACILLOS,,1173,CAPACILLOS,,2022-06-20
REPOSTEARTE,2022-06-19,ND,1.0,kg,Foundant,83.0,83.0,FONDANT,,1174,FOUNDANT,,2022-06-13
REPOSTEARTE,2022-06-14,ND,1.0,paq,capacillos,39.0,39.0,CAPACILLOS,,1175,CAPACILLOS,,2022-06-13
ESTRELLA,2022-06-09,0840,2.0,Kg,chantilly,132.0,66.0,CHANTILLY,,1176,CHANTILLY,,2022-06-06
MEGA PLAST,2022-06-02,343892,1.0,pz,Queso philadelphia,30.0,30.0,QUESO CREMA,,1177,QUESO PHILADELPHIA,,2022-05-30
MEGA PLAST,2022-06-02,343892,1.0,Kg,Easy pastel tres leches,65.0,65.0,HARINA,CHOCOLATE,1178,EASY PASTEL TRES LECHES,,2022-05-30
MEGA PLAST,2022-06-02,343892,1.0,Kg,Easy pastel tres leches,53.0,53.0,HARINA,CHOCOLATE,1179,EASY PASTEL TRES LECHES,,2022-05-30
MEGA PLAST,2022-06-02,343892,2.0,pz,Crema batida chantilli ASTURIAS,108.0,54.0,CHANTILLY,,1180,CREMA BATIDA CHANTILLI ASTURIAS,,2022-05-30
REPOSTEARTE,2022-06-02,ND,50.0,gr,perlas,17.5,350.0,DECORACION,,1181,PERLAS,,2022-05-30
REPOSTEARTE,2022-06-02,ND,3.0,cj,cajas,55.5,18.5,EMPAQUE,,1182,CAJAS,,2022-05-30
REPOSTEARTE,2022-06-02,ND,5.0,pz,mangas,25.0,5.0,CONSUMIBLES,,1183,MANGAS,,2022-05-30
TIENDA,2022-06-01,ND,1.0,kg,Huevo,40.0,40.0,HUEVO,,1184,HUEVO,,2022-05-30
MEGA PLAST,2022-06-01,349414,1.0,pz,Nutella chica 350 grs,65.0,65.0,RELLENO,,1185,NUTELLA CHICA 350 GRS,,2022-05-30
MEGA PLAST,2022-06-01,349414,1.0,kg,harina Red velvet esp,40.0,40.0,HARINA,RED VELVET,1186,HARINA RED VELVET ESP,,2022-05-30
GASOLINERIA,2022-06-01,ND,10.0,lts,Gasolina,210.9,21.09,COMBUSTIBLE,,1187,GASOLINA,,2022-05-30
MEGA PLAST,2022-06-01,349414,1.0,kg,huevo blanco san juan,45.0,45.0,HUEVO,,1188,HUEVO BLANCO SAN JUAN,,2022-05-30
B. AURRERA,2022-06-01,ND,1.0,pz,aceite,40.0,40.0,ACEITE,,1189,ACEITE,,2022-05-30
GASERA,2022-06-01,ND,10.0,lts,Gas LP,120.0,12.0,COMBUSTIBLE,,1190,GAS LP,,2022-05-30
ESTRELLA,2022-05-12,1098,1.0,kg,Harina,20.0,20.0,HARINA,TRIGO,1191,HARINA,,2022-05-09
ESTRELLA,2022-05-12,1098,1.0,kg,Puratos vainilla,62.5,62.5,RELLENO,,1192,PURATOS VAINILLA,,2022-05-09
ESTRELLA,2022-05-12,1098,50.0,gr,platanitos,10.0,200.0,OTROS,,1193,PLATANITOS,,2022-05-09
ESTRELLA,2022-05-12,1098,1.0,pz,Nutella chica 350 grs,66.0,66.0,RELLENO,,1194,NUTELLA CHICA 350 GRS,,2022-05-09
MEGA PLAST,2022-05-12,340484,500.0,gr,galleta Oreo relleno,55.0,110.0,GALLETAS,,1195,GALLETA OREO RELLENO,,2022-05-09
MEGA PLAST,2022-05-12,340484,1.0,pz,celofan 12x18 sello ,20.0,20.0,DECORACION,,1196,CELOFAN 12X18 SELLO,,2022-05-09
ESTRELLA,2022-05-12,1098,100.0,gr,Sicao blanco real,24.0,240.0,DECORACION,,1197,SICAO BLANCO REAL,,2022-05-09
REPOSTEARTE,2022-05-10,ND,1.0,pz,cortadores,35.0,35.0,HERRAMIENTA,,1198,CORTADORES,,2022-05-09
MEGA PLAST,2022-05-10,340275,1.0,pz,Crema para batir ambiante 1 lt,63.0,63.0,AMBIANTE,,1199,CREMA PARA BATIR AMBIANTE 1 LT,,2022-05-09
REPOSTEARTE,2022-05-10,ND,1.0,pz,base 26 cm,9.5,9.5,BASES,,1200,BASE 26 CM,,2022-05-09
REPOSTEARTE,2022-05-10,ND,1.0,pz,base 28 doble,23.0,23.0,BASES,,1201,BASE 28 DOBLE,,2022-05-09
MEGA PLAST,2022-05-10,340275,1.0,pz,Crema batida chantilli ASTURIAS,54.0,54.0,CHANTILLY,,1202,CREMA BATIDA CHANTILLI ASTURIAS,,2022-05-09
REPOSTEARTE,2022-05-10,ND,2.0,kg,Foundant,166.0,83.0,FONDANT,,1203,FOUNDANT,,2022-05-09
MEGA PLAST,2022-05-10,340275,1.0,Kg,Tegral Satin Red Velvet Puratos,58.0,58.0,HARINA,RED VELVET,1204,TEGRAL SATIN RED VELVET PURATOS,,2022-05-09
MEGA PLAST,2022-05-10,340275,1.0,pz,Royal Icing Deiman 50,50.0,50.0,ROYALICING,,1205,ROYAL ICING DEIMAN 50,,2022-05-09
MEGA PLAST,2022-05-10,340275,300.0,gr,galleta Oreo suelta,27.0,90.0,GALLETAS,,1206,GALLETA OREO SUELTA,,2022-05-09
MEGA PLAST,2022-05-10,340275,2.0,pz,domo 1/4 plancha,50.0,25.0,EMPAQUE,,1207,DOMO 1/4 PLANCHA,,2022-05-09
MEGA PLAST,2022-05-10,340275,200.0,gr,chocolate blanco sica,42.0,210.0,CHOCOLATE,,1208,CHOCOLATE BLANCO SICA,,2022-05-09
B. AURRERA,2022-05-01,ND,1.0,pz,aceite,40.0,40.0,ACEITE,,1209,ACEITE,,2022-04-25
TIENDA,2022-05-01,ND,2.0,kg,Huevo,80.0,40.0,HUEVO,,1210,HUEVO,,2022-04-25
GASERA,2022-05-01,ND,10.0,lts,Gas LP,120.0,12.0,COMBUSTIBLE,,1211,GAS LP,,2022-04-25
GASOLINERIA,2022-05-01,ND,10.0,lts,Gasolina,210.9,21.09,COMBUSTIBLE,,1212,GASOLINA,,2022-04-25
ESTRELLA,2022-04-29,0258,50.0,gr,confiteria,35.0,700.0,DULCERIA,,1213,CONFITERIA,,2022-04-25
ESTRELLA,2022-04-29,0258,100.0,gr,Cerezas,23.5,235.0,DULCERIA,,1214,CEREZAS,,2022-04-25
ESTRELLA,2022-04-29,0258,1.0,kg,Chantilli Asturias,66.0,66.0,CHANTILLY,,1215,CHANTILLI ASTURIAS,,2022-04-25
OXXO,2022-04-28,2140524,1.0,pz,chocolate hershey's,19.0,19.0,CHOCOLATE,,1216,CHOCOLATE HERSHEY'S,,2022-04-25
REPOSTEARTE,2022-04-28,ND,1.0,pz,base 28 cm,11.5,11.5,BASES,,1217,BASE 28 CM,,2022-04-25
REPOSTEARTE,2022-04-28,ND,1.0,pz,base 25x35,14.0,14.0,BASES,,1218,BASE 25X35,,2022-04-25
OXXO,2022-04-28,2140524,1.0,pz,Queso philadelphia,35.0,35.0,QUESO CREMA,,1219,QUESO PHILADELPHIA,,2022-04-25
MEGA PLAST,2022-04-27,338472,2.0,Kg,Tegral Satin Creme ca ,114.0,57.0,HARINA,CHOCOLATE,1220,TEGRAL SATIN CREME CA,,2022-04-25
REPOSTEARTE,2022-04-27,ND,1.0,kg,Foundant,83.0,83.0,FONDANT,,1221,FOUNDANT,,2022-04-25
MEGA PLAST,2022-04-27,338472,1.0,Kg,easy pastel tres leches,47.0,47.0,HARINA,VAINILLA,1222,EASY PASTEL TRES LECHES,,2022-04-25
MEGA PLAST,2022-04-27,338472,1.0,pz,Crema para batir ambiante 1 lt,63.0,63.0,AMBIANTE,,1223,CREMA PARA BATIR AMBIANTE 1 LT,,2022-04-25
MEGA PLAST,2022-04-27,338472,200.0,gr,confiter semi amargo,44.0,220.0,CHOCOLATE,,1224,CONFITER SEMI AMARGO,,2022-04-25
MEGA PLAST,2022-04-27,338472,1.0,pz,Relleno durazno puratos,53.5,53.5,RELLENO,,1225,RELLENO DURAZNO PURATOS,,2022-04-25
MEGA PLAST,2022-04-27,338472,1.0,ND,ND,200.0,200.0,NO DEFINIDO,,1226,ND,,2022-04-25
REPOSTEARTE,2022-04-27,ND,1.0,pz,base,9.5,9.5,BASES,,1227,BASE,,2022-04-25
MEGA PLAST,2022-04-27,338472,1.0,pz,Nutella chica 350 grs,65.0,65.0,RELLENO,,1228,NUTELLA CHICA 350 GRS,,2022-04-25
ESTRELLA,2022-04-06,0351,1.0,pz,ambiante,62.5,62.5,AMBIANTE,,1229,AMBIANTE,,2022-04-04
ESTRELLA,2022-04-06,0351,100.0,gr,Turin semiamargo,20.0,200.0,CHOCOLATE,,1230,TURIN SEMIAMARGO,,2022-04-04
ESTRELLA,2022-04-06,0351,100.0,gr,kisses,25.0,250.0,CHOCOLATE,,1231,KISSES,,2022-04-04
ESTRELLA,2022-04-06,0351,100.0,gr,bolsa 10x15,25.0,250.0,EMPAQUE,,1232,BOLSA 10X15,,2022-04-04
REPOSTEARTE,2022-04-04,ND,1.0,pz,duya,40.0,40.0,CONSUMIBLES,,1233,DUYA,,2022-04-04
REPOSTEARTE,2022-04-04,ND,4.0,kg,Foundant,332.0,83.0,FONDANT,,1234,FOUNDANT,,2022-04-04
REPOSTEARTE,2022-04-04,ND,1.0,pz,base 33 x 33,17.5,17.5,BASES,,1235,BASE 33 X 33,,2022-04-04
REPOSTEARTE,2022-04-04,ND,1.0,pz,base 28 cm doble,23.0,23.0,BASES,,1236,BASE 28 CM DOBLE,,2022-04-04
B. AURRERA,2022-04-01,ND,1.0,pz,aceite,40.0,40.0,ACEITE,,1237,ACEITE,,2022-03-28
GASERA,2022-04-01,ND,10.0,lts,Gas LP,120.0,12.0,COMBUSTIBLE,,1238,GAS LP,,2022-03-28
GASOLINERIA,2022-04-01,ND,10.0,lts,Gasolina,210.9,21.09,COMBUSTIBLE,,1239,GASOLINA,,2022-03-28
TIENDA,2022-04-01,ND,2.0,kg,Huevo,80.0,40.0,HUEVO,,1240,HUEVO,,2022-03-28
REPOSTEARTE,2022-03-25,ND,1.0,pz,base doble 28,23.0,23.0,BASES,,1241,BASE DOBLE 28,,2022-03-21
REPOSTEARTE,2022-03-23,ND,1.0,pz,Transfer,45.0,45.0,DECORACION,,1242,TRANSFER,,2022-03-21
MEGA PLAST,2022-03-23,333647,1.0,Kg,Tegral Satin Creme ca ,57.0,57.0,HARINA,CHOCOLATE,1243,TEGRAL SATIN CREME CA,,2022-03-21
GASOLINERIA,2022-03-23,2111392,10.0,lts,Gasolina,210.9,21.09,COMBUSTIBLE,,1244,GASOLINA,,2022-03-21
ESTRELLA,2022-03-22,0704,1.0,kg,Chantilli Asturias,66.0,66.0,CHANTILLY,,1245,CHANTILLI ASTURIAS,,2022-03-21
REPOSTEARTE,2022-03-22,ND,1.0,pz,base 30 cm,12.0,12.0,BASES,,1246,BASE 30 CM,,2022-03-21
REPOSTEARTE,2022-03-22,ND,1.0,kg,Foundant,83.0,83.0,FONDANT,,1247,FOUNDANT,,2022-03-21
B. AURRERA,2022-03-21,130443048041637480345,1.0,pz,Queso philadelphia,31.5,31.5,RELLENO,,1248,QUESO PHILADELPHIA,,2022-03-21
COIESA,2022-03-17,2010,50.0,pz,caja de cartón para cupcake 6 piezas,391.5,7.83,EMPAQUE,,1249,CAJA DE CARTON PARA CUPCAKE 6 PIEZAS,,2022-03-14
REPOSTEARTE,2022-03-17,ND,1.0,pz,pincel,10.0,10.0,HERRAMIENTA,,1250,PINCEL,,2022-03-14
REPOSTEARTE,2022-03-17,ND,2.0,pz,caja para cupcake 12 piezas,37.0,18.5,EMPAQUE,,1251,CAJA PARA CUPCAKE 12 PIEZAS,,2022-03-14
REPOSTEARTE,2022-03-03,ND,2.0,Kg,Foundant,166.0,83.0,FONDANT,,1252,FOUNDANT,,2022-02-28
REPOSTEARTE,2022-03-03,ND,2.0,pz,bases 28 cm,21.0,10.5,BASES,,1253,BASES 28 CM,,2022-02-28
MEGA PLAST,2022-03-03,331267,1.0,Kg,huevo blanco san juan,39.0,39.0,HUEVO,,1254,HUEVO BLANCO SAN JUAN,,2022-02-28
MEGA PLAST,2022-03-03,331267,1.0,Kg,chantilli,66.0,66.0,CHANTILLY,,1255,CHANTILLI,,2022-02-28
MEGA PLAST,2022-03-03,331267,100.0,gr,kisses,25.0,250.0,CHOCOLATE,,1256,KISSES,,2022-02-28
MEGA PLAST,2022-03-03,331267,100.0,gr,confiter semi amargo,22.0,220.0,CHOCOLATE,,1257,CONFITER SEMI AMARGO,,2022-02-28
MEGA PLAST,2022-03-03,331267,1.0,pz,relleno zarzamora puratos,52.0,52.0,RELLENO,,1258,RELLENO ZARZAMORA PURATOS,,2022-02-28
MEGA PLAST,2022-03-03,331267,1.0,Kg,Easy pastel tres leches,47.0,47.0,HARINA,VAINILLA,1259,EASY PASTEL TRES LECHES,,2022-02-28
B. AURRERA,2022-03-01,ND,1.0,pz,aceite,40.0,40.0,ACEITE,,1260,ACEITE,,2022-02-28
GASERA,2022-03-01,ND,10.0,lts,Gas LP,120.0,12.0,COMBUSTIBLE,,1261,GAS LP,,2022-02-28
TIENDA,2022-03-01,ND,1.0,kg,Huevo,40.0,40.0,HUEVO,,1262,HUEVO,,2022-02-28
ESTRELLA,2022-02-23,1893,50.0,pz,celofan 8x12,15.0,0.3,DECORACION,,1263,CELOFAN 8X12,,2022-02-21
ESTRELLA,2022-02-23,1893,100.0,gr,suspiro,16.0,160.0,DULCERIA,,1264,SUSPIRO,,2022-02-21
ESTRELLA,2022-02-23,1893,1.0,Kg,chantilli,66.0,66.0,CHANTILLY,,1265,CHANTILLI,,2022-02-21
ESTRELLA,2022-02-23,1893,1.0,kg,red velvet,60.0,60.0,HARINA,RED VELVET,1266,RED VELVET,,2022-02-21
ESTRELLA,2022-02-23,1893,1.0,pz,Ferrero,85.0,85.0,CHOCOLATE,,1267,FERRERO,,2022-02-21
ESTRELLA,2022-02-23,1893,100.0,gr,cacao bremen,18.0,180.0,CHOCOLATE,,1268,CACAO BREMEN,,2022-02-21
MEGA PLAST,2022-02-21,329928,1.0,Kg,easy pastel tres leches,47.0,47.0,HARINA,VAINILLA,1269,EASY PASTEL TRES LECHES,,2022-02-21
REPOSTEARTE,2022-02-19,ND,2.0,pz,Transfer,90.0,45.0,DECORACION,,1270,TRANSFER,,2022-02-14
REPOSTEARTE,2022-02-14,ND,100.0,gr,perlas,35.0,350.0,DECORACION,,1271,PERLAS,,2022-02-14
ESTRELLA,2022-02-12,49354,3.0,kg,Chantilli Asturias,198.0,66.0,CHANTILLY,,1272,CHANTILLI ASTURIAS,,2022-02-07
B. AURRERA,2022-02-12,799515472123451261599,1.0,pz,Queso philadelphia,31.5,31.5,RELLENO,,1273,QUESO PHILADELPHIA,,2022-02-07
B. AURRERA,2022-02-12,799515472123451261599,1.0,pz,aceite,32.1,32.1,ACEITE,,1274,ACEITE,,2022-02-07
ESTRELLA,2022-02-12,49354,1.0,kg,Foundant,95.0,95.0,FONDANT,,1275,FOUNDANT,,2022-02-07
MEGA PLAST,2022-02-10,328415,1.0,Kg,easy pastel tres leches,47.0,47.0,HARINA,VAINILLA,1276,EASY PASTEL TRES LECHES,,2022-02-07
MEGA PLAST,2022-02-10,328415,500.0,gr,harina de trigo suelta,7.5,15.0,HARINA,TRIGO,1277,HARINA DE TRIGO SUELTA,,2022-02-07
MEGA PLAST,2022-02-10,328415,1.0,pz,Royal Icing Deiman 50,50.0,50.0,ROYALICING,,1278,ROYAL ICING DEIMAN 50,,2022-02-07
MEGA PLAST,2022-02-10,328415,1.0,ND,ND,22.0,22.0,NO DEFINIDO,,1279,ND,,2022-02-07
MEGA PLAST,2022-02-10,328415,1.0,pz,mantequilla gloria,185.0,185.0,MANTEQUILLA,,1280,MANTEQUILLA GLORIA,,2022-02-07
MEGA PLAST,2022-02-10,328415,2.0,pz,papel quilon para hornear,10.0,5.0,CONSUMIBLES,,1281,PAPEL QUILON PARA HORNEAR,,2022-02-07
REPOSTEARTE,2022-02-10,ND,5.0,cj,domo para cupcake 6 piezas,60.0,12.0,EMPAQUE,,1282,DOMO PARA CUPCAKE 6 PIEZAS,,2022-02-07
REPOSTEARTE,2022-02-10,ND,3.0,cj,Domo para cupcake 12 piezas,52.5,17.5,EMPAQUE,,1283,DOMO PARA CUPCAKE 12 PIEZAS,,2022-02-07
REPOSTEARTE,2022-02-10,ND,1.0,pz,matizador,70.0,70.0,DECORACION,,1284,MATIZADOR,,2022-02-07
MEGA PLAST,2022-02-10,328415,1.0,ND,ND,26.0,26.0,NO DEFINIDO,,1285,ND,,2022-02-07
B. AURRERA,2022-02-05,13112569694126684444,1.0,paq,Galleta Oreo,21.9,21.9,GALLETAS,,1286,GALLETA OREO,,2022-01-31
REPOSTEARTE,2022-02-04,ND,2.0,cj,Domo para cupcake 12 piezas,30.0,15.0,EMPAQUE,,1287,DOMO PARA CUPCAKE 12 PIEZAS,,2022-01-31
REPOSTEARTE,2022-02-04,ND,2.0,cj,domo para cupcake 6 piezas,35.0,17.5,EMPAQUE,,1288,DOMO PARA CUPCAKE 6 PIEZAS,,2022-01-31
B. AURRERA,2022-02-04,55220310434704846091,1.0,pz,chocolate,16.0,16.0,CHOCOLATE,,1289,CHOCOLATE,,2022-01-31
REPOSTEARTE,2022-02-04,ND,50.0,gr,perla,22.5,450.0,DECORACION,,1290,PERLA,,2022-01-31
REPOSTEARTE,2022-02-04,ND,1.0,pz,letrero,40.0,40.0,DECORACION,,1291,LETRERO,,2022-01-31
GASOLINERIA,2022-02-01,ND,10.0,lts,Gasolina,210.9,21.09,COMBUSTIBLE,,1292,GASOLINA,,2022-01-31
TIENDA,2022-02-01,ND,2.0,kg,Huevo,80.0,40.0,HUEVO,,1293,HUEVO,,2022-01-31
GASERA,2022-02-01,ND,10.0,lts,Gas LP,120.0,12.0,COMBUSTIBLE,,1294,GAS LP,,2022-01-31
ESTRELLA,2022-01-24,46199,1.0,Kg,Chantilli,64.0,64.0,CHANTILLY,,1295,CHANTILLI,,2022-01-24
ESTRELLA,2022-01-24,46199,1.0,pz,Base,3.0,3.0,BASES,,1296,BASE,,2022-01-24
ESTRELLA,2022-01-24,46199,1.0,Kg,Puratos Tres Leches Vainilla,65.5,65.5,RELLENO,,1297,PURATOS TRES LECHES VAINILLA,,2022-01-24
ESTRELLA,2022-01-24,46199,1.0,Kg,Azucar glass,28.5,28.5,AZUCAR,GLASS,1298,AZUCAR GLASS,,2022-01-24
ESTRELLA,2022-01-24,46199,2.0,pz,Domo para cupcake,32.0,16.0,EMPAQUE,,1299,DOMO PARA CUPCAKE,,2022-01-24
CRAVIOTO,2022-01-23,82997,1.0,paq,deiman plumones mágicos,335.5,335.5,DECORACION,,1300,DEIMAN PLUMONES MAGICOS,,2022-01-17
CRAVIOTO,2022-01-23,82997,10.0,pz,pastireal manga no. 12,35.96,3.596,CONSUMIBLES,,1301,PASTIREAL MANGA NO. 12,,2022-01-17
CRAVIOTO,2022-01-23,82997,1.0,Kg,puratos creamfil creme choco,39.7,39.7,RELLENO,,1302,PURATOS CREAMFIL CREME CHOCO,,2022-01-17
CRAVIOTO,2022-01-23,82997,1.0,pz,molde para chocolate,19.72,19.72,HERRAMIENTA,,1303,MOLDE PARA CHOCOLATE,,2022-01-17
CRAVIOTO,2022-01-23,82997,25.0,pz,inix contenedor mantecadas,160.1,6.404,EMPAQUE,,1304,INIX CONTENEDOR MANTECADAS,,2022-01-17
CRAVIOTO,2022-01-23,82997,1.0,paq,nestle carlos v stick 20 pz,33.83,33.83,CHOCOLATE,,1305,NESTLE CARLOS V STICK 20 PZ,,2022-01-17
CRAVIOTO,2022-01-23,82997,1.0,pz,celofan 9x15,16.68,16.68,CONSUMIBLES,,1306,CELOFAN 9X15,,2022-01-17
CRAVIOTO,2022-01-23,82997,1.0,pz,deiman aditivo para chocolate,42.17,42.17,DECORACION,,1307,DEIMAN ADITIVO PARA CHOCOLATE,,2022-01-17
CRAVIOTO,2022-01-23,82997,1.0,pz,deiman bioxido de titanio,41.94,41.94,DECORACION,,1308,DEIMAN BIOXIDO DE TITANIO,,2022-01-17
CRAVIOTO,2022-01-23,82997,1.0,pz,deiman sab liq vainilla sin color 500 ml,30.54,30.54,DECORACION,,1309,DEIMAN SAB LIQ VAINILLA SIN COLOR 500 ML,,2022-01-17
CRAVIOTO,2022-01-23,82997,1.0,pz,Ferrero Rocher T-16,101.95,101.95,CHOCOLATE,,1310,FERRERO ROCHER T-16,,2022-01-17
ESTRELLA,2022-01-18,46119,100.0,gr,Alpezzi 14000,15.0,150.0,CHOCOLATE,,1311,ALPEZZI 14000,,2022-01-17
ESTRELLA,2022-01-18,46119,100.0,gr,Sicao blanco,14.0,140.0,DECORACION,,1312,SICAO BLANCO,,2022-01-17
ESTRELLA,2022-01-18,46119,100.0,gr,Kisses,25.0,250.0,CHOCOLATE,,1313,KISSES,,2022-01-17
ESTRELLA,2022-01-14,46422,1.0,kg,Chantilli,68.5,68.5,CHANTILLY,,1314,CHANTILLI,,2022-01-10
ESTRELLA,2022-01-14,46422,1.0,pz,color gel negro,14.5,14.5,COLORANTES,,1315,COLOR GEL NEGRO,,2022-01-10
ESTRELLA,2022-01-14,46422,50.0,gr,granillo chico,5.0,100.0,CHOCOLATE,,1316,GRANILLO CHICO,,2022-01-10
ESTRELLA,2022-01-14,46422,2.0,pz,Manga chica,11.0,5.5,CONSUMIBLES,,1317,MANGA CHICA,,2022-01-10
OXXO,2022-01-13,2246073,1.0,paq,manteca,43.5,43.5,OTROS,,1318,MANTECA,,2022-01-10
B. AURRERA,2022-01-12,847707697575074188728,2.0,pz,Queso philadelphia,63.0,31.5,RELLENO,,1319,QUESO PHILADELPHIA,,2022-01-10
REPOSTEARTE,2022-01-11,ND,1.0,pz,DESCONOCIDO,238.0,238.0,NO DEFINIDO,,1320,DESCONOCIDO,,2022-01-10
ESTRELLA,2022-01-11,46337,100.0,gr,Turin amargo,26.5,265.0,CHOCOLATE,,1321,TURIN AMARGO,,2022-01-10
REPOSTEARTE,2022-01-11,ND,2.0,pz,Transfer,90.0,45.0,DECORACION,,1322,TRANSFER,,2022-01-10
REPOSTEARTE,2022-01-11,ND,1.0,paq,capacillos,39.0,39.0,CAPACILLOS,,1323,CAPACILLOS,,2022-01-10
REPOSTEARTE,2022-01-11,ND,2.0,Kg,Foundant,166.0,83.0,FONDANT,,1324,FOUNDANT,,2022-01-10
REPOSTEARTE,2022-01-11,ND,1.0,paq,srpinkles,52.0,52.0,DECORACION,,1325,SRPINKLES,,2022-01-10
REPOSTEARTE,2022-01-11,ND,1.0,pz,base,10.5,10.5,BASES,,1326,BASE,,2022-01-10
REPOSTEARTE,2022-01-11,ND,50.0,gr,perlas,17.5,350.0,DECORACION,,1327,PERLAS,,2022-01-10
ESTRELLA,2022-01-11,46337,1.0,kg,chantilli,68.5,68.5,CHANTILLY,,1328,CHANTILLI,,2022-01-10
ESTRELLA,2022-01-11,46337,5.0,pz,Domo mantecada 6 cavidades,42.5,8.5,EMPAQUE,,1329,DOMO MANTECADA 6 CAVIDADES,,2022-01-10
REPOSTEARTE,2022-01-11,ND,10.0,gr,rutz,25.0,2500.0,DECORACION,,1330,RUTZ,,2022-01-10
REPOSTEARTE,2022-01-03,ND,1.0,pz,Transfer,45.0,45.0,DECORACION,,1331,TRANSFER,,2022-01-03
REPOSTEARTE,2022-01-03,ND,1.0,pz,base 28cm,10.5,10.5,BASES,,1332,BASE 28CM,,2022-01-03
REPOSTEARTE,2022-01-03,ND,1.0,pz,duya,40.0,40.0,HERRAMIENTA,,1333,DUYA,,2022-01-03
REPOSTEARTE,2022-01-03,ND,2.0,pz,mangas,10.0,5.0,CONSUMIBLES,,1334,MANGAS,,2022-01-03
REPOSTEARTE,2022-01-03,ND,50.0,gr,perlas,17.5,350.0,DECORACION,,1335,PERLAS,,2022-01-03
REPOSTEARTE,2022-01-03,ND,1.0,paq,capacillos ,45.0,45.0,CAPACILLOS,,1336,CAPACILLOS,,2022-01-03
B. AURRERA,2022-01-01,ND,1.0,pz,aceite,40.0,40.0,ACEITE,,1337,ACEITE,,2021-12-27
GASOLINERIA,2022-01-01,ND,10.0,lts,Gasolina,210.9,21.09,COMBUSTIBLE,,1338,GASOLINA,,2021-12-27
TIENDA,2022-01-01,ND,2.0,kg,Huevo,80.0,40.0,HUEVO,,1339,HUEVO,,2021-12-27
GASERA,2022-01-01,ND,10.0,lts,Gas LP,120.0,12.0,COMBUSTIBLE,,1340,GAS LP,,2021-12-27
ESTRELLA,2021-12-29,46724,2.0,pz,Domo para cupcake 12 piezas,30.0,15.0,EMPAQUE,,1341,DOMO PARA CUPCAKE 12 PIEZAS,,2021-12-27
ESTRELLA,2021-12-29,46724,4.0,pz,Domo para Cupcake ,34.0,8.5,EMPAQUE,,1342,DOMO PARA CUPCAKE,,2021-12-27
ESTRELLA,2021-12-29,46724,2.0,Kg,Chantilli,108.0,54.0,CHANTILLY,,1343,CHANTILLI,,2021-12-27
B. AURRERA,2021-12-29,98377222875695538969,1.0,Paq,Huevo Calvario,28.9,28.9,HUEVO,,1344,HUEVO CALVARIO,,2021-12-27
B. AURRERA,2021-12-29,98377222875695538969,1.0,Paq,Queso philadelphia,27.0,27.0,RELLENO,,1345,QUESO PHILADELPHIA,,2021-12-27
B. AURRERA,2021-12-29,98377222875695538969,1.0,pz,sabrosano,39.0,39.0,ACEITE,,1346,SABROSANO,,2021-12-27
ESTRELLA,2021-12-29,46724,1.0,paq,Capacillo dorado,49.5,49.5,CAPACILLOS,,1347,CAPACILLO DORADO,,2021-12-27
MEGA PLAST,2021-12-29,322879,1.0,Kg,Tegral Satin Red Velvet Puratos,58.0,58.0,HARINA,RED VELVET,1348,TEGRAL SATIN RED VELVET PURATOS,,2021-12-27
B. AURRERA,2021-12-28,886946210447289710808,1.0,Paq,Queso philadelphia,34.84,34.84,RELLENO,,1349,QUESO PHILADELPHIA,,2021-12-27
SHEIN,2021-12-27,ND,1.0,pz,"pipetillas, balanza electrónica, temporizador, molde de prensa",460.0,460.0,HERRAMIENTA,,1350,"PIPETILLAS, BALANZA ELECTRONICA, TEMPORIZADOR, MOLDE DE PRENSA",,2021-12-27
REPOSTEARTE,2021-12-24,ND,2.0,pz,bases 28 cm,21.0,10.5,BASES,,1351,BASES 28 CM,,2021-12-20
REPOSTEARTE,2021-12-24,ND,1.0,pz,Transfer,45.0,45.0,DECORACION,,1352,TRANSFER,,2021-12-20
REPOSTEARTE,2021-12-24,ND,1.0,Kg,Foundant,95.0,95.0,FONDANT,,1353,FOUNDANT,,2021-12-20
ESTRELLA,2021-12-22,46769,4.0,pz,Domo 4 man,34.0,8.5,EMPAQUE,,1354,DOMO 4 MAN,,2021-12-20
ESTRELLA,2021-12-22,46769,1.0,kg,Chantilli,54.0,54.0,CHANTILLY,,1355,CHANTILLI,,2021-12-20
ESTRELLA,2021-12-22,46769,1.0,paq,Carlos V,38.0,38.0,CHOCOLATE,,1356,CARLOS V,,2021-12-20
ESTRELLA,2021-12-22,46769,1.0,paq,40 capacillos,20.0,20.0,CAPACILLOS,,1357,40 CAPACILLOS,,2021-12-20
ESTRELLA,2021-12-17,47280,1.0,Kg,Chantilli,52.0,52.0,CHANTILLY,,1358,CHANTILLI,,2021-12-13
ESTRELLA,2021-12-17,47280,4.0,pz,Molde cupcake (6 pz),34.0,8.5,EMPAQUE,,1359,MOLDE CUPCAKE (6 PZ),,2021-12-13
ESTRELLA,2021-12-17,47280,1.0,pz,Vela chispa,25.0,25.0,DECORACION,,1360,VELA CHISPA,,2021-12-13
ESTRELLA,2021-12-17,47280,1.0,pz,Base 26 cm,11.0,11.0,BASES,,1361,BASE 26 CM,,2021-12-13
MEGA PLAST,2021-12-13,320680,1.0,pz,Crema para batir ambiante 1 lt,53.0,53.0,AMBIANTE,,1362,CREMA PARA BATIR AMBIANTE 1 LT,,2021-12-13
ESTRELLA,2021-12-13,47423,200.0,gr,Turin semiamargo,40.0,200.0,CHOCOLATE,,1363,TURIN SEMIAMARGO,,2021-12-13
MEGA PLAST,2021-12-13,320680,1.0,pz,relleno coco,35.0,35.0,RELLENO,,1364,RELLENO COCO,,2021-12-13
ESTRELLA,2021-12-13,47423,1.0,pz,Escencia menta,57.0,57.0,DECORACION,,1365,ESCENCIA MENTA,,2021-12-13
MEGA PLAST,2021-12-13,320680,1.0,pz,Relleno durazno puratos,49.0,49.0,RELLENO,,1366,RELLENO DURAZNO PURATOS,,2021-12-13
MEGA PLAST,2021-12-13,320680,1.0,Kg,Easy pastel tres leches,58.0,58.0,HARINA,CHOCOLATE,1367,EASY PASTEL TRES LECHES,,2021-12-13
ESTRELLA,2021-12-13,47423,1.0,Kg,Chantilli,52.0,52.0,CHANTILLY,,1368,CHANTILLI,,2021-12-13
MEGA PLAST,2021-12-13,320680,1.0,kg,Easy pastel tres leches,47.0,47.0,HARINA,VAINILLA,1369,EASY PASTEL TRES LECHES,,2021-12-13
ESTRELLA,2021-12-13,47423,4.0,pz,Domo para cupcakes,60.0,15.0,EMPAQUE,,1370,DOMO PARA CUPCAKES,,2021-12-13
ESTRELLA,2021-12-13,47423,50.0,gr,Estrella colores,8.0,160.0,DECORACION,,1371,ESTRELLA COLORES,,2021-12-13
REPOSTEARTE,2021-12-11,ND,1.0,pz,base 26 cm,8.5,8.5,BASES,,1372,BASE 26 CM,,2021-12-06
REPOSTEARTE,2021-12-11,ND,1.0,Kg,Foundant,83.0,83.0,FONDANT,,1373,FOUNDANT,,2021-12-06
B. AURRERA,2021-12-11,76469588785253035947,1.0,pz,sabrosano,39.0,39.0,ACEITE,,1374,SABROSANO,,2021-12-06
B. AURRERA,2021-12-11,76469588785253035947,1.0,paq,huevo,27.0,27.0,HUEVO,,1375,HUEVO,,2021-12-06
MEGA PLAST,2021-12-10,320284,100.0,g,Kiss Almendra,25.0,250.0,CHOCOLATE,,1376,KISS ALMENDRA,,2021-12-06
MEGA PLAST,2021-12-10,320284,1.0,Kg,Easy pastel tres leches,47.0,47.0,HARINA,VAINILLA,1377,EASY PASTEL TRES LECHES,,2021-12-06
MEGA PLAST,2021-12-10,320284,1.0,pz,sabor Red Velvet,38.0,38.0,HARINA,RED VELVET,1378,SABOR RED VELVET,,2021-12-06
MEGA PLAST,2021-12-10,320284,1.0,pz,Domo 1/2 plancha INI,40.0,40.0,EMPAQUE,,1379,DOMO 1/2 PLANCHA INI,,2021-12-06
REPOSTEARTE,2021-12-07,ND,4.0,pz,cajas cupcakes 6 piezas,48.0,12.0,EMPAQUE,,1380,CAJAS CUPCAKES 6 PIEZAS,,2021-12-06
REPOSTEARTE,2021-12-07,ND,1.0,pz,base 28 cm,10.5,10.5,BASES,,1381,BASE 28 CM,,2021-12-06
REPOSTEARTE,2021-12-07,ND,2.0,Kg,Foundant,166.0,83.0,FONDANT,,1382,FOUNDANT,,2021-12-06
B. AURRERA,2021-12-07,565649582795253085937,2.0,pz,Philly Qso,54.0,27.0,RELLENO,,1383,PHILLY QSO,,2021-12-06
MEGA PLAST,2021-12-07,319919,1.0,Kg,Easy pastel tres leches,58.0,58.0,HARINA,CHOCOLATE,1384,EASY PASTEL TRES LECHES,,2021-12-06
B. AURRERA,2021-12-07,565649582795253085937,1.0,pz,kraft parme,42.5,42.5,NO DEFINIDO,,1385,KRAFT PARME,,2021-12-06
B. AURRERA,2021-12-07,565649582795253085937,2.0,pz,chocolate carlos v,20.0,10.0,CHOCOLATE,,1386,CHOCOLATE CARLOS V,,2021-12-06
B. AURRERA,2021-12-07,565649582795253085937,1.0,paq,bollo papa,17.5,17.5,NO DEFINIDO,,1387,BOLLO PAPA,,2021-12-06
B. AURRERA,2021-12-07,565649582795253085937,1.0,pz,alpura med,11.4,11.4,RELLENO,,1388,ALPURA MED,,2021-12-06
ESTRELLA,2021-12-07,47947,5.0,kg,Chantilli 5kg,210.0,42.0,CHANTILLY,,1389,CHANTILLI 5KG,,2021-12-06
MEGA PLAST,2021-12-07,319919,4.0,pz,Domo ERA 2416-10M,30.0,7.5,EMPAQUE,,1390,DOMO ERA 2416-10M,,2021-12-06
MEGA PLAST,2021-12-07,319919,4.0,pz,Domo mantecada 12 cavidades,64.0,16.0,EMPAQUE,,1391,DOMO MANTECADA 12 CAVIDADES,,2021-12-06
REPOSTEARTE,2021-12-07,ND,3.0,pz,hojas de arroz,135.0,45.0,DECORACION,,1392,HOJAS DE ARROZ,,2021-12-06
B. AURRERA,2021-12-07,565649582795253085937,1.0,pz,maizena160,18.0,18.0,RELLENO,,1393,MAIZENA160,,2021-12-06
B. AURRERA,2021-12-04,615986643468387527644,1.0,pz,mr playera,59.0,59.0,NO DEFINIDO,,1394,MR PLAYERA,,2021-11-29
B. AURRERA,2021-12-04,615986643468387527644,1.0,pz,Calahua Co,56.0,56.0,RELLENO,,1395,CALAHUA CO,,2021-11-29
B. AURRERA,2021-12-04,615986643468387527644,2.0,pz,Jumex coco,36.9,18.45,NO DEFINIDO,,1396,JUMEX COCO,,2021-11-29
B. AURRERA,2021-12-04,615986643468387527644,1.0,paq,Dolca,61.5,61.5,NO DEFINIDO,,1397,DOLCA,,2021-11-29
ESTRELLA,2021-12-01,48440,500.0,gr,Harina piña colada espiga mix,17.5,35.0,HARINA,PIÑA COLADA,1398,HARINA PINA COLADA ESPIGA MIX,,2021-11-29
ESTRELLA,2021-12-01,48440,1.0,paq,Capacillo Navidad,37.0,37.0,CAPACILLOS,,1399,CAPACILLO NAVIDAD,,2021-11-29
ESTRELLA,2021-12-01,48440,1.0,Na,Diferencia contra lo cobrado,2.0,2.0,NO DEFINIDO,,1400,DIFERENCIA CONTRA LO COBRADO,,2021-11-29
ESTRELLA,2021-12-01,48440,1.0,pz,pegamento de fondant,70.0,70.0,DECORACION,,1401,PEGAMENTO DE FONDANT,,2021-11-29
ESTRELLA,2021-12-01,48440,1.0,pz,Calahua Co,29.5,29.5,RELLENO,,1402,CALAHUA CO,,2021-11-29
ESTRELLA,2021-12-01,48440,1.0,pz,Escencia rompope,36.0,36.0,DECORACION,,1403,ESCENCIA ROMPOPE,,2021-11-29
ESTRELLA,2021-12-01,48440,2.0,pz,Domo para cupcakes,30.0,15.0,EMPAQUE,,1404,DOMO PARA CUPCAKES,,2021-11-29
ESTRELLA,2021-12-01,48440,1.0,kg,Chantilli,52.0,52.0,CHANTILLY,,1405,CHANTILLI,,2021-11-29
ESTRELLA,2021-12-01,48440,1.0,pz,Cerezas,30.0,30.0,DULCERIA,,1406,CEREZAS,,2021-11-29
B. AURRERA,2021-11-29,325403257580610468305,1.0,paq,Chocolate,57.0,57.0,CHOCOLATE,,1407,CHOCOLATE,,2021-11-29
MEGA PLAST,2021-11-29,318566,1.0,Kg,Easy pastel tres leches,45.0,45.0,HARINA,VAINILLA,1408,EASY PASTEL TRES LECHES,,2021-11-29
MEGA PLAST,2021-11-29,318566,1.0,Kg,Easy pastel tres leches,55.0,55.0,HARINA,CHOCOLATE,1409,EASY PASTEL TRES LECHES,,2021-11-29
MEGA PLAST,2021-11-29,318566,1.0,Kg,Azucar glass de prime,38.0,38.0,AZUCAR,GLASS,1410,AZUCAR GLASS DE PRIME,,2021-11-29
MEGA PLAST,2021-11-29,318566,110.0,g,Granillo alpessi colo,13.2,120.0,CHOCOLATE,,1411,GRANILLO ALPESSI COLO,,2021-11-29
B. AURRERA,2021-11-29,325403257580610468305,1.0,pz,Philly Qso,64.0,64.0,RELLENO,,1412,PHILLY QSO,,2021-11-29
B. AURRERA,2021-11-29,325403257580610468305,1.0,pz,Nido forti,20.0,20.0,DECORACION,,1413,NIDO FORTI,,2021-11-29
B. AURRERA,2021-11-29,325403257580610468305,2.0,paq,Chocolate,16.3,8.15,CHOCOLATE,,1414,CHOCOLATE,,2021-11-29
B. AURRERA,2021-11-29,325403257580610468305,1.0,paq,Galleta Oreo,21.9,21.9,GALLETAS,,1415,GALLETA OREO,,2021-11-29
MEGA PLAST,2021-11-29,318566,1.0,Kg,Tegral Satin Red Velvet Puratos,52.0,52.0,HARINA,RED VELVET,1416,TEGRAL SATIN RED VELVET PURATOS,,2021-11-29
B. AURRERA,2021-11-29,325403257580610468305,1.0,paq,Chocolate,21.5,21.5,CHOCOLATE,,1417,CHOCOLATE,,2021-11-29
REPOSTEARTE,2021-11-25,ND,1.0,pz,Transfer,45.0,45.0,DECORACION,,1420,TRANSFER,,2021-11-22
REPOSTEARTE,2021-11-25,ND,1.0,Kg,Foundant,83.0,83.0,FONDANT,,1421,FOUNDANT,,2021-11-22
DULCERIA,2021-11-25,ND,1.0,paq,Ferrero,69.0,69.0,CHOCOLATE,,1422,FERRERO,,2021-11-22
ALMACENES RAM3,2021-11-20,000097,1.0,pz,ES,20.0,20.0,HERRAMIENTA,,1423,ES,,2021-11-15
ALMACENES RAM3,2021-11-20,000097,2.0,pz,Charolas,115.0,57.5,HERRAMIENTA,,1424,CHAROLAS,,2021-11-15
REPOSTEARTE,2021-11-17,ND,4.0,pz,mangas,28.0,7.0,CONSUMIBLES,,1425,MANGAS,,2021-11-15
REPOSTEARTE,2021-11-17,ND,2.0,kg,Foundant,166.0,83.0,FONDANT,,1426,FOUNDANT,,2021-11-15
REPOSTEARTE,2021-11-17,ND,1.0,pz,base 33x3,32.0,32.0,BASES,,1427,BASE 33X3,,2021-11-15
REPOSTEARTE,2021-11-17,ND,2.0,pz,cajas cupcakes 12 c,35.0,17.5,EMPAQUE,,1428,CAJAS CUPCAKES 12 C,,2021-11-15
REPOSTEARTE,2021-11-17,ND,1.0,pz,cortadores,120.0,120.0,HERRAMIENTA,,1429,CORTADORES,,2021-11-15
REPOSTEARTE,2021-11-17,ND,1.0,pz,capacillos,45.0,45.0,CAPACILLOS,,1430,CAPACILLOS,,2021-11-15
MEGA PLAST,2021-11-17,316599,1.0,pz,relleno zarzamora puratos,45.0,45.0,RELLENO,,1431,RELLENO ZARZAMORA PURATOS,,2021-11-15
MEGA PLAST,2021-11-17,316599,1.0,Kg,Tegral Satin Red Velvet Puratos,52.0,52.0,HARINA,RED VELVET,1432,TEGRAL SATIN RED VELVET PURATOS,,2021-11-15
MEGA PLAST,2021-11-17,316599,1.0,pz,Crema para batir ambiante 1 lt,50.0,50.0,AMBIANTE,,1433,CREMA PARA BATIR AMBIANTE 1 LT,,2021-11-15
REPOSTEARTE,2021-11-17,ND,1.0,pz,base 26 cm,8.5,8.5,BASES,,1434,BASE 26 CM,,2021-11-15
MEGA PLAST,2021-11-17,316599,2.0,Kg,Easy pastel tres leches,90.0,45.0,HARINA,VAINILLA,1435,EASY PASTEL TRES LECHES,,2021-11-15
MEGA PLAST,2021-11-12,315797,4.0,pz,Domo ERA 2416-10M,30.0,7.5,EMPAQUE,,1436,DOMO ERA 2416-10M,,2021-11-08
REPOSTEARTE,2021-11-12,ND,1.0,pz,base 26 cm,8.5,8.5,BASES,,1437,BASE 26 CM,,2021-11-08
REPOSTEARTE,2021-11-12,ND,1.0,pz,cajas cupcakes 6 piezas,24.0,24.0,EMPAQUE,,1438,CAJAS CUPCAKES 6 PIEZAS,,2021-11-08
MEGA PLAST,2021-11-12,315797,1.0,pz,Nutella chica 350 grs,65.0,65.0,RELLENO,,1439,NUTELLA CHICA 350 GRS,,2021-11-08
MEGA PLAST,2021-11-12,315797,500.0,g,Tegral Satin Creme ca ,26.0,52.0,HARINA,CHOCOLATE,1440,TEGRAL SATIN CREME CA,,2021-11-08
MEGA PLAST,2021-11-12,315797,1.0,kg,Tegral Satin Red Velvet Puratos,52.0,52.0,HARINA,RED VELVET,1441,TEGRAL SATIN RED VELVET PURATOS,,2021-11-08
ESTRELLA,2021-11-03,36700,1.0,kg,Chantilli,52.0,52.0,CHANTILLY,,1442,CHANTILLI,,2021-11-01
ESTRELLA,2021-11-03,36700,1.0,pz,Domo para cupcakes,15.0,15.0,EMPAQUE,,1443,DOMO PARA CUPCAKES,,2021-11-01
ESTRELLA,2021-11-03,36700,100.0,gr,Granillo T.S,21.5,215.0,CHOCOLATE,,1444,GRANILLO T.S,,2021-11-01
REPOSTEARTE,2021-10-29,ND,1.0,Kg,H. vainilla 3L,65.0,65.0,HARINA,VAINILLA,1445,H. VAINILLA 3L,,2021-10-25
MEGA PLAST,2021-10-29,313750,1.0,Kg,Easy pastel tres leches,55.0,55.0,HARINA,CHOCOLATE,1446,EASY PASTEL TRES LECHES,,2021-10-25
REPOSTEARTE,2021-10-29,ND,1.0,kg,Huevo,36.0,36.0,HUEVO,,1447,HUEVO,,2021-10-25
MEGA PLAST,2021-10-29,313750,2.0,pz,Domo ERA 2416-10M,15.0,7.5,EMPAQUE,,1448,DOMO ERA 2416-10M,,2021-10-25
REPOSTEARTE,2021-10-29,ND,2.0,paq,capacillos,78.0,39.0,CAPACILLOS,,1449,CAPACILLOS,,2021-10-25
OXXO,2021-10-29,380628,2.0,paq,Queso philadelphia,68.0,34.0,RELLENO,,1450,QUESO PHILADELPHIA,,2021-10-25
REPOSTEARTE,2021-10-29,ND,2.0,pz,mangas,10.0,5.0,CONSUMIBLES,,1451,MANGAS,,2021-10-25
REPOSTEARTE,2021-10-29,ND,2.0,kg,Chantilli,96.0,48.0,CHANTILLY,,1452,CHANTILLI,,2021-10-25
MEGA PLAST,2021-10-29,313750,1.0,pz,Domo 1/2 plancha INI,40.0,40.0,EMPAQUE,,1453,DOMO 1/2 PLANCHA INI,,2021-10-25
MEGA PLAST,2021-10-29,313750,1.0,pz,relleno zarzamora puratos,45.0,45.0,RELLENO,,1454,RELLENO ZARZAMORA PURATOS,,2021-10-25
MEGA PLAST,2021-10-25,313212,1.0,Kg,Crema batida chantilli ASTURIAS,44.0,44.0,CHANTILLY,,1455,CREMA BATIDA CHANTILLI ASTURIAS,,2021-10-25
MEGA PLAST,2021-10-25,313212,100.0,g,Cocoa en polvo ALPES,22.0,220.0,RELLENO,,1456,COCOA EN POLVO ALPES,,2021-10-25
MEGA PLAST,2021-10-20,312460,1.0,pz,Domo mantecada 12 cavidades,16.0,16.0,EMPAQUE,,1457,DOMO MANTECADA 12 CAVIDADES,,2021-10-18
MEGA PLAST,2021-10-20,312460,1.0,Kg,Crema batida chantilli ASTURIAS,44.0,44.0,CHANTILLY,,1458,CREMA BATIDA CHANTILLI ASTURIAS,,2021-10-18
OXXO,2021-10-20,2062911,1.0,paq,Queso philadelphia,34.0,34.0,RELLENO,,1459,QUESO PHILADELPHIA,,2021-10-18
PARISINA,2021-10-16,37221,1.0,pz,Espatula para levantar pastel,300.0,300.0,HERRAMIENTA,,1460,ESPATULA PARA LEVANTAR PASTEL,,2021-10-11
MEGA PLAST,2021-10-12,311376,2.0,Kg,Crema batida chantilli ASTURIAS,88.0,44.0,CHANTILLY,,1461,CREMA BATIDA CHANTILLI ASTURIAS,,2021-10-11
MEGA PLAST,2021-10-12,311376,1.0,Kg,Easy pastel tres leches,45.0,45.0,HARINA,VAINILLA,1462,EASY PASTEL TRES LECHES,,2021-10-11
MEGA PLAST,2021-10-07,310592,1.0,kg,Crema para batir ambiante 1 lt,50.0,50.0,AMBIANTE,,1463,CREMA PARA BATIR AMBIANTE 1 LT,,2021-10-04
MEGA PLAST,2021-10-07,310592,1.0,kg,Easy pastel tres leches,45.0,45.0,HARINA,VAINILLA,1464,EASY PASTEL TRES LECHES,,2021-10-04
MEGA PLAST,2021-10-07,310592,1.0,Kg,Easy pastel tres leches,55.0,55.0,HARINA,CHOCOLATE,1465,EASY PASTEL TRES LECHES,,2021-10-04
MODATELAS,2021-10-07,85703,1.0,paq,Bolas de pom pom,24.0,24.0,DECORACION,,1466,BOLAS DE POM POM,,2021-10-04
MEGA PLAST,2021-10-07,310592,2.0,pz,Queso philadelphia,60.0,30.0,RELLENO,,1467,QUESO PHILADELPHIA,,2021-10-04
SHEIN,2021-10-01,ND,1.0,pz,"Espatula, Rebanador de pastel, Moldes, Pipetillas, Mandil, Aguja prueba de  pastel",313.0,313.0,HERRAMIENTA,,1468,"ESPATULA, REBANADOR DE PASTEL, MOLDES, PIPETILLAS, MANDIL, AGUJA PRUEBA DE PASTEL",,2021-09-27
GASERA,2021-09-30,ND,35.0,lts,Gas LP,600.0,17.1429,COMBUSTIBLE,,1469,GAS LP,,2021-09-27
SHELL,2021-09-30,2859053,10.0,lts,Gasolina,204.0,20.4,COMBUSTIBLE,,1470,GASOLINA,,2021-09-27
MEGA PLAST,2021-09-29,309492,1.0,kg,Easy pastel tres leches,45.0,45.0,HARINA,VAINILLA,1471,EASY PASTEL TRES LECHES,,2021-09-27
MEGA PLAST,2021-09-29,309492,1.0,pz,Nutella chica 350 grs,65.0,65.0,RELLENO,,1472,NUTELLA CHICA 350 GRS,,2021-09-27
MEGA PLAST,2021-09-29,309492,2.0,pz,Domo 1/2 plancha INI,80.0,40.0,EMPAQUE,,1473,DOMO 1/2 PLANCHA INI,,2021-09-27
B. AURRERA,2021-09-29,22812790236946723250,1.0,paq,Galleta Oreo,22.7,22.7,GALLETAS,,1474,GALLETA OREO,,2021-09-27
MEGA PLAST,2021-09-29,309492,1.0,kg,Azucar glass de prime,32.0,32.0,AZUCAR,GLASS,1475,AZUCAR GLASS DE PRIME,,2021-09-27
MEGA PLAST,2021-09-29,309492,5.0,Kg,Crema tipo chantilli,161.0,32.2,CHANTILLY,,1476,CREMA TIPO CHANTILLI,,2021-09-27
MEGA PLAST,2021-09-29,309492,500.0,g,Tegral Satin Red Velvet Puratos,26.0,52.0,HARINA,RED VELVET,1477,TEGRAL SATIN RED VELVET PURATOS,,2021-09-27
B. AURRERA,2021-09-29,22812790236946723250,2.0,pz,Philly Qso,59.0,29.5,RELLENO,,1478,PHILLY QSO,,2021-09-27
B. AURRERA,2021-09-29,22812790236946723250,10.0,pz,bolillo,14.5,1.45,NO DEFINIDO,,1479,BOLILLO,,2021-09-27
MEGA PLAST,2021-09-29,309492,2.0,pz,Domo DB3525A,38.0,19.0,EMPAQUE,,1480,DOMO DB3525A,,2021-09-27
REPOSTEARTE,2021-09-24,ND,2.0,pz,mangas,10.0,5.0,CONSUMIBLES,,1481,MANGAS,,2021-09-20
REPOSTEARTE,2021-09-24,ND,1.0,kg,Foundant,83.0,83.0,FONDANT,,1482,FOUNDANT,,2021-09-20
REPOSTEARTE,2021-09-24,ND,1.0,paq,capacillos,15.0,15.0,CAPACILLOS,,1483,CAPACILLOS,,2021-09-20
REPOSTEARTE,2021-09-24,ND,1.0,paq,capacillos,45.0,45.0,CAPACILLOS,,1484,CAPACILLOS,,2021-09-20
REPOSTEARTE,2021-09-24,ND,1.0,pz,base 28 cm,21.0,21.0,BASES,,1485,BASE 28 CM,,2021-09-20
MEGA PLAST,2021-09-23,308680,1.0,pz,Relleno durazno puratos,49.0,49.0,RELLENO,,1486,RELLENO DURAZNO PURATOS,,2021-09-20
REPOSTEARTE,2021-09-23,ND,1.0,pz,base 28 cm,10.5,10.5,BASES,,1487,BASE 28 CM,,2021-09-20
REPOSTEARTE,2021-09-23,ND,4.0,pz,Transfer,180.0,45.0,DECORACION,,1488,TRANSFER,,2021-09-20
REPOSTEARTE,2021-09-23,ND,1.0,paq,capacillos,45.0,45.0,CAPACILLOS,,1489,CAPACILLOS,,2021-09-20
MEGA PLAST,2021-09-23,308680,1.0,Kg,Easy pastel tres leches,45.0,45.0,HARINA,VAINILLA,1490,EASY PASTEL TRES LECHES,,2021-09-20
REPOSTEARTE,2021-09-23,ND,1.0,pz,cortadores,67.0,67.0,HERRAMIENTA,,1491,CORTADORES,,2021-09-20
REPOSTEARTE,2021-09-14,ND,2.0,Kg,Foundant,166.0,83.0,FONDANT,,1492,FOUNDANT,,2021-09-13
ESTRELLA,2021-09-09,37029,1.0,pz,Vela Baby Yoda,45.0,45.0,DECORACION,,1493,VELA BABY YODA,,2021-09-06
ESTRELLA,2021-09-09,37029,1.0,cj,Ferrero,110.0,110.0,CHOCOLATE,,1494,FERRERO,,2021-09-06
ESTRELLA,2021-09-09,37029,1.0,pz,removedor,15.0,15.0,HERRAMIENTA,,1495,REMOVEDOR,,2021-09-06
ESTRELLA,2021-09-09,37029,1.0,pz,1/4 de plancha,30.0,30.0,EMPAQUE,,1496,1/4 DE PLANCHA,,2021-09-06
MEGA PLAST,2021-08-24,304467,100.0,g,Chocolate coverlux blanco puratos,18.0,180.0,RELLENO,,1497,CHOCOLATE COVERLUX BLANCO PURATOS,,2021-08-23
MEGA PLAST,2021-08-24,304467,500.0,g,Harina piña colada espiga mix,16.0,32.0,HARINA,PIÑA COLADA,1498,HARINA PINA COLADA ESPIGA MIX,,2021-08-23
REPOSTEARTE,2021-08-24,ND,2.0,pz,bases 28 cm,21.0,10.5,BASES,,1499,BASES 28 CM,,2021-08-23
REPOSTEARTE,2021-08-24,ND,1.0,Kg,Foundant,83.0,83.0,FONDANT,,1500,FOUNDANT,,2021-08-23
REPOSTEARTE,2021-08-24,ND,1.0,pz,molde para pastel,33.0,33.0,HERRAMIENTA,,1501,MOLDE PARA PASTEL,,2021-08-23
MEGA PLAST,2021-08-24,304467,1.0,pz,Nutella chica 350 grs,65.0,65.0,RELLENO,,1502,NUTELLA CHICA 350 GRS,,2021-08-23
ESTRELLA,2021-08-24,ND,1.0,pz,Caketopper,150.0,150.0,DECORACION,,1503,CAKETOPPER,,2021-08-23
ESTRELLA,2021-08-24,ND,2.0,pz,Domo,110.0,55.0,EMPAQUE,,1504,DOMO,,2021-08-23
REPOSTEARTE,2021-08-24,ND,4.0,pz,mangas,20.0,5.0,CONSUMIBLES,,1505,MANGAS,,2021-08-23
MEGA PLAST,2021-08-24,304467,1.0,Kg,Crema batida chantilli ASTURIAS,44.0,44.0,CHANTILLY,,1506,CREMA BATIDA CHANTILLI ASTURIAS,,2021-08-23
MEGA PLAST,2021-08-24,304469,1.0,kg,Tegral Satin Red Velvet Puratos,52.0,52.0,HARINA,RED VELVET,1507,TEGRAL SATIN RED VELVET PURATOS,,2021-08-23
ESTRELLA,2021-08-01,28878,1.0,pz,Manga Fresa Pura,43.0,43.0,RELLENO,,1508,MANGA FRESA PURA,,2021-07-26
ESTRELLA,2021-08-01,28878,3.0,Kg,Chantilli,117.0,39.0,CHANTILLY,,1509,CHANTILLI,,2021-07-26
ESTRELLA,2021-08-01,28878,1.0,paq,Capacillo 72,55.0,55.0,CAPACILLOS,,1510,CAPACILLO 72,,2021-07-26
ESTRELLA,2021-08-01,28878,100.0,gr,Turin semiamargo,11.5,115.0,CHOCOLATE,,1511,TURIN SEMIAMARGO,,2021-07-26
ESTRELLA,2021-08-01,28878,50.0,gr,Perla colores,15.0,300.0,DECORACION,,1512,PERLA COLORES,,2021-07-26
ESTRELLA,2021-08-01,28878,500.0,gr,Avellana,50.0,100.0,DECORACION,,1513,AVELLANA,,2021-07-26
ESTRELLA,2021-08-01,28878,1.0,kg,Puratos Chocolate,62.5,62.5,RELLENO,,1514,PURATOS CHOCOLATE,,2021-07-26
ESTRELLA,2021-08-01,28878,100.0,gr,Granillo Turin,28.5,285.0,CHOCOLATE,,1515,GRANILLO TURIN,,2021-07-26
ESTRELLA,2021-08-01,28878,1.0,pz,Domo 15-14,40.0,40.0,EMPAQUE,,1516,DOMO 15-14,,2021-07-26
ESTRELLA,2021-08-01,28878,1.0,kg,Puratos Tres Leches,51.5,51.5,RELLENO,,1517,PURATOS TRES LECHES,,2021-07-26
REPOSTEARTE,2021-07-28,ND,1.0,pz,Base de listón,21.0,21.0,BASES,,1518,BASE DE LISTON,,2021-07-26
REPOSTEARTE,2021-07-28,ND,1.0,pz,Espatula,35.0,35.0,HERRAMIENTA,,1519,ESPATULA,,2021-07-26
MEGA PLAST,2021-07-28,300185,1.0,pz,Nutella chica 350 grs,65.0,65.0,RELLENO,,1520,NUTELLA CHICA 350 GRS,,2021-07-26
MEGA PLAST,2021-07-28,300185,1.0,Kg,Tegral Satin Red Velvet Puratos,52.0,52.0,HARINA,RED VELVET,1521,TEGRAL SATIN RED VELVET PURATOS,,2021-07-26
MEGA PLAST,2021-07-28,300185,1.0,Kg,Crema batida chantilli ASTURIAS,44.0,44.0,CHANTILLY,,1522,CREMA BATIDA CHANTILLI ASTURIAS,,2021-07-26
REPOSTEARTE,2021-07-28,ND,1.0,Kg,Foundant,83.0,83.0,FONDANT,,1523,FOUNDANT,,2021-07-26
MEGA PLAST,2021-07-19,298728,3.0,Kg,Crema batida chantilli ASTURIAS,132.0,44.0,CHANTILLY,,1524,CREMA BATIDA CHANTILLI ASTURIAS,,2021-07-19
REPOSTEARTE,2021-07-19,ND,1.0,pz,base 16,4.0,4.0,BASES,,1525,BASE 16,,2021-07-19
REPOSTEARTE,2021-07-19,ND,1.0,pz,Molde F 16cm,49.0,49.0,HERRAMIENTA,,1526,MOLDE F 16CM,,2021-07-19
REPOSTEARTE,2021-07-19,ND,1.0,pz,Molde F 22cm,62.0,62.0,HERRAMIENTA,,1527,MOLDE F 22CM,,2021-07-19
REPOSTEARTE,2021-07-19,ND,1.0,paq,Capacillos,45.0,45.0,CAPACILLOS,,1528,CAPACILLOS,,2021-07-19
REPOSTEARTE,2021-07-19,ND,2.0,Paq,Capacillos,30.0,15.0,CAPACILLOS,,1529,CAPACILLOS,,2021-07-19
REPOSTEARTE,2021-07-19,ND,3.0,kg,Foundant,249.0,83.0,FONDANT,,1530,FOUNDANT,,2021-07-19
REPOSTEARTE,2021-07-19,ND,6.0,pz,caja para cupcakes,72.0,12.0,EMPAQUE,,1531,CAJA PARA CUPCAKES,,2021-07-19
REPOSTEARTE,2021-07-19,ND,2.0,pz,caja para cupcakes,35.0,17.5,EMPAQUE,,1532,CAJA PARA CUPCAKES,,2021-07-19
REPOSTEARTE,2021-07-19,ND,2.0,pz,mangas,14.0,7.0,CONSUMIBLES,,1533,MANGAS,,2021-07-19
REPOSTEARTE,2021-07-19,ND,1.0,pz,pegamento de fondant,38.0,38.0,DECORACION,,1534,PEGAMENTO DE FONDANT,,2021-07-19
REPOSTEARTE,2021-07-19,ND,1.0,pz,base 28 cm doble,21.0,21.0,BASES,,1535,BASE 28 CM DOBLE,,2021-07-19
REPOSTEARTE,2021-07-19,ND,1.0,paq,soportes,45.0,45.0,DECORACION,,1536,SOPORTES,,2021-07-19
REPOSTEARTE,2021-07-19,ND,3.0,pz,Transfer,135.0,45.0,DECORACION,,1537,TRANSFER,,2021-07-19
MEGA PLAST,2021-07-19,298728,2.0,Kg,Easy pastel tres leches Vainilla,90.0,45.0,HARINA,VAINILLA,1538,EASY PASTEL TRES LECHES VAINILLA,,2021-07-19
MEGA PLAST,2021-07-19,298728,1.0,Pz,Crema para batir ambiante 1 lt,50.0,50.0,AMBIANTE,,1539,CREMA PARA BATIR AMBIANTE 1 LT,,2021-07-19
MEGA PLAST,2021-07-19,298728,250.0,g,Luneta mini m&m's,55.0,220.0,RELLENO,,1540,LUNETA MINI M&M'S,,2021-07-19
MEGA PLAST,2021-07-19,298728,2.0,pz,Domo ERA 2416-10M,15.0,7.5,EMPAQUE,,1541,DOMO ERA 2416-10M,,2021-07-19
MEGA PLAST,2021-07-19,298728,200.0,g,Kiss Leche,50.0,250.0,CHOCOLATE,,1542,KISS LECHE,,2021-07-19
MEGA PLAST,2021-07-19,298728,3.0,pz,Domo mantecada 12 cavidades,48.0,16.0,EMPAQUE,,1543,DOMO MANTECADA 12 CAVIDADES,,2021-07-19
ESTRELLA,2021-07-03,,1.0,Kg,Chantilli,46.0,46.0,CHANTILLY,,1544,CHANTILLI,,2021-06-28
ESTRELLA,2021-07-03,,500.0,g,Puratos Satín,33.0,66.0,HARINA,CHOCOLATE,1545,PURATOS SATIN,,2021-06-28
ESTRELLA,2021-07-03,,1.0,Paq,Capacillos #73,15.0,15.0,CAPACILLOS,,1546,CAPACILLOS #73,,2021-06-28
ESTRELLA,2021-07-03,,1.0,Paq,Capacillos #72,12.5,12.5,CAPACILLOS,,1547,CAPACILLOS #72,,2021-06-28
REPOSTEARTE,2021-06-24,ND,1.0,pz,Base,25.0,25.0,BASES,,1548,BASE,,2021-06-21
REPOSTEARTE,2021-06-24,ND,1.0,Kg,Foundant,83.0,83.0,FONDANT,,1549,FOUNDANT,,2021-06-21
REPOSTEARTE,2021-06-17,ND,2.0,pz,Caja para cupcake,35.0,17.5,EMPAQUE,,1550,CAJA PARA CUPCAKE,,2021-06-14
REPOSTEARTE,2021-06-03,ND,1.0,Pz,Transfer,45.0,45.0,DECORACION,,1551,TRANSFER,,2021-05-31
REPOSTEARTE,2021-06-03,ND,1.0,Pz,Capacillos,15.0,15.0,CAPACILLOS,,1552,CAPACILLOS,,2021-05-31
REPOSTEARTE,2021-05-22,ND,1.0,Pz,Tapete de silicon,130.0,130.0,HERRAMIENTA,,1553,TAPETE DE SILICON,,2021-05-17
REPOSTEARTE,2021-05-22,ND,1.0,Kg,Foundant,83.0,83.0,FONDANT,,1554,FOUNDANT,,2021-05-17
REPOSTEARTE,2021-05-22,ND,1.0,Pz,Rodillo de silicon,55.0,55.0,HERRAMIENTA,,1555,RODILLO DE SILICON,,2021-05-17
REPOSTEARTE,2021-05-22,ND,2.0,Pz,Caja para cupcake de 12 pz,35.0,17.5,EMPAQUE,,1556,CAJA PARA CUPCAKE DE 12 PZ,,2021-05-17
REPOSTEARTE,2021-05-22,ND,2.0,Pz,Mcades de silicon,140.0,70.0,HERRAMIENTA,,1557,MCADES DE SILICON,,2021-05-17
ESTRELLA,2021-05-08,29325,1.0,kg,Chantilli,52.0,52.0,CHANTILLY,,1558,CHANTILLI,,2021-05-03
REPOSTEARTE,2021-05-08,ND,4.0,pz,Caja para cupcake 6 pz,48.0,12.0,EMPAQUE,,1559,CAJA PARA CUPCAKE 6 PZ,,2021-05-03
MEGA PLAST,2021-03-08,277626,1.0,Pz,Crema batida chantilli ASTURIAS,39.0,39.0,CHANTILLY,,1560,CREMA BATIDA CHANTILLI ASTURIAS,,2021-03-08
MEGA PLAST,2021-03-08,277626,100.0,g,Confitier semiamargo TURIN,22.0,220.0,CHOCOLATE,,1561,CONFITIER SEMIAMARGO TURIN,,2021-03-08
MEGA PLAST,2021-03-08,277626,500.0,g,Easy pastel tres leches Chocolate,25.0,50.0,HARINA,CHOCOLATE,1562,EASY PASTEL TRES LECHES CHOCOLATE,,2021-03-08
MEGA PLAST,2021-02-18,274774,1.0,Kg,Chantilli,39.0,39.0,CHANTILLY,,1563,CHANTILLI,,2021-02-15
REPOSTEARTE,2021-02-18,ND,1.0,Paq,Capacillos,45.0,45.0,CAPACILLOS,,1564,CAPACILLOS,,2021-02-15
MEGA PLAST,2021-02-18,274774,2.0,Pz,Domo ERA 2416-10M,15.0,7.5,EMPAQUE,,1565,DOMO ERA 2416-10M,,2021-02-15
REPOSTEARTE,2021-02-18,ND,2.0,Pz,Mangas,10.0,5.0,CONSUMIBLES,,1566,MANGAS,,2021-02-15
REPOSTEARTE,2021-02-16,ND,1.0,Pz,Base 40x40,22.0,22.0,BASES,,1567,BASE 40X40,,2021-02-15
REPOSTEARTE,2021-02-16,ND,1.0,Kg,Foundant,83.0,83.0,FONDANT,,1568,FOUNDANT,,2021-02-15
ESTRELLA,2020-12-31,19384,2.0,Kg,Harina Puratos Vainilla,103.0,51.5,HARINA,VAINILLA,1569,HARINA PURATOS VAINILLA,,2020-12-28
ESTRELLA,2020-12-31,19384,1.0,pz,colorante gel,14.5,14.5,COLORANTES,,1570,COLORANTE GEL,,2020-12-28
ESTRELLA,2020-12-31,19384,1.0,pz,vela feliz cumpleaños,27.5,27.5,OTROS,,1571,VELA FELIZ CUMPLEANOS,,2020-12-28
ESTRELLA,2020-12-31,19384,1.0,pz,manga deshechable chica,5.0,5.0,CONSUMIBLES,,1572,MANGA DESHECHABLE CHICA,,2020-12-28
ESTRELLA,2020-12-31,19384,300.0,gr,corvelux semiamargo,49.5,165.0,CHOCOLATE,,1573,CORVELUX SEMIAMARGO,,2020-12-28
ESTRELLA,2020-12-31,19384,1.0,pz,Fresa Puratos,46.0,46.0,RELLENO,,1574,FRESA PURATOS,,2020-12-28
ESTRELLA,2020-12-31,19384,1.0,Kg,chantilli,42.0,42.0,CHANTILLY,,1575,CHANTILLI,,2020-12-28
MEGA PLAST,2020-12-19,265103,2.0,pz,Domo ERA 2416-10M,15.0,7.5,EMPAQUE,,1576,DOMO ERA 2416-10M,,2020-12-14
MEGA PLAST,2020-12-19,265103,2.0,pz,Domo mantecada 12 cavidades,32.0,16.0,EMPAQUE,,1577,DOMO MANTECADA 12 CAVIDADES,,2020-12-14
MEGA PLAST,2020-12-19,265103,2.0,Kg,Crema batida chantilli ASTURIAS,78.0,39.0,CHANTILLY,,1578,CREMA BATIDA CHANTILLI ASTURIAS,,2020-12-14
MEGA PLAST,2020-12-19,265103,1.0,pz,relleno zarzamora puratos,40.0,40.0,RELLENO,,1579,RELLENO ZARZAMORA PURATOS,,2020-12-14
REPOSTEARTE,2020-12-19,ND,2.0,pz,mangas,10.0,5.0,CONSUMIBLES,,1580,MANGAS,,2020-12-14
MEGA PLAST,2020-12-19,265103,500.0,g,Tegral Satin Red Velvet Puratos,25.0,50.0,HARINA,RED VELVET,1581,TEGRAL SATIN RED VELVET PURATOS,,2020-12-14
REPOSTEARTE,2020-12-19,ND,2.0,pz,caja capacillo 12,34.0,17.0,EMPAQUE,,1582,CAJA CAPACILLO 12,,2020-12-14
REPOSTEARTE,2020-12-17,ND,1.0,paq,capacillos,45.0,45.0,CAPACILLOS,,1583,CAPACILLOS,,2020-12-14
REPOSTEARTE,2020-12-17,ND,0.05,gr,confeti,17.5,350000.0,DECORACION,,1584,CONFETI,,2020-12-14
REPOSTEARTE,2020-12-17,ND,1.0,kg,Foundant,83.0,83.0,FONDANT,,1585,FOUNDANT,,2020-12-14
REPOSTEARTE,2020-12-07,ND,1.0,paq,capacillo,45.0,45.0,CAPACILLOS,,1586,CAPACILLO,,2020-12-07
MEGA PLAST,2020-12-07,262963,500.0,g,Tegral Satin Red Velvet Puratos,25.0,50.0,HARINA,RED VELVET,1587,TEGRAL SATIN RED VELVET PURATOS,,2020-12-07
MEGA PLAST,2020-12-07,262963,50.0,g,Kiss Leche,12.5,250.0,CHOCOLATE,,1588,KISS LECHE,,2020-12-07
MEGA PLAST,2020-12-07,262969,1.0,pz,Nutella chica 350 grs,65.0,65.0,RELLENO,,1589,NUTELLA CHICA 350 GRS,,2020-12-07
MEGA PLAST,2020-12-07,262963,1.0,Kg,Crema batida chantilli ASTURIAS,39.0,39.0,CHANTILLY,,1590,CREMA BATIDA CHANTILLI ASTURIAS,,2020-12-07
MEGA PLAST,2020-12-07,262963,1.0,pz,Domo mantecada 12 cavidades,16.0,16.0,EMPAQUE,,1591,DOMO MANTECADA 12 CAVIDADES,,2020-12-07
MEGA PLAST,2020-12-07,262963,2.0,pz,Domo ERA 2416-10M,15.0,7.5,EMPAQUE,,1592,DOMO ERA 2416-10M,,2020-12-07
REPOSTEARTE,2020-12-07,ND,1.0,pz,Manga chica,10.0,10.0,CONSUMIBLES,,1593,MANGA CHICA,,2020-12-07
REPOSTEARTE,2020-12-07,ND,1.0,pz,Molde chocolate,13.0,13.0,HERRAMIENTA,,1594,MOLDE CHOCOLATE,,2020-12-07
REPOSTEARTE,2020-11-21,ND,1.0,pz,Transfer,45.0,45.0,DECORACION,,1595,TRANSFER,,2020-11-16
REPOSTEARTE,2020-11-17,ND,2.0,pz,Transfer,14.0,7.0,DECORACION,,1596,TRANSFER,,2020-11-16
REPOSTEARTE,2020-10-27,ND,1.0,pz,molde,67.0,67.0,HERRAMIENTA,,1597,MOLDE,,2020-10-26
REPOSTEARTE,2020-10-27,ND,1.0,pz,pegamento de fondant,45.0,45.0,DECORACION,,1598,PEGAMENTO DE FONDANT,,2020-10-26
REPOSTEARTE,2020-10-27,ND,2.0,pz,mangas,10.0,5.0,CONSUMIBLES,,1599,MANGAS,,2020-10-26
REPOSTEARTE,2020-10-27,ND,1.0,kg,Foundant,83.0,83.0,FONDANT,,1600,FOUNDANT,,2020-10-26
REPOSTEARTE,2020-10-27,ND,1.0,pz,caja para cupcakes,17.0,17.0,EMPAQUE,,1601,CAJA PARA CUPCAKES,,2020-10-26
MEGA PLAST,2020-10-27,255844,1.0,Kg,Crema batida chantilli ASTURIAS,39.0,39.0,CHANTILLY,,1602,CREMA BATIDA CHANTILLI ASTURIAS,,2020-10-26
REPOSTEARTE,2020-10-27,ND,1.0,pz,molde,75.0,75.0,HERRAMIENTA,,1603,MOLDE,,2020-10-26
ESTRELLA,2020-10-25,15791,1.0,Kg,Harina Puratos Vainilla,26.0,26.0,HARINA,VAINILLA,1604,HARINA PURATOS VAINILLA,,2020-10-19
ESTRELLA,2020-10-25,15791,1.0,Kg,Chantilli,46.0,46.0,CHANTILLY,,1605,CHANTILLI,,2020-10-19
B. AURRERA,2020-10-18,589659312985233003917,2.0,pz,Leche deslactosada,48.8,24.4,LECHE,,1606,LECHE DESLACTOSADA,,2020-10-12
B. AURRERA,2020-10-18,589659312985233003917,1.0,paq,Galleta Oreo,30.0,30.0,GALLETAS,,1607,GALLETA OREO,,2020-10-12
B. AURRERA,2020-10-18,589659312985233003917,1.0,pz,Au Q. Crema,11.5,11.5,RELLENO,,1608,AU Q. CREMA,,2020-10-12
B. AURRERA,2020-10-18,589659312985233003917,1.0,pz,Philly Qso,29.5,29.5,RELLENO,,1609,PHILLY QSO,,2020-10-12
ESTRELLA,2020-10-13,14174,1.0,kg,Chantilli,46.0,46.0,CHANTILLY,,1610,CHANTILLI,,2020-10-12
ESTRELLA,2020-10-13,14174,500.0,gr,Harina Puratos Vainilla,26.0,52.0,HARINA,VAINILLA,1611,HARINA PURATOS VAINILLA,,2020-10-12
ESTRELLA,2020-10-13,14174,500.0,gr,Harina Puratos Chocolate,31.0,62.0,HARINA,CHOCOLATE,1612,HARINA PURATOS CHOCOLATE,,2020-10-12
ESTRELLA,2020-10-07,13619,2.0,pz,bases para cupcakes,40.0,20.0,BASES,,1613,BASES PARA CUPCAKES,,2020-10-05
ESTRELLA,2020-10-07,13619,1.0,pz,crema de coco,23.5,23.5,RELLENO,,1614,CREMA DE COCO,,2020-10-05
REPOSTEARTE,2020-09-24,ND,2.0,pz,mangas chicas,10.0,5.0,CONSUMIBLES,,1615,MANGAS CHICAS,,2020-09-21
REPOSTEARTE,2020-09-24,ND,1.0,kg,Foundant,80.0,80.0,FONDANT,,1616,FOUNDANT,,2020-09-21
REPOSTEARTE,2020-09-24,ND,1.0,pz,Transfer,45.0,45.0,DECORACION,,1617,TRANSFER,,2020-09-21
REPOSTEARTE,2020-09-24,ND,1.0,pz,base 28,10.5,10.5,BASES,,1618,BASE 28,,2020-09-21
ESTRELLA,2020-07-21,22551,2.0,pz,domo para cupcake,14.0,7.0,EMPAQUE,,1619,DOMO PARA CUPCAKE,,2020-07-20
ESTRELLA,2020-07-21,22551,1.0,pz,domo 25 cm,14.0,14.0,EMPAQUE,,1620,DOMO 25 CM,,2020-07-20
ESTRELLA,2020-07-21,22551,1.0,pz,plumin,25.0,25.0,HERRAMIENTA,,1621,PLUMIN,,2020-07-20
ESTRELLA,2020-07-21,22551,2.0,kg,Foundant,190.0,95.0,FONDANT,,1622,FOUNDANT,,2020-07-20
ESTRELLA,2020-06-11,53499,500.0,gr,harina choc,33.5,67.0,HARINA,CHOCOLATE,1623,HARINA CHOC,,2020-06-08
ESTRELLA,2020-06-11,53499,1.0,paq,25 capacillos,12.5,12.5,CAPACILLOS,,1624,25 CAPACILLOS,,2020-06-08
ESTRELLA,2020-06-11,53499,100.0,gr,granillo semiamargo turin,21.5,215.0,CHOCOLATE,,1625,GRANILLO SEMIAMARGO TURIN,,2020-06-08
ESTRELLA,2020-06-11,53499,1.0,pz,ambiante,50.0,50.0,AMBIANTE,,1626,AMBIANTE,,2020-06-08
ESTRELLA,2020-05-19,18857,1.0,ND,Diferencia contra lo cobrado,20.0,20.0,NO DEFINIDO,,1627,DIFERENCIA CONTRA LO COBRADO,,2020-05-18
ESTRELLA,2020-05-19,18857,1.0,Kg,Foundant,55.0,55.0,FONDANT,,1628,FOUNDANT,,2020-05-18
ESTRELLA,2020-05-19,18857,1.0,pz,domo 25 cm,14.0,14.0,EMPAQUE,,1629,DOMO 25 CM,,2020-05-18
ESTRELLA,2020-05-19,18857,1.0,Kg,chantilli,46.0,46.0,CHANTILLY,,1630,CHANTILLI,,2020-05-18
ESTRELLA,2020-05-19,18857,1.0,Kg,Harina Puratos Vainilla,65.0,65.0,HARINA,VAINILLA,1631,HARINA PURATOS VAINILLA,,2020-05-18
ESTRELLA,2020-04-17,16403,1.0,kg,Foundant,187.0,187.0,FONDANT,,1632,FOUNDANT,,2020-04-13
ESTRELLA,2020-04-17,16403,2.0,pz,Blanda,4.0,2.0,NO DEFINIDO,,1633,BLANDA,,2020-04-13
ESTRELLA,2020-04-17,16403,1.0,pz,Nutella,102.0,102.0,RELLENO,,1634,NUTELLA,,2020-04-13
ESTRELLA,2020-04-17,16403,1.0,pz,base 26 cm,109.0,109.0,BASES,,1635,BASE 26 CM,,2020-04-13
ESTRELLA,2020-04-17,16403,1.0,pz,molde 22 cm,45.0,45.0,HERRAMIENTA,,1636,MOLDE 22 CM,,2020-04-13
ESTRELLA,2020-04-17,16403,1.0,pz,manga deshechable,10.0,10.0,CONSUMIBLES,,1637,MANGA DESHECHABLE,,2020-04-13
ESTRELLA,2020-04-17,16403,1.5,kg,purato,94.0,62.6667,RELLENO,,1638,PURATO,,2020-04-13
ESTRELLA,2019-09-24,41964,100.0,gr,coco rayado,6.0,60.0,DULCERIA,,1639,COCO RAYADO,,2019-09-23
ESTRELLA,2019-09-24,41964,1.0,pz,domo 1/2 plancha,40.0,40.0,EMPAQUE,,1640,DOMO 1/2 PLANCHA,,2019-09-23
ESTRELLA,2019-09-24,41964,2.0,pz,mangas med,16.0,8.0,CONSUMIBLES,,1641,MANGAS MED,,2019-09-23
ESTRELLA,2019-09-24,41964,1.0,pz,domo 23 cm,11.0,11.0,EMPAQUE,,1642,DOMO 23 CM,,2019-09-23
ESTRELLA,2019-09-24,41964,2.0,Kg,Harina Puratos Vainilla,103.0,51.5,HARINA,VAINILLA,1643,HARINA PURATOS VAINILLA,,2019-09-23
ESTRELLA,2019-09-24,41964,1.0,Kg,Harina Puratos Chocolate,62.5,62.5,HARINA,CHOCOLATE,1644,HARINA PURATOS CHOCOLATE,,2019-09-23
ESTRELLA,2019-09-24,41964,2.0,paq,capacillo,18.0,9.0,CAPACILLOS,,1645,CAPACILLO,,2019-09-23
ESTRELLA,2019-09-24,41964,1.0,pz,base 23 cm,8.5,8.5,BASES,,1646,BASE 23 CM,,2019-09-23
ESTRELLA,2019-09-24,41964,1.0,pz,manga zarzamora puratos,49.5,49.5,RELLENO,,1647,MANGA ZARZAMORA PURATOS,,2019-09-23
ESTRELLA,2019-09-24,41964,50.0,gr,perla dorada,15.0,300.0,DECORACION,,1648,PERLA DORADA,,2019-09-23
ESTRELLA,2019-09-24,41964,1.0,ND,Diferencia contra lo cobrado,7.0,7.0,NO DEFINIDO,,1649,DIFERENCIA CONTRA LO COBRADO,,2019-09-23
ESTRELLA,2019-09-24,41964,1.0,paq,capacillo,36.0,36.0,CAPACILLOS,,1650,CAPACILLO,,2019-09-23
ESTRELLA,2019-09-12,42279,1.0,pz,base 22 cm,6.5,6.5,BASES,,1651,BASE 22 CM,,2019-09-09
ESTRELLA,2019-09-12,42279,1.0,Kg,Foundant,95.0,95.0,FONDANT,,1652,FOUNDANT,,2019-09-09
ESTRELLA,2019-09-12,42279,1.0,pz,domo 15-14,40.0,40.0,EMPAQUE,,1653,DOMO 15-14,,2019-09-09
ESTRELLA,2019-09-12,42279,1.0,pz,domo 23 cm,11.0,11.0,EMPAQUE,,1654,DOMO 23 CM,,2019-09-09
ESTRELLA,2019-09-12,42279,2.0,Kg,Harina Puratos Chocolate,125.0,62.5,HARINA,CHOCOLATE,1655,HARINA PURATOS CHOCOLATE,,2019-09-09
ESTRELLA,2019-09-12,42279,2.0,Kg,chantilli,78.0,39.0,CHANTILLY,,1656,CHANTILLI,,2019-09-09
ESTRELLA,2019-09-12,42279,1.0,pz,manga grande,9.0,9.0,CONSUMIBLES,,1657,MANGA GRANDE,,2019-09-09
ESTRELLA,2019-09-12,42279,2.0,paq,capacillo decorado,25.0,12.5,CAPACILLOS,,1658,CAPACILLO DECORADO,,2019-09-09
ESTRELLA,2019-09-12,42279,1.0,Kg,Harina Puratos Vainilla,51.5,51.5,HARINA,VAINILLA,1659,HARINA PURATOS VAINILLA,,2019-09-09
ESTRELLA,2019-09-12,42279,100.0,gr,Turin semiamargo,17.5,175.0,CHOCOLATE,,1660,TURIN SEMIAMARGO,,2019-09-09
ESTRELLA,2019-06-22,29767,100.0,gr,Turin semiamargo,17.5,175.0,CHOCOLATE,,1661,TURIN SEMIAMARGO,,2019-06-17
ESTRELLA,2019-06-22,29767,100.0,gr,confeti,28.5,285.0,DECORACION,,1662,CONFETI,,2019-06-17
ESTRELLA,2019-06-22,29767,1.0,pz,manga zarzamora puratos,49.5,49.5,RELLENO,,1663,MANGA ZARZAMORA PURATOS,,2019-06-17
ESTRELLA,2019-06-22,29767,1.0,pz,manga durazno puratos,49.5,49.5,RELLENO,,1664,MANGA DURAZNO PURATOS,,2019-06-17
ESTRELLA,2019-06-19,29718,2.0,pz,mangas chicas,10.0,5.0,CONSUMIBLES,,1665,MANGAS CHICAS,,2019-06-17
ESTRELLA,2019-06-19,29718,5.0,Kg,chantilli 5 ,164.0,32.8,CHANTILLY,,1666,CHANTILLI 5,,2019-06-17
ESTRELLA,2019-06-19,29718,1.0,pz,domo 15-14,40.0,40.0,EMPAQUE,,1667,DOMO 15-14,,2019-06-17
ESTRELLA,2019-06-19,29718,1.0,Kg,Harina Puratos Chocolate,62.5,62.5,HARINA,CHOCOLATE,1668,HARINA PURATOS CHOCOLATE,,2019-06-17
ESTRELLA,2019-06-19,29718,100.0,gr,Cerezas,20.0,200.0,DULCERIA,,1669,CEREZAS,,2019-06-17
ESTRELLA,2019-06-19,29718,1.0,pz,manga piña,44.0,44.0,RELLENO,,1670,MANGA PINA,,2019-06-17
ESTRELLA,2019-06-19,29718,2.0,kg,Harina Puratos Vainilla,103.0,51.5,HARINA,VAINILLA,1671,HARINA PURATOS VAINILLA,,2019-06-17
ESTRELLA,2019-06-19,29718,1.0,Kg,Harina Rich vainilla,23.5,23.5,HARINA,VAINILLA,1672,HARINA RICH VAINILLA,,2019-06-17
ESTRELLA,2019-01-24,28285,1.0,pz,Manga chica,5.5,5.5,CONSUMIBLES,,1673,MANGA CHICA,,2019-01-21
ESTRELLA,2019-01-24,28285,5.0,Kg,chantilli,159.0,31.8,CHANTILLY,,1674,CHANTILLI,,2019-01-21
ESTRELLA,2019-01-24,28285,1.0,pz,domo 15-14,40.0,40.0,EMPAQUE,,1675,DOMO 15-14,,2019-01-21
ESTRELLA,2019-01-24,28285,1.0,pz,domo 1/4 plancha,23.0,23.0,EMPAQUE,,1676,DOMO 1/4 PLANCHA,,2019-01-21
ESTRELLA,2019-01-24,28285,1.0,kg,Harina Puratos Vainilla,51.5,51.5,HARINA,VAINILLA,1677,HARINA PURATOS VAINILLA,,2019-01-21
ESTRELLA,2019-01-24,28285,2.0,Kg,Harina Puratos Chocolate,125.0,62.5,HARINA,CHOCOLATE,1678,HARINA PURATOS CHOCOLATE,,2019-01-21
ESTRELLA,2019-01-24,28285,100.0,gr,Turin semiamargo,17.5,175.0,CHOCOLATE,,1679,TURIN SEMIAMARGO,,2019-01-21
ESTRELLA,2019-01-24,28285,1.0,pz,oblea frozen,35.0,35.0,DECORACION,,1680,OBLEA FROZEN,,2019-01-21
ESTRELLA,2019-01-24,28285,1.0,ND,Diferencia contra lo cobrado,23.0,23.0,NO DEFINIDO,,1681,DIFERENCIA CONTRA LO COBRADO,,2019-01-21
ESTRELLA,2019-01-24,28285,100.0,gr,Alpezzi 14000,12.0,120.0,CHOCOLATE,,1682,ALPEZZI 14000,,2019-01-21
EXPRESARTE,2016-12-08,2902,2000.0,pz,Tarjetas Cupcakes y DJ,360.0,0.18,ADMINISTRACION,,1683,TARJETAS CUPCAKES Y DJ,,2016-12-05
EXPRESARTE,2016-12-08,2902,1000.0,pz,Notas 1/4 Cupcake,880.0,0.88,ADMINISTRACION,,1684,NOTAS 1/4 CUPCAKE,,2016-12-05
