fecha,importe_nominal,descripcion,CLASIFICACION,registro_id,descripcion_normalizada,es_sintetico,motivo,semana_inicio
2025-07-30,5.0,disco dorado pasteloso 16 cm,BASES,2,DISCO DORADO PASTELOSO 16 CM,False,,2025-07-28
2025-07-22,12.9,celofan 9x12 100 pz,EMPAQUE,3,CELOFAN 9X12 100 PZ,False,,2025-07-21
2025-07-22,6.0,disco blanco pasteloso 20 cm,BASES,4,DISCO BLANCO PASTELOSO 20 CM,False,,2025-07-21
2025-07-22,72.0,Crema para batir ambiante 1 lt,AMBIANTE,5,CREMA PARA BATIR AMBIANTE 1 LT,False,,2025-07-21
2025-07-22,246.0,tegral satin red velet cake puratos,HARINA,6,TEGRAL SATIN RED VELET CAKE PURATOS,False,,2025-07-21
2025-07-17,52.0,caja cupcake 12 cav,EMPAQUE,7,CAJA CUPCAKE 12 CAV,False,,2025-07-14
2025-07-17,45.0,queso crema philadelphia,QUESO CREMA,8,QUESO CREMA PHILADELPHIA,False,,2025-07-14
2025-07-17,64.0,tegral satin creme cake vainilla,HARINA,9,TEGRAL SATIN CREME CAKE VAINILLA,False,,2025-07-14
2025-07-16,95.0,au huevo 3,HUEVO,10,AU HUEVO 3,False,,2025-07-14
2025-07-16,91.0,chant dull,CHANTILLY,11,CHANT DULL,False,,2025-07-14
2025-07-14,85.0,rompope coronado,LICORES,12,ROMPOPE CORONADO,False,,2025-07-14
2025-07-14,87.0,fondant sabor nata coco blanco,FONDANT,13,FONDANT SABOR NATA COCO BLANCO,False,,2025-07-14
2025-07-12,91.0,chant dull,CHANTILLY,14,CHANT DULL,False,,2025-07-07
2025-07-10,42.0,cocoa hershey's c 1kg,CHOCOLATE,15,COCOA HERSHEY'S C 1KG,False,,2025-07-07
2025-07-10,64.0,tegral satin creme cake vainilla,HARINA,16,TEGRAL SATIN CREME CAKE VAINILLA,False,,2025-07-07
2025-07-10,29.0,confiter  chocolate semi amargo,CHOCOLATE,17,CONFITER CHOCOLATE SEMI AMARGO,False,,2025-07-07
2025-07-10,90.0,queso crema philadelphia,QUESO CREMA,18,QUESO CREMA PHILADELPHIA,False,,2025-07-07
2025-07-10,72.0,Crema para batir ambiante 1 lt,AMBIANTE,19,CREMA PARA BATIR AMBIANTE 1 LT,False,,2025-07-07
2025-07-10,158.0,Tegral Satin Creme cake chocolate,HARINA,20,TEGRAL SATIN CREME CAKE CHOCOLATE,False,,2025-07-07
2025-07-10,30.0,plumon ma market,DECORACION,21,PLUMON MA MARKET,False,,2025-07-07
2025-07-10,39.0,base dorada pasteloso 30 cm,BASES,22,BASE DORADA PASTELOSO 30 CM,False,,2025-07-07
2025-07-10,45.0,pegamento de fondant,DECORACION,23,PEGAMENTO DE FONDANT,False,,2025-07-07
2025-07-10,56.0,capacillo alegria baby colores10,CAPACILLOS,24,CAPACILLO ALEGRIA BABY COLORES10,False,,2025-07-07
2025-07-10,40.0,perlas y granillo,DECORACION,25,PERLAS Y GRANILLO,False,,2025-07-07
2025-07-03,7.0,disco plateado pasteloso 20 cm,BASES,26,DISCO PLATEADO PASTELOSO 20 CM,False,,2025-06-30
2025-07-03,87.0,fondant sabor nata coco blanco,FONDANT,27,FONDANT SABOR NATA COCO BLANCO,False,,2025-06-30
2025-07-01,182.0,chant dull,CHANTILLY,28,CHANT DULL,False,,2025-06-30
2025-06-30,62.0,base fantasia pasteloso 30 cm,BASES,29,BASE FANTASIA PASTELOSO 30 CM,False,,2025-06-30
2025-06-30,48.0,base 32 doble liston,BASES,30,BASE 32 DOBLE LISTON,False,,2025-06-30
2025-06-30,348.0,fondant sabor nata coco blanco,FONDANT,31,FONDANT SABOR NATA COCO BLANCO,False,,2025-06-30
2025-06-30,246.0,tegral satin red velet cake puratos,HARINA,32,TEGRAL SATIN RED VELET CAKE PURATOS,False,,2025-06-30
2025-06-30,58.0,confiter  chocolate semi amargo,CHOCOLATE,33,CONFITER CHOCOLATE SEMI AMARGO,False,,2025-06-30
2025-06-30,288.0,chips blanco alpezzi c/500 gr,CHOCOLATE,34,CHIPS BLANCO ALPEZZI C/500 GR,False,,2025-06-30
2025-06-30,128.0,chips sabor chocolate semiamargo,CHOCOLATE,35,CHIPS SABOR CHOCOLATE SEMIAMARGO,False,,2025-06-30
2025-06-30,68.0,relleno zarzamora fruitfill purat,RELLENO,36,RELLENO ZARZAMORA FRUITFILL PURAT,False,,2025-06-30
2025-06-30,79.0,Tegral Satin Creme cake chocolate,HARINA,37,TEGRAL SATIN CREME CAKE CHOCOLATE,False,,2025-06-30
2025-06-30,62.0,base fantasia pasteloso 40cm,BASES,38,BASE FANTASIA PASTELOSO 40CM,False,,2025-06-30
2025-06-30,205.0,nutella,CHOCOLATE,39,NUTELLA,False,,2025-06-30
2025-06-30,64.0,tegral satin creme cake vainilla,HARINA,40,TEGRAL SATIN CREME CAKE VAINILLA,False,,2025-06-30
2025-06-30,55.0,base plateada doble c/liston past,BASES,41,BASE PLATEADA DOBLE C/LISTON PAST,False,,2025-06-30
2025-06-29,30.44,fiorentina vela luces pastel gr,VELAS,42,FIORENTINA VELA LUCES PASTEL GR,False,,2025-06-23
2025-06-29,40.72,alegria capacillo rosa love 100pz,CAPACILLOS,43,ALEGRIA CAPACILLO ROSA LOVE 100PZ,False,,2025-06-23
2025-06-29,45.24,alegria capacillo met dorado 50 pz,CAPACILLOS,44,ALEGRIA CAPACILLO MET DORADO 50 PZ,False,,2025-06-23
2025-06-29,21.76,fiorentina vela luces p/pastel,VELAS,45,FIORENTINA VELA LUCES P/PASTEL,False,,2025-06-23
2025-06-25,45.0,vela espiral color primario alegr,VELAS,46,VELA ESPIRAL COLOR PRIMARIO ALEGR,False,,2025-06-23
2025-06-24,50.0,confiter  chocolate semi amargo,CHOCOLATE,47,CONFITER CHOCOLATE SEMI AMARGO,False,,2025-06-23
2025-06-24,16.0,base dorada pasteloso32 cm,BASES,48,BASE DORADA PASTELOSO32 CM,False,,2025-06-23
2025-06-24,36.0,caja cupcake blanca 6 cav,EMPAQUE,49,CAJA CUPCAKE BLANCA 6 CAV,False,,2025-06-23
2025-06-24,47.5,jarabe tres leches dulcerito puratos,JARABE,50,JARABE TRES LECHES DULCERITO PURATOS,False,,2025-06-23
2025-06-24,72.0,crema para batir ambiante puratos,AMBIANTE,51,CREMA PARA BATIR AMBIANTE PURATOS,False,,2025-06-23
2025-06-24,87.0,fondant sabor nata coco blanco,FONDANT,52,FONDANT SABOR NATA COCO BLANCO,False,,2025-06-23
2025-06-24,145.0,BASES  26 cm,BASES,53,BASES 26 CM,False,,2025-06-23
2025-06-24,499.0,CAJAS 26*26,EMPAQUE,54,CAJAS 26*26,False,,2025-06-23
2025-06-24,91.0,chant dull,CHANTILLY,55,CHANT DULL,False,,2025-06-23
2025-06-24,84.0,GALLETA OREO BASE,GALLETAS,56,GALLETA OREO BASE,False,,2025-06-23
2025-06-24,128.0,tegral Satin Creme cake vainilla,HARINA,57,TEGRAL SATIN CREME CAKE VAINILLA,False,,2025-06-23
2025-06-24,52.0,caja cupcake blanca 12 cav,EMPAQUE,58,CAJA CUPCAKE BLANCA 12 CAV,False,,2025-06-23
2025-06-24,21.25,papel encerado,DECORACION,59,PAPEL ENCERADO,False,,2025-06-23
2025-06-10,107.0,gloria man,MANTEQUILLA,60,GLORIA MAN,False,,2025-06-09
2025-06-10,91.0,sjuan hvo,HUEVO,61,SJUAN HVO,False,,2025-06-09
2025-06-09,17.5,harina tri,HARINA,62,HARINA TRI,False,,2025-06-09
2025-06-09,27.5,zulka azucar glass 500 g,AZUCAR,63,ZULKA AZUCAR GLASS 500 G,False,,2025-06-09
2025-06-04,36.0,domo cupcake 12 cav,EMPAQUE,64,DOMO CUPCAKE 12 CAV,False,,2025-06-02
2025-06-04,72.0,Crema para batir ambiante 1 lt,AMBIANTE,65,CREMA PARA BATIR AMBIANTE 1 LT,False,,2025-06-02
2025-06-04,124.0,mantequilla 225gr gloria verde,MANTEQUILLA,66,MANTEQUILLA 225GR GLORIA VERDE,False,,2025-06-02
2025-06-04,40.0,domo cupcake 6 cav,EMPAQUE,67,DOMO CUPCAKE 6 CAV,False,,2025-06-02
2025-06-04,26.0,base dorada pasteloso 30 cm,BASES,68,BASE DORADA PASTELOSO 30 CM,False,,2025-06-02
2025-06-04,10.0,base dorada pasteloso 26 cm,BASES,69,BASE DORADA PASTELOSO 26 CM,False,,2025-06-02
2025-06-04,64.0,Tegral Satin Cremea cake vainilla,HARINA,70,TEGRAL SATIN CREMEA CAKE VAINILLA,False,,2025-06-02
2025-05-24,33.72,diana cereza c/tallo,DULCERIA,71,DIANA CEREZA C/TALLO,False,,2025-05-19
2025-05-20,38.0,caja de acetato para pastel 4-2 c,EMPAQUE,72,CAJA DE ACETATO PARA PASTEL 4-2 C,False,,2025-05-19
2025-05-20,104.0,caja cupcake 12 cav,EMPAQUE,73,CAJA CUPCAKE 12 CAV,False,,2025-05-19
2025-05-20,5.0,base plateada pasteloso 16 cm,BASES,74,BASE PLATEADA PASTELOSO 16 CM,False,,2025-05-19
2025-05-20,64.0,tegral Satin Creme cake vainilla,HARINA,75,TEGRAL SATIN CREME CAKE VAINILLA,False,,2025-05-19
2025-05-19,37.0,OREO DISP,GALLETAS,76,OREO DISP,False,,2025-05-19
2025-05-10,21.25,papel encerado,DECORACION,77,PAPEL ENCERADO,False,,2025-05-05
2025-05-06,74.0,OREO DISP,GALLETAS,78,OREO DISP,False,,2025-05-05
2025-05-06,244.0,huevo blan,HUEVO,79,HUEVO BLAN,False,,2025-05-05
2025-05-06,91.0,chant dull,CHANTILLY,80,CHANT DULL,False,,2025-05-05
2025-05-05,39.99,FLOR ARTIFICIAL TULIPAN,DECORACION,81,FLOR ARTIFICIAL TULIPAN,False,,2025-05-05
2025-05-05,44.99,ASTROMELIA ARTIFICIAL,DECORACION,82,ASTROMELIA ARTIFICIAL,False,,2025-05-05
2025-05-05,49.99,ROSAS ARTIFICIALES,DECORACION,83,ROSAS ARTIFICIALES,False,,2025-05-05
2025-05-05,29.99,ROSAS ARTIFICIALES,DECORACION,84,ROSAS ARTIFICIALES,False,,2025-05-05
2025-05-05,19.99,CINTA FLORAL,CINTA,85,CINTA FLORAL,False,,2025-05-05
2025-05-05,180.0,CAJAS 30*30,EMPAQUE,86,CAJAS 30*30,False,,2025-05-05
2025-05-05,40.0,BASES 32 CM LISTON,BASES,87,BASES 32 CM LISTON,False,,2025-05-05
2025-05-05,108.0,BASE 30 CM LISTON,BASES,88,BASE 30 CM LISTON,False,,2025-05-05
2025-05-05,49.99,MARGARITA ARTIFICIAL,DECORACION,89,MARGARITA ARTIFICIAL,False,,2025-05-05
2025-05-05,49.99,GERBERA,DECORACION,90,GERBERA,False,,2025-05-05
2025-05-05,39.99,FLOR ARTIFICIAL LILY,DECORACION,91,FLOR ARTIFICIAL LILY,False,,2025-05-05
2025-05-02,64.0,tegral satin creme cake vainilla,HARINA,92,TEGRAL SATIN CREME CAKE VAINILLA,False,,2025-04-28
2025-05-01,48.0,domo 1/2 de plancha inix 25 pzs,EMPAQUE,93,DOMO 1/2 DE PLANCHA INIX 25 PZS,False,,2025-04-28
2025-04-14,79.0,Tegral Satin Creme Cake Chocolate,HARINA,94,TEGRAL SATIN CREME CAKE CHOCOLATE,False,,2025-04-14
2024-06-04,72.0,caja cupcake 6 cav,EMPAQUE,95,CAJA CUPCAKE 6 CAV,False,,2024-06-03
2024-06-04,18.0,PASA GRANDE CHILENA,DECORACION,96,PASA GRANDE CHILENA,False,,2024-06-03
2024-06-04,10.44,fenix cuchara pastelera 50 pz,CONSUMIBLES,97,FENIX CUCHARA PASTELERA 50 PZ,False,,2024-06-03
2024-06-04,20.7,"reyma tapa n.10, 50 pz",CONSUMIBLES,98,"REYMA TAPA N.10, 50 PZ",False,,2024-06-03
2024-06-04,30.6,reyma vaso n.10 50 pz,CONSUMIBLES,99,REYMA VASO N.10 50 PZ,False,,2024-06-03
2024-06-04,171.14,nutella frasco 950 g,RELLENO,100,NUTELLA FRASCO 950 G,False,,2024-06-03
2024-06-04,87.0,fondant sabor nata coco blanco,FONDANT,101,FONDANT SABOR NATA COCO BLANCO,False,,2024-06-03
2024-06-04,12.0,base dorada pasteloso 28 cm,BASES,102,BASE DORADA PASTELOSO 28 CM,False,,2024-06-03
2024-06-04,46.0,NUEZ GRANILLO,DECORACION,103,NUEZ GRANILLO,False,,2024-06-03
2024-06-04,64.0,TEGRAL SATIN CREME CAKE CHOCOLATE,HARINA,104,TEGRAL SATIN CREME CAKE CHOCOLATE,False,,2024-06-03
2024-05-05,270.0,Tegral Satin Creme Cake Vainilla,HARINA,105,TEGRAL SATIN CREME CAKE VAINILLA,False,,2024-04-29
2024-05-05,36.0,caja cupcake blanca 6 cav,EMPAQUE,106,CAJA CUPCAKE BLANCA 6 CAV,False,,2024-04-29
2024-05-05,55.0,base fantasia pasteloso 36 cm,BASES,107,BASE FANTASIA PASTELOSO 36 CM,False,,2024-04-29
2024-05-05,28.0,disco dorado pasteloso 32 cm,BASES,108,DISCO DORADO PASTELOSO 32 CM,False,,2024-04-29
2024-05-05,174.0,fondant sabor nata coco blanco,FONDANT,109,FONDANT SABOR NATA COCO BLANCO,False,,2024-04-29
2024-05-05,56.0,capacillo verde puntos alegria,HORNEADO,110,CAPACILLO VERDE PUNTOS ALEGRIA,False,,2024-04-29
2024-05-05,45.0,pegamento para fondant 30 ml,DECORACION,111,PEGAMENTO PARA FONDANT 30 ML,False,,2024-04-29
2024-05-05,132.0,Crema para batir ambiante 1 lt,AMBIANTE,112,CREMA PARA BATIR AMBIANTE 1 LT,False,,2024-04-29
2024-05-05,44.0,confiter semi amargo,CHOCOLATE,113,CONFITER SEMI AMARGO,False,,2024-04-29
2024-05-05,45.0,jarabe tres leches dulcerito puratos,JARABE,114,JARABE TRES LECHES DULCERITO PURATOS,False,,2024-04-29
2024-05-05,126.0,chips blanco alpezi c/500 g,CHOCOLATE,115,CHIPS BLANCO ALPEZI C/500 G,False,,2024-04-29
2024-05-05,32.0,Domo mantecada 12 cavidades,EMPAQUE,116,DOMO MANTECADA 12 CAVIDADES,False,,2024-04-29
2024-05-05,57.0,relleno zarzamora fruitfill purat,RELLENO,117,RELLENO ZARZAMORA FRUITFILL PURAT,False,,2024-04-29
2024-05-05,72.0,tegral satin red velet cake puratos,HARINA,118,TEGRAL SATIN RED VELET CAKE PURATOS,False,,2024-04-29
2024-05-05,40.0,perlas y granillo diamantado ma b,DECORACION,119,PERLAS Y GRANILLO DIAMANTADO MA B,False,,2024-04-29
2024-05-05,48.0,domo 1/2 de plancha inix,EMPAQUE,120,DOMO 1/2 DE PLANCHA INIX,False,,2024-04-29
2024-05-05,25.0,domo 1/4 plancha,EMPAQUE,121,DOMO 1/4 PLANCHA,False,,2024-04-29
2024-05-05,55.0,galleta oreo base,RELLENO,122,GALLETA OREO BASE,False,,2024-04-29
2024-05-05,25.0,granillo chocolate combinado turin,CHOCOLATE,123,GRANILLO CHOCOLATE COMBINADO TURIN,False,,2024-04-29
2024-05-05,107.0,chips sabor chocolate semiamargo,CHOCOLATE,124,CHIPS SABOR CHOCOLATE SEMIAMARGO,False,,2024-04-29
2024-04-28,66.0,Crema para batir ambiante 1 lt,AMBIANTE,125,CREMA PARA BATIR AMBIANTE 1 LT,False,,2024-04-22
2024-04-28,63.0,chips blanco alpezi c/500 g,CHOCOLATE,126,CHIPS BLANCO ALPEZI C/500 G,False,,2024-04-22
2024-04-13,48.0,domo 1/2 de plancha inix,EMPAQUE,127,DOMO 1/2 DE PLANCHA INIX,False,,2024-04-08
2024-04-13,56.0,capacillo party color alegria,HORNEADO,128,CAPACILLO PARTY COLOR ALEGRIA,False,,2024-04-08
2024-04-13,12.0,base dorada pasteloso 30cm,BASES,129,BASE DORADA PASTELOSO 30CM,False,,2024-04-08
2024-04-13,12.0,base dorada pasteloso 28 cm,BASES,130,BASE DORADA PASTELOSO 28 CM,False,,2024-04-08
2024-04-13,64.0,Tegral Satin Creme Cake Chocolate,HARINA,131,TEGRAL SATIN CREME CAKE CHOCOLATE,False,,2024-04-08
2024-04-13,42.8,papel encerado,CONSUMIBLES,132,PAPEL ENCERADO,False,,2024-04-08
2024-04-13,56.0,capacillo blanco mini corazones,HORNEADO,133,CAPACILLO BLANCO MINI CORAZONES,False,,2024-04-08
2024-04-13,45.0,papel pelicula 150m meta film,OTROS,134,PAPEL PELICULA 150M META FILM,False,,2024-04-08
2024-04-13,55.0,royal icing deiman 500g,ROYALICING,135,ROYAL ICING DEIMAN 500G,False,,2024-04-08
2024-04-13,87.0,Foundant sabor nata coco blanco,FONDANT,136,FOUNDANT SABOR NATA COCO BLANCO,False,,2024-04-08
2024-04-04,110.0,confitier chocolate semiamargo tu,CHOCOLATE,137,CONFITIER CHOCOLATE SEMIAMARGO TU,False,,2024-04-01
2024-04-04,66.0,Crema para batir ambiante 1 lt,AMBIANTE,138,CREMA PARA BATIR AMBIANTE 1 LT,False,,2024-04-01
2024-03-28,123.0,Crema para batir ambiante 1 lt,AMBIANTE,139,CREMA PARA BATIR AMBIANTE 1 LT,False,,2024-03-25
2024-03-28,320.0,Tegral Satin Creme Cake Chocolate,HARINA,140,TEGRAL SATIN CREME CAKE CHOCOLATE,False,,2024-03-25
2024-03-28,54.0,tegral satin creme cake vainilla,HARINA,141,TEGRAL SATIN CREME CAKE VAINILLA,False,,2024-03-25
2024-03-28,126.0,chips blanco alpezi c/500 g,CHOCOLATE,142,CHIPS BLANCO ALPEZI C/500 G,False,,2024-03-25
2024-03-28,175.0,nutella 1 kg,RELLENO,143,NUTELLA 1 KG,False,,2024-03-25
2024-03-28,185.0,confiter semi amargo,CHOCOLATE,144,CONFITER SEMI AMARGO,False,,2024-03-25
2024-03-28,107.0,chips sabor chocolate semiamargo,CHOCOLATE,145,CHIPS SABOR CHOCOLATE SEMIAMARGO,False,,2024-03-25
2024-03-28,16.0,chips amarillo alpezzi c/500 gr,CHOCOLATE,146,CHIPS AMARILLO ALPEZZI C/500 GR,False,,2024-03-25
2024-03-28,48.0,chips rojo alpezzi c/500g,CHOCOLATE,147,CHIPS ROJO ALPEZZI C/500G,False,,2024-03-25
2024-03-28,144.0,tegral Satin Creme cake puratos,HARINA,148,TEGRAL SATIN CREME CAKE PURATOS,False,,2024-03-25
2024-03-28,64.0,Domo mantecada 12 cavidades,EMPAQUE,149,DOMO MANTECADA 12 CAVIDADES,False,,2024-03-25
2024-03-14,57.0,relleno zarzamora fruitfill purat,RELLENO,150,RELLENO ZARZAMORA FRUITFILL PURAT,False,,2024-03-11
2024-03-14,54.0,Tegral Satin Creme Cake Vainilla,HARINA,151,TEGRAL SATIN CREME CAKE VAINILLA,False,,2024-03-11
2024-03-14,32.0,kisses plateados,CHOCOLATE,152,KISSES PLATEADOS,False,,2024-03-11
2024-03-14,15.0,goma aro manzana lucky gummys,DULCERIA,153,GOMA ARO MANZANA LUCKY GUMMYS,False,,2024-03-11
2024-03-14,20.0,oblea arroz,DECORACION,154,OBLEA ARROZ,False,,2024-03-11
2024-03-14,66.0,Crema para batir ambiante 1 lt,AMBIANTE,155,CREMA PARA BATIR AMBIANTE 1 LT,False,,2024-03-11
2024-03-09,107.0,chips sabor chocolate semiamargo,CHOCOLATE,156,CHIPS SABOR CHOCOLATE SEMIAMARGO,False,,2024-03-04
2024-03-09,199.0,mantequilla 1 kg gloria verde,MANTEQUILLA,157,MANTEQUILLA 1 KG GLORIA VERDE,False,,2024-03-04
2024-03-09,22.0,confitier chocolate semiamargo tu,CHOCOLATE,158,CONFITIER CHOCOLATE SEMIAMARGO TU,False,,2024-03-04
2024-03-09,63.0,chips blanco alpezi c/500 g,CHOCOLATE,159,CHIPS BLANCO ALPEZI C/500 G,False,,2024-03-04
2024-03-09,72.0,tegral satin red velet cake puratos,HARINA,160,TEGRAL SATIN RED VELET CAKE PURATOS,False,,2024-03-04
2024-03-09,50.0,royal icing deiman 500g,ROYALICING,161,ROYAL ICING DEIMAN 500G,False,,2024-03-04
2024-03-01,38.0,domo rigido 35-25 inix,EMPAQUE,162,DOMO RIGIDO 35-25 INIX,False,,2024-02-26
2024-03-01,108.0,tegral satin creme cake vainilla,HARINA,163,TEGRAL SATIN CREME CAKE VAINILLA,False,,2024-02-26
2024-03-01,22.0,confitier chocolate semiamargo turin,CHOCOLATE,164,CONFITIER CHOCOLATE SEMIAMARGO TURIN,False,,2024-02-26
2024-03-01,99.0,cremfil cream cheese filling puratos,QUESO CREMA,165,CREMFIL CREAM CHEESE FILLING PURATOS,False,,2024-02-26
2024-03-01,63.0,chips blanco alpezi c/500 g,CHOCOLATE,166,CHIPS BLANCO ALPEZI C/500 G,False,,2024-02-26
2024-02-17,62.0,Relleno durazno puratos,RELLENO,167,RELLENO DURAZNO PURATOS,False,,2024-02-12
2024-02-17,49.0,color morado enco 40g,COLORANTES,168,COLOR MORADO ENCO 40G,False,,2024-02-12
2024-02-17,43.0,color rojo enco 40g,COLORANTES,169,COLOR ROJO ENCO 40G,False,,2024-02-12
2024-02-17,83.0,fondant sabor nata coco blanco,FONDANT,170,FONDANT SABOR NATA COCO BLANCO,False,,2024-02-12
2024-02-17,72.0,Tegral Satin Red Velvet Cake Puratos,HARINA,171,TEGRAL SATIN RED VELVET CAKE PURATOS,False,,2024-02-12
2024-02-16,21.5,oreo vainilla,GALLETAS,172,OREO VAINILLA,False,,2024-02-12
2024-02-16,18.0,harina trigo,HARINA,173,HARINA TRIGO,False,,2024-02-12
2024-02-16,52.0,lechera,LECHERA,174,LECHERA,False,,2024-02-12
2024-02-16,64.5,oreo,GALLETAS,175,OREO,False,,2024-02-12
2024-02-16,60.0,dmonte elote,HORNEADO,176,DMONTE ELOTE,False,,2024-02-12
2024-02-16,142.0,chantilly dulce,CHANTILLY,177,CHANTILLY DULCE,False,,2024-02-12
2024-02-16,24.5,zulka glass,AZUCAR,178,ZULKA GLASS,False,,2024-02-12
2024-02-16,70.0,Queso philadelphia 190g,QUESO CREMA,179,QUESO PHILADELPHIA 190G,False,,2024-02-12
2024-02-16,80.0,huevo calvario,HUEVO,180,HUEVO CALVARIO,False,,2024-02-12
2024-02-15,126.0,chips blanco alpezzi c/ 500 g,CHOCOLATE,181,CHIPS BLANCO ALPEZZI C/ 500 G,False,,2024-02-12
2024-02-15,35.0,caketopper happy birthday tx,DECORACION,182,CAKETOPPER HAPPY BIRTHDAY TX,False,,2024-02-12
2024-02-15,14.0,manga para decorar color verde ,CONSUMIBLES,183,MANGA PARA DECORAR COLOR VERDE,False,,2024-02-12
2024-02-15,83.0,fondant sabor nata coco blanco,FONDANT,184,FONDANT SABOR NATA COCO BLANCO,False,,2024-02-12
2024-02-15,30.0,paquete palitos para paletas,DECORACION,185,PAQUETE PALITOS PARA PALETAS,False,,2024-02-12
2024-02-15,66.0,Crema para batir ambiante 1 lt,AMBIANTE,186,CREMA PARA BATIR AMBIANTE 1 LT,False,,2024-02-12
2024-02-14,71.0,chantilly dulce,CHANTILLY,187,CHANTILLY DULCE,False,,2024-02-12
2024-02-14,65.0,peaje,CASETAS,188,PEAJE,False,,2024-02-12
2024-02-14,65.0,peaje,CASETAS,189,PEAJE,False,,2024-02-12
2024-02-13,66.29,malv c/ chocolate 32 pz cod,DULCERIA,190,MALV C/ CHOCOLATE 32 PZ COD,False,,2024-02-12
2024-02-13,12.9,celofan 9x12 100 pz,EMPAQUE,191,CELOFAN 9X12 100 PZ,False,,2024-02-12
2024-02-12,24.0,base dorada pasteloso 28 cm,BASES,192,BASE DORADA PASTELOSO 28 CM,False,,2024-02-12
2024-02-12,40.0,bolsa de celofan,EMPAQUE,193,BOLSA DE CELOFAN,False,,2024-02-12
2024-02-12,45.0,kit kat 9 pz,CHOCOLATE,194,KIT KAT 9 PZ,False,,2024-02-12
2024-02-12,25.0,hoja de arroz gruesa,DECORACION,195,HOJA DE ARROZ GRUESA,False,,2024-02-12
2024-02-12,205.0,chantilly 5 kg asturias,CHANTILLY,196,CHANTILLY 5 KG ASTURIAS,False,,2024-02-12
2024-02-12,41.0,Harina piña colada espiga mix,HARINA,197,HARINA PINA COLADA ESPIGA MIX,False,,2024-02-12
2024-02-12,64.0,Tegral Satin Creme Cake Chocolate,HARINA,198,TEGRAL SATIN CREME CAKE CHOCOLATE,False,,2024-02-12
2024-02-12,108.0,Tegral Satin Creme Cake Vainilla,HARINA,199,TEGRAL SATIN CREME CAKE VAINILLA,False,,2024-02-12
2024-02-12,66.0,Crema para batir ambiante 1 lt,AMBIANTE,200,CREMA PARA BATIR AMBIANTE 1 LT,False,,2024-02-12
2024-02-12,77.0,au huevo 1,HUEVO,201,AU HUEVO 1,False,,2024-02-12
2024-02-12,25.0,nido f 120,LECHE EN POLVO,202,NIDO F 120,False,,2024-02-12
2024-02-12,22.0,inca mante,MANTECA VEGETAL,203,INCA MANTE,False,,2024-02-12
2024-02-12,60.0,AzucZulka,AZUCAR,204,AZUCZULKA,False,,2024-02-12
2024-02-12,32.0,hue12pzCR,HUEVO,205,HUE12PZCR,False,,2024-02-12
2024-02-12,34.0,nescafe 4 ,DECORACION,206,NESCAFE 4,False,,2024-02-12
2024-02-12,32.0,soyaradir,OTROS,207,SOYARADIR,False,,2024-02-12
2024-02-11,28.0,perla neon y confeti ma baker,DECORACION,208,PERLA NEON Y CONFETI MA BAKER,False,,2024-02-05
2024-02-11,83.0,fondant sabor nata coco blanco,FONDANT,209,FONDANT SABOR NATA COCO BLANCO,False,,2024-02-05
2024-02-10,83.0,fondant sabor nata coco blanco,FONDANT,210,FONDANT SABOR NATA COCO BLANCO,False,,2024-02-05
2024-02-10,55.0,base doble liston negra 36cm,BASES,211,BASE DOBLE LISTON NEGRA 36CM,False,,2024-02-05
2024-02-10,50.0,hoja de arroz gruesa,DECORACION,212,HOJA DE ARROZ GRUESA,False,,2024-02-05
2024-02-06,153.6,inix contenedor mantecadas 25 pz,EMPAQUE,213,INIX CONTENEDOR MANTECADAS 25 PZ,False,,2024-02-05
2024-02-06,116.0,mantequilla 225 g gloria,MANTEQUILLA,214,MANTEQUILLA 225 G GLORIA,False,,2024-02-05
2024-02-06,66.53,marian surtido navideño 340g,GALLETAS,215,MARIAN SURTIDO NAVIDENO 340G,False,,2024-02-05
2024-02-06,64.0,Tegral Satin Creme Cake Chocolate,HARINA,216,TEGRAL SATIN CREME CAKE CHOCOLATE,False,,2024-02-05
2024-02-06,108.0,Tegral Satin Creme Cake Vainilla,HARINA,217,TEGRAL SATIN CREME CAKE VAINILLA,False,,2024-02-05
2024-02-06,16.0,chips blanco alpezzi c/ 500 g,CHOCOLATE,218,CHIPS BLANCO ALPEZZI C/ 500 G,False,,2024-02-05
2024-02-06,60.48,puratos fruitfil fresa 1 kg,RELLENO,219,PURATOS FRUITFIL FRESA 1 KG,False,,2024-02-05
2024-02-06,39.15,alegria capacillo bco dots colores 100pz,CAPACILLOS,220,ALEGRIA CAPACILLO BCO DOTS COLORES 100PZ,False,,2024-02-05
2024-02-06,35.96,fiorentina manga no 12 10 pz,RELLENO,221,FIORENTINA MANGA NO 12 10 PZ,False,,2024-02-05
2024-02-06,83.0,fondant sabor nata coco blanco,FONDANT,222,FONDANT SABOR NATA COCO BLANCO,False,,2024-02-05
2024-02-06,179.32,inix contenedor mantecadas 25 pz,EMPAQUE,223,INIX CONTENEDOR MANTECADAS 25 PZ,False,,2024-02-05
2024-01-24,16.0,chips rosa alpezzi c/500g,CHOCOLATE,224,CHIPS ROSA ALPEZZI C/500G,False,,2024-01-22
2024-01-24,16.0,chips rojo alpezzi c/500g,CHOCOLATE,225,CHIPS ROJO ALPEZZI C/500G,False,,2024-01-22
2024-01-24,64.0,Tegral Satin Creme Cake Chocolate,CHOCOLATE,226,TEGRAL SATIN CREME CAKE CHOCOLATE,False,,2024-01-22
2024-01-24,66.0,Crema para batir ambiante 1 lt,AMBIANTE,227,CREMA PARA BATIR AMBIANTE 1 LT,False,,2024-01-22
2024-01-24,72.0,Tegral Satin Red Velvet Cake Puratos,CHOCOLATE,228,TEGRAL SATIN RED VELVET CAKE PURATOS,False,,2024-01-22
2024-01-24,50.0,sprinkles,DECORACION,229,SPRINKLES,False,,2024-01-22
2024-01-24,58.0,mantequilla 225gr gloria,MANTEQUILLA,230,MANTEQUILLA 225GR GLORIA,False,,2024-01-22
2024-01-15,115.0,gloria man,MANTEQUILLA,231,GLORIA MAN,False,,2024-01-15
2024-01-14,65.0,peaje,CASETAS,232,PEAJE,False,,2024-01-08
2024-01-13,70.59,harina de trigo,HARINA,233,HARINA DE TRIGO,False,,2024-01-08
2024-01-13,142.2,Queso philadelphia 190g,QUESO CREMA,234,QUESO PHILADELPHIA 190G,False,,2024-01-08
2024-01-13,83.89,huevo,HUEVO,235,HUEVO,False,,2024-01-08
2024-01-13,135.0,transfer hoja de arroz gruesa,DECORACION,236,TRANSFER HOJA DE ARROZ GRUESA,False,,2024-01-08
2024-01-10,28.0,perla neon y confeti ma baker,DECORACION,237,PERLA NEON Y CONFETI MA BAKER,False,,2024-01-08
2024-01-10,46.0,color negro enco 40g,COLORANTES,238,COLOR NEGRO ENCO 40G,False,,2024-01-08
2024-01-10,64.0,Domo mantecada 12 cavidades,EMPAQUE,239,DOMO MANTECADA 12 CAVIDADES,False,,2024-01-08
2024-01-10,58.0,mantequilla 225gr gloria,MANTEQUILLA,240,MANTEQUILLA 225GR GLORIA,False,,2024-01-08
2024-01-10,16.0,chips rojo alpezzi c/500g,CHOCOLATE,241,CHIPS ROJO ALPEZZI C/500G,False,,2024-01-08
2024-01-10,22.0,confitier chocolate semiamargo tu,CHOCOLATE,242,CONFITIER CHOCOLATE SEMIAMARGO TU,False,,2024-01-08
2024-01-10,54.0,Tegral Satin Creme Cake Vainilla,HARINA,243,TEGRAL SATIN CREME CAKE VAINILLA,False,,2024-01-08
2024-01-10,72.0,Tegral Satin Red Velvet Cake Puratos,HARINA,244,TEGRAL SATIN RED VELVET CAKE PURATOS,False,,2024-01-08
2024-01-10,24.0,base plateada pasteloso 30 cm,BASES,245,BASE PLATEADA PASTELOSO 30 CM,False,,2024-01-08
2024-01-10,83.0,fondant sabor nata coco blanco,FONDANT,246,FONDANT SABOR NATA COCO BLANCO,False,,2024-01-08
2024-01-01,65.0,peaje,CASETAS,247,PEAJE,False,,2024-01-01
2023-12-31,65.0,peaje,CASETAS,248,PEAJE,False,,2023-12-25
2023-12-30,32.0,au huevo 1,HUEVO,249,AU HUEVO 1,False,,2023-12-25
2023-12-30,56.0,cremas,NO DEFINIDO,250,CREMAS,False,,2023-12-25
2023-12-30,80.0,Queso philadelphia 190g,QUESO CREMA,251,QUESO PHILADELPHIA 190G,False,,2023-12-25
2023-12-30,71.0,chantilly dulce,CHANTILLY,252,CHANTILLY DULCE,False,,2023-12-25
2023-12-29,66.0,Crema para batir ambiante 1 lt,AMBIANTE,253,CREMA PARA BATIR AMBIANTE 1 LT,False,,2023-12-25
2023-12-29,175.0,charola galletera alta grande,EMPAQUE,254,CHAROLA GALLETERA ALTA GRANDE,False,,2023-12-25
2023-12-29,63.0,chips blanco alpezzi c/ 500 g,CHOCOLATE,255,CHIPS BLANCO ALPEZZI C/ 500 G,False,,2023-12-25
2023-12-29,72.0,Tegral Satin Red Velvet Cake Puratos,HARINA,256,TEGRAL SATIN RED VELVET CAKE PURATOS,False,,2023-12-25
2023-12-29,16.0,chips rojo alpezzi c/ 500 g,CHOCOLATE,257,CHIPS ROJO ALPEZZI C/ 500 G,False,,2023-12-25
2023-12-29,18.0,papel estrella pliego,CONSUMIBLES,258,PAPEL ESTRELLA PLIEGO,False,,2023-12-25
2023-12-29,38.0,domo rigido 35-25 inix,EMPAQUE,259,DOMO RIGIDO 35-25 INIX,False,,2023-12-25
2023-12-29,71.0,chantilly dulce,CHANTILLY,260,CHANTILLY DULCE,False,,2023-12-25
2023-12-29,48.0,huevo blanco,HUEVO,261,HUEVO BLANCO,False,,2023-12-25
2023-12-29,66.0,confitier chocolate semiamargo tu,CHOCOLATE,262,CONFITIER CHOCOLATE SEMIAMARGO TU,False,,2023-12-25
2023-12-29,48.0,domo 1/2 de plancha inix,EMPAQUE,263,DOMO 1/2 DE PLANCHA INIX,False,,2023-12-25
2023-12-24,28.0,nuez pedazo,RELLENO,264,NUEZ PEDAZO,False,,2023-12-18
2023-12-24,21.25,papel encerado,CONSUMIBLES,265,PAPEL ENCERADO,False,,2023-12-18
2023-12-24,45.0,durazno mitades en almibar 820g,RELLENO,266,DURAZNO MITADES EN ALMIBAR 820G,False,,2023-12-18
2023-12-24,43.0,rebanadas de piña en almibar 800g,RELLENO,267,REBANADAS DE PINA EN ALMIBAR 800G,False,,2023-12-18
2023-12-21,22.5,zulka glass,AZUCAR,268,ZULKA GLASS,False,,2023-12-18
2023-12-21,82.0,sabrosano,ACEITE,269,SABROSANO,False,,2023-12-18
2023-12-21,60.0,oreo,GALLETAS,270,OREO,False,,2023-12-18
2023-12-21,37.0,azucar,AZUCAR,271,AZUCAR,False,,2023-12-18
2023-12-17,25.0,granillo chocolate combinado turin,CHOCOLATE,272,GRANILLO CHOCOLATE COMBINADO TURIN,False,,2023-12-11
2023-12-17,64.0,Tegral Satin Creme Cake Chocolate,HARINA,273,TEGRAL SATIN CREME CAKE CHOCOLATE,False,,2023-12-11
2023-12-17,205.0,chantilly 5 kg asturias,CHANTILLY,274,CHANTILLY 5 KG ASTURIAS,False,,2023-12-11
2023-12-17,38.0,domo rigido 35-25 inix,EMPAQUE,275,DOMO RIGIDO 35-25 INIX,False,,2023-12-11
2023-12-17,22.0,granillo chocolate semiamargo,CHOCOLATE,276,GRANILLO CHOCOLATE SEMIAMARGO,False,,2023-12-11
2023-12-17,63.0,chips blanco aplezzi c/ 500g,CHOCOLATE,277,CHIPS BLANCO APLEZZI C/ 500G,False,,2023-12-11
2023-12-11,43.0,color rosa brillante enco 40g,COLORANTES,278,COLOR ROSA BRILLANTE ENCO 40G,False,,2023-12-11
2023-12-11,83.0,Foundant sabor nata coco blanco,FONDANT,279,FOUNDANT SABOR NATA COCO BLANCO,False,,2023-12-11
2023-12-11,42.0,color azul brillante enco,COLORANTES,280,COLOR AZUL BRILLANTE ENCO,False,,2023-12-11
2023-12-11,54.0,tegral satin creme cake vainilla,HARINA,281,TEGRAL SATIN CREME CAKE VAINILLA,False,,2023-12-11
2023-12-11,57.0,relleno zarzamora fruitfill purat,RELLENO,282,RELLENO ZARZAMORA FRUITFILL PURAT,False,,2023-12-11
2023-12-11,66.0,Crema para batir ambiante 1 lt,AMBIANTE,283,CREMA PARA BATIR AMBIANTE 1 LT,False,,2023-12-11
2023-12-11,90.0,transfer hoja de arroz gruesa,DECORACION,284,TRANSFER HOJA DE ARROZ GRUESA,False,,2023-12-11
2023-12-11,64.0,Tegral Satin Creme Cake Chocolate,HARINA,285,TEGRAL SATIN CREME CAKE CHOCOLATE,False,,2023-12-11
2023-12-10,142.2,Queso philadelphia 190g,QUESO CREMA,286,QUESO PHILADELPHIA 190G,False,,2023-12-04
2023-12-08,71.0,chantilly dulce,CHANTILLY,287,CHANTILLY DULCE,False,,2023-12-04
2023-12-08,22.5,zulka glass,AZUCAR,288,ZULKA GLASS,False,,2023-12-04
2023-12-08,71.0,chantilly dulce,CHANTILLY,289,CHANTILLY DULCE,False,,2023-12-04
2023-12-08,65.0,peaje,CASETAS,290,PEAJE,False,,2023-12-04
2023-12-08,65.0,peaje,CASETAS,291,PEAJE,False,,2023-12-04
2023-12-07,45.0,transfer hoja de arroz gruesa,DECORACION,292,TRANSFER HOJA DE ARROZ GRUESA,False,,2023-12-04
2023-12-07,37.0,Queso philadelphia 190g,QUESO CREMA,293,QUESO PHILADELPHIA 190G,False,,2023-12-04
2023-12-07,40.0,perlas y granillo diamantado ma b,DECORACION,294,PERLAS Y GRANILLO DIAMANTADO MA B,False,,2023-12-04
2023-12-07,83.0,Foundant sabor nata coco blanco,FONDANT,295,FOUNDANT SABOR NATA COCO BLANCO,False,,2023-12-04
2023-12-07,72.0,Tegral Satin Red Velvet Cake Puratos,HARINA,296,TEGRAL SATIN RED VELVET CAKE PURATOS,False,,2023-12-04
2023-12-07,64.0,Tegral Satin Creme Cake Chocolate,HARINA,297,TEGRAL SATIN CREME CAKE CHOCOLATE,False,,2023-12-04
2023-12-07,54.0,Tegral Satin Creme Cake Vainilla,HARINA,298,TEGRAL SATIN CREME CAKE VAINILLA,False,,2023-12-04
2023-12-07,199.0,Mantequilla Gloria Verde,MANTEQUILLA,299,MANTEQUILLA GLORIA VERDE,False,,2023-12-04
2023-12-07,48.0,domo 1/2 de plancha inix,EMPAQUE,300,DOMO 1/2 DE PLANCHA INIX,False,,2023-12-04
2023-12-07,38.0,domo rigido 35-25 inix,EMPAQUE,301,DOMO RIGIDO 35-25 INIX,False,,2023-12-04
2023-12-07,63.0,chips blanco alpezzi c/ 500 g,CHOCOLATE,302,CHIPS BLANCO ALPEZZI C/ 500 G,False,,2023-12-04
2023-12-07,16.0,chips negro alpezzi c/500g,CHOCOLATE,303,CHIPS NEGRO ALPEZZI C/500G,False,,2023-12-04
2023-12-07,56.0,capacillos blanco hollidays,CAPACILLOS,304,CAPACILLOS BLANCO HOLLIDAYS,False,,2023-12-04
2023-12-06,66.29,malv c/ chocolate 32 pz cod,DULCERIA,305,MALV C/ CHOCOLATE 32 PZ COD,False,,2023-12-04
2023-12-06,25.97,celofan 12x13,EMPAQUE,306,CELOFAN 12X13,False,,2023-12-04
2023-12-06,54.0,Tegral Satin Creme Cake Vainilla,HARINA,307,TEGRAL SATIN CREME CAKE VAINILLA,False,,2023-12-04
2023-12-06,42.0,caja de acetato 17x11x3,EMPAQUE,308,CAJA DE ACETATO 17X11X3,False,,2023-12-04
2023-12-06,36.0,caja de acetato corazon chico,EMPAQUE,309,CAJA DE ACETATO CORAZON CHICO,False,,2023-12-04
2023-12-06,19.0,domo grande,EMPAQUE,310,DOMO GRANDE,False,,2023-12-04
2023-12-06,90.0,transfer hoja de arroz gruesa,DECORACION,311,TRANSFER HOJA DE ARROZ GRUESA,False,,2023-12-04
2023-12-06,28.5,nuez pedazo,RELLENO,312,NUEZ PEDAZO,False,,2023-12-04
2023-12-06,20.0,manga p/ decorar color verde alegr,CONSUMIBLES,313,MANGA P/ DECORAR COLOR VERDE ALEGR,False,,2023-12-04
2023-12-06,42.0,color azul brillante enco,COLORANTES,314,COLOR AZUL BRILLANTE ENCO,False,,2023-12-04
2023-12-06,95.0,royal icing,ROYALICING,315,ROYAL ICING,False,,2023-12-04
2023-12-06,20.0,luneta,RELLENO,316,LUNETA,False,,2023-12-04
2023-12-06,337.58,nutella,RELLENO,317,NUTELLA,False,,2023-12-04
2023-12-06,70.59,harina de trigo,HARINA,318,HARINA DE TRIGO,False,,2023-12-04
2023-12-06,149.99,pinceles,OTROS,319,PINCELES,False,,2023-12-04
2023-12-06,9.5,Domo mantecada 12 cavidades,EMPAQUE,320,DOMO MANTECADA 12 CAVIDADES,False,,2023-12-04
2023-12-04,99.95,cajita mini,OTROS,321,CAJITA MINI,False,,2023-12-04
2023-12-04,66.29,malv c/ chocolate 32 pz cod,DULCERIA,322,MALV C/ CHOCOLATE 32 PZ COD,False,,2023-12-04
2023-12-03,76.0,gloria man,MANTEQUILLA,323,GLORIA MAN,False,,2023-11-27
2023-12-03,17.0,harina trigo,HARINA,324,HARINA TRIGO,False,,2023-11-27
2023-12-03,37.0,au azucar,AZUCAR,325,AU AZUCAR,False,,2023-11-27
2023-12-03,24.0,zulka glass,AZUCAR,326,ZULKA GLASS,False,,2023-11-27
2023-12-03,53.0,oreo,GALLETAS,327,OREO,False,,2023-11-27
2023-12-02,40.0,perlas y granillo diamantado ma b,DECORACION,328,PERLAS Y GRANILLO DIAMANTADO MA B,False,,2023-11-27
2023-12-02,90.0,transfer hoja de arroz gruesa,DECORACION,329,TRANSFER HOJA DE ARROZ GRUESA,False,,2023-11-27
2023-11-30,415.94,nestle bota felices fiestas,NO DEFINIDO,330,NESTLE BOTA FELICES FIESTAS,False,,2023-11-27
2023-11-29,21.25,papel encerado,CONSUMIBLES,331,PAPEL ENCERADO,False,,2023-11-27
2023-11-29,26.0,nuez granillo,RELLENO,332,NUEZ GRANILLO,False,,2023-11-27
2023-11-29,78.0,caja cupcake 2 cav,EMPAQUE,333,CAJA CUPCAKE 2 CAV,False,,2023-11-27
2023-11-28,22.0,porta,NO DEFINIDO,334,PORTA,False,,2023-11-27
2023-11-28,22.0,contenedor,EMPAQUE,335,CONTENEDOR,False,,2023-11-27
2023-11-28,22.0,caja ic,EMPAQUE,336,CAJA IC,False,,2023-11-27
2023-11-28,22.0,150 capacillos,CAPACILLOS,337,150 CAPACILLOS,False,,2023-11-27
2023-11-28,76.0,gloria man,MANTEQUILLA,338,GLORIA MAN,False,,2023-11-27
2023-11-26,107.0,chips sabor chocolate semiamargo,CHOCOLATE,339,CHIPS SABOR CHOCOLATE SEMIAMARGO,False,,2023-11-20
2023-11-26,66.0,Crema para batir ambiante 1 lt,AMBIANTE,340,CREMA PARA BATIR AMBIANTE 1 LT,False,,2023-11-20
2023-11-26,96.0,Domo mantecada 12 cavidades,EMPAQUE,341,DOMO MANTECADA 12 CAVIDADES,False,,2023-11-20
2023-11-26,64.0,Tegral Satin Creme Cake Chocolate,HARINA,342,TEGRAL SATIN CREME CAKE CHOCOLATE,False,,2023-11-20
2023-11-25,149.0,kisses leche,CHOCOLATE,343,KISSES LECHE,False,,2023-11-20
2023-11-24,210.0,vinil brillante 140x50 cm,ADMINISTRACION,344,VINIL BRILLANTE 140X50 CM,False,,2023-11-20
2023-11-24,310.0,estructura,OTROS,345,ESTRUCTURA,False,,2023-11-20
2023-11-24,123.0,lona  de 80x180 cm,OTROS,346,LONA DE 80X180 CM,False,,2023-11-20
2023-11-16,83.0,Foundant sabor nata coco blanco,FONDANT,347,FOUNDANT SABOR NATA COCO BLANCO,False,,2023-11-13
2023-11-16,64.0,Tegral Satin Creme cake chocolate,HARINA,348,TEGRAL SATIN CREME CAKE CHOCOLATE,False,,2023-11-13
2023-11-16,72.0,Tegral Satin Red Velvet Puratos,HARINA,349,TEGRAL SATIN RED VELVET PURATOS,False,,2023-11-13
2023-11-16,46.0,base dorada pasteloso 46x66 cm,BASES,350,BASE DORADA PASTELOSO 46X66 CM,False,,2023-11-13
2023-11-14,41.0,Harina piña colada espiga mix,HARINA,351,HARINA PINA COLADA ESPIGA MIX,False,,2023-11-13
2023-11-13,25.0,bolsa de celofan,EMPAQUE,352,BOLSA DE CELOFAN,False,,2023-11-13
2023-11-13,6.0,papel encerado,CONSUMIBLES,353,PAPEL ENCERADO,False,,2023-11-13
2023-11-13,20.0,palo para brocheta,CONSUMIBLES,354,PALO PARA BROCHETA,False,,2023-11-13
2023-11-13,95.0,royal icing,ROYALICING,355,ROYAL ICING,False,,2023-11-13
2023-11-13,24.0,zulka glass,AZUCAR,356,ZULKA GLASS,False,,2023-11-13
2023-11-13,15.0,saborizant,SABORIZANTE,357,SABORIZANT,False,,2023-11-13
2023-11-13,76.0,gloria man,MANTEQUILLA,358,GLORIA MAN,False,,2023-11-13
2023-11-13,71.0,chantilly dulce,CHANTILLY,359,CHANTILLY DULCE,False,,2023-11-13
2023-11-13,17.0,harina tri,HARINA,360,HARINA TRI,False,,2023-11-13
2023-11-09,72.0,Tegral Satin Red Velvet Puratos,HARINA,361,TEGRAL SATIN RED VELVET PURATOS,False,,2023-11-06
2023-11-09,54.0,tegral satin creme cake vainilla,HARINA,362,TEGRAL SATIN CREME CAKE VAINILLA,False,,2023-11-06
2023-11-09,83.0,Foundant sabor nata coco blanco,FONDANT,363,FOUNDANT SABOR NATA COCO BLANCO,False,,2023-11-06
2023-11-09,126.0,chips blanco alpezi c/500 g,CHOCOLATE,364,CHIPS BLANCO ALPEZI C/500 G,False,,2023-11-06
2023-11-05,80.0,huevo calvario,HUEVO,365,HUEVO CALVARIO,False,,2023-10-30
2023-11-05,16.0,iberia 90,MANTEQUILLA,366,IBERIA 90,False,,2023-10-30
2023-11-05,12.0,base dorada pasteloso 30cm,BASES,367,BASE DORADA PASTELOSO 30CM,False,,2023-10-30
2023-11-05,54.0,tegral satin creme cake vainilla,HARINA,368,TEGRAL SATIN CREME CAKE VAINILLA,False,,2023-10-30
2023-11-02,28.5,oreo 273.6,GALLETAS,369,OREO 273.6,False,,2023-10-30
2023-11-02,28.5,oreo vainilla,GALLETAS,370,OREO VAINILLA,False,,2023-10-30
2023-11-01,106.98,ferrero rocher T-16,CHOCOLATE,371,FERRERO ROCHER T-16,False,,2023-10-30
2023-11-01,12.32,celofan 8x12,EMPAQUE,372,CELOFAN 8X12,False,,2023-10-30
2023-11-01,63.0,peaje,CASETAS,373,PEAJE,False,,2023-10-30
2023-11-01,162.99,nutella frasco 950 g,RELLENO,374,NUTELLA FRASCO 950 G,False,,2023-10-30
2023-11-01,100.51,mars m&m mini vit 215.6g,CHOCOLATE,375,MARS M&M MINI VIT 215.6G,False,,2023-10-30
2023-10-31,21.0,bolsa jumbo,OTROS,376,BOLSA JUMBO,False,,2023-10-30
2023-10-31,72.0,hue1pzSan,HUEVO,377,HUE1PZSAN,False,,2023-10-30
2023-10-30,109.0,15-14-chs,EMPAQUE,378,15-14-CHS,False,,2023-10-30
2023-10-30,205.0,chantilly 5 kg asturias,CHANTILLY,379,CHANTILLY 5 KG ASTURIAS,False,,2023-10-30
2023-10-30,166.0,capacillo floreado alegria,CAPACILLOS,380,CAPACILLO FLOREADO ALEGRIA,False,,2023-10-30
2023-10-30,45.0,Transfer hoja de arroz gruesa,TRANSFER,381,TRANSFER HOJA DE ARROZ GRUESA,False,,2023-10-30
2023-10-30,83.0,Foundant sabor nata coco blanco,FONDANT,382,FOUNDANT SABOR NATA COCO BLANCO,False,,2023-10-30
2023-10-30,72.0,Tegral Satin Red Velvet Puratos,HARINA,383,TEGRAL SATIN RED VELVET PURATOS,False,,2023-10-30
2023-10-30,99.0,nutella 650g,RELLENO,384,NUTELLA 650G,False,,2023-10-30
2023-10-30,25.0,azucar glass de primera,AZUCAR,385,AZUCAR GLASS DE PRIMERA,False,,2023-10-30
2023-10-30,57.0,relleno zarzamora fruitfill purat,RELLENO,386,RELLENO ZARZAMORA FRUITFILL PURAT,False,,2023-10-30
2023-10-30,64.0,Tegral Satin Creme cake chocolate,HARINA,387,TEGRAL SATIN CREME CAKE CHOCOLATE,False,,2023-10-30
2023-10-30,54.0,tegral satin creme cake vainilla,HARINA,388,TEGRAL SATIN CREME CAKE VAINILLA,False,,2023-10-30
2023-10-21,37.48,rollo 45,OTROS,389,ROLLO 45,False,,2023-10-16
2023-10-21,29.97,foami con diamantina carta,OTROS,390,FOAMI CON DIAMANTINA CARTA,False,,2023-10-16
2023-10-19,56.0,capacillo blanco mini corazones ,CAPACILLOS,391,CAPACILLO BLANCO MINI CORAZONES,False,,2023-10-16
2023-10-19,45.0,Transfer hoja de arroz gruesa,TRANSFER,392,TRANSFER HOJA DE ARROZ GRUESA,False,,2023-10-16
2023-10-19,83.0,Foundant sabor nata coco blanco,FONDANT,393,FOUNDANT SABOR NATA COCO BLANCO,False,,2023-10-16
2023-10-19,80.0,Domo mantecada 12 cavidades,EMPAQUE,394,DOMO MANTECADA 12 CAVIDADES,False,,2023-10-16
2023-10-17,41.52,comision cobro con tarjea,OTROS,395,COMISION COBRO CON TARJEA,False,,2023-10-16
2023-10-17,324.0,30*30*30,EMPAQUE,396,30*30*30,False,,2023-10-16
2023-10-17,348.0,32*32*30,EMPAQUE,397,32*32*30,False,,2023-10-16
2023-10-17,222.0,31*31*20,EMPAQUE,398,31*31*20,False,,2023-10-16
2023-10-17,200.0,envio,OTROS,399,ENVIO,False,,2023-10-16
2023-10-17,144.0,cupcakes  de 6 cav,EMPAQUE,400,CUPCAKES DE 6 CAV,False,,2023-10-16
2023-10-16,142.0,chantilly dulce,CHANTILLY,401,CHANTILLY DULCE,False,,2023-10-16
2023-10-16,12.0,papel estrella pliego,CONSUMIBLES,402,PAPEL ESTRELLA PLIEGO,False,,2023-10-16
2023-10-16,51.0,tegral satin creme cake vainilla,HARINA,403,TEGRAL SATIN CREME CAKE VAINILLA,False,,2023-10-16
2023-10-16,61.0,Tegral Satin Creme cake chocolate,HARINA,404,TEGRAL SATIN CREME CAKE CHOCOLATE,False,,2023-10-16
2023-10-16,44.0,confitier chocolate semiamargo tu,CHOCOLATE,405,CONFITIER CHOCOLATE SEMIAMARGO TU,False,,2023-10-16
2023-10-16,58.0,mantequilla 225 g,MANTEQUILLA,406,MANTEQUILLA 225 G,False,,2023-10-16
2023-10-16,66.0,Crema para batir ambiante 1 lt,AMBIANTE,407,CREMA PARA BATIR AMBIANTE 1 LT,False,,2023-10-16
2023-10-16,12.0,base dorada pasteloso 30cm,BASES,408,BASE DORADA PASTELOSO 30CM,False,,2023-10-16
2023-10-16,23.2,kit kat 9 pz,CHOCOLATE,409,KIT KAT 9 PZ,False,,2023-10-16
2023-10-16,78.0,huevo calvario,HUEVO,410,HUEVO CALVARIO,False,,2023-10-16
2023-10-16,83.0,Foundant sabor nata coco blanco,FONDANT,411,FOUNDANT SABOR NATA COCO BLANCO,False,,2023-10-16
2023-10-15,37.0,peaje,CASETAS,412,PEAJE,False,,2023-10-09
2023-10-13,30.5,huevo aurrera,HUEVO,413,HUEVO AURRERA,False,,2023-10-09
2023-10-10,12.0,base dorada pasteloso 30cm,BASES,414,BASE DORADA PASTELOSO 30CM,False,,2023-10-09
2023-10-10,61.0,tregal satin creme cake chocolate,HARINA,415,TREGAL SATIN CREME CAKE CHOCOLATE,False,,2023-10-09
2023-10-10,52.0,relleno fresa frutifil puratos,RELLENO,416,RELLENO FRESA FRUTIFIL PURATOS,False,,2023-10-09
2023-10-10,126.0,chips blanco alpezzi 500 g,CHOCOLATE,417,CHIPS BLANCO ALPEZZI 500 G,False,,2023-10-09
2023-10-10,22.0,confitier chocolate semiamargo tu,CHOCOLATE,418,CONFITIER CHOCOLATE SEMIAMARGO TU,False,,2023-10-09
2023-10-10,32.0,kisses plateados,CHOCOLATE,419,KISSES PLATEADOS,False,,2023-10-09
2023-10-10,66.0,Crema para batir ambiante 1 lt,AMBIANTE,420,CREMA PARA BATIR AMBIANTE 1 LT,False,,2023-10-09
2023-10-10,22.0,granillo chocolate semiamargo,CHOCOLATE,421,GRANILLO CHOCOLATE SEMIAMARGO,False,,2023-10-09
2023-10-10,80.0,Domo mantecada 12 cavidades,EMPAQUE,422,DOMO MANTECADA 12 CAVIDADES,False,,2023-10-09
2023-10-10,45.5,sprinkles,DECORACION,423,SPRINKLES,False,,2023-10-09
2023-10-10,102.0,tregal satin creme cake vainilla,HARINA,424,TREGAL SATIN CREME CAKE VAINILLA,False,,2023-10-09
2023-10-10,12.0,base dorada pasteloso 28 cm,BASES,425,BASE DORADA PASTELOSO 28 CM,False,,2023-10-09
2023-10-10,166.0,Foundant sabor nata coco blanco,FONDANT,426,FOUNDANT SABOR NATA COCO BLANCO,False,,2023-10-09
2023-10-10,135.0,Transfer hoja de arroz gruesa,TRANSFER,427,TRANSFER HOJA DE ARROZ GRUESA,False,,2023-10-09
2023-10-05,300.0,bailey's,LICORES,428,BAILEY'S,False,,2023-10-02
2023-10-05,45.0,jarabe tres leches dulcerito puratos,RELLENO,429,JARABE TRES LECHES DULCERITO PURATOS,False,,2023-10-02
2023-10-05,51.0,tegral satin creme cake vainilla,HARINA,430,TEGRAL SATIN CREME CAKE VAINILLA,False,,2023-10-02
2023-10-05,95.0,relleno de baileys,RELLENO,431,RELLENO DE BAILEYS,False,,2023-10-02
2023-10-01,15.0,base 32,BASES,432,BASE 32,False,,2023-09-25
2023-10-01,83.0,Foundant,FONDANT,433,FOUNDANT,False,,2023-09-25
2023-09-28,31.5,oreo 273.6,GALLETAS,434,OREO 273.6,False,,2023-09-25
2023-09-28,36.0,oreo charo,GALLETAS,435,OREO CHARO,False,,2023-09-25
2023-09-28,71.0,chantilly dulce,CHANTILLY,436,CHANTILLY DULCE,False,,2023-09-25
2023-09-26,83.0,Foundant sabor nata coco blanco,FONDANT,437,FOUNDANT SABOR NATA COCO BLANCO,False,,2023-09-25
2023-09-26,63.0,chips blanco alpezzi,CHOCOLATE,438,CHIPS BLANCO ALPEZZI,False,,2023-09-25
2023-09-26,45.0,Transfer hoja de arroz gruesa,TRANSFER,439,TRANSFER HOJA DE ARROZ GRUESA,False,,2023-09-25
2023-09-26,51.0,tegral satin creme cake vainilla,HARINA,440,TEGRAL SATIN CREME CAKE VAINILLA,False,,2023-09-25
2023-09-25,30.5,mantequilla sin sal,MANTEQUILLA,441,MANTEQUILLA SIN SAL,False,,2023-09-25
2023-09-25,21.5,harina selecta,HARINA,442,HARINA SELECTA,False,,2023-09-25
2023-09-22,38.0,peaje,CASETAS,443,PEAJE,False,,2023-09-18
2023-09-21,66.0,Crema para batir ambiante 1 lt,AMBIANTE,444,CREMA PARA BATIR AMBIANTE 1 LT,False,,2023-09-18
2023-09-21,68.0,tegral satin red velet cake puratos,HARINA,445,TEGRAL SATIN RED VELET CAKE PURATOS,False,,2023-09-18
2023-09-21,65.0,pegamento de fondant,DECORACION,446,PEGAMENTO DE FONDANT,False,,2023-09-18
2023-09-21,24.0,base dorada pasteloso 30cm,BASES,447,BASE DORADA PASTELOSO 30CM,False,,2023-09-18
2023-09-21,70.0,matizador,DECORACION,448,MATIZADOR,False,,2023-09-18
2023-09-21,32.0,kisses plateados,CHOCOLATE,449,KISSES PLATEADOS,False,,2023-09-18
2023-09-21,22.0,confitier chocolate semiamargo tu,CHOCOLATE,450,CONFITIER CHOCOLATE SEMIAMARGO TU,False,,2023-09-18
2023-09-17,99.0,philadelphia qso,QUESO CREMA,451,PHILADELPHIA QSO,False,,2023-09-11
2023-09-15,68.0,Tegral Satin Red Velvet Puratos,HARINA,452,TEGRAL SATIN RED VELVET PURATOS,False,,2023-09-11
2023-09-15,20.0,granillo magic colors - varios,COLORANTES,453,GRANILLO MAGIC COLORS - VARIOS,False,,2023-09-11
2023-09-11,138.0,chantilly dulce,CHANTILLY,454,CHANTILLY DULCE,False,,2023-09-11
2023-09-11,41.0,philadelphia qso,QUESO CREMA,455,PHILADELPHIA QSO,False,,2023-09-11
2023-09-11,3.0,bolsa g,OTROS,456,BOLSA G,False,,2023-09-11
2023-09-11,35.0,kisses,CHOCOLATE,457,KISSES,False,,2023-09-11
2023-09-11,78.0,bisagra 12 cupcakes,EMPAQUE,458,BISAGRA 12 CUPCAKES,False,,2023-09-11
2023-09-09,77.14,2 paq nestle carlos v stick 20 pz,CHOCOLATE,459,2 PAQ NESTLE CARLOS V STICK 20 PZ,False,,2023-09-04
2023-09-09,136.92,djana cereza c/ tallo 460g,DULCERIA,460,DJANA CEREZA C/ TALLO 460G,False,,2023-09-04
2023-09-09,358.64,2 paq inix contenedor mantecada 25 pz,EMPAQUE,461,2 PAQ INIX CONTENEDOR MANTECADA 25 PZ,False,,2023-09-04
2023-09-09,162.99,nutella frasco 950 g,RELLENO,462,NUTELLA FRASCO 950 G,False,,2023-09-04
2023-09-09,24.56,zulka azucar glass 500 g,AZUCAR,463,ZULKA AZUCAR GLASS 500 G,False,,2023-09-04
2023-09-09,56.47,puratos fruitfil zarzamora 1 kg,RELLENO,464,PURATOS FRUITFIL ZARZAMORA 1 KG,False,,2023-09-04
2023-09-09,106.98,ferrero rocher t-16,CHOCOLATE,465,FERRERO ROCHER T-16,False,,2023-09-04
2023-09-09,39.15,alegria capacillo polka negro 100 pz,CAPACILLOS,466,ALEGRIA CAPACILLO POLKA NEGRO 100 PZ,False,,2023-09-04
2023-09-07,25.0,domo 1/4 plancha,EMPAQUE,467,DOMO 1/4 PLANCHA,False,,2023-09-04
2023-09-07,25.0,domo 1/4 plancha,EMPAQUE,468,DOMO 1/4 PLANCHA,False,,2023-09-04
2023-09-07,51.0,tegral satin creme cake vainilla,HARINA,469,TEGRAL SATIN CREME CAKE VAINILLA,False,,2023-09-04
2023-09-07,44.0,cereza con rabo diana,DULCERIA,470,CEREZA CON RABO DIANA,False,,2023-09-04
2023-09-07,32.0,chips negro alpezzi c/500g,CHOCOLATE,471,CHIPS NEGRO ALPEZZI C/500G,False,,2023-09-04
2023-09-07,16.0,chips rojo alpezzi c/500g,CHOCOLATE,472,CHIPS ROJO ALPEZZI C/500G,False,,2023-09-04
2023-09-07,66.0,Crema para batir ambiante 1 lt,AMBIANTE,473,CREMA PARA BATIR AMBIANTE 1 LT,False,,2023-09-04
2023-09-06,90.0,Transfer,TRANSFER,474,TRANSFER,False,,2023-09-04
2023-09-06,190.0,botellas jack daniels,LICORES,475,BOTELLAS JACK DANIELS,False,,2023-09-04
2023-09-06,40.0,perlas,DECORACION,476,PERLAS,False,,2023-09-04
2023-09-06,46.0,color humedo,COLORANTES,477,COLOR HUMEDO,False,,2023-09-04
2023-09-06,83.0,Foundant,FONDANT,478,FOUNDANT,False,,2023-09-04
2023-09-05,54.0,Carlos V stk,CHOCOLATE,479,CARLOS V STK,False,,2023-09-04
2023-09-05,75.0,huevo san juan,HUEVO,480,HUEVO SAN JUAN,False,,2023-09-04
2023-09-04,68.0,Tegral Satin Creme cake chocolate,HARINA,481,TEGRAL SATIN CREME CAKE CHOCOLATE,False,,2023-09-04
2023-09-04,51.0,tegral satin creme cake vainilla,HARINA,482,TEGRAL SATIN CREME CAKE VAINILLA,False,,2023-09-04
2023-09-04,44.0,turin semi trozo,CHOCOLATE,483,TURIN SEMI TROZO,False,,2023-09-04
2023-09-04,22.5,Granillo Turin Semi amargo,CHOCOLATE,484,GRANILLO TURIN SEMI AMARGO,False,,2023-09-04
2023-09-04,47.5,domo 6 cupcakes,EMPAQUE,485,DOMO 6 CUPCAKES,False,,2023-09-04
2023-09-04,124.0,alpezzi blanco 500 g,CHOCOLATE,486,ALPEZZI BLANCO 500 G,False,,2023-09-04
2023-09-04,83.0,Foundant,FONDANT,487,FOUNDANT,False,,2023-09-04
2023-09-04,66.0,Crema para batir ambiante 1 lt,AMBIANTE,488,CREMA PARA BATIR AMBIANTE 1 LT,False,,2023-09-04
2023-09-04,97.5,bisagra 12 cupcakes,EMPAQUE,489,BISAGRA 12 CUPCAKES,False,,2023-09-04
2023-09-03,69.0,chantilly dulce,CHANTILLY,490,CHANTILLY DULCE,False,,2023-08-28
2023-09-01,51.0,tegral satin creme cake vainilla,HARINA,491,TEGRAL SATIN CREME CAKE VAINILLA,False,,2023-08-28
2023-08-28,0.0,cupcake 6,EMPAQUE,492,CUPCAKE 6,False,,2023-08-28
2023-08-28,2000.0,"varios articulos (domo, bases, caketopper, sprinkles)",DOMO,493,"VARIOS ARTICULOS (DOMO, BASES, CAKETOPPER, SPRINKLES)",False,,2023-08-28
2023-08-28,50.0,sprinkles,DECORACION,494,SPRINKLES,False,,2023-08-28
2023-08-28,35.0,caketopper harry potter,DECORACION,495,CAKETOPPER HARRY POTTER,False,,2023-08-28
2023-08-28,0.0,bases para pastel 30,BASES,496,BASES PARA PASTEL 30,False,,2023-08-28
2023-08-28,0.0,bases para pastel 28,BASES,497,BASES PARA PASTEL 28,False,,2023-08-28
2023-08-28,0.0,pastel alto,EMPAQUE,498,PASTEL ALTO,False,,2023-08-28
2023-08-28,0.0,cupcake 12,EMPAQUE,499,CUPCAKE 12,False,,2023-08-28
2023-08-24,69.0,chantilly dulce,CHANTILLY,500,CHANTILLY DULCE,False,,2023-08-21
2023-08-23,76.0,huevo calvario,HUEVO,501,HUEVO CALVARIO,False,,2023-08-21
2023-08-22,62.0,alpezzi blanco,CHOCOLATE,502,ALPEZZI BLANCO,False,,2023-08-21
2023-08-22,61.0,Tegral Satin Creme cake chocolate,HARINA,503,TEGRAL SATIN CREME CAKE CHOCOLATE,False,,2023-08-21
2023-08-22,42.0,carboximetil celulosa deiman,CONSUMIBLES,504,CARBOXIMETIL CELULOSA DEIMAN,False,,2023-08-21
2023-08-22,66.0,Crema para batir ambiante 1 lt,AMBIANTE,505,CREMA PARA BATIR AMBIANTE 1 LT,False,,2023-08-21
2023-08-22,93.0,cream cheese filling puratos,RELLENO,506,CREAM CHEESE FILLING PURATOS,False,,2023-08-21
2023-08-22,52.0,relleno fresa frutifru,RELLENO,507,RELLENO FRESA FRUTIFRU,False,,2023-08-21
2023-08-18,66.0,Confitier semiamargo TURIN,CHOCOLATE,508,CONFITIER SEMIAMARGO TURIN,False,,2023-08-14
2023-08-18,37.0,Queso philadelphia 190g,QUESO CREMA,509,QUESO PHILADELPHIA 190G,False,,2023-08-14
2023-08-18,51.0,Tegral Satin Creme ca ,HARINA,510,TEGRAL SATIN CREME CA,False,,2023-08-14
2023-08-18,107.0,chips chocolate semi,CHOCOLATE,511,CHIPS CHOCOLATE SEMI,False,,2023-08-14
2023-08-18,83.0,Foundant sabor nata coco blanco,FONDANT,512,FOUNDANT SABOR NATA COCO BLANCO,False,,2023-08-14
2023-08-18,65.0,Tegral Satin Red Velvet Puratos,HARINA,513,TEGRAL SATIN RED VELVET PURATOS,False,,2023-08-14
2023-08-18,14.0,base fantasia pasteloso 28cm,BASES,514,BASE FANTASIA PASTELOSO 28CM,False,,2023-08-14
2023-08-16,69.0,chantilly dulce,CHANTILLY,515,CHANTILLY DULCE,False,,2023-08-14
2023-08-12,51.0,Tegral Satin Creme ca ,HARINA,516,TEGRAL SATIN CREME CA,False,,2023-08-07
2023-08-12,16.0,chips rojo alpezzi c/,CHOCOLATE,517,CHIPS ROJO ALPEZZI C/,False,,2023-08-07
2023-08-12,44.0,cereza con rabo diana,DULCERIA,518,CEREZA CON RABO DIANA,False,,2023-08-07
2023-08-08,17.37,capacillo No. 72 decorado 25 pz,CAPACILLOS,519,CAPACILLO NO. 72 DECORADO 25 PZ,False,,2023-08-07
2023-08-08,25.0,capacillos a granel,CAPACILLOS,520,CAPACILLOS A GRANEL,False,,2023-08-07
2023-08-08,62.98,dlr malv c/ chocolate 32 pz,CHOCOLATE,521,DLR MALV C/ CHOCOLATE 32 PZ,False,,2023-08-07
2023-08-08,29.5,calahua cre,RELLENO,522,CALAHUA CRE,False,,2023-08-07
2023-08-08,25.0,domo 1/4 plancha,EMPAQUE,523,DOMO 1/4 PLANCHA,False,,2023-08-07
2023-08-08,66.0,Crema para batir ambiante 1 lt,AMBIANTE,524,CREMA PARA BATIR AMBIANTE 1 LT,False,,2023-08-07
2023-08-08,78.0,bisagra 12 cupcakes,EMPAQUE,525,BISAGRA 12 CUPCAKES,False,,2023-08-07
2023-08-08,48.0,hoja comestible de oro (colores),DECORACION,526,HOJA COMESTIBLE DE ORO (COLORES),False,,2023-08-07
2023-08-08,14.0,base fansasia pasteloso 28 cm,BASES,527,BASE FANSASIA PASTELOSO 28 CM,False,,2023-08-07
2023-08-08,42.0,caja acetato 17x11x13,EMPAQUE,528,CAJA ACETATO 17X11X13,False,,2023-08-07
2023-08-08,69.0,chantilly dulce,CHANTILLY,529,CHANTILLY DULCE,False,,2023-08-07
2023-08-08,14.0,disco dorado pasteloso 32 cm,BASES,530,DISCO DORADO PASTELOSO 32 CM,False,,2023-08-07
2023-08-08,90.0,Transfer hoja de arroz gruesa,TRANSFER,531,TRANSFER HOJA DE ARROZ GRUESA,False,,2023-08-07
2023-08-06,65.0,Carlos V 8 pz,CHOCOLATE,532,CARLOS V 8 PZ,False,,2023-07-31
2023-08-05,54.0,relleno zarzamora puratos,RELLENO,533,RELLENO ZARZAMORA PURATOS,False,,2023-07-31
2023-08-05,66.0,Crema para batir ambiante 1 lt,AMBIANTE,534,CREMA PARA BATIR AMBIANTE 1 LT,False,,2023-07-31
2023-08-05,62.0,Relleno durazno puratos,RELLENO,535,RELLENO DURAZNO PURATOS,False,,2023-07-31
2023-08-05,99.0,nutella grande 650 gr,RELLENO,536,NUTELLA GRANDE 650 GR,False,,2023-07-31
2023-08-05,16.0,chips rojo alpezzi c/,CHOCOLATE,537,CHIPS ROJO ALPEZZI C/,False,,2023-07-31
2023-08-05,204.0,Tegral Satin Creme ca ,HARINA,538,TEGRAL SATIN CREME CA,False,,2023-07-31
2023-08-05,132.0,Confitier semiamargo TURIN,CHOCOLATE,539,CONFITIER SEMIAMARGO TURIN,False,,2023-07-31
2023-08-05,61.0,Tegral Satin Creme ca ,HARINA,540,TEGRAL SATIN CREME CA,False,,2023-07-31
2023-08-05,93.0,relleno queso creme p,RELLENO,541,RELLENO QUESO CREME P,False,,2023-07-31
2023-08-05,22.0,cereza con rabo diana,DULCERIA,542,CEREZA CON RABO DIANA,False,,2023-07-31
2023-08-05,25.0,capacillo metalico vencort,CAPACILLOS,543,CAPACILLO METALICO VENCORT,False,,2023-07-31
2023-08-05,166.0,Foundant sabor nata coco blanco,FONDANT,544,FOUNDANT SABOR NATA COCO BLANCO,False,,2023-07-31
2023-08-05,5.0,base plateada pasteloso 18 cm,BASES,545,BASE PLATEADA PASTELOSO 18 CM,False,,2023-07-31
2023-08-05,12.0,base plateada pasteloso 30cm,BASES,546,BASE PLATEADA PASTELOSO 30CM,False,,2023-07-31
2023-08-05,15.0,base dorada pasteloso 32cm,BASES,547,BASE DORADA PASTELOSO 32CM,False,,2023-07-31
2023-08-05,69.0,chantilly dulce,CHANTILLY,548,CHANTILLY DULCE,False,,2023-07-31
2023-08-05,51.0,Carlos V stk,CHOCOLATE,549,CARLOS V STK,False,,2023-07-31
2023-08-02,24.0,oreo 273.6,GALLETAS,550,OREO 273.6,False,,2023-07-31
2023-08-02,69.0,chantilly dulce,CHANTILLY,551,CHANTILLY DULCE,False,,2023-07-31
2023-08-01,24.0,MariasDor,GALLETAS,552,MARIASDOR,False,,2023-07-31
2023-08-01,74.0,Queso philadelphia 190g,QUESO CREMA,553,QUESO PHILADELPHIA 190G,False,,2023-07-31
2023-08-01,107.0,chips chocolate semi,CHOCOLATE,554,CHIPS CHOCOLATE SEMI,False,,2023-07-31
2023-08-01,66.0,Crema para batir ambiante 1 lt,AMBIANTE,555,CREMA PARA BATIR AMBIANTE 1 LT,False,,2023-07-31
2023-08-01,61.0,Tegral Satin Creme ca ,HARINA,556,TEGRAL SATIN CREME CA,False,,2023-07-31
2023-08-01,30.0,hue12pzCR,HUEVO,557,HUE12PZCR,False,,2023-07-31
2023-08-01,23.0,base plateada pasteloso 35x47cm,BASES,558,BASE PLATEADA PASTELOSO 35X47CM,False,,2023-07-31
2023-07-29,28.95,minicacahuate,OTROS,559,MINICACAHUATE,False,,2023-07-24
2023-07-28,39.15,alegria capacillo polka negro 100 pz,CAPACILLOS,560,ALEGRIA CAPACILLO POLKA NEGRO 100 PZ,False,,2023-07-24
2023-07-28,29.15,alegria capacillo golosinas 100 pz,CAPACILLOS,561,ALEGRIA CAPACILLO GOLOSINAS 100 PZ,False,,2023-07-24
2023-07-28,43.5,alegria capacillo met dorado 50 pz,CAPACILLOS,562,ALEGRIA CAPACILLO MET DORADO 50 PZ,False,,2023-07-24
2023-07-28,179.32,inix contenedor mantecadas 25 pz,EMPAQUE,563,INIX CONTENEDOR MANTECADAS 25 PZ,False,,2023-07-24
2023-07-26,52.5,huevo aurrera,HUEVO,564,HUEVO AURRERA,False,,2023-07-24
2023-07-25,12.0,base 28cm,BASES,565,BASE 28CM,False,,2023-07-24
2023-07-25,54.0,relleno zarzamora puratos,RELLENO,566,RELLENO ZARZAMORA PURATOS,False,,2023-07-24
2023-07-25,64.0,chips blanco alpezzi,CHOCOLATE,567,CHIPS BLANCO ALPEZZI,False,,2023-07-24
2023-07-25,51.0,Tegral Satin Creme ca ,HARINA,568,TEGRAL SATIN CREME CA,False,,2023-07-24
2023-07-25,13.0,base 30 cm,BASES,569,BASE 30 CM,False,,2023-07-24
2023-07-25,30.0,capacillos,CAPACILLOS,570,CAPACILLOS,False,,2023-07-24
2023-07-25,61.0,Tegral Satin Creme ca ,HARINA,571,TEGRAL SATIN CREME CA,False,,2023-07-24
2023-07-25,83.0,Foundant,FONDANT,572,FOUNDANT,False,,2023-07-24
2023-07-22,166.0,Foundant,FONDANT,573,FOUNDANT,False,,2023-07-17
2023-07-22,15.0,base 32cm doble,BASES,574,BASE 32CM DOBLE,False,,2023-07-17
2023-07-22,14.0,base 28cm,BASES,575,BASE 28CM,False,,2023-07-17
2023-07-22,45.0,panera 16cm,EMPAQUE,576,PANERA 16CM,False,,2023-07-17
2023-07-20,52.0,relleno fresa frutifru,RELLENO,577,RELLENO FRESA FRUTIFRU,False,,2023-07-17
2023-07-20,23.0,Confitier leche TURIN,CHOCOLATE,578,CONFITIER LECHE TURIN,False,,2023-07-17
2023-07-20,22.0,cereza con rabo diana,DULCERIA,579,CEREZA CON RABO DIANA,False,,2023-07-17
2023-07-20,66.0,Crema para batir ambiante 1 lt,AMBIANTE,580,CREMA PARA BATIR AMBIANTE 1 LT,False,,2023-07-17
2023-07-19,36.0,caja 6 cupcakes,EMPAQUE,581,CAJA 6 CUPCAKES,False,,2023-07-17
2023-07-19,51.0,Tegral Satin Creme ca ,HARINA,582,TEGRAL SATIN CREME CA,False,,2023-07-17
2023-07-19,12.0,base 30 cm,BASES,583,BASE 30 CM,False,,2023-07-17
2023-07-19,45.0,oblea arroz,TRANSFER,584,OBLEA ARROZ,False,,2023-07-17
2023-07-18,69.0,chantilly dulce,CHANTILLY,585,CHANTILLY DULCE,False,,2023-07-17
2023-07-18,75.0,huevo san juan,HUEVO,586,HUEVO SAN JUAN,False,,2023-07-17
2023-07-16,25.0,Azucar glass de prime,AZUCAR,587,AZUCAR GLASS DE PRIME,False,,2023-07-10
2023-07-16,45.0,pelicula 150 ,OTROS,588,PELICULA 150,False,,2023-07-10
2023-07-16,130.0,Tegral Satin Red Velvet Puratos,HARINA,589,TEGRAL SATIN RED VELVET PURATOS,False,,2023-07-10
2023-07-16,66.0,Crema para batir ambiante 1 lt,AMBIANTE,590,CREMA PARA BATIR AMBIANTE 1 LT,False,,2023-07-10
2023-07-16,99.0,nutella grande 650 gr,RELLENO,591,NUTELLA GRANDE 650 GR,False,,2023-07-10
2023-07-16,64.0,chips blanco alpezzi,CHOCOLATE,592,CHIPS BLANCO ALPEZZI,False,,2023-07-10
2023-07-16,28.0,confitier amargo 70%,CHOCOLATE,593,CONFITIER AMARGO 70%,False,,2023-07-10
2023-07-16,61.0,Tegral Satin Creme ca ,HARINA,594,TEGRAL SATIN CREME CA,False,,2023-07-10
2023-07-10,166.0,Foundant,FONDANT,595,FOUNDANT,False,,2023-07-10
2023-07-10,99.0,nutella grande 650 gr,RELLENO,596,NUTELLA GRANDE 650 GR,False,,2023-07-10
2023-07-10,107.0,chips chocolate semi,CHOCOLATE,597,CHIPS CHOCOLATE SEMI,False,,2023-07-10
2023-07-10,24.0,base 28 cm,BASES,598,BASE 28 CM,False,,2023-07-10
2023-07-10,66.0,Crema para batir ambiante 1 lt,AMBIANTE,599,CREMA PARA BATIR AMBIANTE 1 LT,False,,2023-07-10
2023-07-10,50.0,confitier blanco turin,CHOCOLATE,600,CONFITIER BLANCO TURIN,False,,2023-07-10
2023-07-10,102.0,Tegral Satin Creme ca ,HARINA,601,TEGRAL SATIN CREME CA,False,,2023-07-10
2023-07-10,36.0,caja cupcakes 6,EMPAQUE,602,CAJA CUPCAKES 6,False,,2023-07-10
2023-07-10,10.0,base 26 cm,BASES,603,BASE 26 CM,False,,2023-07-10
2023-07-10,180.0,Transfer,TRANSFER,604,TRANSFER,False,,2023-07-10
2023-07-10,41.53,huevo blanco tepa de linea,HUEVO,605,HUEVO BLANCO TEPA DE LINEA,False,,2023-07-10
2023-07-10,68.0,philadelphia qso,QUESO CREMA,606,PHILADELPHIA QSO,False,,2023-07-10
2023-07-10,48.5,kiss rosa,CHOCOLATE,607,KISS ROSA,False,,2023-07-10
2023-07-10,138.0,chantilly dulce,CHANTILLY,608,CHANTILLY DULCE,False,,2023-07-10
2023-07-10,64.0,chips blanco alpezzi,CHOCOLATE,609,CHIPS BLANCO ALPEZZI,False,,2023-07-10
2023-07-02,74.0,Queso philadelphia 190g,QUESO CREMA,610,QUESO PHILADELPHIA 190G,False,,2023-06-26
2023-07-02,166.0,Foundant,FONDANT,611,FOUNDANT,False,,2023-06-26
2023-07-02,61.0,Tegral Satin Creme ca ,HARINA,612,TEGRAL SATIN CREME CA,False,,2023-06-26
2023-07-02,65.0,Tegral Satin Red Velvet Puratos,HARINA,613,TEGRAL SATIN RED VELVET PURATOS,False,,2023-06-26
2023-07-01,51.0,Tegral Satin Creme ca ,HARINA,614,TEGRAL SATIN CREME CA,False,,2023-06-26
2023-07-01,106.98,ferrero rocher t-16,CHOCOLATE,615,FERRERO ROCHER T-16,False,,2023-06-26
2023-07-01,38.57,nestle carlos v stick 20 pz,CHOCOLATE,616,NESTLE CARLOS V STICK 20 PZ,False,,2023-06-26
2023-06-17,69.0,chantilly dulce,CHANTILLY,617,CHANTILLY DULCE,False,,2023-06-12
2023-06-10,28.0,entrepisos,BASES,618,ENTREPISOS,False,,2023-06-05
2023-06-10,83.0,Foundant,FONDANT,619,FOUNDANT,False,,2023-06-05
2023-06-10,52.0,caja con 12 cavidades,EMPAQUE,620,CAJA CON 12 CAVIDADES,False,,2023-06-05
2023-06-09,50.0,kisses rojo,CHOCOLATE,621,KISSES ROJO,False,,2023-06-05
2023-05-30,20.0,base 26 cm,BASES,622,BASE 26 CM,False,,2023-05-29
2023-05-30,7.0,ilegible (glatea),OTROS,623,ILEGIBLE (GLATEA),False,,2023-05-29
2023-05-28,58.0,mantequilla gloria 22,MANTEQUILLA,624,MANTEQUILLA GLORIA 22,False,,2023-05-22
2023-05-28,102.0,Tegral Satin Creme ca ,HARINA,625,TEGRAL SATIN CREME CA,False,,2023-05-22
2023-05-28,65.0,Crema para batir ambiante 1 lt,AMBIANTE,626,CREMA PARA BATIR AMBIANTE 1 LT,False,,2023-05-22
2023-05-28,166.0,Foundant,FONDANT,627,FOUNDANT,False,,2023-05-22
2023-05-28,75.0,chips blanco alpezzi,CHOCOLATE,628,CHIPS BLANCO ALPEZZI,False,,2023-05-22
2023-05-28,97.0,chips chocolate semi,CHOCOLATE,629,CHIPS CHOCOLATE SEMI,False,,2023-05-22
2023-05-28,22.0,Confitier semiamargo TURIN,CHOCOLATE,630,CONFITIER SEMIAMARGO TURIN,False,,2023-05-22
2023-05-28,99.0,nutella grande 650 gr,RELLENO,631,NUTELLA GRANDE 650 GR,False,,2023-05-22
2023-05-28,15.0,chips rojo alpezzi c/,CHOCOLATE,632,CHIPS ROJO ALPEZZI C/,False,,2023-05-22
2023-05-28,50.0,base 36 doble,BASES,633,BASE 36 DOBLE,False,,2023-05-22
2023-05-27,30.0,guante esteril-par (latex),CONSUMIBLES,634,GUANTE ESTERIL-PAR (LATEX),False,,2023-05-22
2023-05-27,10.0,cubreboca tricapa negro y de ,CONSUMIBLES,635,CUBREBOCA TRICAPA NEGRO Y DE,False,,2023-05-22
2023-05-27,6.0,cofia,CONSUMIBLES,636,COFIA,False,,2023-05-22
2023-05-26,36.5,Queso philadelphia 190g,QUESO CREMA,637,QUESO PHILADELPHIA 190G,False,,2023-05-22
2023-05-26,49.0,chocolate,CHOCOLATE,638,CHOCOLATE,False,,2023-05-22
2023-05-26,77.0,kisses leche,CHOCOLATE,639,KISSES LECHE,False,,2023-05-22
2023-05-26,69.0,chantilly dulce,CHANTILLY,640,CHANTILLY DULCE,False,,2023-05-22
2023-05-24,106.98,ferrero rocher ,CHOCOLATE,641,FERRERO ROCHER,False,,2023-05-22
2023-05-23,65.0,Tegral Satin Red Velvet Puratos,HARINA,642,TEGRAL SATIN RED VELVET PURATOS,False,,2023-05-22
2023-05-23,15.0,ferrero,CHOCOLATE,643,FERRERO,False,,2023-05-22
2023-05-18,10.0,base 26 cm,BASES,644,BASE 26 CM,False,,2023-05-15
2023-05-18,45.0,Transfer,TRANSFER,645,TRANSFER,False,,2023-05-15
2023-05-07,80.8,huevo blanco tepa de linea,HUEVO,646,HUEVO BLANCO TEPA DE LINEA,False,,2023-05-01
2023-05-07,65.0,pegamento de fondant,DECORACION,647,PEGAMENTO DE FONDANT,False,,2023-05-01
2023-05-07,61.0,Tegral Satin Creme ca ,HARINA,648,TEGRAL SATIN CREME CA,False,,2023-05-01
2023-05-07,75.0,Royal Icing Enco,ROYALICING,649,ROYAL ICING ENCO,False,,2023-05-01
2023-05-02,66.0,Crema para batir ambiante 1 lt,AMBIANTE,650,CREMA PARA BATIR AMBIANTE 1 LT,False,,2023-05-01
2023-05-02,22.0,Confitier semiamargo TURIN,CHOCOLATE,651,CONFITIER SEMIAMARGO TURIN,False,,2023-05-01
2023-05-02,65.0,Tegral Satin Creme ca ,HARINA,652,TEGRAL SATIN CREME CA,False,,2023-05-01
2023-05-02,99.0,nutella grande 650 gr,RELLENO,653,NUTELLA GRANDE 650 GR,False,,2023-05-01
2023-05-02,25.0,confitier blanco turin,CHOCOLATE,654,CONFITIER BLANCO TURIN,False,,2023-05-01
2023-05-02,73.0,huevo,HUEVO,655,HUEVO,False,,2023-05-01
2023-05-02,119.0,chips blanco alpezzi,CHOCOLATE,656,CHIPS BLANCO ALPEZZI,False,,2023-05-01
2023-05-02,61.0,Tegral Satin Creme ca ,HARINA,657,TEGRAL SATIN CREME CA,False,,2023-05-01
2023-05-01,83.0,Foundant,FONDANT,658,FOUNDANT,False,,2023-05-01
2023-05-01,12.0,base 30 cm,BASES,659,BASE 30 CM,False,,2023-05-01
2023-05-01,35.0,perlitas,DECORACION,660,PERLITAS,False,,2023-05-01
2023-05-01,12.0,base 28cm,BASES,661,BASE 28CM,False,,2023-05-01
2023-05-01,90.0,oblea arroz,TRANSFER,662,OBLEA ARROZ,False,,2023-05-01
2023-04-28,69.0,chantilly dulce,CHANTILLY,663,CHANTILLY DULCE,False,,2023-04-24
2023-04-24,69.08,huevo blanco tepa kilo,HUEVO,664,HUEVO BLANCO TEPA KILO,False,,2023-04-24
2023-04-24,35.0,Queso philadelphia 190g,QUESO CREMA,665,QUESO PHILADELPHIA 190G,False,,2023-04-24
2023-04-24,66.0,Crema para batir ambiante 1 lt,AMBIANTE,666,CREMA PARA BATIR AMBIANTE 1 LT,False,,2023-04-24
2023-04-21,44.0,Confitier semiamargo TURIN,CHOCOLATE,667,CONFITIER SEMIAMARGO TURIN,False,,2023-04-17
2023-04-21,46.0,Confitier leche TURIN,CHOCOLATE,668,CONFITIER LECHE TURIN,False,,2023-04-17
2023-04-21,97.0,chips chocolate semi,CHOCOLATE,669,CHIPS CHOCOLATE SEMI,False,,2023-04-17
2023-04-21,51.0,Tegral Satin Creme ca ,HARINA,670,TEGRAL SATIN CREME CA,False,,2023-04-17
2023-04-21,22.0,cereza con rabo diana,DULCERIA,671,CEREZA CON RABO DIANA,False,,2023-04-17
2023-04-21,20.0,domo df12a 34cm wow,EMPAQUE,672,DOMO DF12A 34CM WOW,False,,2023-04-17
2023-04-18,28.0,de abeja,OTROS,673,DE ABEJA,False,,2023-04-17
2023-04-18,30.0,marg245gr,MANTEQUILLA,674,MARG245GR,False,,2023-04-17
2023-04-18,27.5,harina,HARINA,675,HARINA,False,,2023-04-17
2023-04-18,58.0,nuez,RELLENO,676,NUEZ,False,,2023-04-17
2023-04-18,15.0,zulka glass,AZUCAR,677,ZULKA GLASS,False,,2023-04-17
2023-04-18,85.0,san juan hvo,HUEVO,678,SAN JUAN HVO,False,,2023-04-17
2023-04-17,69.0,chantilly dulce,CHANTILLY,679,CHANTILLY DULCE,False,,2023-04-17
2023-04-06,85.36,huevo blanco los altos kilo,HUEVO,680,HUEVO BLANCO LOS ALTOS KILO,False,,2023-04-03
2023-04-06,83.0,Foundant,FONDANT,681,FOUNDANT,False,,2023-04-03
2023-04-02,13.0,base 30 cm,BASES,682,BASE 30 CM,False,,2023-03-27
2023-04-02,50.0,base 36cm doble,BASES,683,BASE 36CM DOBLE,False,,2023-03-27
2023-04-02,12.0,base 28 cm,BASES,684,BASE 28 CM,False,,2023-03-27
2023-04-02,11.0,base 26 cm,BASES,685,BASE 26 CM,False,,2023-03-27
2023-04-02,166.0,Foundant,FONDANT,686,FOUNDANT,False,,2023-03-27
2023-04-02,65.0,matizador,DECORACION,687,MATIZADOR,False,,2023-03-27
2023-04-01,12.0,base 30 cm,BASES,688,BASE 30 CM,False,,2023-03-27
2023-04-01,12.0,base 28,BASES,689,BASE 28,False,,2023-03-27
2023-03-30,30.0,chips chocolate semi,CHOCOLATE,690,CHIPS CHOCOLATE SEMI,False,,2023-03-27
2023-03-30,61.0,Tegral Satin Creme ca ,HARINA,691,TEGRAL SATIN CREME CA,False,,2023-03-27
2023-03-30,51.0,Tegral Satin Creme ca ,HARINA,692,TEGRAL SATIN CREME CA,False,,2023-03-27
2023-03-30,65.0,Nutella chica 350 grs,RELLENO,693,NUTELLA CHICA 350 GRS,False,,2023-03-27
2023-03-30,22.0,Confitier semiamargo TURIN,CHOCOLATE,694,CONFITIER SEMIAMARGO TURIN,False,,2023-03-27
2023-03-30,66.0,Crema para batir ambiante 1 lt,AMBIANTE,695,CREMA PARA BATIR AMBIANTE 1 LT,False,,2023-03-27
2023-03-30,62.0,lechera suelta,LECHERA,696,LECHERA SUELTA,False,,2023-03-27
2023-03-30,46.0,Confitier leche TURIN,CHOCOLATE,697,CONFITIER LECHE TURIN,False,,2023-03-27
2023-03-28,33.0,Harina piña colada espiga mix,HARINA,698,HARINA PINA COLADA ESPIGA MIX,False,,2023-03-27
2023-03-28,35.0,relleno coco,RELLENO,699,RELLENO COCO,False,,2023-03-27
2023-03-28,30.0,chips chocolate semi,CHOCOLATE,700,CHIPS CHOCOLATE SEMI,False,,2023-03-27
2023-03-28,61.0,Tegral Satin Creme ca ,HARINA,701,TEGRAL SATIN CREME CA,False,,2023-03-27
2023-03-28,50.0,Royal Icing Deiman 50,ROYALICING,702,ROYAL ICING DEIMAN 50,False,,2023-03-27
2023-03-28,53.0,Easy pastel tres leches,HARINA,703,EASY PASTEL TRES LECHES,False,,2023-03-27
2023-03-28,45.0,chips chocolate con l,CHOCOLATE,704,CHIPS CHOCOLATE CON L,False,,2023-03-27
2023-03-28,93.0,Foundant,FONDANT,705,FOUNDANT,False,,2023-03-27
2023-03-28,52.0,caja con 12 cavidades,EMPAQUE,706,CAJA CON 12 CAVIDADES,False,,2023-03-27
2023-03-28,30.0,chips blanco alpezzi,CHOCOLATE,707,CHIPS BLANCO ALPEZZI,False,,2023-03-27
2023-03-28,12.0,base,BASES,708,BASE,False,,2023-03-27
2023-03-25,37.0,peaje,CASETAS,709,PEAJE,False,,2023-03-20
2023-03-25,37.0,peaje,CASETAS,710,PEAJE,False,,2023-03-20
2023-03-24,30.0,chips chocolate con l,CHOCOLATE,711,CHIPS CHOCOLATE CON L,False,,2023-03-20
2023-03-24,66.0,Crema para batir ambiante 1 lt,AMBIANTE,712,CREMA PARA BATIR AMBIANTE 1 LT,False,,2023-03-20
2023-03-24,15.0,chips chocolate semi,CHOCOLATE,713,CHIPS CHOCOLATE SEMI,False,,2023-03-20
2023-03-21,179.32,inix contenedor mantecadas 25 pz,EMPAQUE,714,INIX CONTENEDOR MANTECADAS 25 PZ,False,,2023-03-20
2023-03-21,39.15,alegria capacillo velitas cumpl 100 pz,CAPACILLOS,715,ALEGRIA CAPACILLO VELITAS CUMPL 100 PZ,False,,2023-03-20
2023-03-21,43.75,yahel platano 500gr,NO DEFINIDO,716,YAHEL PLATANO 500GR,False,,2023-03-20
2023-03-18,77.49,huevo blanco tepa de linea,HUEVO,717,HUEVO BLANCO TEPA DE LINEA,False,,2023-03-13
2023-03-18,66.0,Crema para batir ambiante 1 lt,AMBIANTE,718,CREMA PARA BATIR AMBIANTE 1 LT,False,,2023-03-13
2023-03-18,75.0,chips chocolate semi,CHOCOLATE,719,CHIPS CHOCOLATE SEMI,False,,2023-03-13
2023-03-18,15.0,chips chocolate con l,CHOCOLATE,720,CHIPS CHOCOLATE CON L,False,,2023-03-13
2023-03-18,65.0,Nutella chica 350 grs,RELLENO,721,NUTELLA CHICA 350 GRS,False,,2023-03-13
2023-03-18,22.0,Confitier semiamargo TURIN,CHOCOLATE,722,CONFITIER SEMIAMARGO TURIN,False,,2023-03-13
2023-03-18,61.0,Tegral Satin Creme ca ,HARINA,723,TEGRAL SATIN CREME CA,False,,2023-03-13
2023-03-18,22.0,cereza con rabo diana,DULCERIA,724,CEREZA CON RABO DIANA,False,,2023-03-13
2023-03-17,45.0,chips rojo alpezzi c/,CHOCOLATE,725,CHIPS ROJO ALPEZZI C/,False,,2023-03-13
2023-03-17,149.0,wyborowa,LICORES,726,WYBOROWA,False,,2023-03-13
2023-03-17,61.0,chantilli dull,CHANTILLY,727,CHANTILLI DULL,False,,2023-03-13
2023-03-17,51.0,Carlos V stk,CHOCOLATE,728,CARLOS V STK,False,,2023-03-13
2023-03-17,129.0,santa clar,OTROS,729,SANTA CLAR,False,,2023-03-13
2023-03-15,34.0,crema cacahuate suelta,OTROS,730,CREMA CACAHUATE SUELTA,False,,2023-03-13
2023-03-15,153.0,Tegral Satin Creme ca ,HARINA,731,TEGRAL SATIN CREME CA,False,,2023-03-13
2023-03-15,65.0,Easy pastel tres leches,HARINA,732,EASY PASTEL TRES LECHES,False,,2023-03-13
2023-03-15,155.0,queso crema suelto,QUESO CREMA,733,QUESO CREMA SUELTO,False,,2023-03-13
2023-03-15,30.0,chips chocolate con l,CHOCOLATE,734,CHIPS CHOCOLATE CON L,False,,2023-03-13
2023-03-15,23.0,Confitier leche TURIN,CHOCOLATE,735,CONFITIER LECHE TURIN,False,,2023-03-13
2023-03-15,65.0,Nutella chica 350 grs,RELLENO,736,NUTELLA CHICA 350 GRS,False,,2023-03-13
2023-03-15,50.0,domo 1/4 plancha,EMPAQUE,737,DOMO 1/4 PLANCHA,False,,2023-03-13
2023-03-15,32.0,Domo mantecada 12 cavidades,EMPAQUE,738,DOMO MANTECADA 12 CAVIDADES,False,,2023-03-13
2023-03-15,79.6,huevo blanco tepa de linea,HUEVO,739,HUEVO BLANCO TEPA DE LINEA,False,,2023-03-13
2023-03-15,37.0,AC AU800,ACEITE,740,AC AU800,False,,2023-03-13
2023-03-15,15.0,iberia 90,MANTEQUILLA,741,IBERIA 90,False,,2023-03-13
2023-03-15,63.0,gloria man,MANTEQUILLA,742,GLORIA MAN,False,,2023-03-13
2023-03-15,62.0,Relleno durazno puratos,RELLENO,743,RELLENO DURAZNO PURATOS,False,,2023-03-13
2023-03-10,37.5,ilegible (roods),OTROS,744,ILEGIBLE (ROODS),False,,2023-03-06
2023-03-10,35.0,perlas,DECORACION,745,PERLAS,False,,2023-03-06
2023-03-10,44.0,caja cupcakes 12,EMPAQUE,746,CAJA CUPCAKES 12,False,,2023-03-06
2023-03-09,106.98,ferrero rocher T-16,CHOCOLATE,747,FERRERO ROCHER T-16,False,,2023-03-06
2023-03-09,24.29,capacillo No. 72 decorado 25 pz,CAPACILLOS,748,CAPACILLO NO. 72 DECORADO 25 PZ,False,,2023-03-06
2023-03-09,187.08,kisses leche choc bl 807 gr,CHOCOLATE,749,KISSES LECHE CHOC BL 807 GR,False,,2023-03-06
2023-03-09,23.92,manga n.12,CONSUMIBLES,750,MANGA N.12,False,,2023-03-06
2023-03-09,54.72,puratos fruitfil fresa 1 kg,RELLENO,751,PURATOS FRUITFIL FRESA 1 KG,False,,2023-03-06
2023-03-09,38.97,capacillo no. 4 decorado 50 pz,CAPACILLOS,752,CAPACILLO NO. 4 DECORADO 50 PZ,False,,2023-03-06
2023-03-01,100.0,brillo estrella,DECORACION,753,BRILLO ESTRELLA,False,,2023-02-27
2023-03-01,90.0,Transfer,TRANSFER,754,TRANSFER,False,,2023-02-27
2023-03-01,50.0,base 36cm doble,BASES,755,BASE 36CM DOBLE,False,,2023-02-27
2023-03-01,166.0,Foundant,FONDANT,756,FOUNDANT,False,,2023-02-27
2023-03-01,24.0,base 30 cm,BASES,757,BASE 30 CM,False,,2023-02-27
2023-03-01,18.0,perlas,DECORACION,758,PERLAS,False,,2023-02-27
2023-03-01,140.0,extrude,OTROS,759,EXTRUDE,False,,2023-02-27
2023-03-01,83.0,Foundant,FONDANT,760,FOUNDANT,False,,2023-02-27
2023-03-01,55.0,alambre,OTROS,761,ALAMBRE,False,,2023-02-27
2023-03-01,166.0,Foundant,FONDANT,762,FOUNDANT,False,,2023-02-27
2023-02-27,76.0,Philly Qso,QUESO CREMA,763,PHILLY QSO,False,,2023-02-27
2023-02-27,65.0,Easy pastel tres leches,HARINA,764,EASY PASTEL TRES LECHES,False,,2023-02-27
2023-02-27,45.0,oblea arroz,TRANSFER,765,OBLEA ARROZ,False,,2023-02-27
2023-02-27,38.0,base doble 32 cm,BASES,766,BASE DOBLE 32 CM,False,,2023-02-27
2023-02-27,47.0,au huevo 1,HUEVO,767,AU HUEVO 1,False,,2023-02-27
2023-02-27,20.0,pro 2 pack,OTROS,768,PRO 2 PACK,False,,2023-02-27
2023-02-27,61.0,chantilli dull,CHANTILLY,769,CHANTILLI DULL,False,,2023-02-27
2023-02-27,24.0,nido f 120,LECHE EN POLVO,770,NIDO F 120,False,,2023-02-27
2023-02-27,20.0,harina tri,HARINA,771,HARINA TRI,False,,2023-02-27
2023-02-27,24.0,granillo turin blanco,CHOCOLATE,772,GRANILLO TURIN BLANCO,False,,2023-02-27
2023-02-27,74.0,aceite aurrera 800,ACEITE,773,ACEITE AURRERA 800,False,,2023-02-27
2023-02-20,74.0,AC AU800,ACEITE,774,AC AU800,False,,2023-02-20
2023-02-20,47.0,gloria man,MANTEQUILLA,775,GLORIA MAN,False,,2023-02-20
2023-02-20,22.5,oreo 273.6,GALLETAS,776,OREO 273.6,False,,2023-02-20
2023-02-20,20.0,harina tri,HARINA,777,HARINA TRI,False,,2023-02-20
2023-02-18,65.0,Tegral Satin Red Velvet Puratos,HARINA,778,TEGRAL SATIN RED VELVET PURATOS,False,,2023-02-13
2023-02-18,51.0,Tegral Satin Creme ca ,HARINA,779,TEGRAL SATIN CREME CA,False,,2023-02-13
2023-02-18,32.0,Domo mantecada 12 cavidades,EMPAQUE,780,DOMO MANTECADA 12 CAVIDADES,False,,2023-02-13
2023-02-18,22.0,Granillo Turin Semi amargo,CHOCOLATE,781,GRANILLO TURIN SEMI AMARGO,False,,2023-02-13
2023-02-18,24.0,granillo turin leche,CHOCOLATE,782,GRANILLO TURIN LECHE,False,,2023-02-13
2023-02-18,15.0,chips chocolate semi,CHOCOLATE,783,CHIPS CHOCOLATE SEMI,False,,2023-02-13
2023-02-18,30.0,chips rojo alpezzi c/,CHOCOLATE,784,CHIPS ROJO ALPEZZI C/,False,,2023-02-13
2023-02-18,35.0,Queso philadelphia 190g,QUESO CREMA,785,QUESO PHILADELPHIA 190G,False,,2023-02-13
2023-02-18,65.0,Easy pastel tres leches,HARINA,786,EASY PASTEL TRES LECHES,False,,2023-02-13
2023-02-17,61.0,chantilly dulce,CHANTILLY,787,CHANTILLY DULCE,False,,2023-02-13
2023-02-13,45.0,chips chocolate con l,CHOCOLATE,788,CHIPS CHOCOLATE CON L,False,,2023-02-13
2023-02-13,6.0,huevo blanco pz,HUEVO,789,HUEVO BLANCO PZ,False,,2023-02-13
2023-02-13,65.0,Nutella chica 350 grs,RELLENO,790,NUTELLA CHICA 350 GRS,False,,2023-02-13
2023-02-13,51.0,Tegral Satin Creme ca ,HARINA,791,TEGRAL SATIN CREME CA,False,,2023-02-13
2023-02-13,52.0,relleno zarzamora puratos,RELLENO,792,RELLENO ZARZAMORA PURATOS,False,,2023-02-13
2023-02-12,35.0,oreo econopack,GALLETAS,793,OREO ECONOPACK,False,,2023-02-06
2023-02-12,61.0,chantilli dull,CHANTILLY,794,CHANTILLI DULL,False,,2023-02-06
2023-02-12,22.5,oreo 273.6,GALLETAS,795,OREO 273.6,False,,2023-02-06
2023-02-11,39.5,qsocremaphilade 200g,QUESO CREMA,796,QSOCREMAPHILADE 200G,False,,2023-02-06
2023-02-08,11.5,base 28,BASES,797,BASE 28,False,,2023-02-06
2023-02-08,61.67,dlr malv c/chocolate 32 pz,CHOCOLATE,798,DLR MALV C/CHOCOLATE 32 PZ,False,,2023-02-06
2023-02-08,83.0,Foundant,FONDANT,799,FOUNDANT,False,,2023-02-06
2023-02-08,75.16,alegria capacillo morado 100 pz,CAPACILLOS,800,ALEGRIA CAPACILLO MORADO 100 PZ,False,,2023-02-06
2023-02-08,66.6,inix contenedor ham trans 14x14 25 pz,EMPAQUE,801,INIX CONTENEDOR HAM TRANS 14X14 25 PZ,False,,2023-02-06
2023-02-08,44.0,caja 12 cupcakes,EMPAQUE,802,CAJA 12 CUPCAKES,False,,2023-02-06
2023-02-08,53.99,dlr malv c/chocolate 50 pz,CHOCOLATE,803,DLR MALV C/CHOCOLATE 50 PZ,False,,2023-02-06
2023-02-08,38.97,capacillo no. 4 decorado 50 pz,CAPACILLOS,804,CAPACILLO NO. 4 DECORADO 50 PZ,False,,2023-02-06
2023-02-08,24.08,capacillo no. 69 decorado 40 pz,CAPACILLOS,805,CAPACILLO NO. 69 DECORADO 40 PZ,False,,2023-02-06
2023-02-08,22.91,celofan 6x25 100 pz,CONSUMIBLES,806,CELOFAN 6X25 100 PZ,False,,2023-02-06
2023-02-08,70.49,alpezzi chips blanco 500 gr,CHOCOLATE,807,ALPEZZI CHIPS BLANCO 500 GR,False,,2023-02-06
2023-02-08,120.25,bondi mega webo late distroller,OTROS,808,BONDI MEGA WEBO LATE DISTROLLER,False,,2023-02-06
2023-02-08,153.6,inix contenedor multiusos 25 pz,EMPAQUE,809,INIX CONTENEDOR MULTIUSOS 25 PZ,False,,2023-02-06
2023-02-05,58.0,peaje,CASETAS,810,PEAJE,False,,2023-01-30
2023-02-03,39.0,capacillos #4 tubo,CAPACILLOS,811,CAPACILLOS #4 TUBO,False,,2023-01-30
2023-02-03,45.0,galleta,GALLETAS,812,GALLETA,False,,2023-01-30
2023-02-03,61.0,chantilli dull,CHANTILLY,813,CHANTILLI DULL,False,,2023-01-30
2023-02-02,8.0,granillo magic sparkl,CHOCOLATE,814,GRANILLO MAGIC SPARKL,False,,2023-01-30
2023-02-02,15.0,chips chocolate semi,CHOCOLATE,815,CHIPS CHOCOLATE SEMI,False,,2023-01-30
2023-02-02,9.0,base 28 cm,BASES,816,BASE 28 CM,False,,2023-01-30
2023-02-02,45.0,Transfer,TRANSFER,817,TRANSFER,False,,2023-01-30
2023-01-30,10.0,mangas,CONSUMIBLES,818,MANGAS,False,,2023-01-30
2023-01-30,9.5,base 26 cm,BASES,819,BASE 26 CM,False,,2023-01-30
2023-01-30,27.0,base 25 cm doble,BASES,820,BASE 25 CM DOBLE,False,,2023-01-30
2023-01-30,45.0,chips chocolate con l,CHOCOLATE,821,CHIPS CHOCOLATE CON L,False,,2023-01-30
2023-01-30,51.0,Tegral Satin Creme ca ,HARINA,822,TEGRAL SATIN CREME CA,False,,2023-01-30
2023-01-30,63.0,Crema para batir ambiante 1 lt,AMBIANTE,823,CREMA PARA BATIR AMBIANTE 1 LT,False,,2023-01-30
2023-01-24,93.0,relleno queso creme p,RELLENO,824,RELLENO QUESO CREME P,False,,2023-01-23
2023-01-24,40.0,Azucar glass de prime,AZUCAR,825,AZUCAR GLASS DE PRIME,False,,2023-01-23
2023-01-24,116.0,mantequilla gloria 22,MANTEQUILLA,826,MANTEQUILLA GLORIA 22,False,,2023-01-23
2023-01-24,100.0,Royal Icing Deiman 50,ROYALICING,827,ROYAL ICING DEIMAN 50,False,,2023-01-23
2023-01-24,130.0,Tegral Satin Red Velvet Puratos,HARINA,828,TEGRAL SATIN RED VELVET PURATOS,False,,2023-01-23
2023-01-24,25.0,domo 1/4 plancha,EMPAQUE,829,DOMO 1/4 PLANCHA,False,,2023-01-23
2023-01-24,45.0,chips blanco alpezzi,CHOCOLATE,830,CHIPS BLANCO ALPEZZI,False,,2023-01-23
2023-01-23,122.0,chant dull,CHANTILLY,831,CHANT DULL,False,,2023-01-23
2023-01-23,30.0,iberia 200,MANTEQUILLA,832,IBERIA 200,False,,2023-01-23
2023-01-23,46.5,sjuan hvo,HUEVO,833,SJUAN HVO,False,,2023-01-23
2023-01-23,41.5,oreo fudge,GALLETAS,834,OREO FUDGE,False,,2023-01-23
2023-01-21,20.01,base extrafuerte 20 cm c/ blonda,BASES,835,BASE EXTRAFUERTE 20 CM C/ BLONDA,False,,2023-01-16
2023-01-21,70.49,alpezzi chips blanco,CHOCOLATE,836,ALPEZZI CHIPS BLANCO,False,,2023-01-16
2023-01-21,13.99,capacillo No. 72 decorado 25 pz,CAPACILLOS,837,CAPACILLO NO. 72 DECORADO 25 PZ,False,,2023-01-16
2023-01-21,69.63,ferrero rocher T-10,CHOCOLATE,838,FERRERO ROCHER T-10,False,,2023-01-16
2023-01-21,61.67,dlr malv c/chocolate 32 pz,CHOCOLATE,839,DLR MALV C/CHOCOLATE 32 PZ,False,,2023-01-16
2023-01-21,109.68,turin tubo baileys 200 g,CHOCOLATE,840,TURIN TUBO BAILEYS 200 G,False,,2023-01-16
2023-01-21,37.58,alegria capacillo golosinas,CAPACILLOS,841,ALEGRIA CAPACILLO GOLOSINAS,False,,2023-01-16
2023-01-21,54.62,turin conejos mini 120 gr,CHOCOLATE,842,TURIN CONEJOS MINI 120 GR,False,,2023-01-16
2023-01-21,179.32,inix contenedor mantecadas 25 pz,EMPAQUE,843,INIX CONTENEDOR MANTECADAS 25 PZ,False,,2023-01-16
2023-01-21,19.96,liston bolas dif,OTROS,844,LISTON BOLAS DIF,False,,2023-01-16
2023-01-21,14.94,celofan 9x12 100 pz,CONSUMIBLES,845,CELOFAN 9X12 100 PZ,False,,2023-01-16
2023-01-19,22.0,Confitier semiamargo TURIN,CHOCOLATE,846,CONFITIER SEMIAMARGO TURIN,False,,2023-01-16
2023-01-19,45.0,chips blanco alpezzi,CHOCOLATE,847,CHIPS BLANCO ALPEZZI,False,,2023-01-16
2023-01-19,83.0,Foundant,FONDANT,848,FOUNDANT,False,,2023-01-16
2023-01-19,65.0,Tegral Satin Red Velvet Puratos,HARINA,849,TEGRAL SATIN RED VELVET PURATOS,False,,2023-01-16
2023-01-19,64.0,kiss leche,CHOCOLATE,850,KISS LECHE,False,,2023-01-16
2023-01-19,15.0,chips rojo alpezzi c/,CHOCOLATE,851,CHIPS ROJO ALPEZZI C/,False,,2023-01-16
2023-01-19,11.5,base 28 cm,BASES,852,BASE 28 CM,False,,2023-01-16
2023-01-19,26.0,caja acetato,EMPAQUE,853,CAJA ACETATO,False,,2023-01-16
2023-01-19,24.0,caja acetato,EMPAQUE,854,CAJA ACETATO,False,,2023-01-16
2023-01-19,26.0,caja acetato,EMPAQUE,855,CAJA ACETATO,False,,2023-01-16
2023-01-19,63.0,Crema para batir ambiante 1 lt,AMBIANTE,856,CREMA PARA BATIR AMBIANTE 1 LT,False,,2023-01-16
2023-01-17,33.0,oreo charo,GALLETAS,857,OREO CHARO,False,,2023-01-16
2023-01-12,45.0,gv durazno,RELLENO,858,GV DURAZNO,False,,2023-01-09
2023-01-12,49.0,iberia,MANTEQUILLA,859,IBERIA,False,,2023-01-09
2023-01-10,65.0,Easy pastel tres leches,HARINA,860,EASY PASTEL TRES LECHES,False,,2023-01-09
2023-01-10,45.0,chips blanco alpezzi,CHOCOLATE,861,CHIPS BLANCO ALPEZZI,False,,2023-01-09
2023-01-10,65.0,Easy pastel tres leches,HARINA,862,EASY PASTEL TRES LECHES,False,,2023-01-09
2023-01-10,52.0,base 33x33,BASES,863,BASE 33X33,False,,2023-01-09
2023-01-10,52.0,relleno zarzamora puratos,RELLENO,864,RELLENO ZARZAMORA PURATOS,False,,2023-01-09
2023-01-07,51.0,Tegral Satin Creme ca ,HARINA,865,TEGRAL SATIN CREME CA,False,,2023-01-02
2023-01-07,248.4,kit kat 9 pz,CHOCOLATE,866,KIT KAT 9 PZ,False,,2023-01-02
2023-01-07,30.0,capacillos,CAPACILLOS,867,CAPACILLOS,False,,2023-01-02
2023-01-07,56.0,capacillos,CAPACILLOS,868,CAPACILLOS,False,,2023-01-02
2023-01-07,16.0,plato rigido negro re,OTROS,869,PLATO RIGIDO NEGRO RE,False,,2023-01-02
2023-01-07,10.0,domo alto 33 cm inix,EMPAQUE,870,DOMO ALTO 33 CM INIX,False,,2023-01-02
2023-01-07,45.0,durazno en almibar na,RELLENO,871,DURAZNO EN ALMIBAR NA,False,,2023-01-02
2023-01-07,55.0,Confitier semiamargo TURIN,CHOCOLATE,872,CONFITIER SEMIAMARGO TURIN,False,,2023-01-02
2023-01-07,99.0,nutella grande 650 gr,RELLENO,873,NUTELLA GRANDE 650 GR,False,,2023-01-02
2023-01-07,122.0,Tegral Satin Creme ca ,HARINA,874,TEGRAL SATIN CREME CA,False,,2023-01-02
2023-01-06,45.0,confeti,DECORACION,875,CONFETI,False,,2023-01-02
2023-01-06,28.0,Tapa Reyma c/50,OTROS,876,TAPA REYMA C/50,False,,2023-01-02
2023-01-06,65.0,Tegral Satin Red Velvet Puratos,HARINA,877,TEGRAL SATIN RED VELVET PURATOS,False,,2023-01-02
2023-01-06,29.0,Vaso 4 ancho reyma C/,OTROS,878,VASO 4 ANCHO REYMA C/,False,,2023-01-02
2023-01-04,290.0,9 colores,COLORANTES,879,9 COLORES,False,,2023-01-02
2023-01-04,15.0,Chips Linea Horneas A,OTROS,880,CHIPS LINEA HORNEAS A,False,,2023-01-02
2023-01-04,22.0,Granillo Turin Semi amargo,CHOCOLATE,881,GRANILLO TURIN SEMI AMARGO,False,,2023-01-02
2023-01-04,22.0,Confitier semiamargo TURIN,CHOCOLATE,882,CONFITIER SEMIAMARGO TURIN,False,,2023-01-02
2023-01-02,28.5,oreo 273.6,GALLETAS,883,OREO 273.6,False,,2023-01-02
2023-01-02,18.5,Carlos V stk,CHOCOLATE,884,CARLOS V STK,False,,2023-01-02
2023-01-01,249.0,Foundant,FONDANT,885,FOUNDANT,False,,2022-12-26
2023-01-01,27.0,base 25 cm doble,BASES,886,BASE 25 CM DOBLE,False,,2022-12-26
2023-01-01,10.0,mangas chicas,CONSUMIBLES,887,MANGAS CHICAS,False,,2022-12-26
2023-01-01,21.0,caja 17x11x3,EMPAQUE,888,CAJA 17X11X3,False,,2022-12-26
2023-01-01,45.0,mangas,CONSUMIBLES,889,MANGAS,False,,2022-12-26
2022-12-29,22.0,Fecula de maíz,HORNEADO,890,FECULA DE MAIZ,False,,2022-12-26
2022-12-29,65.0,Easy pastel tres leches,HARINA,891,EASY PASTEL TRES LECHES,False,,2022-12-26
2022-12-29,46.9,aceite,ACEITE,892,ACEITE,False,,2022-12-26
2022-12-28,70.0,matizador,DECORACION,893,MATIZADOR,False,,2022-12-26
2022-12-26,102.0,Tegral Satin Creme ca ,HARINA,894,TEGRAL SATIN CREME CA,False,,2022-12-26
2022-12-26,15.0,entrepiso,BASES,895,ENTREPISO,False,,2022-12-26
2022-12-26,50.0,base 36cm doble,BASES,896,BASE 36CM DOBLE,False,,2022-12-26
2022-12-26,166.0,Foundant,FONDANT,897,FOUNDANT,False,,2022-12-26
2022-12-26,45.0,Transfer,DECORACION,898,TRANSFER,False,,2022-12-26
2022-12-26,49.5,relleno fresa frutifru,RELLENO,899,RELLENO FRESA FRUTIFRU,False,,2022-12-26
2022-12-26,205.0,Crema tipo chantilli,CHANTILLY,900,CREMA TIPO CHANTILLI,False,,2022-12-26
2022-12-26,155.0,queso crema suelto,QUESO CREMA,901,QUESO CREMA SUELTO,False,,2022-12-26
2022-12-24,39.5,qsocremaphilade 200g,QUESO CREMA,902,QSOCREMAPHILADE 200G,False,,2022-12-19
2022-12-23,33.0,estrellas,DECORACION,903,ESTRELLAS,False,,2022-12-19
2022-12-23,65.0,Nutella chica 350 grs,RELLENO,904,NUTELLA CHICA 350 GRS,False,,2022-12-19
2022-12-23,56.0,nuez pedazo,DULCERIA,905,NUEZ PEDAZO,False,,2022-12-19
2022-12-22,33.5,huevo cresta roj,HUEVO,906,HUEVO CRESTA ROJ,False,,2022-12-19
2022-12-22,122.0,chantilli dull,CHANTILLY,907,CHANTILLI DULL,False,,2022-12-19
2022-12-21,55.0,base 40 cm doble,BASES,908,BASE 40 CM DOBLE,False,,2022-12-19
2022-12-21,415.0,Foundant,FONDANT,909,FOUNDANT,False,,2022-12-19
2022-12-21,20.0,perla,DECORACION,910,PERLA,False,,2022-12-19
2022-12-21,18.0,perlas,DECORACION,911,PERLAS,False,,2022-12-19
2022-12-21,15.0,entrepiso 34 cm,BASES,912,ENTREPISO 34 CM,False,,2022-12-19
2022-12-21,9.5,base 26 cm,BASES,913,BASE 26 CM,False,,2022-12-19
2022-12-21,35.0,encaje,DECORACION,914,ENCAJE,False,,2022-12-19
2022-12-21,48.0,encaje,DECORACION,915,ENCAJE,False,,2022-12-19
2022-12-21,61.0,Tegral Satin Creme ca ,HARINA,916,TEGRAL SATIN CREME CA,False,,2022-12-19
2022-12-21,65.0,Tegral Satin Red Velvet Puratos,HARINA,917,TEGRAL SATIN RED VELVET PURATOS,False,,2022-12-19
2022-12-21,22.0,Confitier semiamargo TURIN,CHOCOLATE,918,CONFITIER SEMIAMARGO TURIN,False,,2022-12-19
2022-12-21,12.0,color liquido surtido,COLORANTES,919,COLOR LIQUIDO SURTIDO,False,,2022-12-19
2022-12-21,120.0,red velvet,HARINA,920,RED VELVET,False,,2022-12-19
2022-12-21,65.0,matizador,DECORACION,921,MATIZADOR,False,,2022-12-19
2022-12-19,28.0,GV azucar,AZUCAR,922,GV AZUCAR,False,,2022-12-19
2022-12-19,74.0,AC AU800,DECORACION,923,AC AU800,False,,2022-12-19
2022-12-19,61.0,chantilli dull,CHANTILLY,924,CHANTILLI DULL,False,,2022-12-19
2022-12-14,24.0,chocolate blanco sica,CHOCOLATE,925,CHOCOLATE BLANCO SICA,False,,2022-12-12
2022-12-14,40.0,Rich Piña Colada,RELLENO,926,RICH PINA COLADA,False,,2022-12-12
2022-12-14,35.0,Queso philadelphia,QUESO CREMA,927,QUESO PHILADELPHIA,False,,2022-12-12
2022-12-14,270.0,Transfer,DECORACION,928,TRANSFER,False,,2022-12-12
2022-12-14,83.0,Foundant,FONDANT,929,FOUNDANT,False,,2022-12-12
2022-12-14,12.0,color liquido surtido,COLORANTES,930,COLOR LIQUIDO SURTIDO,False,,2022-12-12
2022-12-14,48.0,Diamantina,DECORACION,931,DIAMANTINA,False,,2022-12-12
2022-12-12,40.0,rk malv,DULCERIA,932,RK MALV,False,,2022-12-12
2022-12-11,12.0,color liquido surtido,COLORANTES,933,COLOR LIQUIDO SURTIDO,False,,2022-12-05
2022-12-11,63.0,Crema para batir ambiante 1 lt,AMBIANTE,934,CREMA PARA BATIR AMBIANTE 1 LT,False,,2022-12-05
2022-12-11,35.0,Queso philadelphia,QUESO CREMA,935,QUESO PHILADELPHIA,False,,2022-12-05
2022-12-11,51.0,tregal satin creme ca,HARINA,936,TREGAL SATIN CREME CA,False,,2022-12-05
2022-12-10,61.0,chantilli dull,CHANTILLY,937,CHANTILLI DULL,False,,2022-12-05
2022-12-04,90.0,oblea arroz,DECORACION,938,OBLEA ARROZ,False,,2022-11-28
2022-12-03,44.0,Luneta mini m&m's,RELLENO,939,LUNETA MINI M&M'S,False,,2022-11-28
2022-12-03,48.0,Domo 1/2 plancha INI,EMPAQUE,940,DOMO 1/2 PLANCHA INI,False,,2022-11-28
2022-12-02,15.0,huevo,HUEVO,941,HUEVO,False,,2022-11-28
2022-12-01,21.0,harina tri,HARINA,942,HARINA TRI,False,,2022-11-28
2022-12-01,61.0,chantilli dull,CHANTILLY,943,CHANTILLI DULL,False,,2022-11-28
2022-12-01,63.0,gloria man,MANTEQUILLA,944,GLORIA MAN,False,,2022-11-28
2022-12-01,40.0,aceite,ACEITE,945,ACEITE,False,,2022-11-28
2022-12-01,80.0,Huevo,HUEVO,946,HUEVO,False,,2022-11-28
2022-12-01,21.5,oreo 273.6,GALLETAS,947,OREO 273.6,False,,2022-11-28
2022-11-30,18.0,perlas,DECORACION,948,PERLAS,False,,2022-11-28
2022-11-30,10.0,capacillos,CAPACILLOS,949,CAPACILLOS,False,,2022-11-28
2022-11-30,58.0,capacillos,CAPACILLOS,950,CAPACILLOS,False,,2022-11-28
2022-11-30,166.0,Foundant,FONDANT,951,FOUNDANT,False,,2022-11-28
2022-11-30,45.0,base 32cm doble,BASES,952,BASE 32CM DOBLE,False,,2022-11-28
2022-11-29,110.0,mini m&m's,CHOCOLATE,953,MINI M&M'S,False,,2022-11-28
2022-11-29,45.5,sabrosano,ACEITE,954,SABROSANO,False,,2022-11-28
2022-11-29,25.0,Carlos V stk,CHOCOLATE,955,CARLOS V STK,False,,2022-11-28
2022-11-25,61.0,chantilli dull,CHANTILLY,956,CHANTILLI DULL,False,,2022-11-21
2022-11-24,17.5,perla plateada,DECORACION,957,PERLA PLATEADA,False,,2022-11-21
2022-11-24,75.0,matizador,DECORACION,958,MATIZADOR,False,,2022-11-21
2022-11-24,83.0,Foundant,FONDANT,959,FOUNDANT,False,,2022-11-21
2022-11-18,12.0,Granillo alpessi colo,CHOCOLATE,960,GRANILLO ALPESSI COLO,False,,2022-11-14
2022-11-18,45.0,Transfer,DECORACION,961,TRANSFER,False,,2022-11-14
2022-11-18,63.0,Crema para batir ambiante 1 lt,AMBIANTE,962,CREMA PARA BATIR AMBIANTE 1 LT,False,,2022-11-14
2022-11-18,14.5,base 30 cm,BASES,963,BASE 30 CM,False,,2022-11-14
2022-11-11,54.0,Crema batida chantilli ASTURIAS,CHANTILLY,964,CREMA BATIDA CHANTILLI ASTURIAS,False,,2022-11-07
2022-11-11,70.0,soportes,DECORACION,965,SOPORTES,False,,2022-11-07
2022-11-11,11.5,entrepiso,BASES,966,ENTREPISO,False,,2022-11-07
2022-11-10,9.0,base 26 cm,BASES,967,BASE 26 CM,False,,2022-11-07
2022-11-10,65.0,Tegral Satin Red Velvet Puratos,HARINA,968,TEGRAL SATIN RED VELVET PURATOS,False,,2022-11-07
2022-11-10,55.0,encaje,DECORACION,969,ENCAJE,False,,2022-11-07
2022-11-10,21.0,chocolate blanco sica,CHOCOLATE,970,CHOCOLATE BLANCO SICA,False,,2022-11-07
2022-11-10,51.0,Tegral Satin Creme ca ,HARINA,971,TEGRAL SATIN CREME CA,False,,2022-11-07
2022-11-10,166.0,Foundant,FONDANT,972,FOUNDANT,False,,2022-11-07
2022-11-10,52.0,relleno zarzamora puratos,RELLENO,973,RELLENO ZARZAMORA PURATOS,False,,2022-11-07
2022-11-10,33.0,chocolate,CHOCOLATE,974,CHOCOLATE,False,,2022-11-07
2022-11-10,15.0,goma aro durazno luck,RELLENO,975,GOMA ARO DURAZNO LUCK,False,,2022-11-07
2022-11-10,65.0,Nutella chica 350 grs,RELLENO,976,NUTELLA CHICA 350 GRS,False,,2022-11-07
2022-11-07,25.0,Carlos V stk,CHOCOLATE,977,CARLOS V STK,False,,2022-11-07
2022-11-07,61.0,chantilli dull,CHANTILLY,978,CHANTILLI DULL,False,,2022-11-07
2022-11-01,80.0,Huevo,HUEVO,979,HUEVO,False,,2022-10-31
2022-10-26,43.0,huevo blanco san juan,HUEVO,980,HUEVO BLANCO SAN JUAN,False,,2022-10-24
2022-10-26,11.5,base 28 cm,BASES,981,BASE 28 CM,False,,2022-10-24
2022-10-26,37.0,para 12 cupcakes,EMPAQUE,982,PARA 12 CUPCAKES,False,,2022-10-24
2022-10-26,45.0,Transfer,DECORACION,983,TRANSFER,False,,2022-10-24
2022-10-26,35.0,Queso philadelphia,QUESO CREMA,984,QUESO PHILADELPHIA,False,,2022-10-24
2022-10-26,63.0,Crema para batir ambiante 1 lt,AMBIANTE,985,CREMA PARA BATIR AMBIANTE 1 LT,False,,2022-10-24
2022-10-20,65.0,Nutella chica 350 grs,RELLENO,986,NUTELLA CHICA 350 GRS,False,,2022-10-17
2022-10-20,110.0,Confitier semiamargo TURIN,CHOCOLATE,987,CONFITIER SEMIAMARGO TURIN,False,,2022-10-17
2022-10-20,61.0,Tegral Satin Creme ca ,HARINA,988,TEGRAL SATIN CREME CA,False,,2022-10-17
2022-10-20,58.0,Tegral Satin Red Velvet Puratos,HARINA,989,TEGRAL SATIN RED VELVET PURATOS,False,,2022-10-17
2022-10-20,65.0,pegamento de fondant,DECORACION,990,PEGAMENTO DE FONDANT,False,,2022-10-17
2022-10-20,23.0,bases 28 cm,BASES,991,BASES 28 CM,False,,2022-10-17
2022-10-18,56.0,capacillos,CAPACILLOS,992,CAPACILLOS,False,,2022-10-17
2022-10-18,11.5,base 28 cm,BASES,993,BASE 28 CM,False,,2022-10-17
2022-10-18,25.0,capacillos,CAPACILLOS,994,CAPACILLOS,False,,2022-10-17
2022-10-18,50.0,domo 1/4 plancha,EMPAQUE,995,DOMO 1/4 PLANCHA,False,,2022-10-17
2022-10-18,53.0,Easy pastel tres leches,HARINA,996,EASY PASTEL TRES LECHES,False,,2022-10-17
2022-10-08,25.0,capacillos,CAPACILLOS,997,CAPACILLOS,False,,2022-10-03
2022-10-08,45.0,capacillos,CAPACILLOS,998,CAPACILLOS,False,,2022-10-03
2022-10-01,40.0,Huevo,HUEVO,999,HUEVO,False,,2022-09-26
2022-10-01,40.0,aceite,ACEITE,1000,ACEITE,False,,2022-09-26
2022-10-01,20.0,chocolate,CHOCOLATE,1001,CHOCOLATE,False,,2022-09-26
2022-09-30,30.5,Philly Qso,QUESO CREMA,1002,PHILLY QSO,False,,2022-09-26
2022-09-30,39.5,marg245g,MANTEQUILLA,1003,MARG245G,False,,2022-09-26
2022-09-30,22.5,gloria man,MANTEQUILLA,1004,GLORIA MAN,False,,2022-09-26
2022-09-30,20.0,harina tri,HARINA,1005,HARINA TRI,False,,2022-09-26
2022-09-30,21.5,oreo 273.6,GALLETAS,1006,OREO 273.6,False,,2022-09-26
2022-09-30,21.5,oreo vainilla,GALLETAS,1007,OREO VAINILLA,False,,2022-09-26
2022-09-30,61.0,chantilli dull,CHANTILLY,1008,CHANTILLI DULL,False,,2022-09-26
2022-09-28,45.0,Transfer,DECORACION,1009,TRANSFER,False,,2022-09-26
2022-09-28,66.0,Confitier semiamargo TURIN,CHOCOLATE,1010,CONFITIER SEMIAMARGO TURIN,False,,2022-09-26
2022-09-28,85.0,Foundant,FONDANT,1011,FOUNDANT,False,,2022-09-26
2022-09-28,35.0,Queso philadelphia,QUESO CREMA,1012,QUESO PHILADELPHIA,False,,2022-09-26
2022-09-28,11.5,base 28 cm,BASES,1013,BASE 28 CM,False,,2022-09-26
2022-09-28,43.0,huevo blanco san juan,HUEVO,1014,HUEVO BLANCO SAN JUAN,False,,2022-09-26
2022-09-28,12.0,color liquido surtido,COLORANTES,1015,COLOR LIQUIDO SURTIDO,False,,2022-09-26
2022-09-25,49.5,relleno fresa frutifru,RELLENO,1016,RELLENO FRESA FRUTIFRU,False,,2022-09-19
2022-09-25,61.0,Tegral Satin Creme ca ,HARINA,1017,TEGRAL SATIN CREME CA,False,,2022-09-19
2022-09-24,66.0,ferrero,CHOCOLATE,1018,FERRERO,False,,2022-09-19
2022-09-24,56.0,capacillos,CAPACILLOS,1019,CAPACILLOS,False,,2022-09-19
2022-09-24,50.0,velas,OTROS,1020,VELAS,False,,2022-09-19
2022-09-24,132.0,chantilly,CHANTILLY,1021,CHANTILLY,False,,2022-09-19
2022-09-24,40.0,harina Red velvet esp,HARINA,1022,HARINA RED VELVET ESP,False,,2022-09-19
2022-09-24,43.0,huevo blanco san juan,HUEVO,1023,HUEVO BLANCO SAN JUAN,False,,2022-09-19
2022-09-21,64.0,Domo mantecada 12 cavidades,EMPAQUE,1024,DOMO MANTECADA 12 CAVIDADES,False,,2022-09-19
2022-09-21,15.0,cacahuate español,OTROS,1025,CACAHUATE ESPANOL,False,,2022-09-19
2022-09-21,20.0,azucar estandar,AZUCAR,1026,AZUCAR ESTANDAR,False,,2022-09-19
2022-09-20,61.0,chantilli dull,CHANTILLY,1027,CHANTILLI DULL,False,,2022-09-19
2022-09-20,80.0,sabrosano,ACEITE,1028,SABROSANO,False,,2022-09-19
2022-09-20,34.0,gv barq ch,DECORACION,1029,GV BARQ CH,False,,2022-09-19
2022-09-20,30.5,Philly Qso,QUESO CREMA,1030,PHILLY QSO,False,,2022-09-19
2022-09-17,83.0,Foundant,FONDANT,1031,FOUNDANT,False,,2022-09-12
2022-09-17,14.0,base  25 x 35,BASES,1032,BASE 25 X 35,False,,2022-09-12
2022-09-17,30.0,cocoa hershey's c 1kg,CHOCOLATE,1033,COCOA HERSHEY'S C 1KG,False,,2022-09-12
2022-09-17,65.0,Nutella chica 350 grs,RELLENO,1034,NUTELLA CHICA 350 GRS,False,,2022-09-12
2022-09-17,65.0,Easy pastel tres leches,HARINA,1035,EASY PASTEL TRES LECHES,False,,2022-09-12
2022-09-11,61.0,chantilli dull,CHANTILLY,1036,CHANTILLI DULL,False,,2022-09-05
2022-09-09,65.0,Nutella chica 350 grs,RELLENO,1037,NUTELLA CHICA 350 GRS,False,,2022-09-05
2022-09-09,22.0,Brocheta bambco 30 cm,DECORACION,1038,BROCHETA BAMBCO 30 CM,False,,2022-09-05
2022-09-09,26.0,base de liston #26,BASES,1039,BASE DE LISTON #26,False,,2022-09-05
2022-09-09,83.0,Foundant,FONDANT,1040,FOUNDANT,False,,2022-09-05
2022-09-03,17.0,chocolate,CHOCOLATE,1041,CHOCOLATE,False,,2022-08-29
2022-09-02,56.0,capacillos,CAPACILLOS,1042,CAPACILLOS,False,,2022-08-29
2022-09-02,20.0,capacillos,CAPACILLOS,1043,CAPACILLOS,False,,2022-08-29
2022-09-02,11.0,domo 28 cm inix media,EMPAQUE,1044,DOMO 28 CM INIX MEDIA,False,,2022-08-29
2022-09-02,11.0,plato rigido negro re,EMPAQUE,1045,PLATO RIGIDO NEGRO RE,False,,2022-08-29
2022-09-02,52.0,relleno zarzamora puratos,RELLENO,1046,RELLENO ZARZAMORA PURATOS,False,,2022-08-29
2022-09-02,53.0,Easy pastel tres leches,HARINA,1047,EASY PASTEL TRES LECHES,False,,2022-08-29
2022-09-02,63.0,Crema para batir ambiante 1 lt,AMBIANTE,1048,CREMA PARA BATIR AMBIANTE 1 LT,False,,2022-08-29
2022-09-01,22.5,lechera,LECHERA,1049,LECHERA,False,,2022-08-29
2022-09-01,38.9,GV glass,AZUCAR,1050,GV GLASS,False,,2022-08-29
2022-09-01,24.0,GV azucar,AZUCAR,1051,GV AZUCAR,False,,2022-08-29
2022-09-01,13.0,vainilla,HORNEADO,1052,VAINILLA,False,,2022-08-29
2022-09-01,21.5,oreo vainilla,GALLETAS,1053,OREO VAINILLA,False,,2022-08-29
2022-09-01,21.5,oreo 273.6,GALLETAS,1054,OREO 273.6,False,,2022-08-29
2022-09-01,29.0,gv a 10w l,NO DEFINIDO,1055,GV A 10W L,False,,2022-08-29
2022-09-01,61.0,chantilli dull,CHANTILLY,1056,CHANTILLI DULL,False,,2022-08-29
2022-09-01,16.5,carnation,HORNEADO,1057,CARNATION,False,,2022-08-29
2022-08-30,40.0,harina Red velvet esp,HARINA,1058,HARINA RED VELVET ESP,False,,2022-08-29
2022-08-30,40.0,caja de cupcake,EMPAQUE,1059,CAJA DE CUPCAKE,False,,2022-08-29
2022-08-25,24.0,color liquido surtido,COLORANTES,1060,COLOR LIQUIDO SURTIDO,False,,2022-08-22
2022-08-25,14.5, domo db09 27 cm wow,EMPAQUE,1061,DOMO DB09 27 CM WOW,False,,2022-08-22
2022-08-25,166.0,Foundant,FONDANT,1062,FOUNDANT,False,,2022-08-22
2022-08-18,65.0,Easy pastel tres leches,HARINA,1063,EASY PASTEL TRES LECHES,False,,2022-08-15
2022-08-18,132.0,chantilly,CHANTILLY,1064,CHANTILLY,False,,2022-08-15
2022-08-18,28.0,Kiss Leche,CHOCOLATE,1065,KISS LECHE,False,,2022-08-15
2022-08-18,30.0,Queso philadelphia,QUESO CREMA,1066,QUESO PHILADELPHIA,False,,2022-08-15
2022-08-14,15.0,goma ricolino,DULCERIA,1067,GOMA RICOLINO,False,,2022-08-08
2022-08-14,25.0,domo 1/4 plancha,EMPAQUE,1068,DOMO 1/4 PLANCHA,False,,2022-08-08
2022-08-14,40.0,Domo 1/2 plancha INI,EMPAQUE,1069,DOMO 1/2 PLANCHA INI,False,,2022-08-08
2022-08-01,80.0,Huevo,HUEVO,1070,HUEVO,False,,2022-08-01
2022-08-01,40.0,aceite,ACEITE,1071,ACEITE,False,,2022-08-01
2022-07-30,66.0,chantilly,CHANTILLY,1072,CHANTILLY,False,,2022-07-25
2022-07-29,56.0,chantilly,CHANTILLY,1073,CHANTILLY,False,,2022-07-25
2022-07-27,25.0,domo 1/4 plancha,EMPAQUE,1074,DOMO 1/4 PLANCHA,False,,2022-07-25
2022-07-27,30.0,base 32cm doble,BASES,1075,BASE 32CM DOBLE,False,,2022-07-25
2022-07-27,37.0,caja cupcakes 12,EMPAQUE,1076,CAJA CUPCAKES 12,False,,2022-07-25
2022-07-27,11.0,entrepiso,BASES,1077,ENTREPISO,False,,2022-07-25
2022-07-27,11.5,entrepiso tetrapack,BASES,1078,ENTREPISO TETRAPACK,False,,2022-07-25
2022-07-27,59.0,Royal Icing Deiman 50,ROYALICING,1079,ROYAL ICING DEIMAN 50,False,,2022-07-25
2022-07-27,66.0,chantilly,CHANTILLY,1080,CHANTILLY,False,,2022-07-25
2022-07-27,32.0,crema pastelera coco,RELLENO,1081,CREMA PASTELERA COCO,False,,2022-07-25
2022-07-27,22.0,Confitier semiamargo TURIN,CHOCOLATE,1082,CONFITIER SEMIAMARGO TURIN,False,,2022-07-25
2022-07-27,80.0,harina Red velvet esp,HARINA,1083,HARINA RED VELVET ESP,False,,2022-07-25
2022-07-27,53.0,Easy pastel tres leches,HARINA,1084,EASY PASTEL TRES LECHES,False,,2022-07-25
2022-07-27,30.0,Queso philadelphia,QUESO CREMA,1085,QUESO PHILADELPHIA,False,,2022-07-25
2022-07-27,160.0,nutella 1 kg,RELLENO,1086,NUTELLA 1 KG,False,,2022-07-25
2022-07-27,166.0,Foundant,FONDANT,1087,FOUNDANT,False,,2022-07-25
2022-07-27,21.0,chocolate blanco sica,CHOCOLATE,1088,CHOCOLATE BLANCO SICA,False,,2022-07-25
2022-07-24,90.0,Transfer,DECORACION,1089,TRANSFER,False,,2022-07-18
2022-07-01,40.0,aceite,ACEITE,1090,ACEITE,False,,2022-06-27
2022-07-01,166.0,Foundant,FONDANT,1091,FOUNDANT,False,,2022-06-27
2022-07-01,23.0,base d liston,BASES,1092,BASE D LISTON,False,,2022-06-27
2022-07-01,80.0,Huevo,HUEVO,1093,HUEVO,False,,2022-06-27
2022-06-30,30.0,domo 12,EMPAQUE,1094,DOMO 12,False,,2022-06-27
2022-06-30,132.0,chantilly,CHANTILLY,1095,CHANTILLY,False,,2022-06-27
2022-06-30,66.0,Chantilly,CHANTILLY,1096,CHANTILLY,False,,2022-06-27
2022-06-30,3.0,bolsa,EMPAQUE,1097,BOLSA,False,,2022-06-27
2022-06-30,25.0,kisses,CHOCOLATE,1098,KISSES,False,,2022-06-27
2022-06-30,5.5,manga desechable chica,CONSUMIBLES,1099,MANGA DESECHABLE CHICA,False,,2022-06-27
2022-06-29,21.0,Nido forti,DECORACION,1100,NIDO FORTI,False,,2022-06-27
2022-06-29,17.9,Evaporada,LECHERA,1101,EVAPORADA,False,,2022-06-27
2022-06-21,7.0,chocolate,CHOCOLATE,1102,CHOCOLATE,False,,2022-06-20
2022-06-21,39.0,capacillos,CAPACILLOS,1103,CAPACILLOS,False,,2022-06-20
2022-06-19,83.0,Foundant,FONDANT,1104,FOUNDANT,False,,2022-06-13
2022-06-14,39.0,capacillos,CAPACILLOS,1105,CAPACILLOS,False,,2022-06-13
2022-06-09,132.0,chantilly,CHANTILLY,1106,CHANTILLY,False,,2022-06-06
2022-06-02,30.0,Queso philadelphia,QUESO CREMA,1107,QUESO PHILADELPHIA,False,,2022-05-30
2022-06-02,65.0,Easy pastel tres leches,HARINA,1108,EASY PASTEL TRES LECHES,False,,2022-05-30
2022-06-02,53.0,Easy pastel tres leches,HARINA,1109,EASY PASTEL TRES LECHES,False,,2022-05-30
2022-06-02,108.0,Crema batida chantilli ASTURIAS,CHANTILLY,1110,CREMA BATIDA CHANTILLI ASTURIAS,False,,2022-05-30
2022-06-02,17.5,perlas,DECORACION,1111,PERLAS,False,,2022-05-30
2022-06-02,55.5,cajas,EMPAQUE,1112,CAJAS,False,,2022-05-30
2022-06-02,25.0,mangas,CONSUMIBLES,1113,MANGAS,False,,2022-05-30
2022-06-01,40.0,Huevo,HUEVO,1114,HUEVO,False,,2022-05-30
2022-06-01,65.0,Nutella chica 350 grs,RELLENO,1115,NUTELLA CHICA 350 GRS,False,,2022-05-30
2022-06-01,40.0,harina Red velvet esp,HARINA,1116,HARINA RED VELVET ESP,False,,2022-05-30
2022-06-01,45.0,huevo blanco san juan,HUEVO,1117,HUEVO BLANCO SAN JUAN,False,,2022-05-30
2022-06-01,40.0,aceite,ACEITE,1118,ACEITE,False,,2022-05-30
2022-05-12,20.0,Harina,HARINA,1119,HARINA,False,,2022-05-09
2022-05-12,62.5,Puratos vainilla,RELLENO,1120,PURATOS VAINILLA,False,,2022-05-09
2022-05-12,10.0,platanitos,OTROS,1121,PLATANITOS,False,,2022-05-09
2022-05-12,66.0,Nutella chica 350 grs,RELLENO,1122,NUTELLA CHICA 350 GRS,False,,2022-05-09
2022-05-12,55.0,galleta Oreo relleno,GALLETAS,1123,GALLETA OREO RELLENO,False,,2022-05-09
2022-05-12,20.0,celofan 12x18 sello ,DECORACION,1124,CELOFAN 12X18 SELLO,False,,2022-05-09
2022-05-12,24.0,Sicao blanco real,DECORACION,1125,SICAO BLANCO REAL,False,,2022-05-09
2022-05-10,63.0,Crema para batir ambiante 1 lt,AMBIANTE,1126,CREMA PARA BATIR AMBIANTE 1 LT,False,,2022-05-09
2022-05-10,9.5,base 26 cm,BASES,1127,BASE 26 CM,False,,2022-05-09
2022-05-10,23.0,base 28 doble,BASES,1128,BASE 28 DOBLE,False,,2022-05-09
2022-05-10,54.0,Crema batida chantilli ASTURIAS,CHANTILLY,1129,CREMA BATIDA CHANTILLI ASTURIAS,False,,2022-05-09
2022-05-10,166.0,Foundant,FONDANT,1130,FOUNDANT,False,,2022-05-09
2022-05-10,58.0,Tegral Satin Red Velvet Puratos,HARINA,1131,TEGRAL SATIN RED VELVET PURATOS,False,,2022-05-09
2022-05-10,50.0,Royal Icing Deiman 50,ROYALICING,1132,ROYAL ICING DEIMAN 50,False,,2022-05-09
2022-05-10,27.0,galleta Oreo suelta,GALLETAS,1133,GALLETA OREO SUELTA,False,,2022-05-09
2022-05-10,50.0,domo 1/4 plancha,EMPAQUE,1134,DOMO 1/4 PLANCHA,False,,2022-05-09
2022-05-10,42.0,chocolate blanco sica,CHOCOLATE,1135,CHOCOLATE BLANCO SICA,False,,2022-05-09
2022-05-01,40.0,aceite,ACEITE,1136,ACEITE,False,,2022-04-25
2022-05-01,80.0,Huevo,HUEVO,1137,HUEVO,False,,2022-04-25
2022-04-29,35.0,confiteria,DULCERIA,1138,CONFITERIA,False,,2022-04-25
2022-04-29,23.5,Cerezas,DULCERIA,1139,CEREZAS,False,,2022-04-25
2022-04-29,66.0,Chantilli Asturias,CHANTILLY,1140,CHANTILLI ASTURIAS,False,,2022-04-25
2022-04-28,19.0,chocolate hershey's,CHOCOLATE,1141,CHOCOLATE HERSHEY'S,False,,2022-04-25
2022-04-28,11.5,base 28 cm,BASES,1142,BASE 28 CM,False,,2022-04-25
2022-04-28,14.0,base 25x35,BASES,1143,BASE 25X35,False,,2022-04-25
2022-04-28,35.0,Queso philadelphia,QUESO CREMA,1144,QUESO PHILADELPHIA,False,,2022-04-25
2022-04-27,114.0,Tegral Satin Creme ca ,HARINA,1145,TEGRAL SATIN CREME CA,False,,2022-04-25
2022-04-27,83.0,Foundant,FONDANT,1146,FOUNDANT,False,,2022-04-25
2022-04-27,47.0,easy pastel tres leches,HARINA,1147,EASY PASTEL TRES LECHES,False,,2022-04-25
2022-04-27,63.0,Crema para batir ambiante 1 lt,AMBIANTE,1148,CREMA PARA BATIR AMBIANTE 1 LT,False,,2022-04-25
2022-04-27,44.0,confiter semi amargo,CHOCOLATE,1149,CONFITER SEMI AMARGO,False,,2022-04-25
2022-04-27,53.5,Relleno durazno puratos,RELLENO,1150,RELLENO DURAZNO PURATOS,False,,2022-04-25
2022-04-27,200.0,ND,NO DEFINIDO,1151,ND,False,,2022-04-25
2022-04-27,9.5,base,BASES,1152,BASE,False,,2022-04-25
2022-04-27,65.0,Nutella chica 350 grs,RELLENO,1153,NUTELLA CHICA 350 GRS,False,,2022-04-25
2022-04-06,62.5,ambiante,AMBIANTE,1154,AMBIANTE,False,,2022-04-04
2022-04-06,20.0,Turin semiamargo,CHOCOLATE,1155,TURIN SEMIAMARGO,False,,2022-04-04
2022-04-06,25.0,kisses,CHOCOLATE,1156,KISSES,False,,2022-04-04
2022-04-06,25.0,bolsa 10x15,EMPAQUE,1157,BOLSA 10X15,False,,2022-04-04
2022-04-04,40.0,duya,CONSUMIBLES,1158,DUYA,False,,2022-04-04
2022-04-04,332.0,Foundant,FONDANT,1159,FOUNDANT,False,,2022-04-04
2022-04-04,17.5,base 33 x 33,BASES,1160,BASE 33 X 33,False,,2022-04-04
2022-04-04,23.0,base 28 cm doble,BASES,1161,BASE 28 CM DOBLE,False,,2022-04-04
2022-04-01,40.0,aceite,ACEITE,1162,ACEITE,False,,2022-03-28
2022-04-01,80.0,Huevo,HUEVO,1163,HUEVO,False,,2022-03-28
2022-03-25,23.0,base doble 28,BASES,1164,BASE DOBLE 28,False,,2022-03-21
2022-03-23,45.0,Transfer,DECORACION,1165,TRANSFER,False,,2022-03-21
2022-03-23,57.0,Tegral Satin Creme ca ,HARINA,1166,TEGRAL SATIN CREME CA,False,,2022-03-21
2022-03-22,66.0,Chantilli Asturias,CHANTILLY,1167,CHANTILLI ASTURIAS,False,,2022-03-21
2022-03-22,12.0,base 30 cm,BASES,1168,BASE 30 CM,False,,2022-03-21
2022-03-22,83.0,Foundant,FONDANT,1169,FOUNDANT,False,,2022-03-21
2022-03-21,31.5,Queso philadelphia,RELLENO,1170,QUESO PHILADELPHIA,False,,2022-03-21
2022-03-17,391.5,caja de cartón para cupcake 6 piezas,EMPAQUE,1171,CAJA DE CARTON PARA CUPCAKE 6 PIEZAS,False,,2022-03-14
2022-03-17,37.0,caja para cupcake 12 piezas,EMPAQUE,1172,CAJA PARA CUPCAKE 12 PIEZAS,False,,2022-03-14
2022-03-03,166.0,Foundant,FONDANT,1173,FOUNDANT,False,,2022-02-28
2022-03-03,21.0,bases 28 cm,BASES,1174,BASES 28 CM,False,,2022-02-28
2022-03-03,39.0,huevo blanco san juan,HUEVO,1175,HUEVO BLANCO SAN JUAN,False,,2022-02-28
2022-03-03,66.0,chantilli,CHANTILLY,1176,CHANTILLI,False,,2022-02-28
2022-03-03,25.0,kisses,CHOCOLATE,1177,KISSES,False,,2022-02-28
2022-03-03,22.0,confiter semi amargo,CHOCOLATE,1178,CONFITER SEMI AMARGO,False,,2022-02-28
2022-03-03,52.0,relleno zarzamora puratos,RELLENO,1179,RELLENO ZARZAMORA PURATOS,False,,2022-02-28
2022-03-03,47.0,Easy pastel tres leches,HARINA,1180,EASY PASTEL TRES LECHES,False,,2022-02-28
2022-03-01,40.0,aceite,ACEITE,1181,ACEITE,False,,2022-02-28
2022-03-01,40.0,Huevo,HUEVO,1182,HUEVO,False,,2022-02-28
2022-02-23,15.0,celofan 8x12,DECORACION,1183,CELOFAN 8X12,False,,2022-02-21
2022-02-23,16.0,suspiro,DULCERIA,1184,SUSPIRO,False,,2022-02-21
2022-02-23,66.0,chantilli,CHANTILLY,1185,CHANTILLI,False,,2022-02-21
2022-02-23,60.0,red velvet,HARINA,1186,RED VELVET,False,,2022-02-21
2022-02-23,85.0,Ferrero,CHOCOLATE,1187,FERRERO,False,,2022-02-21
2022-02-23,18.0,cacao bremen,CHOCOLATE,1188,CACAO BREMEN,False,,2022-02-21
2022-02-21,47.0,easy pastel tres leches,HARINA,1189,EASY PASTEL TRES LECHES,False,,2022-02-21
2022-02-19,90.0,Transfer,DECORACION,1190,TRANSFER,False,,2022-02-14
2022-02-14,35.0,perlas,DECORACION,1191,PERLAS,False,,2022-02-14
2022-02-12,198.0,Chantilli Asturias,CHANTILLY,1192,CHANTILLI ASTURIAS,False,,2022-02-07
2022-02-12,31.5,Queso philadelphia,RELLENO,1193,QUESO PHILADELPHIA,False,,2022-02-07
2022-02-12,32.1,aceite,ACEITE,1194,ACEITE,False,,2022-02-07
2022-02-12,95.0,Foundant,FONDANT,1195,FOUNDANT,False,,2022-02-07
2022-02-10,47.0,easy pastel tres leches,HARINA,1196,EASY PASTEL TRES LECHES,False,,2022-02-07
2022-02-10,7.5,harina de trigo suelta,HARINA,1197,HARINA DE TRIGO SUELTA,False,,2022-02-07
2022-02-10,50.0,Royal Icing Deiman 50,ROYALICING,1198,ROYAL ICING DEIMAN 50,False,,2022-02-07
2022-02-10,22.0,ND,NO DEFINIDO,1199,ND,False,,2022-02-07
2022-02-10,185.0,mantequilla gloria,MANTEQUILLA,1200,MANTEQUILLA GLORIA,False,,2022-02-07
2022-02-10,10.0,papel quilon para hornear,CONSUMIBLES,1201,PAPEL QUILON PARA HORNEAR,False,,2022-02-07
2022-02-10,60.0,domo para cupcake 6 piezas,EMPAQUE,1202,DOMO PARA CUPCAKE 6 PIEZAS,False,,2022-02-07
2022-02-10,52.5,Domo para cupcake 12 piezas,EMPAQUE,1203,DOMO PARA CUPCAKE 12 PIEZAS,False,,2022-02-07
2022-02-10,70.0,matizador,DECORACION,1204,MATIZADOR,False,,2022-02-07
2022-02-10,26.0,ND,NO DEFINIDO,1205,ND,False,,2022-02-07
2022-02-05,21.9,Galleta Oreo,GALLETAS,1206,GALLETA OREO,False,,2022-01-31
2022-02-04,30.0,Domo para cupcake 12 piezas,EMPAQUE,1207,DOMO PARA CUPCAKE 12 PIEZAS,False,,2022-01-31
2022-02-04,35.0,domo para cupcake 6 piezas,EMPAQUE,1208,DOMO PARA CUPCAKE 6 PIEZAS,False,,2022-01-31
2022-02-04,16.0,chocolate,CHOCOLATE,1209,CHOCOLATE,False,,2022-01-31
2022-02-04,22.5,perla,DECORACION,1210,PERLA,False,,2022-01-31
2022-02-04,40.0,letrero,DECORACION,1211,LETRERO,False,,2022-01-31
2022-02-01,80.0,Huevo,HUEVO,1212,HUEVO,False,,2022-01-31
2022-01-24,64.0,Chantilli,CHANTILLY,1213,CHANTILLI,False,,2022-01-24
2022-01-24,3.0,Base,BASES,1214,BASE,False,,2022-01-24
2022-01-24,65.5,Puratos Tres Leches Vainilla,RELLENO,1215,PURATOS TRES LECHES VAINILLA,False,,2022-01-24
2022-01-24,28.5,Azucar glass,AZUCAR,1216,AZUCAR GLASS,False,,2022-01-24
2022-01-24,32.0,Domo para cupcake,EMPAQUE,1217,DOMO PARA CUPCAKE,False,,2022-01-24
2022-01-23,335.5,deiman plumones mágicos,DECORACION,1218,DEIMAN PLUMONES MAGICOS,False,,2022-01-17
2022-01-23,35.96,pastireal manga no. 12,CONSUMIBLES,1219,PASTIREAL MANGA NO. 12,False,,2022-01-17
2022-01-23,39.7,puratos creamfil creme choco,RELLENO,1220,PURATOS CREAMFIL CREME CHOCO,False,,2022-01-17
2022-01-23,160.1,inix contenedor mantecadas,EMPAQUE,1221,INIX CONTENEDOR MANTECADAS,False,,2022-01-17
2022-01-23,33.83,nestle carlos v stick 20 pz,CHOCOLATE,1222,NESTLE CARLOS V STICK 20 PZ,False,,2022-01-17
2022-01-23,16.68,celofan 9x15,CONSUMIBLES,1223,CELOFAN 9X15,False,,2022-01-17
2022-01-23,42.17,deiman aditivo para chocolate,DECORACION,1224,DEIMAN ADITIVO PARA CHOCOLATE,False,,2022-01-17
2022-01-23,41.94,deiman bioxido de titanio,DECORACION,1225,DEIMAN BIOXIDO DE TITANIO,False,,2022-01-17
2022-01-23,30.54,deiman sab liq vainilla sin color 500 ml,DECORACION,1226,DEIMAN SAB LIQ VAINILLA SIN COLOR 500 ML,False,,2022-01-17
2022-01-23,101.95,Ferrero Rocher T-16,CHOCOLATE,1227,FERRERO ROCHER T-16,False,,2022-01-17
2022-01-18,15.0,Alpezzi 14000,CHOCOLATE,1228,ALPEZZI 14000,False,,2022-01-17
2022-01-18,14.0,Sicao blanco,DECORACION,1229,SICAO BLANCO,False,,2022-01-17
2022-01-18,25.0,Kisses,CHOCOLATE,1230,KISSES,False,,2022-01-17
2022-01-14,68.5,Chantilli,CHANTILLY,1231,CHANTILLI,False,,2022-01-10
2022-01-14,14.5,color gel negro,COLORANTES,1232,COLOR GEL NEGRO,False,,2022-01-10
2022-01-14,5.0,granillo chico,CHOCOLATE,1233,GRANILLO CHICO,False,,2022-01-10
2022-01-14,11.0,Manga chica,CONSUMIBLES,1234,MANGA CHICA,False,,2022-01-10
2022-01-13,43.5,manteca,OTROS,1235,MANTECA,False,,2022-01-10
2022-01-12,63.0,Queso philadelphia,RELLENO,1236,QUESO PHILADELPHIA,False,,2022-01-10
2022-01-11,238.0,DESCONOCIDO,NO DEFINIDO,1237,DESCONOCIDO,False,,2022-01-10
2022-01-11,26.5,Turin amargo,CHOCOLATE,1238,TURIN AMARGO,False,,2022-01-10
2022-01-11,90.0,Transfer,DECORACION,1239,TRANSFER,False,,2022-01-10
2022-01-11,39.0,capacillos,CAPACILLOS,1240,CAPACILLOS,False,,2022-01-10
2022-01-11,166.0,Foundant,FONDANT,1241,FOUNDANT,False,,2022-01-10
2022-01-11,52.0,srpinkles,DECORACION,1242,SRPINKLES,False,,2022-01-10
2022-01-11,10.5,base,BASES,1243,BASE,False,,2022-01-10
2022-01-11,17.5,perlas,DECORACION,1244,PERLAS,False,,2022-01-10
2022-01-11,68.5,chantilli,CHANTILLY,1245,CHANTILLI,False,,2022-01-10
2022-01-11,42.5,Domo mantecada 6 cavidades,EMPAQUE,1246,DOMO MANTECADA 6 CAVIDADES,False,,2022-01-10
2022-01-11,25.0,rutz,DECORACION,1247,RUTZ,False,,2022-01-10
2022-01-03,45.0,Transfer,DECORACION,1248,TRANSFER,False,,2022-01-03
2022-01-03,10.5,base 28cm,BASES,1249,BASE 28CM,False,,2022-01-03
2022-01-03,10.0,mangas,CONSUMIBLES,1250,MANGAS,False,,2022-01-03
2022-01-03,17.5,perlas,DECORACION,1251,PERLAS,False,,2022-01-03
2022-01-03,45.0,capacillos ,CAPACILLOS,1252,CAPACILLOS,False,,2022-01-03
2022-01-01,40.0,aceite,ACEITE,1253,ACEITE,False,,2021-12-27
2022-01-01,80.0,Huevo,HUEVO,1254,HUEVO,False,,2021-12-27
2021-12-29,30.0,Domo para cupcake 12 piezas,EMPAQUE,1255,DOMO PARA CUPCAKE 12 PIEZAS,False,,2021-12-27
2021-12-29,34.0,Domo para Cupcake ,EMPAQUE,1256,DOMO PARA CUPCAKE,False,,2021-12-27
2021-12-29,108.0,Chantilli,CHANTILLY,1257,CHANTILLI,False,,2021-12-27
2021-12-29,28.9,Huevo Calvario,HUEVO,1258,HUEVO CALVARIO,False,,2021-12-27
2021-12-29,27.0,Queso philadelphia,RELLENO,1259,QUESO PHILADELPHIA,False,,2021-12-27
2021-12-29,39.0,sabrosano,ACEITE,1260,SABROSANO,False,,2021-12-27
2021-12-29,49.5,Capacillo dorado,CAPACILLOS,1261,CAPACILLO DORADO,False,,2021-12-27
2021-12-29,58.0,Tegral Satin Red Velvet Puratos,HARINA,1262,TEGRAL SATIN RED VELVET PURATOS,False,,2021-12-27
2021-12-28,34.84,Queso philadelphia,RELLENO,1263,QUESO PHILADELPHIA,False,,2021-12-27
2021-12-24,21.0,bases 28 cm,BASES,1264,BASES 28 CM,False,,2021-12-20
2021-12-24,45.0,Transfer,DECORACION,1265,TRANSFER,False,,2021-12-20
2021-12-24,95.0,Foundant,FONDANT,1266,FOUNDANT,False,,2021-12-20
2021-12-22,34.0,Domo 4 man,EMPAQUE,1267,DOMO 4 MAN,False,,2021-12-20
2021-12-22,54.0,Chantilli,CHANTILLY,1268,CHANTILLI,False,,2021-12-20
2021-12-22,38.0,Carlos V,CHOCOLATE,1269,CARLOS V,False,,2021-12-20
2021-12-22,20.0,40 capacillos,CAPACILLOS,1270,40 CAPACILLOS,False,,2021-12-20
2021-12-17,52.0,Chantilli,CHANTILLY,1271,CHANTILLI,False,,2021-12-13
2021-12-17,34.0,Molde cupcake (6 pz),EMPAQUE,1272,MOLDE CUPCAKE (6 PZ),False,,2021-12-13
2021-12-17,25.0,Vela chispa,DECORACION,1273,VELA CHISPA,False,,2021-12-13
2021-12-17,11.0,Base 26 cm,BASES,1274,BASE 26 CM,False,,2021-12-13
2021-12-13,53.0,Crema para batir ambiante 1 lt,AMBIANTE,1275,CREMA PARA BATIR AMBIANTE 1 LT,False,,2021-12-13
2021-12-13,40.0,Turin semiamargo,CHOCOLATE,1276,TURIN SEMIAMARGO,False,,2021-12-13
2021-12-13,35.0,relleno coco,RELLENO,1277,RELLENO COCO,False,,2021-12-13
2021-12-13,57.0,Escencia menta,DECORACION,1278,ESCENCIA MENTA,False,,2021-12-13
2021-12-13,49.0,Relleno durazno puratos,RELLENO,1279,RELLENO DURAZNO PURATOS,False,,2021-12-13
2021-12-13,58.0,Easy pastel tres leches,HARINA,1280,EASY PASTEL TRES LECHES,False,,2021-12-13
2021-12-13,52.0,Chantilli,CHANTILLY,1281,CHANTILLI,False,,2021-12-13
2021-12-13,47.0,Easy pastel tres leches,HARINA,1282,EASY PASTEL TRES LECHES,False,,2021-12-13
2021-12-13,60.0,Domo para cupcakes,EMPAQUE,1283,DOMO PARA CUPCAKES,False,,2021-12-13
2021-12-13,8.0,Estrella colores,DECORACION,1284,ESTRELLA COLORES,False,,2021-12-13
2021-12-11,8.5,base 26 cm,BASES,1285,BASE 26 CM,False,,2021-12-06
2021-12-11,83.0,Foundant,FONDANT,1286,FOUNDANT,False,,2021-12-06
2021-12-11,39.0,sabrosano,ACEITE,1287,SABROSANO,False,,2021-12-06
2021-12-11,27.0,huevo,HUEVO,1288,HUEVO,False,,2021-12-06
2021-12-10,25.0,Kiss Almendra,CHOCOLATE,1289,KISS ALMENDRA,False,,2021-12-06
2021-12-10,47.0,Easy pastel tres leches,HARINA,1290,EASY PASTEL TRES LECHES,False,,2021-12-06
2021-12-10,38.0,sabor Red Velvet,HARINA,1291,SABOR RED VELVET,False,,2021-12-06
2021-12-10,40.0,Domo 1/2 plancha INI,EMPAQUE,1292,DOMO 1/2 PLANCHA INI,False,,2021-12-06
2021-12-07,48.0,cajas cupcakes 6 piezas,EMPAQUE,1293,CAJAS CUPCAKES 6 PIEZAS,False,,2021-12-06
2021-12-07,10.5,base 28 cm,BASES,1294,BASE 28 CM,False,,2021-12-06
2021-12-07,166.0,Foundant,FONDANT,1295,FOUNDANT,False,,2021-12-06
2021-12-07,54.0,Philly Qso,RELLENO,1296,PHILLY QSO,False,,2021-12-06
2021-12-07,58.0,Easy pastel tres leches,HARINA,1297,EASY PASTEL TRES LECHES,False,,2021-12-06
2021-12-07,42.5,kraft parme,NO DEFINIDO,1298,KRAFT PARME,False,,2021-12-06
2021-12-07,20.0,chocolate carlos v,CHOCOLATE,1299,CHOCOLATE CARLOS V,False,,2021-12-06
2021-12-07,17.5,bollo papa,NO DEFINIDO,1300,BOLLO PAPA,False,,2021-12-06
2021-12-07,11.4,alpura med,RELLENO,1301,ALPURA MED,False,,2021-12-06
2021-12-07,210.0,Chantilli 5kg,CHANTILLY,1302,CHANTILLI 5KG,False,,2021-12-06
2021-12-07,30.0,Domo ERA 2416-10M,EMPAQUE,1303,DOMO ERA 2416-10M,False,,2021-12-06
2021-12-07,64.0,Domo mantecada 12 cavidades,EMPAQUE,1304,DOMO MANTECADA 12 CAVIDADES,False,,2021-12-06
2021-12-07,135.0,hojas de arroz,DECORACION,1305,HOJAS DE ARROZ,False,,2021-12-06
2021-12-07,18.0,maizena160,RELLENO,1306,MAIZENA160,False,,2021-12-06
2021-12-04,59.0,mr playera,NO DEFINIDO,1307,MR PLAYERA,False,,2021-11-29
2021-12-04,56.0,Calahua Co,RELLENO,1308,CALAHUA CO,False,,2021-11-29
2021-12-04,36.9,Jumex coco,NO DEFINIDO,1309,JUMEX COCO,False,,2021-11-29
2021-12-04,61.5,Dolca,NO DEFINIDO,1310,DOLCA,False,,2021-11-29
2021-12-01,17.5,Harina piña colada espiga mix,HARINA,1311,HARINA PINA COLADA ESPIGA MIX,False,,2021-11-29
2021-12-01,37.0,Capacillo Navidad,CAPACILLOS,1312,CAPACILLO NAVIDAD,False,,2021-11-29
2021-12-01,2.0,Diferencia contra lo cobrado,NO DEFINIDO,1313,DIFERENCIA CONTRA LO COBRADO,False,,2021-11-29
2021-12-01,70.0,pegamento de fondant,DECORACION,1314,PEGAMENTO DE FONDANT,False,,2021-11-29
2021-12-01,29.5,Calahua Co,RELLENO,1315,CALAHUA CO,False,,2021-11-29
2021-12-01,36.0,Escencia rompope,DECORACION,1316,ESCENCIA ROMPOPE,False,,2021-11-29
2021-12-01,30.0,Domo para cupcakes,EMPAQUE,1317,DOMO PARA CUPCAKES,False,,2021-11-29
2021-12-01,52.0,Chantilli,CHANTILLY,1318,CHANTILLI,False,,2021-11-29
2021-12-01,30.0,Cerezas,DULCERIA,1319,CEREZAS,False,,2021-11-29
2021-11-29,57.0,Chocolate,CHOCOLATE,1320,CHOCOLATE,False,,2021-11-29
2021-11-29,45.0,Easy pastel tres leches,HARINA,1321,EASY PASTEL TRES LECHES,False,,2021-11-29
2021-11-29,55.0,Easy pastel tres leches,HARINA,1322,EASY PASTEL TRES LECHES,False,,2021-11-29
2021-11-29,38.0,Azucar glass de prime,AZUCAR,1323,AZUCAR GLASS DE PRIME,False,,2021-11-29
2021-11-29,13.2,Granillo alpessi colo,CHOCOLATE,1324,GRANILLO ALPESSI COLO,False,,2021-11-29
2021-11-29,64.0,Philly Qso,RELLENO,1325,PHILLY QSO,False,,2021-11-29
2021-11-29,20.0,Nido forti,DECORACION,1326,NIDO FORTI,False,,2021-11-29
2021-11-29,16.3,Chocolate,CHOCOLATE,1327,CHOCOLATE,False,,2021-11-29
2021-11-29,21.9,Galleta Oreo,GALLETAS,1328,GALLETA OREO,False,,2021-11-29
2021-11-29,52.0,Tegral Satin Red Velvet Puratos,HARINA,1329,TEGRAL SATIN RED VELVET PURATOS,False,,2021-11-29
2021-11-29,21.5,Chocolate,CHOCOLATE,1330,CHOCOLATE,False,,2021-11-29
2021-11-25,17.0,Luneta m&m's grande,RELLENO,1331,LUNETA M&M'S GRANDE,False,,2021-11-22
2021-11-25,17.0,Luneta m&m's grande,RELLENO,1332,LUNETA M&M'S GRANDE,False,,2021-11-22
2021-11-25,45.0,Transfer,DECORACION,1333,TRANSFER,False,,2021-11-22
2021-11-25,83.0,Foundant,FONDANT,1334,FOUNDANT,False,,2021-11-22
2021-11-25,69.0,Ferrero,CHOCOLATE,1335,FERRERO,False,,2021-11-22
2021-11-17,28.0,mangas,CONSUMIBLES,1336,MANGAS,False,,2021-11-15
2021-11-17,166.0,Foundant,FONDANT,1337,FOUNDANT,False,,2021-11-15
2021-11-17,32.0,base 33x3,BASES,1338,BASE 33X3,False,,2021-11-15
2021-11-17,35.0,cajas cupcakes 12 c,EMPAQUE,1339,CAJAS CUPCAKES 12 C,False,,2021-11-15
2021-11-17,45.0,capacillos,CAPACILLOS,1340,CAPACILLOS,False,,2021-11-15
2021-11-17,45.0,relleno zarzamora puratos,RELLENO,1341,RELLENO ZARZAMORA PURATOS,False,,2021-11-15
2021-11-17,52.0,Tegral Satin Red Velvet Puratos,HARINA,1342,TEGRAL SATIN RED VELVET PURATOS,False,,2021-11-15
2021-11-17,50.0,Crema para batir ambiante 1 lt,AMBIANTE,1343,CREMA PARA BATIR AMBIANTE 1 LT,False,,2021-11-15
2021-11-17,8.5,base 26 cm,BASES,1344,BASE 26 CM,False,,2021-11-15
2021-11-17,90.0,Easy pastel tres leches,HARINA,1345,EASY PASTEL TRES LECHES,False,,2021-11-15
2021-11-12,30.0,Domo ERA 2416-10M,EMPAQUE,1346,DOMO ERA 2416-10M,False,,2021-11-08
2021-11-12,8.5,base 26 cm,BASES,1347,BASE 26 CM,False,,2021-11-08
2021-11-12,24.0,cajas cupcakes 6 piezas,EMPAQUE,1348,CAJAS CUPCAKES 6 PIEZAS,False,,2021-11-08
2021-11-12,65.0,Nutella chica 350 grs,RELLENO,1349,NUTELLA CHICA 350 GRS,False,,2021-11-08
2021-11-12,26.0,Tegral Satin Creme ca ,HARINA,1350,TEGRAL SATIN CREME CA,False,,2021-11-08
2021-11-12,52.0,Tegral Satin Red Velvet Puratos,HARINA,1351,TEGRAL SATIN RED VELVET PURATOS,False,,2021-11-08
2021-11-03,52.0,Chantilli,CHANTILLY,1352,CHANTILLI,False,,2021-11-01
2021-11-03,15.0,Domo para cupcakes,EMPAQUE,1353,DOMO PARA CUPCAKES,False,,2021-11-01
2021-11-03,21.5,Granillo T.S,CHOCOLATE,1354,GRANILLO T.S,False,,2021-11-01
2021-10-29,65.0,H. vainilla 3L,HARINA,1355,H. VAINILLA 3L,False,,2021-10-25
2021-10-29,55.0,Easy pastel tres leches,HARINA,1356,EASY PASTEL TRES LECHES,False,,2021-10-25
2021-10-29,36.0,Huevo,HUEVO,1357,HUEVO,False,,2021-10-25
2021-10-29,15.0,Domo ERA 2416-10M,EMPAQUE,1358,DOMO ERA 2416-10M,False,,2021-10-25
2021-10-29,78.0,capacillos,CAPACILLOS,1359,CAPACILLOS,False,,2021-10-25
2021-10-29,68.0,Queso philadelphia,RELLENO,1360,QUESO PHILADELPHIA,False,,2021-10-25
2021-10-29,10.0,mangas,CONSUMIBLES,1361,MANGAS,False,,2021-10-25
2021-10-29,96.0,Chantilli,CHANTILLY,1362,CHANTILLI,False,,2021-10-25
2021-10-29,40.0,Domo 1/2 plancha INI,EMPAQUE,1363,DOMO 1/2 PLANCHA INI,False,,2021-10-25
2021-10-29,45.0,relleno zarzamora puratos,RELLENO,1364,RELLENO ZARZAMORA PURATOS,False,,2021-10-25
2021-10-25,44.0,Crema batida chantilli ASTURIAS,CHANTILLY,1365,CREMA BATIDA CHANTILLI ASTURIAS,False,,2021-10-25
2021-10-25,22.0,Cocoa en polvo ALPES,RELLENO,1366,COCOA EN POLVO ALPES,False,,2021-10-25
2021-10-20,16.0,Domo mantecada 12 cavidades,EMPAQUE,1367,DOMO MANTECADA 12 CAVIDADES,False,,2021-10-18
2021-10-20,44.0,Crema batida chantilli ASTURIAS,CHANTILLY,1368,CREMA BATIDA CHANTILLI ASTURIAS,False,,2021-10-18
2021-10-20,34.0,Queso philadelphia,RELLENO,1369,QUESO PHILADELPHIA,False,,2021-10-18
2021-10-12,88.0,Crema batida chantilli ASTURIAS,CHANTILLY,1370,CREMA BATIDA CHANTILLI ASTURIAS,False,,2021-10-11
2021-10-12,45.0,Easy pastel tres leches,HARINA,1371,EASY PASTEL TRES LECHES,False,,2021-10-11
2021-10-07,50.0,Crema para batir ambiante 1 lt,AMBIANTE,1372,CREMA PARA BATIR AMBIANTE 1 LT,False,,2021-10-04
2021-10-07,45.0,Easy pastel tres leches,HARINA,1373,EASY PASTEL TRES LECHES,False,,2021-10-04
2021-10-07,55.0,Easy pastel tres leches,HARINA,1374,EASY PASTEL TRES LECHES,False,,2021-10-04
2021-10-07,24.0,Bolas de pom pom,DECORACION,1375,BOLAS DE POM POM,False,,2021-10-04
2021-10-07,60.0,Queso philadelphia,RELLENO,1376,QUESO PHILADELPHIA,False,,2021-10-04
2021-09-29,45.0,Easy pastel tres leches,HARINA,1377,EASY PASTEL TRES LECHES,False,,2021-09-27
2021-09-29,65.0,Nutella chica 350 grs,RELLENO,1378,NUTELLA CHICA 350 GRS,False,,2021-09-27
2021-09-29,80.0,Domo 1/2 plancha INI,EMPAQUE,1379,DOMO 1/2 PLANCHA INI,False,,2021-09-27
2021-09-29,22.7,Galleta Oreo,GALLETAS,1380,GALLETA OREO,False,,2021-09-27
2021-09-29,32.0,Azucar glass de prime,AZUCAR,1381,AZUCAR GLASS DE PRIME,False,,2021-09-27
2021-09-29,161.0,Crema tipo chantilli,CHANTILLY,1382,CREMA TIPO CHANTILLI,False,,2021-09-27
2021-09-29,26.0,Tegral Satin Red Velvet Puratos,HARINA,1383,TEGRAL SATIN RED VELVET PURATOS,False,,2021-09-27
2021-09-29,59.0,Philly Qso,RELLENO,1384,PHILLY QSO,False,,2021-09-27
2021-09-29,14.5,bolillo,NO DEFINIDO,1385,BOLILLO,False,,2021-09-27
2021-09-29,38.0,Domo DB3525A,EMPAQUE,1386,DOMO DB3525A,False,,2021-09-27
2021-09-24,10.0,mangas,CONSUMIBLES,1387,MANGAS,False,,2021-09-20
2021-09-24,83.0,Foundant,FONDANT,1388,FOUNDANT,False,,2021-09-20
2021-09-24,15.0,capacillos,CAPACILLOS,1389,CAPACILLOS,False,,2021-09-20
2021-09-24,45.0,capacillos,CAPACILLOS,1390,CAPACILLOS,False,,2021-09-20
2021-09-24,21.0,base 28 cm,BASES,1391,BASE 28 CM,False,,2021-09-20
2021-09-23,49.0,Relleno durazno puratos,RELLENO,1392,RELLENO DURAZNO PURATOS,False,,2021-09-20
2021-09-23,10.5,base 28 cm,BASES,1393,BASE 28 CM,False,,2021-09-20
2021-09-23,180.0,Transfer,DECORACION,1394,TRANSFER,False,,2021-09-20
2021-09-23,45.0,capacillos,CAPACILLOS,1395,CAPACILLOS,False,,2021-09-20
2021-09-23,45.0,Easy pastel tres leches,HARINA,1396,EASY PASTEL TRES LECHES,False,,2021-09-20
2021-09-14,166.0,Foundant,FONDANT,1397,FOUNDANT,False,,2021-09-13
2021-09-09,45.0,Vela Baby Yoda,DECORACION,1398,VELA BABY YODA,False,,2021-09-06
2021-09-09,110.0,Ferrero,CHOCOLATE,1399,FERRERO,False,,2021-09-06
2021-09-09,30.0,1/4 de plancha,EMPAQUE,1400,1/4 DE PLANCHA,False,,2021-09-06
2021-08-24,18.0,Chocolate coverlux blanco puratos,RELLENO,1401,CHOCOLATE COVERLUX BLANCO PURATOS,False,,2021-08-23
2021-08-24,16.0,Harina piña colada espiga mix,HARINA,1402,HARINA PINA COLADA ESPIGA MIX,False,,2021-08-23
2021-08-24,21.0,bases 28 cm,BASES,1403,BASES 28 CM,False,,2021-08-23
2021-08-24,83.0,Foundant,FONDANT,1404,FOUNDANT,False,,2021-08-23
2021-08-24,65.0,Nutella chica 350 grs,RELLENO,1405,NUTELLA CHICA 350 GRS,False,,2021-08-23
2021-08-24,150.0,Caketopper,DECORACION,1406,CAKETOPPER,False,,2021-08-23
2021-08-24,110.0,Domo,EMPAQUE,1407,DOMO,False,,2021-08-23
2021-08-24,20.0,mangas,CONSUMIBLES,1408,MANGAS,False,,2021-08-23
2021-08-24,44.0,Crema batida chantilli ASTURIAS,CHANTILLY,1409,CREMA BATIDA CHANTILLI ASTURIAS,False,,2021-08-23
2021-08-24,52.0,Tegral Satin Red Velvet Puratos,HARINA,1410,TEGRAL SATIN RED VELVET PURATOS,False,,2021-08-23
2021-08-01,43.0,Manga Fresa Pura,RELLENO,1411,MANGA FRESA PURA,False,,2021-07-26
2021-08-01,117.0,Chantilli,CHANTILLY,1412,CHANTILLI,False,,2021-07-26
2021-08-01,55.0,Capacillo 72,CAPACILLOS,1413,CAPACILLO 72,False,,2021-07-26
2021-08-01,11.5,Turin semiamargo,CHOCOLATE,1414,TURIN SEMIAMARGO,False,,2021-07-26
2021-08-01,15.0,Perla colores,DECORACION,1415,PERLA COLORES,False,,2021-07-26
2021-08-01,50.0,Avellana,DECORACION,1416,AVELLANA,False,,2021-07-26
2021-08-01,62.5,Puratos Chocolate,RELLENO,1417,PURATOS CHOCOLATE,False,,2021-07-26
2021-08-01,28.5,Granillo Turin,CHOCOLATE,1418,GRANILLO TURIN,False,,2021-07-26
2021-08-01,40.0,Domo 15-14,EMPAQUE,1419,DOMO 15-14,False,,2021-07-26
2021-08-01,51.5,Puratos Tres Leches,RELLENO,1420,PURATOS TRES LECHES,False,,2021-07-26
2021-07-28,21.0,Base de listón,BASES,1421,BASE DE LISTON,False,,2021-07-26
2021-07-28,65.0,Nutella chica 350 grs,RELLENO,1422,NUTELLA CHICA 350 GRS,False,,2021-07-26
2021-07-28,52.0,Tegral Satin Red Velvet Puratos,HARINA,1423,TEGRAL SATIN RED VELVET PURATOS,False,,2021-07-26
2021-07-28,44.0,Crema batida chantilli ASTURIAS,CHANTILLY,1424,CREMA BATIDA CHANTILLI ASTURIAS,False,,2021-07-26
2021-07-28,83.0,Foundant,FONDANT,1425,FOUNDANT,False,,2021-07-26
2021-07-19,132.0,Crema batida chantilli ASTURIAS,CHANTILLY,1426,CREMA BATIDA CHANTILLI ASTURIAS,False,,2021-07-19
2021-07-19,4.0,base 16,BASES,1427,BASE 16,False,,2021-07-19
2021-07-19,45.0,Capacillos,CAPACILLOS,1428,CAPACILLOS,False,,2021-07-19
2021-07-19,30.0,Capacillos,CAPACILLOS,1429,CAPACILLOS,False,,2021-07-19
2021-07-19,249.0,Foundant,FONDANT,1430,FOUNDANT,False,,2021-07-19
2021-07-19,72.0,caja para cupcakes,EMPAQUE,1431,CAJA PARA CUPCAKES,False,,2021-07-19
2021-07-19,35.0,caja para cupcakes,EMPAQUE,1432,CAJA PARA CUPCAKES,False,,2021-07-19
2021-07-19,14.0,mangas,CONSUMIBLES,1433,MANGAS,False,,2021-07-19
2021-07-19,38.0,pegamento de fondant,DECORACION,1434,PEGAMENTO DE FONDANT,False,,2021-07-19
2021-07-19,21.0,base 28 cm doble,BASES,1435,BASE 28 CM DOBLE,False,,2021-07-19
2021-07-19,45.0,soportes,DECORACION,1436,SOPORTES,False,,2021-07-19
2021-07-19,135.0,Transfer,DECORACION,1437,TRANSFER,False,,2021-07-19
2021-07-19,90.0,Easy pastel tres leches Vainilla,HARINA,1438,EASY PASTEL TRES LECHES VAINILLA,False,,2021-07-19
2021-07-19,50.0,Crema para batir ambiante 1 lt,AMBIANTE,1439,CREMA PARA BATIR AMBIANTE 1 LT,False,,2021-07-19
2021-07-19,55.0,Luneta mini m&m's,RELLENO,1440,LUNETA MINI M&M'S,False,,2021-07-19
2021-07-19,15.0,Domo ERA 2416-10M,EMPAQUE,1441,DOMO ERA 2416-10M,False,,2021-07-19
2021-07-19,50.0,Kiss Leche,CHOCOLATE,1442,KISS LECHE,False,,2021-07-19
2021-07-19,48.0,Domo mantecada 12 cavidades,EMPAQUE,1443,DOMO MANTECADA 12 CAVIDADES,False,,2021-07-19
2021-07-03,46.0,Chantilli,CHANTILLY,1444,CHANTILLI,False,,2021-06-28
2021-07-03,33.0,Puratos Satín,HARINA,1445,PURATOS SATIN,False,,2021-06-28
2021-07-03,15.0,Capacillos #73,CAPACILLOS,1446,CAPACILLOS #73,False,,2021-06-28
2021-07-03,12.5,Capacillos #72,CAPACILLOS,1447,CAPACILLOS #72,False,,2021-06-28
2021-06-24,25.0,Base,BASES,1448,BASE,False,,2021-06-21
2021-06-24,83.0,Foundant,FONDANT,1449,FOUNDANT,False,,2021-06-21
2021-06-17,35.0,Caja para cupcake,EMPAQUE,1450,CAJA PARA CUPCAKE,False,,2021-06-14
2021-06-03,45.0,Transfer,DECORACION,1451,TRANSFER,False,,2021-05-31
2021-06-03,15.0,Capacillos,CAPACILLOS,1452,CAPACILLOS,False,,2021-05-31
2021-05-22,83.0,Foundant,FONDANT,1453,FOUNDANT,False,,2021-05-17
2021-05-22,35.0,Caja para cupcake de 12 pz,EMPAQUE,1454,CAJA PARA CUPCAKE DE 12 PZ,False,,2021-05-17
2021-05-08,52.0,Chantilli,CHANTILLY,1455,CHANTILLI,False,,2021-05-03
2021-05-08,48.0,Caja para cupcake 6 pz,EMPAQUE,1456,CAJA PARA CUPCAKE 6 PZ,False,,2021-05-03
2021-03-08,39.0,Crema batida chantilli ASTURIAS,CHANTILLY,1457,CREMA BATIDA CHANTILLI ASTURIAS,False,,2021-03-08
2021-03-08,22.0,Confitier semiamargo TURIN,CHOCOLATE,1458,CONFITIER SEMIAMARGO TURIN,False,,2021-03-08
2021-03-08,25.0,Easy pastel tres leches Chocolate,HARINA,1459,EASY PASTEL TRES LECHES CHOCOLATE,False,,2021-03-08
2021-02-18,39.0,Chantilli,CHANTILLY,1460,CHANTILLI,False,,2021-02-15
2021-02-18,45.0,Capacillos,CAPACILLOS,1461,CAPACILLOS,False,,2021-02-15
2021-02-18,15.0,Domo ERA 2416-10M,EMPAQUE,1462,DOMO ERA 2416-10M,False,,2021-02-15
2021-02-18,10.0,Mangas,CONSUMIBLES,1463,MANGAS,False,,2021-02-15
2021-02-16,22.0,Base 40x40,BASES,1464,BASE 40X40,False,,2021-02-15
2021-02-16,83.0,Foundant,FONDANT,1465,FOUNDANT,False,,2021-02-15
2020-12-31,103.0,Harina Puratos Vainilla,HARINA,1466,HARINA PURATOS VAINILLA,False,,2020-12-28
2020-12-31,14.5,colorante gel,COLORANTES,1467,COLORANTE GEL,False,,2020-12-28
2020-12-31,27.5,vela feliz cumpleaños,OTROS,1468,VELA FELIZ CUMPLEANOS,False,,2020-12-28
2020-12-31,5.0,manga deshechable chica,CONSUMIBLES,1469,MANGA DESHECHABLE CHICA,False,,2020-12-28
2020-12-31,49.5,corvelux semiamargo,CHOCOLATE,1470,CORVELUX SEMIAMARGO,False,,2020-12-28
2020-12-31,46.0,Fresa Puratos,RELLENO,1471,FRESA PURATOS,False,,2020-12-28
2020-12-31,42.0,chantilli,CHANTILLY,1472,CHANTILLI,False,,2020-12-28
2020-12-19,15.0,Domo ERA 2416-10M,EMPAQUE,1473,DOMO ERA 2416-10M,False,,2020-12-14
2020-12-19,32.0,Domo mantecada 12 cavidades,EMPAQUE,1474,DOMO MANTECADA 12 CAVIDADES,False,,2020-12-14
2020-12-19,78.0,Crema batida chantilli ASTURIAS,CHANTILLY,1475,CREMA BATIDA CHANTILLI ASTURIAS,False,,2020-12-14
2020-12-19,40.0,relleno zarzamora puratos,RELLENO,1476,RELLENO ZARZAMORA PURATOS,False,,2020-12-14
2020-12-19,10.0,mangas,CONSUMIBLES,1477,MANGAS,False,,2020-12-14
2020-12-19,25.0,Tegral Satin Red Velvet Puratos,HARINA,1478,TEGRAL SATIN RED VELVET PURATOS,False,,2020-12-14
2020-12-19,34.0,caja capacillo 12,EMPAQUE,1479,CAJA CAPACILLO 12,False,,2020-12-14
2020-12-17,45.0,capacillos,CAPACILLOS,1480,CAPACILLOS,False,,2020-12-14
2020-12-17,17.5,confeti,DECORACION,1481,CONFETI,False,,2020-12-14
2020-12-17,83.0,Foundant,FONDANT,1482,FOUNDANT,False,,2020-12-14
2020-12-07,45.0,capacillo,CAPACILLOS,1483,CAPACILLO,False,,2020-12-07
2020-12-07,25.0,Tegral Satin Red Velvet Puratos,HARINA,1484,TEGRAL SATIN RED VELVET PURATOS,False,,2020-12-07
2020-12-07,12.5,Kiss Leche,CHOCOLATE,1485,KISS LECHE,False,,2020-12-07
2020-12-07,65.0,Nutella chica 350 grs,RELLENO,1486,NUTELLA CHICA 350 GRS,False,,2020-12-07
2020-12-07,39.0,Crema batida chantilli ASTURIAS,CHANTILLY,1487,CREMA BATIDA CHANTILLI ASTURIAS,False,,2020-12-07
2020-12-07,16.0,Domo mantecada 12 cavidades,EMPAQUE,1488,DOMO MANTECADA 12 CAVIDADES,False,,2020-12-07
2020-12-07,15.0,Domo ERA 2416-10M,EMPAQUE,1489,DOMO ERA 2416-10M,False,,2020-12-07
2020-12-07,10.0,Manga chica,CONSUMIBLES,1490,MANGA CHICA,False,,2020-12-07
2020-11-21,45.0,Transfer,DECORACION,1491,TRANSFER,False,,2020-11-16
2020-11-17,14.0,Transfer,DECORACION,1492,TRANSFER,False,,2020-11-16
2020-10-27,45.0,pegamento de fondant,DECORACION,1493,PEGAMENTO DE FONDANT,False,,2020-10-26
2020-10-27,10.0,mangas,CONSUMIBLES,1494,MANGAS,False,,2020-10-26
2020-10-27,83.0,Foundant,FONDANT,1495,FOUNDANT,False,,2020-10-26
2020-10-27,17.0,caja para cupcakes,EMPAQUE,1496,CAJA PARA CUPCAKES,False,,2020-10-26
2020-10-27,39.0,Crema batida chantilli ASTURIAS,CHANTILLY,1497,CREMA BATIDA CHANTILLI ASTURIAS,False,,2020-10-26
2020-10-25,26.0,Harina Puratos Vainilla,HARINA,1498,HARINA PURATOS VAINILLA,False,,2020-10-19
2020-10-25,46.0,Chantilli,CHANTILLY,1499,CHANTILLI,False,,2020-10-19
2020-10-18,48.8,Leche deslactosada,LECHE,1500,LECHE DESLACTOSADA,False,,2020-10-12
2020-10-18,30.0,Galleta Oreo,GALLETAS,1501,GALLETA OREO,False,,2020-10-12
2020-10-18,11.5,Au Q. Crema,RELLENO,1502,AU Q. CREMA,False,,2020-10-12
2020-10-18,29.5,Philly Qso,RELLENO,1503,PHILLY QSO,False,,2020-10-12
2020-10-13,46.0,Chantilli,CHANTILLY,1504,CHANTILLI,False,,2020-10-12
2020-10-13,26.0,Harina Puratos Vainilla,HARINA,1505,HARINA PURATOS VAINILLA,False,,2020-10-12
2020-10-13,31.0,Harina Puratos Chocolate,HARINA,1506,HARINA PURATOS CHOCOLATE,False,,2020-10-12
2020-10-07,40.0,bases para cupcakes,BASES,1507,BASES PARA CUPCAKES,False,,2020-10-05
2020-10-07,23.5,crema de coco,RELLENO,1508,CREMA DE COCO,False,,2020-10-05
2020-09-24,10.0,mangas chicas,CONSUMIBLES,1509,MANGAS CHICAS,False,,2020-09-21
2020-09-24,80.0,Foundant,FONDANT,1510,FOUNDANT,False,,2020-09-21
2020-09-24,45.0,Transfer,DECORACION,1511,TRANSFER,False,,2020-09-21
2020-09-24,10.5,base 28,BASES,1512,BASE 28,False,,2020-09-21
2020-07-21,14.0,domo para cupcake,EMPAQUE,1513,DOMO PARA CUPCAKE,False,,2020-07-20
2020-07-21,14.0,domo 25 cm,EMPAQUE,1514,DOMO 25 CM,False,,2020-07-20
2020-07-21,190.0,Foundant,FONDANT,1515,FOUNDANT,False,,2020-07-20
2020-06-11,33.5,harina choc,HARINA,1516,HARINA CHOC,False,,2020-06-08
2020-06-11,12.5,25 capacillos,CAPACILLOS,1517,25 CAPACILLOS,False,,2020-06-08
2020-06-11,21.5,granillo semiamargo turin,CHOCOLATE,1518,GRANILLO SEMIAMARGO TURIN,False,,2020-06-08
2020-06-11,50.0,ambiante,AMBIANTE,1519,AMBIANTE,False,,2020-06-08
2020-05-19,20.0,Diferencia contra lo cobrado,NO DEFINIDO,1520,DIFERENCIA CONTRA LO COBRADO,False,,2020-05-18
2020-05-19,55.0,Foundant,FONDANT,1521,FOUNDANT,False,,2020-05-18
2020-05-19,14.0,domo 25 cm,EMPAQUE,1522,DOMO 25 CM,False,,2020-05-18
2020-05-19,46.0,chantilli,CHANTILLY,1523,CHANTILLI,False,,2020-05-18
2020-05-19,65.0,Harina Puratos Vainilla,HARINA,1524,HARINA PURATOS VAINILLA,False,,2020-05-18
2020-04-17,187.0,Foundant,FONDANT,1525,FOUNDANT,False,,2020-04-13
2020-04-17,4.0,Blanda,NO DEFINIDO,1526,BLANDA,False,,2020-04-13
2020-04-17,102.0,Nutella,RELLENO,1527,NUTELLA,False,,2020-04-13
2020-04-17,109.0,base 26 cm,BASES,1528,BASE 26 CM,False,,2020-04-13
2020-04-17,10.0,manga deshechable,CONSUMIBLES,1529,MANGA DESHECHABLE,False,,2020-04-13
2020-04-17,94.0,purato,RELLENO,1530,PURATO,False,,2020-04-13
2019-09-24,6.0,coco rayado,DULCERIA,1531,COCO RAYADO,False,,2019-09-23
2019-09-24,40.0,domo 1/2 plancha,EMPAQUE,1532,DOMO 1/2 PLANCHA,False,,2019-09-23
2019-09-24,16.0,mangas med,CONSUMIBLES,1533,MANGAS MED,False,,2019-09-23
2019-09-24,11.0,domo 23 cm,EMPAQUE,1534,DOMO 23 CM,False,,2019-09-23
2019-09-24,103.0,Harina Puratos Vainilla,HARINA,1535,HARINA PURATOS VAINILLA,False,,2019-09-23
2019-09-24,62.5,Harina Puratos Chocolate,HARINA,1536,HARINA PURATOS CHOCOLATE,False,,2019-09-23
2019-09-24,18.0,capacillo,CAPACILLOS,1537,CAPACILLO,False,,2019-09-23
2019-09-24,8.5,base 23 cm,BASES,1538,BASE 23 CM,False,,2019-09-23
2019-09-24,49.5,manga zarzamora puratos,RELLENO,1539,MANGA ZARZAMORA PURATOS,False,,2019-09-23
2019-09-24,15.0,perla dorada,DECORACION,1540,PERLA DORADA,False,,2019-09-23
2019-09-24,7.0,Diferencia contra lo cobrado,NO DEFINIDO,1541,DIFERENCIA CONTRA LO COBRADO,False,,2019-09-23
2019-09-24,36.0,capacillo,CAPACILLOS,1542,CAPACILLO,False,,2019-09-23
2019-09-12,6.5,base 22 cm,BASES,1543,BASE 22 CM,False,,2019-09-09
2019-09-12,95.0,Foundant,FONDANT,1544,FOUNDANT,False,,2019-09-09
2019-09-12,40.0,domo 15-14,EMPAQUE,1545,DOMO 15-14,False,,2019-09-09
2019-09-12,11.0,domo 23 cm,EMPAQUE,1546,DOMO 23 CM,False,,2019-09-09
2019-09-12,125.0,Harina Puratos Chocolate,HARINA,1547,HARINA PURATOS CHOCOLATE,False,,2019-09-09
2019-09-12,78.0,chantilli,CHANTILLY,1548,CHANTILLI,False,,2019-09-09
2019-09-12,9.0,manga grande,CONSUMIBLES,1549,MANGA GRANDE,False,,2019-09-09
2019-09-12,25.0,capacillo decorado,CAPACILLOS,1550,CAPACILLO DECORADO,False,,2019-09-09
2019-09-12,51.5,Harina Puratos Vainilla,HARINA,1551,HARINA PURATOS VAINILLA,False,,2019-09-09
2019-09-12,17.5,Turin semiamargo,CHOCOLATE,1552,TURIN SEMIAMARGO,False,,2019-09-09
2019-06-22,17.5,Turin semiamargo,CHOCOLATE,1553,TURIN SEMIAMARGO,False,,2019-06-17
2019-06-22,28.5,confeti,DECORACION,1554,CONFETI,False,,2019-06-17
2019-06-22,49.5,manga zarzamora puratos,RELLENO,1555,MANGA ZARZAMORA PURATOS,False,,2019-06-17
2019-06-22,49.5,manga durazno puratos,RELLENO,1556,MANGA DURAZNO PURATOS,False,,2019-06-17
2019-06-19,10.0,mangas chicas,CONSUMIBLES,1557,MANGAS CHICAS,False,,2019-06-17
2019-06-19,164.0,chantilli 5 ,CHANTILLY,1558,CHANTILLI 5,False,,2019-06-17
2019-06-19,40.0,domo 15-14,EMPAQUE,1559,DOMO 15-14,False,,2019-06-17
2019-06-19,62.5,Harina Puratos Chocolate,HARINA,1560,HARINA PURATOS CHOCOLATE,False,,2019-06-17
2019-06-19,20.0,Cerezas,DULCERIA,1561,CEREZAS,False,,2019-06-17
2019-06-19,44.0,manga piña,RELLENO,1562,MANGA PINA,False,,2019-06-17
2019-06-19,103.0,Harina Puratos Vainilla,HARINA,1563,HARINA PURATOS VAINILLA,False,,2019-06-17
2019-06-19,23.5,Harina Rich vainilla,HARINA,1564,HARINA RICH VAINILLA,False,,2019-06-17
2019-01-24,5.5,Manga chica,CONSUMIBLES,1565,MANGA CHICA,False,,2019-01-21
2019-01-24,159.0,chantilli,CHANTILLY,1566,CHANTILLI,False,,2019-01-21
2019-01-24,40.0,domo 15-14,EMPAQUE,1567,DOMO 15-14,False,,2019-01-21
2019-01-24,23.0,domo 1/4 plancha,EMPAQUE,1568,DOMO 1/4 PLANCHA,False,,2019-01-21
2019-01-24,51.5,Harina Puratos Vainilla,HARINA,1569,HARINA PURATOS VAINILLA,False,,2019-01-21
2019-01-24,125.0,Harina Puratos Chocolate,HARINA,1570,HARINA PURATOS CHOCOLATE,False,,2019-01-21
2019-01-24,17.5,Turin semiamargo,CHOCOLATE,1571,TURIN SEMIAMARGO,False,,2019-01-21
2019-01-24,35.0,oblea frozen,DECORACION,1572,OBLEA FROZEN,False,,2019-01-21
2019-01-24,23.0,Diferencia contra lo cobrado,NO DEFINIDO,1573,DIFERENCIA CONTRA LO COBRADO,False,,2019-01-21
2019-01-24,12.0,Alpezzi 14000,CHOCOLATE,1574,ALPEZZI 14000,False,,2019-01-21
2016-12-08,360.0,Tarjetas Cupcakes y DJ,ADMINISTRACION,1575,TARJETAS CUPCAKES Y DJ,False,,2016-12-05
2016-12-08,880.0,Notas 1/4 Cupcake,ADMINISTRACION,1576,NOTAS 1/4 CUPCAKE,False,,2016-12-05
2021-05-10,3.051,CASO1_PROMEDIO_ASUMIDO_REAL_ACEITE,ACEITE,1577,CASO1_PROMEDIO_ASUMIDO_REAL_ACEITE,False,,2021-05-10
2021-05-10,0.704,CASO1_PROMEDIO_ASUMIDO_REAL_ADMINISTRACION,ADMINISTRACION,1578,CASO1_PROMEDIO_ASUMIDO_REAL_ADMINISTRACION,False,,2021-05-10
2021-05-10,9.412,CASO1_PROMEDIO_ASUMIDO_REAL_AMBIANTE,AMBIANTE,1579,CASO1_PROMEDIO_ASUMIDO_REAL_AMBIANTE,False,,2021-05-10
2021-05-10,1.981,CASO1_PROMEDIO_ASUMIDO_REAL_AZUCAR,AZUCAR,1580,CASO1_PROMEDIO_ASUMIDO_REAL_AZUCAR,False,,2021-05-10
2021-05-10,6.315,CASO1_PROMEDIO_ASUMIDO_REAL_BASES,BASES,1581,CASO1_PROMEDIO_ASUMIDO_REAL_BASES,False,,2021-05-10
2021-05-10,6.792,CASO1_PROMEDIO_ASUMIDO_REAL_CAPACILLOS,CAPACILLOS,1582,CASO1_PROMEDIO_ASUMIDO_REAL_CAPACILLOS,False,,2021-05-10
2021-05-10,2.432,CASO1_PROMEDIO_ASUMIDO_REAL_CASETAS,CASETAS,1583,CASO1_PROMEDIO_ASUMIDO_REAL_CASETAS,False,,2021-05-10
2021-05-10,22.956,CASO1_PROMEDIO_ASUMIDO_REAL_CHANTILLY,CHANTILLY,1584,CASO1_PROMEDIO_ASUMIDO_REAL_CHANTILLY,False,,2021-05-10
2021-05-10,31.981,CASO1_PROMEDIO_ASUMIDO_REAL_CHOCOLATE,CHOCOLATE,1585,CASO1_PROMEDIO_ASUMIDO_REAL_CHOCOLATE,False,,2021-05-10
2021-05-10,2.373,CASO1_PROMEDIO_ASUMIDO_REAL_COLORANTES,COLORANTES,1586,CASO1_PROMEDIO_ASUMIDO_REAL_COLORANTES,False,,2021-05-10
2021-05-10,2.101,CASO1_PROMEDIO_ASUMIDO_REAL_CONSUMIBLES,CONSUMIBLES,1587,CASO1_PROMEDIO_ASUMIDO_REAL_CONSUMIBLES,False,,2021-05-10
2021-05-10,17.807,CASO1_PROMEDIO_ASUMIDO_REAL_DECORACION,DECORACION,1588,CASO1_PROMEDIO_ASUMIDO_REAL_DECORACION,False,,2021-05-10
2021-05-10,6.709,CASO1_PROMEDIO_ASUMIDO_REAL_DOMO,DOMO,1589,CASO1_PROMEDIO_ASUMIDO_REAL_DOMO,False,,2021-05-10
2021-05-10,2.49,CASO1_PROMEDIO_ASUMIDO_REAL_DULCERIA,DULCERIA,1590,CASO1_PROMEDIO_ASUMIDO_REAL_DULCERIA,False,,2021-05-10
2021-05-10,25.167,CASO1_PROMEDIO_ASUMIDO_REAL_EMPAQUE,EMPAQUE,1591,CASO1_PROMEDIO_ASUMIDO_REAL_EMPAQUE,False,,2021-05-10
2021-05-10,28.84,CASO1_PROMEDIO_ASUMIDO_REAL_FONDANT,FONDANT,1592,CASO1_PROMEDIO_ASUMIDO_REAL_FONDANT,False,,2021-05-10
2021-05-10,3.093,CASO1_PROMEDIO_ASUMIDO_REAL_GALLETAS,GALLETAS,1593,CASO1_PROMEDIO_ASUMIDO_REAL_GALLETAS,False,,2021-05-10
2021-05-10,34.014,CASO1_PROMEDIO_ASUMIDO_REAL_HARINA,HARINA,1594,CASO1_PROMEDIO_ASUMIDO_REAL_HARINA,False,,2021-05-10
2021-05-10,0.938,CASO1_PROMEDIO_ASUMIDO_REAL_HORNEADO,HORNEADO,1595,CASO1_PROMEDIO_ASUMIDO_REAL_HORNEADO,False,,2021-05-10
2021-05-10,9.147,CASO1_PROMEDIO_ASUMIDO_REAL_HUEVO,HUEVO,1596,CASO1_PROMEDIO_ASUMIDO_REAL_HUEVO,False,,2021-05-10
2021-05-10,0.151,CASO1_PROMEDIO_ASUMIDO_REAL_JARABE,JARABE,1597,CASO1_PROMEDIO_ASUMIDO_REAL_JARABE,False,,2021-05-10
2021-05-10,0.164,CASO1_PROMEDIO_ASUMIDO_REAL_LECHE EN POLVO,LECHE EN POLVO,1598,CASO1_PROMEDIO_ASUMIDO_REAL_LECHE EN POLVO,False,,2021-05-10
2021-05-10,0.518,CASO1_PROMEDIO_ASUMIDO_REAL_LECHERA,LECHERA,1599,CASO1_PROMEDIO_ASUMIDO_REAL_LECHERA,False,,2021-05-10
2021-05-10,2.144,CASO1_PROMEDIO_ASUMIDO_REAL_LICORES,LICORES,1600,CASO1_PROMEDIO_ASUMIDO_REAL_LICORES,False,,2021-05-10
2021-05-10,0.074,CASO1_PROMEDIO_ASUMIDO_REAL_MANTECA VEGETAL,MANTECA VEGETAL,1601,CASO1_PROMEDIO_ASUMIDO_REAL_MANTECA VEGETAL,False,,2021-05-10
2021-05-10,6.023,CASO1_PROMEDIO_ASUMIDO_REAL_MANTEQUILLA,MANTEQUILLA,1602,CASO1_PROMEDIO_ASUMIDO_REAL_MANTEQUILLA,False,,2021-05-10
2021-05-10,4.316,CASO1_PROMEDIO_ASUMIDO_REAL_NO DEFINIDO,NO DEFINIDO,1603,CASO1_PROMEDIO_ASUMIDO_REAL_NO DEFINIDO,False,,2021-05-10
2021-05-10,6.589,CASO1_PROMEDIO_ASUMIDO_REAL_OTROS,OTROS,1604,CASO1_PROMEDIO_ASUMIDO_REAL_OTROS,False,,2021-05-10
2021-05-10,6.243,CASO1_PROMEDIO_ASUMIDO_REAL_QUESO CREMA,QUESO CREMA,1605,CASO1_PROMEDIO_ASUMIDO_REAL_QUESO CREMA,False,,2021-05-10
2021-05-10,21.326,CASO1_PROMEDIO_ASUMIDO_REAL_RELLENO,RELLENO,1606,CASO1_PROMEDIO_ASUMIDO_REAL_RELLENO,False,,2021-05-10
2021-05-10,2.278,CASO1_PROMEDIO_ASUMIDO_REAL_ROYALICING,ROYALICING,1607,CASO1_PROMEDIO_ASUMIDO_REAL_ROYALICING,False,,2021-05-10
2021-05-10,0.05,CASO1_PROMEDIO_ASUMIDO_REAL_SABORIZANTE,SABORIZANTE,1608,CASO1_PROMEDIO_ASUMIDO_REAL_SABORIZANTE,False,,2021-05-10
2021-05-10,3.321,CASO1_PROMEDIO_ASUMIDO_REAL_TRANSFER,TRANSFER,1609,CASO1_PROMEDIO_ASUMIDO_REAL_TRANSFER,False,,2021-05-10
2021-05-24,2.826,CASO1_PROMEDIO_ASUMIDO_REAL_ACEITE,ACEITE,1610,CASO1_PROMEDIO_ASUMIDO_REAL_ACEITE,False,,2021-05-24
2021-05-24,0.653,CASO1_PROMEDIO_ASUMIDO_REAL_ADMINISTRACION,ADMINISTRACION,1611,CASO1_PROMEDIO_ASUMIDO_REAL_ADMINISTRACION,False,,2021-05-24
2021-05-24,8.718,CASO1_PROMEDIO_ASUMIDO_REAL_AMBIANTE,AMBIANTE,1612,CASO1_PROMEDIO_ASUMIDO_REAL_AMBIANTE,False,,2021-05-24
2021-05-24,1.835,CASO1_PROMEDIO_ASUMIDO_REAL_AZUCAR,AZUCAR,1613,CASO1_PROMEDIO_ASUMIDO_REAL_AZUCAR,False,,2021-05-24
2021-05-24,5.85,CASO1_PROMEDIO_ASUMIDO_REAL_BASES,BASES,1614,CASO1_PROMEDIO_ASUMIDO_REAL_BASES,False,,2021-05-24
2021-05-24,6.292,CASO1_PROMEDIO_ASUMIDO_REAL_CAPACILLOS,CAPACILLOS,1615,CASO1_PROMEDIO_ASUMIDO_REAL_CAPACILLOS,False,,2021-05-24
2021-05-24,2.253,CASO1_PROMEDIO_ASUMIDO_REAL_CASETAS,CASETAS,1616,CASO1_PROMEDIO_ASUMIDO_REAL_CASETAS,False,,2021-05-24
2021-05-24,21.265,CASO1_PROMEDIO_ASUMIDO_REAL_CHANTILLY,CHANTILLY,1617,CASO1_PROMEDIO_ASUMIDO_REAL_CHANTILLY,False,,2021-05-24
2021-05-24,29.625,CASO1_PROMEDIO_ASUMIDO_REAL_CHOCOLATE,CHOCOLATE,1618,CASO1_PROMEDIO_ASUMIDO_REAL_CHOCOLATE,False,,2021-05-24
2021-05-24,2.199,CASO1_PROMEDIO_ASUMIDO_REAL_COLORANTES,COLORANTES,1619,CASO1_PROMEDIO_ASUMIDO_REAL_COLORANTES,False,,2021-05-24
2021-05-24,1.946,CASO1_PROMEDIO_ASUMIDO_REAL_CONSUMIBLES,CONSUMIBLES,1620,CASO1_PROMEDIO_ASUMIDO_REAL_CONSUMIBLES,False,,2021-05-24
2021-05-24,16.495,CASO1_PROMEDIO_ASUMIDO_REAL_DECORACION,DECORACION,1621,CASO1_PROMEDIO_ASUMIDO_REAL_DECORACION,False,,2021-05-24
2021-05-24,6.215,CASO1_PROMEDIO_ASUMIDO_REAL_DOMO,DOMO,1622,CASO1_PROMEDIO_ASUMIDO_REAL_DOMO,False,,2021-05-24
2021-05-24,2.307,CASO1_PROMEDIO_ASUMIDO_REAL_DULCERIA,DULCERIA,1623,CASO1_PROMEDIO_ASUMIDO_REAL_DULCERIA,False,,2021-05-24
2021-05-24,23.313,CASO1_PROMEDIO_ASUMIDO_REAL_EMPAQUE,EMPAQUE,1624,CASO1_PROMEDIO_ASUMIDO_REAL_EMPAQUE,False,,2021-05-24
2021-05-24,26.716,CASO1_PROMEDIO_ASUMIDO_REAL_FONDANT,FONDANT,1625,CASO1_PROMEDIO_ASUMIDO_REAL_FONDANT,False,,2021-05-24
2021-05-24,2.865,CASO1_PROMEDIO_ASUMIDO_REAL_GALLETAS,GALLETAS,1626,CASO1_PROMEDIO_ASUMIDO_REAL_GALLETAS,False,,2021-05-24
2021-05-24,31.508,CASO1_PROMEDIO_ASUMIDO_REAL_HARINA,HARINA,1627,CASO1_PROMEDIO_ASUMIDO_REAL_HARINA,False,,2021-05-24
2021-05-24,0.868,CASO1_PROMEDIO_ASUMIDO_REAL_HORNEADO,HORNEADO,1628,CASO1_PROMEDIO_ASUMIDO_REAL_HORNEADO,False,,2021-05-24
2021-05-24,8.473,CASO1_PROMEDIO_ASUMIDO_REAL_HUEVO,HUEVO,1629,CASO1_PROMEDIO_ASUMIDO_REAL_HUEVO,False,,2021-05-24
2021-05-24,0.14,CASO1_PROMEDIO_ASUMIDO_REAL_JARABE,JARABE,1630,CASO1_PROMEDIO_ASUMIDO_REAL_JARABE,False,,2021-05-24
2021-05-24,0.152,CASO1_PROMEDIO_ASUMIDO_REAL_LECHE EN POLVO,LECHE EN POLVO,1631,CASO1_PROMEDIO_ASUMIDO_REAL_LECHE EN POLVO,False,,2021-05-24
2021-05-24,0.48,CASO1_PROMEDIO_ASUMIDO_REAL_LECHERA,LECHERA,1632,CASO1_PROMEDIO_ASUMIDO_REAL_LECHERA,False,,2021-05-24
2021-05-24,1.986,CASO1_PROMEDIO_ASUMIDO_REAL_LICORES,LICORES,1633,CASO1_PROMEDIO_ASUMIDO_REAL_LICORES,False,,2021-05-24
2021-05-24,0.068,CASO1_PROMEDIO_ASUMIDO_REAL_MANTECA VEGETAL,MANTECA VEGETAL,1634,CASO1_PROMEDIO_ASUMIDO_REAL_MANTECA VEGETAL,False,,2021-05-24
2021-05-24,5.58,CASO1_PROMEDIO_ASUMIDO_REAL_MANTEQUILLA,MANTEQUILLA,1635,CASO1_PROMEDIO_ASUMIDO_REAL_MANTEQUILLA,False,,2021-05-24
2021-05-24,3.998,CASO1_PROMEDIO_ASUMIDO_REAL_NO DEFINIDO,NO DEFINIDO,1636,CASO1_PROMEDIO_ASUMIDO_REAL_NO DEFINIDO,False,,2021-05-24
2021-05-24,6.103,CASO1_PROMEDIO_ASUMIDO_REAL_OTROS,OTROS,1637,CASO1_PROMEDIO_ASUMIDO_REAL_OTROS,False,,2021-05-24
2021-05-24,5.783,CASO1_PROMEDIO_ASUMIDO_REAL_QUESO CREMA,QUESO CREMA,1638,CASO1_PROMEDIO_ASUMIDO_REAL_QUESO CREMA,False,,2021-05-24
2021-05-24,19.755,CASO1_PROMEDIO_ASUMIDO_REAL_RELLENO,RELLENO,1639,CASO1_PROMEDIO_ASUMIDO_REAL_RELLENO,False,,2021-05-24
2021-05-24,2.11,CASO1_PROMEDIO_ASUMIDO_REAL_ROYALICING,ROYALICING,1640,CASO1_PROMEDIO_ASUMIDO_REAL_ROYALICING,False,,2021-05-24
2021-05-24,0.047,CASO1_PROMEDIO_ASUMIDO_REAL_SABORIZANTE,SABORIZANTE,1641,CASO1_PROMEDIO_ASUMIDO_REAL_SABORIZANTE,False,,2021-05-24
2021-05-24,3.076,CASO1_PROMEDIO_ASUMIDO_REAL_TRANSFER,TRANSFER,1642,CASO1_PROMEDIO_ASUMIDO_REAL_TRANSFER,False,,2021-05-24
2021-06-07,0.534,CASO1_PROMEDIO_ASUMIDO_REAL_ACEITE,ACEITE,1643,CASO1_PROMEDIO_ASUMIDO_REAL_ACEITE,False,,2021-06-07
2021-06-07,0.123,CASO1_PROMEDIO_ASUMIDO_REAL_ADMINISTRACION,ADMINISTRACION,1644,CASO1_PROMEDIO_ASUMIDO_REAL_ADMINISTRACION,False,,2021-06-07
2021-06-07,1.647,CASO1_PROMEDIO_ASUMIDO_REAL_AMBIANTE,AMBIANTE,1645,CASO1_PROMEDIO_ASUMIDO_REAL_AMBIANTE,False,,2021-06-07
2021-06-07,0.347,CASO1_PROMEDIO_ASUMIDO_REAL_AZUCAR,AZUCAR,1646,CASO1_PROMEDIO_ASUMIDO_REAL_AZUCAR,False,,2021-06-07
2021-06-07,1.105,CASO1_PROMEDIO_ASUMIDO_REAL_BASES,BASES,1647,CASO1_PROMEDIO_ASUMIDO_REAL_BASES,False,,2021-06-07
2021-06-07,1.188,CASO1_PROMEDIO_ASUMIDO_REAL_CAPACILLOS,CAPACILLOS,1648,CASO1_PROMEDIO_ASUMIDO_REAL_CAPACILLOS,False,,2021-06-07
2021-06-07,0.425,CASO1_PROMEDIO_ASUMIDO_REAL_CASETAS,CASETAS,1649,CASO1_PROMEDIO_ASUMIDO_REAL_CASETAS,False,,2021-06-07
2021-06-07,4.016,CASO1_PROMEDIO_ASUMIDO_REAL_CHANTILLY,CHANTILLY,1650,CASO1_PROMEDIO_ASUMIDO_REAL_CHANTILLY,False,,2021-06-07
2021-06-07,5.595,CASO1_PROMEDIO_ASUMIDO_REAL_CHOCOLATE,CHOCOLATE,1651,CASO1_PROMEDIO_ASUMIDO_REAL_CHOCOLATE,False,,2021-06-07
2021-06-07,0.415,CASO1_PROMEDIO_ASUMIDO_REAL_COLORANTES,COLORANTES,1652,CASO1_PROMEDIO_ASUMIDO_REAL_COLORANTES,False,,2021-06-07
2021-06-07,0.368,CASO1_PROMEDIO_ASUMIDO_REAL_CONSUMIBLES,CONSUMIBLES,1653,CASO1_PROMEDIO_ASUMIDO_REAL_CONSUMIBLES,False,,2021-06-07
2021-06-07,3.115,CASO1_PROMEDIO_ASUMIDO_REAL_DECORACION,DECORACION,1654,CASO1_PROMEDIO_ASUMIDO_REAL_DECORACION,False,,2021-06-07
2021-06-07,1.174,CASO1_PROMEDIO_ASUMIDO_REAL_DOMO,DOMO,1655,CASO1_PROMEDIO_ASUMIDO_REAL_DOMO,False,,2021-06-07
2021-06-07,0.436,CASO1_PROMEDIO_ASUMIDO_REAL_DULCERIA,DULCERIA,1656,CASO1_PROMEDIO_ASUMIDO_REAL_DULCERIA,False,,2021-06-07
2021-06-07,4.403,CASO1_PROMEDIO_ASUMIDO_REAL_EMPAQUE,EMPAQUE,1657,CASO1_PROMEDIO_ASUMIDO_REAL_EMPAQUE,False,,2021-06-07
2021-06-07,5.046,CASO1_PROMEDIO_ASUMIDO_REAL_FONDANT,FONDANT,1658,CASO1_PROMEDIO_ASUMIDO_REAL_FONDANT,False,,2021-06-07
2021-06-07,0.541,CASO1_PROMEDIO_ASUMIDO_REAL_GALLETAS,GALLETAS,1659,CASO1_PROMEDIO_ASUMIDO_REAL_GALLETAS,False,,2021-06-07
2021-06-07,5.951,CASO1_PROMEDIO_ASUMIDO_REAL_HARINA,HARINA,1660,CASO1_PROMEDIO_ASUMIDO_REAL_HARINA,False,,2021-06-07
2021-06-07,0.164,CASO1_PROMEDIO_ASUMIDO_REAL_HORNEADO,HORNEADO,1661,CASO1_PROMEDIO_ASUMIDO_REAL_HORNEADO,False,,2021-06-07
2021-06-07,1.6,CASO1_PROMEDIO_ASUMIDO_REAL_HUEVO,HUEVO,1662,CASO1_PROMEDIO_ASUMIDO_REAL_HUEVO,False,,2021-06-07
2021-06-07,0.026,CASO1_PROMEDIO_ASUMIDO_REAL_JARABE,JARABE,1663,CASO1_PROMEDIO_ASUMIDO_REAL_JARABE,False,,2021-06-07
2021-06-07,0.029,CASO1_PROMEDIO_ASUMIDO_REAL_LECHE EN POLVO,LECHE EN POLVO,1664,CASO1_PROMEDIO_ASUMIDO_REAL_LECHE EN POLVO,False,,2021-06-07
2021-06-07,0.091,CASO1_PROMEDIO_ASUMIDO_REAL_LECHERA,LECHERA,1665,CASO1_PROMEDIO_ASUMIDO_REAL_LECHERA,False,,2021-06-07
2021-06-07,0.375,CASO1_PROMEDIO_ASUMIDO_REAL_LICORES,LICORES,1666,CASO1_PROMEDIO_ASUMIDO_REAL_LICORES,False,,2021-06-07
2021-06-07,0.013,CASO1_PROMEDIO_ASUMIDO_REAL_MANTECA VEGETAL,MANTECA VEGETAL,1667,CASO1_PROMEDIO_ASUMIDO_REAL_MANTECA VEGETAL,False,,2021-06-07
2021-06-07,1.054,CASO1_PROMEDIO_ASUMIDO_REAL_MANTEQUILLA,MANTEQUILLA,1668,CASO1_PROMEDIO_ASUMIDO_REAL_MANTEQUILLA,False,,2021-06-07
2021-06-07,0.755,CASO1_PROMEDIO_ASUMIDO_REAL_NO DEFINIDO,NO DEFINIDO,1669,CASO1_PROMEDIO_ASUMIDO_REAL_NO DEFINIDO,False,,2021-06-07
2021-06-07,1.153,CASO1_PROMEDIO_ASUMIDO_REAL_OTROS,OTROS,1670,CASO1_PROMEDIO_ASUMIDO_REAL_OTROS,False,,2021-06-07
2021-06-07,1.092,CASO1_PROMEDIO_ASUMIDO_REAL_QUESO CREMA,QUESO CREMA,1671,CASO1_PROMEDIO_ASUMIDO_REAL_QUESO CREMA,False,,2021-06-07
2021-06-07,3.731,CASO1_PROMEDIO_ASUMIDO_REAL_RELLENO,RELLENO,1672,CASO1_PROMEDIO_ASUMIDO_REAL_RELLENO,False,,2021-06-07
2021-06-07,0.398,CASO1_PROMEDIO_ASUMIDO_REAL_ROYALICING,ROYALICING,1673,CASO1_PROMEDIO_ASUMIDO_REAL_ROYALICING,False,,2021-06-07
2021-06-07,0.009,CASO1_PROMEDIO_ASUMIDO_REAL_SABORIZANTE,SABORIZANTE,1674,CASO1_PROMEDIO_ASUMIDO_REAL_SABORIZANTE,False,,2021-06-07
2021-06-07,0.581,CASO1_PROMEDIO_ASUMIDO_REAL_TRANSFER,TRANSFER,1675,CASO1_PROMEDIO_ASUMIDO_REAL_TRANSFER,False,,2021-06-07
2021-07-05,7.56,CASO1_PROMEDIO_ASUMIDO_REAL_ACEITE,ACEITE,1676,CASO1_PROMEDIO_ASUMIDO_REAL_ACEITE,False,,2021-07-05
2021-07-05,1.746,CASO1_PROMEDIO_ASUMIDO_REAL_ADMINISTRACION,ADMINISTRACION,1677,CASO1_PROMEDIO_ASUMIDO_REAL_ADMINISTRACION,False,,2021-07-05
2021-07-05,23.321,CASO1_PROMEDIO_ASUMIDO_REAL_AMBIANTE,AMBIANTE,1678,CASO1_PROMEDIO_ASUMIDO_REAL_AMBIANTE,False,,2021-07-05
2021-07-05,4.908,CASO1_PROMEDIO_ASUMIDO_REAL_AZUCAR,AZUCAR,1679,CASO1_PROMEDIO_ASUMIDO_REAL_AZUCAR,False,,2021-07-05
2021-07-05,15.649,CASO1_PROMEDIO_ASUMIDO_REAL_BASES,BASES,1680,CASO1_PROMEDIO_ASUMIDO_REAL_BASES,False,,2021-07-05
2021-07-05,16.83,CASO1_PROMEDIO_ASUMIDO_REAL_CAPACILLOS,CAPACILLOS,1681,CASO1_PROMEDIO_ASUMIDO_REAL_CAPACILLOS,False,,2021-07-05
2021-07-05,6.027,CASO1_PROMEDIO_ASUMIDO_REAL_CASETAS,CASETAS,1682,CASO1_PROMEDIO_ASUMIDO_REAL_CASETAS,False,,2021-07-05
2021-07-05,56.883,CASO1_PROMEDIO_ASUMIDO_REAL_CHANTILLY,CHANTILLY,1683,CASO1_PROMEDIO_ASUMIDO_REAL_CHANTILLY,False,,2021-07-05
2021-07-05,79.246,CASO1_PROMEDIO_ASUMIDO_REAL_CHOCOLATE,CHOCOLATE,1684,CASO1_PROMEDIO_ASUMIDO_REAL_CHOCOLATE,False,,2021-07-05
2021-07-05,5.881,CASO1_PROMEDIO_ASUMIDO_REAL_COLORANTES,COLORANTES,1685,CASO1_PROMEDIO_ASUMIDO_REAL_COLORANTES,False,,2021-07-05
2021-07-05,5.205,CASO1_PROMEDIO_ASUMIDO_REAL_CONSUMIBLES,CONSUMIBLES,1686,CASO1_PROMEDIO_ASUMIDO_REAL_CONSUMIBLES,False,,2021-07-05
2021-07-05,44.124,CASO1_PROMEDIO_ASUMIDO_REAL_DECORACION,DECORACION,1687,CASO1_PROMEDIO_ASUMIDO_REAL_DECORACION,False,,2021-07-05
2021-07-05,16.625,CASO1_PROMEDIO_ASUMIDO_REAL_DOMO,DOMO,1688,CASO1_PROMEDIO_ASUMIDO_REAL_DOMO,False,,2021-07-05
2021-07-05,6.17,CASO1_PROMEDIO_ASUMIDO_REAL_DULCERIA,DULCERIA,1689,CASO1_PROMEDIO_ASUMIDO_REAL_DULCERIA,False,,2021-07-05
2021-07-05,62.361,CASO1_PROMEDIO_ASUMIDO_REAL_EMPAQUE,EMPAQUE,1690,CASO1_PROMEDIO_ASUMIDO_REAL_EMPAQUE,False,,2021-07-05
2021-07-05,71.463,CASO1_PROMEDIO_ASUMIDO_REAL_FONDANT,FONDANT,1691,CASO1_PROMEDIO_ASUMIDO_REAL_FONDANT,False,,2021-07-05
2021-07-05,7.664,CASO1_PROMEDIO_ASUMIDO_REAL_GALLETAS,GALLETAS,1692,CASO1_PROMEDIO_ASUMIDO_REAL_GALLETAS,False,,2021-07-05
2021-07-05,84.282,CASO1_PROMEDIO_ASUMIDO_REAL_HARINA,HARINA,1693,CASO1_PROMEDIO_ASUMIDO_REAL_HARINA,False,,2021-07-05
2021-07-05,2.323,CASO1_PROMEDIO_ASUMIDO_REAL_HORNEADO,HORNEADO,1694,CASO1_PROMEDIO_ASUMIDO_REAL_HORNEADO,False,,2021-07-05
2021-07-05,22.665,CASO1_PROMEDIO_ASUMIDO_REAL_HUEVO,HUEVO,1695,CASO1_PROMEDIO_ASUMIDO_REAL_HUEVO,False,,2021-07-05
2021-07-05,0.374,CASO1_PROMEDIO_ASUMIDO_REAL_JARABE,JARABE,1696,CASO1_PROMEDIO_ASUMIDO_REAL_JARABE,False,,2021-07-05
2021-07-05,0.407,CASO1_PROMEDIO_ASUMIDO_REAL_LECHE EN POLVO,LECHE EN POLVO,1697,CASO1_PROMEDIO_ASUMIDO_REAL_LECHE EN POLVO,False,,2021-07-05
2021-07-05,1.284,CASO1_PROMEDIO_ASUMIDO_REAL_LECHERA,LECHERA,1698,CASO1_PROMEDIO_ASUMIDO_REAL_LECHERA,False,,2021-07-05
2021-07-05,5.312,CASO1_PROMEDIO_ASUMIDO_REAL_LICORES,LICORES,1699,CASO1_PROMEDIO_ASUMIDO_REAL_LICORES,False,,2021-07-05
2021-07-05,0.183,CASO1_PROMEDIO_ASUMIDO_REAL_MANTECA VEGETAL,MANTECA VEGETAL,1700,CASO1_PROMEDIO_ASUMIDO_REAL_MANTECA VEGETAL,False,,2021-07-05
2021-07-05,14.925,CASO1_PROMEDIO_ASUMIDO_REAL_MANTEQUILLA,MANTEQUILLA,1701,CASO1_PROMEDIO_ASUMIDO_REAL_MANTEQUILLA,False,,2021-07-05
2021-07-05,10.695,CASO1_PROMEDIO_ASUMIDO_REAL_NO DEFINIDO,NO DEFINIDO,1702,CASO1_PROMEDIO_ASUMIDO_REAL_NO DEFINIDO,False,,2021-07-05
2021-07-05,16.326,CASO1_PROMEDIO_ASUMIDO_REAL_OTROS,OTROS,1703,CASO1_PROMEDIO_ASUMIDO_REAL_OTROS,False,,2021-07-05
2021-07-05,15.469,CASO1_PROMEDIO_ASUMIDO_REAL_QUESO CREMA,QUESO CREMA,1704,CASO1_PROMEDIO_ASUMIDO_REAL_QUESO CREMA,False,,2021-07-05
2021-07-05,52.844,CASO1_PROMEDIO_ASUMIDO_REAL_RELLENO,RELLENO,1705,CASO1_PROMEDIO_ASUMIDO_REAL_RELLENO,False,,2021-07-05
2021-07-05,5.644,CASO1_PROMEDIO_ASUMIDO_REAL_ROYALICING,ROYALICING,1706,CASO1_PROMEDIO_ASUMIDO_REAL_ROYALICING,False,,2021-07-05
2021-07-05,0.125,CASO1_PROMEDIO_ASUMIDO_REAL_SABORIZANTE,SABORIZANTE,1707,CASO1_PROMEDIO_ASUMIDO_REAL_SABORIZANTE,False,,2021-07-05
2021-07-05,8.229,CASO1_PROMEDIO_ASUMIDO_REAL_TRANSFER,TRANSFER,1708,CASO1_PROMEDIO_ASUMIDO_REAL_TRANSFER,False,,2021-07-05
2021-07-12,7.56,CASO1_PROMEDIO_ASUMIDO_REAL_ACEITE,ACEITE,1709,CASO1_PROMEDIO_ASUMIDO_REAL_ACEITE,False,,2021-07-12
2021-07-12,1.746,CASO1_PROMEDIO_ASUMIDO_REAL_ADMINISTRACION,ADMINISTRACION,1710,CASO1_PROMEDIO_ASUMIDO_REAL_ADMINISTRACION,False,,2021-07-12
2021-07-12,23.321,CASO1_PROMEDIO_ASUMIDO_REAL_AMBIANTE,AMBIANTE,1711,CASO1_PROMEDIO_ASUMIDO_REAL_AMBIANTE,False,,2021-07-12
2021-07-12,4.908,CASO1_PROMEDIO_ASUMIDO_REAL_AZUCAR,AZUCAR,1712,CASO1_PROMEDIO_ASUMIDO_REAL_AZUCAR,False,,2021-07-12
2021-07-12,15.649,CASO1_PROMEDIO_ASUMIDO_REAL_BASES,BASES,1713,CASO1_PROMEDIO_ASUMIDO_REAL_BASES,False,,2021-07-12
2021-07-12,16.83,CASO1_PROMEDIO_ASUMIDO_REAL_CAPACILLOS,CAPACILLOS,1714,CASO1_PROMEDIO_ASUMIDO_REAL_CAPACILLOS,False,,2021-07-12
2021-07-12,6.027,CASO1_PROMEDIO_ASUMIDO_REAL_CASETAS,CASETAS,1715,CASO1_PROMEDIO_ASUMIDO_REAL_CASETAS,False,,2021-07-12
2021-07-12,56.883,CASO1_PROMEDIO_ASUMIDO_REAL_CHANTILLY,CHANTILLY,1716,CASO1_PROMEDIO_ASUMIDO_REAL_CHANTILLY,False,,2021-07-12
2021-07-12,79.246,CASO1_PROMEDIO_ASUMIDO_REAL_CHOCOLATE,CHOCOLATE,1717,CASO1_PROMEDIO_ASUMIDO_REAL_CHOCOLATE,False,,2021-07-12
2021-07-12,5.881,CASO1_PROMEDIO_ASUMIDO_REAL_COLORANTES,COLORANTES,1718,CASO1_PROMEDIO_ASUMIDO_REAL_COLORANTES,False,,2021-07-12
2021-07-12,5.205,CASO1_PROMEDIO_ASUMIDO_REAL_CONSUMIBLES,CONSUMIBLES,1719,CASO1_PROMEDIO_ASUMIDO_REAL_CONSUMIBLES,False,,2021-07-12
2021-07-12,44.124,CASO1_PROMEDIO_ASUMIDO_REAL_DECORACION,DECORACION,1720,CASO1_PROMEDIO_ASUMIDO_REAL_DECORACION,False,,2021-07-12
2021-07-12,16.625,CASO1_PROMEDIO_ASUMIDO_REAL_DOMO,DOMO,1721,CASO1_PROMEDIO_ASUMIDO_REAL_DOMO,False,,2021-07-12
2021-07-12,6.17,CASO1_PROMEDIO_ASUMIDO_REAL_DULCERIA,DULCERIA,1722,CASO1_PROMEDIO_ASUMIDO_REAL_DULCERIA,False,,2021-07-12
2021-07-12,62.361,CASO1_PROMEDIO_ASUMIDO_REAL_EMPAQUE,EMPAQUE,1723,CASO1_PROMEDIO_ASUMIDO_REAL_EMPAQUE,False,,2021-07-12
2021-07-12,71.463,CASO1_PROMEDIO_ASUMIDO_REAL_FONDANT,FONDANT,1724,CASO1_PROMEDIO_ASUMIDO_REAL_FONDANT,False,,2021-07-12
2021-07-12,7.664,CASO1_PROMEDIO_ASUMIDO_REAL_GALLETAS,GALLETAS,1725,CASO1_PROMEDIO_ASUMIDO_REAL_GALLETAS,False,,2021-07-12
2021-07-12,84.282,CASO1_PROMEDIO_ASUMIDO_REAL_HARINA,HARINA,1726,CASO1_PROMEDIO_ASUMIDO_REAL_HARINA,False,,2021-07-12
2021-07-12,2.323,CASO1_PROMEDIO_ASUMIDO_REAL_HORNEADO,HORNEADO,1727,CASO1_PROMEDIO_ASUMIDO_REAL_HORNEADO,False,,2021-07-12
2021-07-12,22.665,CASO1_PROMEDIO_ASUMIDO_REAL_HUEVO,HUEVO,1728,CASO1_PROMEDIO_ASUMIDO_REAL_HUEVO,False,,2021-07-12
2021-07-12,0.374,CASO1_PROMEDIO_ASUMIDO_REAL_JARABE,JARABE,1729,CASO1_PROMEDIO_ASUMIDO_REAL_JARABE,False,,2021-07-12
2021-07-12,0.407,CASO1_PROMEDIO_ASUMIDO_REAL_LECHE EN POLVO,LECHE EN POLVO,1730,CASO1_PROMEDIO_ASUMIDO_REAL_LECHE EN POLVO,False,,2021-07-12
2021-07-12,1.284,CASO1_PROMEDIO_ASUMIDO_REAL_LECHERA,LECHERA,1731,CASO1_PROMEDIO_ASUMIDO_REAL_LECHERA,False,,2021-07-12
2021-07-12,5.312,CASO1_PROMEDIO_ASUMIDO_REAL_LICORES,LICORES,1732,CASO1_PROMEDIO_ASUMIDO_REAL_LICORES,False,,2021-07-12
2021-07-12,0.183,CASO1_PROMEDIO_ASUMIDO_REAL_MANTECA VEGETAL,MANTECA VEGETAL,1733,CASO1_PROMEDIO_ASUMIDO_REAL_MANTECA VEGETAL,False,,2021-07-12
2021-07-12,14.925,CASO1_PROMEDIO_ASUMIDO_REAL_MANTEQUILLA,MANTEQUILLA,1734,CASO1_PROMEDIO_ASUMIDO_REAL_MANTEQUILLA,False,,2021-07-12
2021-07-12,10.695,CASO1_PROMEDIO_ASUMIDO_REAL_NO DEFINIDO,NO DEFINIDO,1735,CASO1_PROMEDIO_ASUMIDO_REAL_NO DEFINIDO,False,,2021-07-12
2021-07-12,16.326,CASO1_PROMEDIO_ASUMIDO_REAL_OTROS,OTROS,1736,CASO1_PROMEDIO_ASUMIDO_REAL_OTROS,False,,2021-07-12
2021-07-12,15.469,CASO1_PROMEDIO_ASUMIDO_REAL_QUESO CREMA,QUESO CREMA,1737,CASO1_PROMEDIO_ASUMIDO_REAL_QUESO CREMA,False,,2021-07-12
2021-07-12,52.844,CASO1_PROMEDIO_ASUMIDO_REAL_RELLENO,RELLENO,1738,CASO1_PROMEDIO_ASUMIDO_REAL_RELLENO,False,,2021-07-12
2021-07-12,5.644,CASO1_PROMEDIO_ASUMIDO_REAL_ROYALICING,ROYALICING,1739,CASO1_PROMEDIO_ASUMIDO_REAL_ROYALICING,False,,2021-07-12
2021-07-12,0.125,CASO1_PROMEDIO_ASUMIDO_REAL_SABORIZANTE,SABORIZANTE,1740,CASO1_PROMEDIO_ASUMIDO_REAL_SABORIZANTE,False,,2021-07-12
2021-07-12,8.229,CASO1_PROMEDIO_ASUMIDO_REAL_TRANSFER,TRANSFER,1741,CASO1_PROMEDIO_ASUMIDO_REAL_TRANSFER,False,,2021-07-12
2021-08-02,7.788,CASO1_PROMEDIO_ASUMIDO_REAL_ACEITE,ACEITE,1742,CASO1_PROMEDIO_ASUMIDO_REAL_ACEITE,False,,2021-08-02
2021-08-02,1.798,CASO1_PROMEDIO_ASUMIDO_REAL_ADMINISTRACION,ADMINISTRACION,1743,CASO1_PROMEDIO_ASUMIDO_REAL_ADMINISTRACION,False,,2021-08-02
2021-08-02,24.023,CASO1_PROMEDIO_ASUMIDO_REAL_AMBIANTE,AMBIANTE,1744,CASO1_PROMEDIO_ASUMIDO_REAL_AMBIANTE,False,,2021-08-02
2021-08-02,5.056,CASO1_PROMEDIO_ASUMIDO_REAL_AZUCAR,AZUCAR,1745,CASO1_PROMEDIO_ASUMIDO_REAL_AZUCAR,False,,2021-08-02
2021-08-02,16.119,CASO1_PROMEDIO_ASUMIDO_REAL_BASES,BASES,1746,CASO1_PROMEDIO_ASUMIDO_REAL_BASES,False,,2021-08-02
2021-08-02,17.337,CASO1_PROMEDIO_ASUMIDO_REAL_CAPACILLOS,CAPACILLOS,1747,CASO1_PROMEDIO_ASUMIDO_REAL_CAPACILLOS,False,,2021-08-02
2021-08-02,6.208,CASO1_PROMEDIO_ASUMIDO_REAL_CASETAS,CASETAS,1748,CASO1_PROMEDIO_ASUMIDO_REAL_CASETAS,False,,2021-08-02
2021-08-02,58.595,CASO1_PROMEDIO_ASUMIDO_REAL_CHANTILLY,CHANTILLY,1749,CASO1_PROMEDIO_ASUMIDO_REAL_CHANTILLY,False,,2021-08-02
2021-08-02,81.631,CASO1_PROMEDIO_ASUMIDO_REAL_CHOCOLATE,CHOCOLATE,1750,CASO1_PROMEDIO_ASUMIDO_REAL_CHOCOLATE,False,,2021-08-02
2021-08-02,6.058,CASO1_PROMEDIO_ASUMIDO_REAL_COLORANTES,COLORANTES,1751,CASO1_PROMEDIO_ASUMIDO_REAL_COLORANTES,False,,2021-08-02
2021-08-02,5.362,CASO1_PROMEDIO_ASUMIDO_REAL_CONSUMIBLES,CONSUMIBLES,1752,CASO1_PROMEDIO_ASUMIDO_REAL_CONSUMIBLES,False,,2021-08-02
2021-08-02,45.452,CASO1_PROMEDIO_ASUMIDO_REAL_DECORACION,DECORACION,1753,CASO1_PROMEDIO_ASUMIDO_REAL_DECORACION,False,,2021-08-02
2021-08-02,17.126,CASO1_PROMEDIO_ASUMIDO_REAL_DOMO,DOMO,1754,CASO1_PROMEDIO_ASUMIDO_REAL_DOMO,False,,2021-08-02
2021-08-02,6.356,CASO1_PROMEDIO_ASUMIDO_REAL_DULCERIA,DULCERIA,1755,CASO1_PROMEDIO_ASUMIDO_REAL_DULCERIA,False,,2021-08-02
2021-08-02,64.238,CASO1_PROMEDIO_ASUMIDO_REAL_EMPAQUE,EMPAQUE,1756,CASO1_PROMEDIO_ASUMIDO_REAL_EMPAQUE,False,,2021-08-02
2021-08-02,73.614,CASO1_PROMEDIO_ASUMIDO_REAL_FONDANT,FONDANT,1757,CASO1_PROMEDIO_ASUMIDO_REAL_FONDANT,False,,2021-08-02
2021-08-02,7.895,CASO1_PROMEDIO_ASUMIDO_REAL_GALLETAS,GALLETAS,1758,CASO1_PROMEDIO_ASUMIDO_REAL_GALLETAS,False,,2021-08-02
2021-08-02,86.819,CASO1_PROMEDIO_ASUMIDO_REAL_HARINA,HARINA,1759,CASO1_PROMEDIO_ASUMIDO_REAL_HARINA,False,,2021-08-02
2021-08-02,2.393,CASO1_PROMEDIO_ASUMIDO_REAL_HORNEADO,HORNEADO,1760,CASO1_PROMEDIO_ASUMIDO_REAL_HORNEADO,False,,2021-08-02
2021-08-02,23.348,CASO1_PROMEDIO_ASUMIDO_REAL_HUEVO,HUEVO,1761,CASO1_PROMEDIO_ASUMIDO_REAL_HUEVO,False,,2021-08-02
2021-08-02,0.385,CASO1_PROMEDIO_ASUMIDO_REAL_JARABE,JARABE,1762,CASO1_PROMEDIO_ASUMIDO_REAL_JARABE,False,,2021-08-02
2021-08-02,0.42,CASO1_PROMEDIO_ASUMIDO_REAL_LECHE EN POLVO,LECHE EN POLVO,1763,CASO1_PROMEDIO_ASUMIDO_REAL_LECHE EN POLVO,False,,2021-08-02
2021-08-02,1.322,CASO1_PROMEDIO_ASUMIDO_REAL_LECHERA,LECHERA,1764,CASO1_PROMEDIO_ASUMIDO_REAL_LECHERA,False,,2021-08-02
2021-08-02,5.472,CASO1_PROMEDIO_ASUMIDO_REAL_LICORES,LICORES,1765,CASO1_PROMEDIO_ASUMIDO_REAL_LICORES,False,,2021-08-02
2021-08-02,0.188,CASO1_PROMEDIO_ASUMIDO_REAL_MANTECA VEGETAL,MANTECA VEGETAL,1766,CASO1_PROMEDIO_ASUMIDO_REAL_MANTECA VEGETAL,False,,2021-08-02
2021-08-02,15.374,CASO1_PROMEDIO_ASUMIDO_REAL_MANTEQUILLA,MANTEQUILLA,1767,CASO1_PROMEDIO_ASUMIDO_REAL_MANTEQUILLA,False,,2021-08-02
2021-08-02,11.017,CASO1_PROMEDIO_ASUMIDO_REAL_NO DEFINIDO,NO DEFINIDO,1768,CASO1_PROMEDIO_ASUMIDO_REAL_NO DEFINIDO,False,,2021-08-02
2021-08-02,16.818,CASO1_PROMEDIO_ASUMIDO_REAL_OTROS,OTROS,1769,CASO1_PROMEDIO_ASUMIDO_REAL_OTROS,False,,2021-08-02
2021-08-02,15.934,CASO1_PROMEDIO_ASUMIDO_REAL_QUESO CREMA,QUESO CREMA,1770,CASO1_PROMEDIO_ASUMIDO_REAL_QUESO CREMA,False,,2021-08-02
2021-08-02,54.435,CASO1_PROMEDIO_ASUMIDO_REAL_RELLENO,RELLENO,1771,CASO1_PROMEDIO_ASUMIDO_REAL_RELLENO,False,,2021-08-02
2021-08-02,5.814,CASO1_PROMEDIO_ASUMIDO_REAL_ROYALICING,ROYALICING,1772,CASO1_PROMEDIO_ASUMIDO_REAL_ROYALICING,False,,2021-08-02
2021-08-02,0.128,CASO1_PROMEDIO_ASUMIDO_REAL_SABORIZANTE,SABORIZANTE,1773,CASO1_PROMEDIO_ASUMIDO_REAL_SABORIZANTE,False,,2021-08-02
2021-08-02,8.477,CASO1_PROMEDIO_ASUMIDO_REAL_TRANSFER,TRANSFER,1774,CASO1_PROMEDIO_ASUMIDO_REAL_TRANSFER,False,,2021-08-02
2021-08-09,7.788,CASO1_PROMEDIO_ASUMIDO_REAL_ACEITE,ACEITE,1775,CASO1_PROMEDIO_ASUMIDO_REAL_ACEITE,False,,2021-08-09
2021-08-09,1.798,CASO1_PROMEDIO_ASUMIDO_REAL_ADMINISTRACION,ADMINISTRACION,1776,CASO1_PROMEDIO_ASUMIDO_REAL_ADMINISTRACION,False,,2021-08-09
2021-08-09,24.023,CASO1_PROMEDIO_ASUMIDO_REAL_AMBIANTE,AMBIANTE,1777,CASO1_PROMEDIO_ASUMIDO_REAL_AMBIANTE,False,,2021-08-09
2021-08-09,5.056,CASO1_PROMEDIO_ASUMIDO_REAL_AZUCAR,AZUCAR,1778,CASO1_PROMEDIO_ASUMIDO_REAL_AZUCAR,False,,2021-08-09
2021-08-09,16.119,CASO1_PROMEDIO_ASUMIDO_REAL_BASES,BASES,1779,CASO1_PROMEDIO_ASUMIDO_REAL_BASES,False,,2021-08-09
2021-08-09,17.337,CASO1_PROMEDIO_ASUMIDO_REAL_CAPACILLOS,CAPACILLOS,1780,CASO1_PROMEDIO_ASUMIDO_REAL_CAPACILLOS,False,,2021-08-09
2021-08-09,6.208,CASO1_PROMEDIO_ASUMIDO_REAL_CASETAS,CASETAS,1781,CASO1_PROMEDIO_ASUMIDO_REAL_CASETAS,False,,2021-08-09
2021-08-09,58.595,CASO1_PROMEDIO_ASUMIDO_REAL_CHANTILLY,CHANTILLY,1782,CASO1_PROMEDIO_ASUMIDO_REAL_CHANTILLY,False,,2021-08-09
2021-08-09,81.631,CASO1_PROMEDIO_ASUMIDO_REAL_CHOCOLATE,CHOCOLATE,1783,CASO1_PROMEDIO_ASUMIDO_REAL_CHOCOLATE,False,,2021-08-09
2021-08-09,6.058,CASO1_PROMEDIO_ASUMIDO_REAL_COLORANTES,COLORANTES,1784,CASO1_PROMEDIO_ASUMIDO_REAL_COLORANTES,False,,2021-08-09
2021-08-09,5.362,CASO1_PROMEDIO_ASUMIDO_REAL_CONSUMIBLES,CONSUMIBLES,1785,CASO1_PROMEDIO_ASUMIDO_REAL_CONSUMIBLES,False,,2021-08-09
2021-08-09,45.452,CASO1_PROMEDIO_ASUMIDO_REAL_DECORACION,DECORACION,1786,CASO1_PROMEDIO_ASUMIDO_REAL_DECORACION,False,,2021-08-09
2021-08-09,17.126,CASO1_PROMEDIO_ASUMIDO_REAL_DOMO,DOMO,1787,CASO1_PROMEDIO_ASUMIDO_REAL_DOMO,False,,2021-08-09
2021-08-09,6.356,CASO1_PROMEDIO_ASUMIDO_REAL_DULCERIA,DULCERIA,1788,CASO1_PROMEDIO_ASUMIDO_REAL_DULCERIA,False,,2021-08-09
2021-08-09,64.238,CASO1_PROMEDIO_ASUMIDO_REAL_EMPAQUE,EMPAQUE,1789,CASO1_PROMEDIO_ASUMIDO_REAL_EMPAQUE,False,,2021-08-09
2021-08-09,73.614,CASO1_PROMEDIO_ASUMIDO_REAL_FONDANT,FONDANT,1790,CASO1_PROMEDIO_ASUMIDO_REAL_FONDANT,False,,2021-08-09
2021-08-09,7.895,CASO1_PROMEDIO_ASUMIDO_REAL_GALLETAS,GALLETAS,1791,CASO1_PROMEDIO_ASUMIDO_REAL_GALLETAS,False,,2021-08-09
2021-08-09,86.819,CASO1_PROMEDIO_ASUMIDO_REAL_HARINA,HARINA,1792,CASO1_PROMEDIO_ASUMIDO_REAL_HARINA,False,,2021-08-09
2021-08-09,2.393,CASO1_PROMEDIO_ASUMIDO_REAL_HORNEADO,HORNEADO,1793,CASO1_PROMEDIO_ASUMIDO_REAL_HORNEADO,False,,2021-08-09
2021-08-09,23.348,CASO1_PROMEDIO_ASUMIDO_REAL_HUEVO,HUEVO,1794,CASO1_PROMEDIO_ASUMIDO_REAL_HUEVO,False,,2021-08-09
2021-08-09,0.385,CASO1_PROMEDIO_ASUMIDO_REAL_JARABE,JARABE,1795,CASO1_PROMEDIO_ASUMIDO_REAL_JARABE,False,,2021-08-09
2021-08-09,0.42,CASO1_PROMEDIO_ASUMIDO_REAL_LECHE EN POLVO,LECHE EN POLVO,1796,CASO1_PROMEDIO_ASUMIDO_REAL_LECHE EN POLVO,False,,2021-08-09
2021-08-09,1.322,CASO1_PROMEDIO_ASUMIDO_REAL_LECHERA,LECHERA,1797,CASO1_PROMEDIO_ASUMIDO_REAL_LECHERA,False,,2021-08-09
2021-08-09,5.472,CASO1_PROMEDIO_ASUMIDO_REAL_LICORES,LICORES,1798,CASO1_PROMEDIO_ASUMIDO_REAL_LICORES,False,,2021-08-09
2021-08-09,0.188,CASO1_PROMEDIO_ASUMIDO_REAL_MANTECA VEGETAL,MANTECA VEGETAL,1799,CASO1_PROMEDIO_ASUMIDO_REAL_MANTECA VEGETAL,False,,2021-08-09
2021-08-09,15.374,CASO1_PROMEDIO_ASUMIDO_REAL_MANTEQUILLA,MANTEQUILLA,1800,CASO1_PROMEDIO_ASUMIDO_REAL_MANTEQUILLA,False,,2021-08-09
2021-08-09,11.017,CASO1_PROMEDIO_ASUMIDO_REAL_NO DEFINIDO,NO DEFINIDO,1801,CASO1_PROMEDIO_ASUMIDO_REAL_NO DEFINIDO,False,,2021-08-09
2021-08-09,16.818,CASO1_PROMEDIO_ASUMIDO_REAL_OTROS,OTROS,1802,CASO1_PROMEDIO_ASUMIDO_REAL_OTROS,False,,2021-08-09
2021-08-09,15.934,CASO1_PROMEDIO_ASUMIDO_REAL_QUESO CREMA,QUESO CREMA,1803,CASO1_PROMEDIO_ASUMIDO_REAL_QUESO CREMA,False,,2021-08-09
2021-08-09,54.435,CASO1_PROMEDIO_ASUMIDO_REAL_RELLENO,RELLENO,1804,CASO1_PROMEDIO_ASUMIDO_REAL_RELLENO,False,,2021-08-09
2021-08-09,5.814,CASO1_PROMEDIO_ASUMIDO_REAL_ROYALICING,ROYALICING,1805,CASO1_PROMEDIO_ASUMIDO_REAL_ROYALICING,False,,2021-08-09
2021-08-09,0.128,CASO1_PROMEDIO_ASUMIDO_REAL_SABORIZANTE,SABORIZANTE,1806,CASO1_PROMEDIO_ASUMIDO_REAL_SABORIZANTE,False,,2021-08-09
2021-08-09,8.477,CASO1_PROMEDIO_ASUMIDO_REAL_TRANSFER,TRANSFER,1807,CASO1_PROMEDIO_ASUMIDO_REAL_TRANSFER,False,,2021-08-09
2021-08-16,7.788,CASO1_PROMEDIO_ASUMIDO_REAL_ACEITE,ACEITE,1808,CASO1_PROMEDIO_ASUMIDO_REAL_ACEITE,False,,2021-08-16
2021-08-16,1.798,CASO1_PROMEDIO_ASUMIDO_REAL_ADMINISTRACION,ADMINISTRACION,1809,CASO1_PROMEDIO_ASUMIDO_REAL_ADMINISTRACION,False,,2021-08-16
2021-08-16,24.023,CASO1_PROMEDIO_ASUMIDO_REAL_AMBIANTE,AMBIANTE,1810,CASO1_PROMEDIO_ASUMIDO_REAL_AMBIANTE,False,,2021-08-16
2021-08-16,5.056,CASO1_PROMEDIO_ASUMIDO_REAL_AZUCAR,AZUCAR,1811,CASO1_PROMEDIO_ASUMIDO_REAL_AZUCAR,False,,2021-08-16
2021-08-16,16.119,CASO1_PROMEDIO_ASUMIDO_REAL_BASES,BASES,1812,CASO1_PROMEDIO_ASUMIDO_REAL_BASES,False,,2021-08-16
2021-08-16,17.337,CASO1_PROMEDIO_ASUMIDO_REAL_CAPACILLOS,CAPACILLOS,1813,CASO1_PROMEDIO_ASUMIDO_REAL_CAPACILLOS,False,,2021-08-16
2021-08-16,6.208,CASO1_PROMEDIO_ASUMIDO_REAL_CASETAS,CASETAS,1814,CASO1_PROMEDIO_ASUMIDO_REAL_CASETAS,False,,2021-08-16
2021-08-16,58.595,CASO1_PROMEDIO_ASUMIDO_REAL_CHANTILLY,CHANTILLY,1815,CASO1_PROMEDIO_ASUMIDO_REAL_CHANTILLY,False,,2021-08-16
2021-08-16,81.631,CASO1_PROMEDIO_ASUMIDO_REAL_CHOCOLATE,CHOCOLATE,1816,CASO1_PROMEDIO_ASUMIDO_REAL_CHOCOLATE,False,,2021-08-16
2021-08-16,6.058,CASO1_PROMEDIO_ASUMIDO_REAL_COLORANTES,COLORANTES,1817,CASO1_PROMEDIO_ASUMIDO_REAL_COLORANTES,False,,2021-08-16
2021-08-16,5.362,CASO1_PROMEDIO_ASUMIDO_REAL_CONSUMIBLES,CONSUMIBLES,1818,CASO1_PROMEDIO_ASUMIDO_REAL_CONSUMIBLES,False,,2021-08-16
2021-08-16,45.452,CASO1_PROMEDIO_ASUMIDO_REAL_DECORACION,DECORACION,1819,CASO1_PROMEDIO_ASUMIDO_REAL_DECORACION,False,,2021-08-16
2021-08-16,17.126,CASO1_PROMEDIO_ASUMIDO_REAL_DOMO,DOMO,1820,CASO1_PROMEDIO_ASUMIDO_REAL_DOMO,False,,2021-08-16
2021-08-16,6.356,CASO1_PROMEDIO_ASUMIDO_REAL_DULCERIA,DULCERIA,1821,CASO1_PROMEDIO_ASUMIDO_REAL_DULCERIA,False,,2021-08-16
2021-08-16,64.238,CASO1_PROMEDIO_ASUMIDO_REAL_EMPAQUE,EMPAQUE,1822,CASO1_PROMEDIO_ASUMIDO_REAL_EMPAQUE,False,,2021-08-16
2021-08-16,73.614,CASO1_PROMEDIO_ASUMIDO_REAL_FONDANT,FONDANT,1823,CASO1_PROMEDIO_ASUMIDO_REAL_FONDANT,False,,2021-08-16
2021-08-16,7.895,CASO1_PROMEDIO_ASUMIDO_REAL_GALLETAS,GALLETAS,1824,CASO1_PROMEDIO_ASUMIDO_REAL_GALLETAS,False,,2021-08-16
2021-08-16,86.819,CASO1_PROMEDIO_ASUMIDO_REAL_HARINA,HARINA,1825,CASO1_PROMEDIO_ASUMIDO_REAL_HARINA,False,,2021-08-16
2021-08-16,2.393,CASO1_PROMEDIO_ASUMIDO_REAL_HORNEADO,HORNEADO,1826,CASO1_PROMEDIO_ASUMIDO_REAL_HORNEADO,False,,2021-08-16
2021-08-16,23.348,CASO1_PROMEDIO_ASUMIDO_REAL_HUEVO,HUEVO,1827,CASO1_PROMEDIO_ASUMIDO_REAL_HUEVO,False,,2021-08-16
2021-08-16,0.385,CASO1_PROMEDIO_ASUMIDO_REAL_JARABE,JARABE,1828,CASO1_PROMEDIO_ASUMIDO_REAL_JARABE,False,,2021-08-16
2021-08-16,0.42,CASO1_PROMEDIO_ASUMIDO_REAL_LECHE EN POLVO,LECHE EN POLVO,1829,CASO1_PROMEDIO_ASUMIDO_REAL_LECHE EN POLVO,False,,2021-08-16
2021-08-16,1.322,CASO1_PROMEDIO_ASUMIDO_REAL_LECHERA,LECHERA,1830,CASO1_PROMEDIO_ASUMIDO_REAL_LECHERA,False,,2021-08-16
2021-08-16,5.472,CASO1_PROMEDIO_ASUMIDO_REAL_LICORES,LICORES,1831,CASO1_PROMEDIO_ASUMIDO_REAL_LICORES,False,,2021-08-16
2021-08-16,0.188,CASO1_PROMEDIO_ASUMIDO_REAL_MANTECA VEGETAL,MANTECA VEGETAL,1832,CASO1_PROMEDIO_ASUMIDO_REAL_MANTECA VEGETAL,False,,2021-08-16
2021-08-16,15.374,CASO1_PROMEDIO_ASUMIDO_REAL_MANTEQUILLA,MANTEQUILLA,1833,CASO1_PROMEDIO_ASUMIDO_REAL_MANTEQUILLA,False,,2021-08-16
2021-08-16,11.017,CASO1_PROMEDIO_ASUMIDO_REAL_NO DEFINIDO,NO DEFINIDO,1834,CASO1_PROMEDIO_ASUMIDO_REAL_NO DEFINIDO,False,,2021-08-16
2021-08-16,16.818,CASO1_PROMEDIO_ASUMIDO_REAL_OTROS,OTROS,1835,CASO1_PROMEDIO_ASUMIDO_REAL_OTROS,False,,2021-08-16
2021-08-16,15.934,CASO1_PROMEDIO_ASUMIDO_REAL_QUESO CREMA,QUESO CREMA,1836,CASO1_PROMEDIO_ASUMIDO_REAL_QUESO CREMA,False,,2021-08-16
2021-08-16,54.435,CASO1_PROMEDIO_ASUMIDO_REAL_RELLENO,RELLENO,1837,CASO1_PROMEDIO_ASUMIDO_REAL_RELLENO,False,,2021-08-16
2021-08-16,5.814,CASO1_PROMEDIO_ASUMIDO_REAL_ROYALICING,ROYALICING,1838,CASO1_PROMEDIO_ASUMIDO_REAL_ROYALICING,False,,2021-08-16
2021-08-16,0.128,CASO1_PROMEDIO_ASUMIDO_REAL_SABORIZANTE,SABORIZANTE,1839,CASO1_PROMEDIO_ASUMIDO_REAL_SABORIZANTE,False,,2021-08-16
2021-08-16,8.477,CASO1_PROMEDIO_ASUMIDO_REAL_TRANSFER,TRANSFER,1840,CASO1_PROMEDIO_ASUMIDO_REAL_TRANSFER,False,,2021-08-16
2021-08-30,4.563,CASO1_PROMEDIO_ASUMIDO_REAL_ACEITE,ACEITE,1841,CASO1_PROMEDIO_ASUMIDO_REAL_ACEITE,False,,2021-08-30
2021-08-30,1.054,CASO1_PROMEDIO_ASUMIDO_REAL_ADMINISTRACION,ADMINISTRACION,1842,CASO1_PROMEDIO_ASUMIDO_REAL_ADMINISTRACION,False,,2021-08-30
2021-08-30,14.074,CASO1_PROMEDIO_ASUMIDO_REAL_AMBIANTE,AMBIANTE,1843,CASO1_PROMEDIO_ASUMIDO_REAL_AMBIANTE,False,,2021-08-30
2021-08-30,2.962,CASO1_PROMEDIO_ASUMIDO_REAL_AZUCAR,AZUCAR,1844,CASO1_PROMEDIO_ASUMIDO_REAL_AZUCAR,False,,2021-08-30
2021-08-30,9.444,CASO1_PROMEDIO_ASUMIDO_REAL_BASES,BASES,1845,CASO1_PROMEDIO_ASUMIDO_REAL_BASES,False,,2021-08-30
2021-08-30,10.157,CASO1_PROMEDIO_ASUMIDO_REAL_CAPACILLOS,CAPACILLOS,1846,CASO1_PROMEDIO_ASUMIDO_REAL_CAPACILLOS,False,,2021-08-30
2021-08-30,3.637,CASO1_PROMEDIO_ASUMIDO_REAL_CASETAS,CASETAS,1847,CASO1_PROMEDIO_ASUMIDO_REAL_CASETAS,False,,2021-08-30
2021-08-30,34.328,CASO1_PROMEDIO_ASUMIDO_REAL_CHANTILLY,CHANTILLY,1848,CASO1_PROMEDIO_ASUMIDO_REAL_CHANTILLY,False,,2021-08-30
2021-08-30,47.824,CASO1_PROMEDIO_ASUMIDO_REAL_CHOCOLATE,CHOCOLATE,1849,CASO1_PROMEDIO_ASUMIDO_REAL_CHOCOLATE,False,,2021-08-30
2021-08-30,3.549,CASO1_PROMEDIO_ASUMIDO_REAL_COLORANTES,COLORANTES,1850,CASO1_PROMEDIO_ASUMIDO_REAL_COLORANTES,False,,2021-08-30
2021-08-30,3.142,CASO1_PROMEDIO_ASUMIDO_REAL_CONSUMIBLES,CONSUMIBLES,1851,CASO1_PROMEDIO_ASUMIDO_REAL_CONSUMIBLES,False,,2021-08-30
2021-08-30,26.629,CASO1_PROMEDIO_ASUMIDO_REAL_DECORACION,DECORACION,1852,CASO1_PROMEDIO_ASUMIDO_REAL_DECORACION,False,,2021-08-30
2021-08-30,10.033,CASO1_PROMEDIO_ASUMIDO_REAL_DOMO,DOMO,1853,CASO1_PROMEDIO_ASUMIDO_REAL_DOMO,False,,2021-08-30
2021-08-30,3.724,CASO1_PROMEDIO_ASUMIDO_REAL_DULCERIA,DULCERIA,1854,CASO1_PROMEDIO_ASUMIDO_REAL_DULCERIA,False,,2021-08-30
2021-08-30,37.634,CASO1_PROMEDIO_ASUMIDO_REAL_EMPAQUE,EMPAQUE,1855,CASO1_PROMEDIO_ASUMIDO_REAL_EMPAQUE,False,,2021-08-30
2021-08-30,43.127,CASO1_PROMEDIO_ASUMIDO_REAL_FONDANT,FONDANT,1856,CASO1_PROMEDIO_ASUMIDO_REAL_FONDANT,False,,2021-08-30
2021-08-30,4.625,CASO1_PROMEDIO_ASUMIDO_REAL_GALLETAS,GALLETAS,1857,CASO1_PROMEDIO_ASUMIDO_REAL_GALLETAS,False,,2021-08-30
2021-08-30,50.864,CASO1_PROMEDIO_ASUMIDO_REAL_HARINA,HARINA,1858,CASO1_PROMEDIO_ASUMIDO_REAL_HARINA,False,,2021-08-30
2021-08-30,1.402,CASO1_PROMEDIO_ASUMIDO_REAL_HORNEADO,HORNEADO,1859,CASO1_PROMEDIO_ASUMIDO_REAL_HORNEADO,False,,2021-08-30
2021-08-30,13.678,CASO1_PROMEDIO_ASUMIDO_REAL_HUEVO,HUEVO,1860,CASO1_PROMEDIO_ASUMIDO_REAL_HUEVO,False,,2021-08-30
2021-08-30,0.226,CASO1_PROMEDIO_ASUMIDO_REAL_JARABE,JARABE,1861,CASO1_PROMEDIO_ASUMIDO_REAL_JARABE,False,,2021-08-30
2021-08-30,0.246,CASO1_PROMEDIO_ASUMIDO_REAL_LECHE EN POLVO,LECHE EN POLVO,1862,CASO1_PROMEDIO_ASUMIDO_REAL_LECHE EN POLVO,False,,2021-08-30
2021-08-30,0.775,CASO1_PROMEDIO_ASUMIDO_REAL_LECHERA,LECHERA,1863,CASO1_PROMEDIO_ASUMIDO_REAL_LECHERA,False,,2021-08-30
2021-08-30,3.206,CASO1_PROMEDIO_ASUMIDO_REAL_LICORES,LICORES,1864,CASO1_PROMEDIO_ASUMIDO_REAL_LICORES,False,,2021-08-30
2021-08-30,0.11,CASO1_PROMEDIO_ASUMIDO_REAL_MANTECA VEGETAL,MANTECA VEGETAL,1865,CASO1_PROMEDIO_ASUMIDO_REAL_MANTECA VEGETAL,False,,2021-08-30
2021-08-30,9.007,CASO1_PROMEDIO_ASUMIDO_REAL_MANTEQUILLA,MANTEQUILLA,1866,CASO1_PROMEDIO_ASUMIDO_REAL_MANTEQUILLA,False,,2021-08-30
2021-08-30,6.454,CASO1_PROMEDIO_ASUMIDO_REAL_NO DEFINIDO,NO DEFINIDO,1867,CASO1_PROMEDIO_ASUMIDO_REAL_NO DEFINIDO,False,,2021-08-30
2021-08-30,9.853,CASO1_PROMEDIO_ASUMIDO_REAL_OTROS,OTROS,1868,CASO1_PROMEDIO_ASUMIDO_REAL_OTROS,False,,2021-08-30
2021-08-30,9.335,CASO1_PROMEDIO_ASUMIDO_REAL_QUESO CREMA,QUESO CREMA,1869,CASO1_PROMEDIO_ASUMIDO_REAL_QUESO CREMA,False,,2021-08-30
2021-08-30,31.891,CASO1_PROMEDIO_ASUMIDO_REAL_RELLENO,RELLENO,1870,CASO1_PROMEDIO_ASUMIDO_REAL_RELLENO,False,,2021-08-30
2021-08-30,3.406,CASO1_PROMEDIO_ASUMIDO_REAL_ROYALICING,ROYALICING,1871,CASO1_PROMEDIO_ASUMIDO_REAL_ROYALICING,False,,2021-08-30
2021-08-30,0.075,CASO1_PROMEDIO_ASUMIDO_REAL_SABORIZANTE,SABORIZANTE,1872,CASO1_PROMEDIO_ASUMIDO_REAL_SABORIZANTE,False,,2021-08-30
2021-08-30,4.966,CASO1_PROMEDIO_ASUMIDO_REAL_TRANSFER,TRANSFER,1873,CASO1_PROMEDIO_ASUMIDO_REAL_TRANSFER,False,,2021-08-30
2022-03-07,6.049,CASO1_PROMEDIO_ASUMIDO_REAL_ACEITE,ACEITE,1874,CASO1_PROMEDIO_ASUMIDO_REAL_ACEITE,False,,2022-03-07
2022-03-07,1.397,CASO1_PROMEDIO_ASUMIDO_REAL_ADMINISTRACION,ADMINISTRACION,1875,CASO1_PROMEDIO_ASUMIDO_REAL_ADMINISTRACION,False,,2022-03-07
2022-03-07,18.658,CASO1_PROMEDIO_ASUMIDO_REAL_AMBIANTE,AMBIANTE,1876,CASO1_PROMEDIO_ASUMIDO_REAL_AMBIANTE,False,,2022-03-07
2022-03-07,3.927,CASO1_PROMEDIO_ASUMIDO_REAL_AZUCAR,AZUCAR,1877,CASO1_PROMEDIO_ASUMIDO_REAL_AZUCAR,False,,2022-03-07
2022-03-07,12.52,CASO1_PROMEDIO_ASUMIDO_REAL_BASES,BASES,1878,CASO1_PROMEDIO_ASUMIDO_REAL_BASES,False,,2022-03-07
2022-03-07,13.465,CASO1_PROMEDIO_ASUMIDO_REAL_CAPACILLOS,CAPACILLOS,1879,CASO1_PROMEDIO_ASUMIDO_REAL_CAPACILLOS,False,,2022-03-07
2022-03-07,4.822,CASO1_PROMEDIO_ASUMIDO_REAL_CASETAS,CASETAS,1880,CASO1_PROMEDIO_ASUMIDO_REAL_CASETAS,False,,2022-03-07
2022-03-07,45.51,CASO1_PROMEDIO_ASUMIDO_REAL_CHANTILLY,CHANTILLY,1881,CASO1_PROMEDIO_ASUMIDO_REAL_CHANTILLY,False,,2022-03-07
2022-03-07,63.402,CASO1_PROMEDIO_ASUMIDO_REAL_CHOCOLATE,CHOCOLATE,1882,CASO1_PROMEDIO_ASUMIDO_REAL_CHOCOLATE,False,,2022-03-07
2022-03-07,4.705,CASO1_PROMEDIO_ASUMIDO_REAL_COLORANTES,COLORANTES,1883,CASO1_PROMEDIO_ASUMIDO_REAL_COLORANTES,False,,2022-03-07
2022-03-07,4.165,CASO1_PROMEDIO_ASUMIDO_REAL_CONSUMIBLES,CONSUMIBLES,1884,CASO1_PROMEDIO_ASUMIDO_REAL_CONSUMIBLES,False,,2022-03-07
2022-03-07,35.303,CASO1_PROMEDIO_ASUMIDO_REAL_DECORACION,DECORACION,1885,CASO1_PROMEDIO_ASUMIDO_REAL_DECORACION,False,,2022-03-07
2022-03-07,13.301,CASO1_PROMEDIO_ASUMIDO_REAL_DOMO,DOMO,1886,CASO1_PROMEDIO_ASUMIDO_REAL_DOMO,False,,2022-03-07
2022-03-07,4.937,CASO1_PROMEDIO_ASUMIDO_REAL_DULCERIA,DULCERIA,1887,CASO1_PROMEDIO_ASUMIDO_REAL_DULCERIA,False,,2022-03-07
2022-03-07,49.893,CASO1_PROMEDIO_ASUMIDO_REAL_EMPAQUE,EMPAQUE,1888,CASO1_PROMEDIO_ASUMIDO_REAL_EMPAQUE,False,,2022-03-07
2022-03-07,57.176,CASO1_PROMEDIO_ASUMIDO_REAL_FONDANT,FONDANT,1889,CASO1_PROMEDIO_ASUMIDO_REAL_FONDANT,False,,2022-03-07
2022-03-07,6.132,CASO1_PROMEDIO_ASUMIDO_REAL_GALLETAS,GALLETAS,1890,CASO1_PROMEDIO_ASUMIDO_REAL_GALLETAS,False,,2022-03-07
2022-03-07,67.432,CASO1_PROMEDIO_ASUMIDO_REAL_HARINA,HARINA,1891,CASO1_PROMEDIO_ASUMIDO_REAL_HARINA,False,,2022-03-07
2022-03-07,1.859,CASO1_PROMEDIO_ASUMIDO_REAL_HORNEADO,HORNEADO,1892,CASO1_PROMEDIO_ASUMIDO_REAL_HORNEADO,False,,2022-03-07
2022-03-07,18.134,CASO1_PROMEDIO_ASUMIDO_REAL_HUEVO,HUEVO,1893,CASO1_PROMEDIO_ASUMIDO_REAL_HUEVO,False,,2022-03-07
2022-03-07,0.299,CASO1_PROMEDIO_ASUMIDO_REAL_JARABE,JARABE,1894,CASO1_PROMEDIO_ASUMIDO_REAL_JARABE,False,,2022-03-07
2022-03-07,0.326,CASO1_PROMEDIO_ASUMIDO_REAL_LECHE EN POLVO,LECHE EN POLVO,1895,CASO1_PROMEDIO_ASUMIDO_REAL_LECHE EN POLVO,False,,2022-03-07
2022-03-07,1.027,CASO1_PROMEDIO_ASUMIDO_REAL_LECHERA,LECHERA,1896,CASO1_PROMEDIO_ASUMIDO_REAL_LECHERA,False,,2022-03-07
2022-03-07,4.25,CASO1_PROMEDIO_ASUMIDO_REAL_LICORES,LICORES,1897,CASO1_PROMEDIO_ASUMIDO_REAL_LICORES,False,,2022-03-07
2022-03-07,0.146,CASO1_PROMEDIO_ASUMIDO_REAL_MANTECA VEGETAL,MANTECA VEGETAL,1898,CASO1_PROMEDIO_ASUMIDO_REAL_MANTECA VEGETAL,False,,2022-03-07
2022-03-07,11.941,CASO1_PROMEDIO_ASUMIDO_REAL_MANTEQUILLA,MANTEQUILLA,1899,CASO1_PROMEDIO_ASUMIDO_REAL_MANTEQUILLA,False,,2022-03-07
2022-03-07,8.557,CASO1_PROMEDIO_ASUMIDO_REAL_NO DEFINIDO,NO DEFINIDO,1900,CASO1_PROMEDIO_ASUMIDO_REAL_NO DEFINIDO,False,,2022-03-07
2022-03-07,13.062,CASO1_PROMEDIO_ASUMIDO_REAL_OTROS,OTROS,1901,CASO1_PROMEDIO_ASUMIDO_REAL_OTROS,False,,2022-03-07
2022-03-07,12.376,CASO1_PROMEDIO_ASUMIDO_REAL_QUESO CREMA,QUESO CREMA,1902,CASO1_PROMEDIO_ASUMIDO_REAL_QUESO CREMA,False,,2022-03-07
2022-03-07,42.279,CASO1_PROMEDIO_ASUMIDO_REAL_RELLENO,RELLENO,1903,CASO1_PROMEDIO_ASUMIDO_REAL_RELLENO,False,,2022-03-07
2022-03-07,4.516,CASO1_PROMEDIO_ASUMIDO_REAL_ROYALICING,ROYALICING,1904,CASO1_PROMEDIO_ASUMIDO_REAL_ROYALICING,False,,2022-03-07
2022-03-07,0.1,CASO1_PROMEDIO_ASUMIDO_REAL_SABORIZANTE,SABORIZANTE,1905,CASO1_PROMEDIO_ASUMIDO_REAL_SABORIZANTE,False,,2022-03-07
2022-03-07,6.584,CASO1_PROMEDIO_ASUMIDO_REAL_TRANSFER,TRANSFER,1906,CASO1_PROMEDIO_ASUMIDO_REAL_TRANSFER,False,,2022-03-07
2022-04-11,10.557,CASO1_PROMEDIO_ASUMIDO_REAL_ACEITE,ACEITE,1907,CASO1_PROMEDIO_ASUMIDO_REAL_ACEITE,False,,2022-04-11
2022-04-11,2.438,CASO1_PROMEDIO_ASUMIDO_REAL_ADMINISTRACION,ADMINISTRACION,1908,CASO1_PROMEDIO_ASUMIDO_REAL_ADMINISTRACION,False,,2022-04-11
2022-04-11,32.566,CASO1_PROMEDIO_ASUMIDO_REAL_AMBIANTE,AMBIANTE,1909,CASO1_PROMEDIO_ASUMIDO_REAL_AMBIANTE,False,,2022-04-11
2022-04-11,6.854,CASO1_PROMEDIO_ASUMIDO_REAL_AZUCAR,AZUCAR,1910,CASO1_PROMEDIO_ASUMIDO_REAL_AZUCAR,False,,2022-04-11
2022-04-11,21.852,CASO1_PROMEDIO_ASUMIDO_REAL_BASES,BASES,1911,CASO1_PROMEDIO_ASUMIDO_REAL_BASES,False,,2022-04-11
2022-04-11,23.502,CASO1_PROMEDIO_ASUMIDO_REAL_CAPACILLOS,CAPACILLOS,1912,CASO1_PROMEDIO_ASUMIDO_REAL_CAPACILLOS,False,,2022-04-11
2022-04-11,8.416,CASO1_PROMEDIO_ASUMIDO_REAL_CASETAS,CASETAS,1913,CASO1_PROMEDIO_ASUMIDO_REAL_CASETAS,False,,2022-04-11
2022-04-11,79.433,CASO1_PROMEDIO_ASUMIDO_REAL_CHANTILLY,CHANTILLY,1914,CASO1_PROMEDIO_ASUMIDO_REAL_CHANTILLY,False,,2022-04-11
2022-04-11,110.661,CASO1_PROMEDIO_ASUMIDO_REAL_CHOCOLATE,CHOCOLATE,1915,CASO1_PROMEDIO_ASUMIDO_REAL_CHOCOLATE,False,,2022-04-11
2022-04-11,8.213,CASO1_PROMEDIO_ASUMIDO_REAL_COLORANTES,COLORANTES,1916,CASO1_PROMEDIO_ASUMIDO_REAL_COLORANTES,False,,2022-04-11
2022-04-11,7.269,CASO1_PROMEDIO_ASUMIDO_REAL_CONSUMIBLES,CONSUMIBLES,1917,CASO1_PROMEDIO_ASUMIDO_REAL_CONSUMIBLES,False,,2022-04-11
2022-04-11,61.616,CASO1_PROMEDIO_ASUMIDO_REAL_DECORACION,DECORACION,1918,CASO1_PROMEDIO_ASUMIDO_REAL_DECORACION,False,,2022-04-11
2022-04-11,23.216,CASO1_PROMEDIO_ASUMIDO_REAL_DOMO,DOMO,1919,CASO1_PROMEDIO_ASUMIDO_REAL_DOMO,False,,2022-04-11
2022-04-11,8.616,CASO1_PROMEDIO_ASUMIDO_REAL_DULCERIA,DULCERIA,1920,CASO1_PROMEDIO_ASUMIDO_REAL_DULCERIA,False,,2022-04-11
2022-04-11,87.083,CASO1_PROMEDIO_ASUMIDO_REAL_EMPAQUE,EMPAQUE,1921,CASO1_PROMEDIO_ASUMIDO_REAL_EMPAQUE,False,,2022-04-11
2022-04-11,99.793,CASO1_PROMEDIO_ASUMIDO_REAL_FONDANT,FONDANT,1922,CASO1_PROMEDIO_ASUMIDO_REAL_FONDANT,False,,2022-04-11
2022-04-11,10.703,CASO1_PROMEDIO_ASUMIDO_REAL_GALLETAS,GALLETAS,1923,CASO1_PROMEDIO_ASUMIDO_REAL_GALLETAS,False,,2022-04-11
2022-04-11,117.694,CASO1_PROMEDIO_ASUMIDO_REAL_HARINA,HARINA,1924,CASO1_PROMEDIO_ASUMIDO_REAL_HARINA,False,,2022-04-11
2022-04-11,3.244,CASO1_PROMEDIO_ASUMIDO_REAL_HORNEADO,HORNEADO,1925,CASO1_PROMEDIO_ASUMIDO_REAL_HORNEADO,False,,2022-04-11
2022-04-11,31.651,CASO1_PROMEDIO_ASUMIDO_REAL_HUEVO,HUEVO,1926,CASO1_PROMEDIO_ASUMIDO_REAL_HUEVO,False,,2022-04-11
2022-04-11,0.522,CASO1_PROMEDIO_ASUMIDO_REAL_JARABE,JARABE,1927,CASO1_PROMEDIO_ASUMIDO_REAL_JARABE,False,,2022-04-11
2022-04-11,0.569,CASO1_PROMEDIO_ASUMIDO_REAL_LECHE EN POLVO,LECHE EN POLVO,1928,CASO1_PROMEDIO_ASUMIDO_REAL_LECHE EN POLVO,False,,2022-04-11
2022-04-11,1.792,CASO1_PROMEDIO_ASUMIDO_REAL_LECHERA,LECHERA,1929,CASO1_PROMEDIO_ASUMIDO_REAL_LECHERA,False,,2022-04-11
2022-04-11,7.417,CASO1_PROMEDIO_ASUMIDO_REAL_LICORES,LICORES,1930,CASO1_PROMEDIO_ASUMIDO_REAL_LICORES,False,,2022-04-11
2022-04-11,0.255,CASO1_PROMEDIO_ASUMIDO_REAL_MANTECA VEGETAL,MANTECA VEGETAL,1931,CASO1_PROMEDIO_ASUMIDO_REAL_MANTECA VEGETAL,False,,2022-04-11
2022-04-11,20.842,CASO1_PROMEDIO_ASUMIDO_REAL_MANTEQUILLA,MANTEQUILLA,1932,CASO1_PROMEDIO_ASUMIDO_REAL_MANTEQUILLA,False,,2022-04-11
2022-04-11,14.935,CASO1_PROMEDIO_ASUMIDO_REAL_NO DEFINIDO,NO DEFINIDO,1933,CASO1_PROMEDIO_ASUMIDO_REAL_NO DEFINIDO,False,,2022-04-11
2022-04-11,22.799,CASO1_PROMEDIO_ASUMIDO_REAL_OTROS,OTROS,1934,CASO1_PROMEDIO_ASUMIDO_REAL_OTROS,False,,2022-04-11
2022-04-11,21.601,CASO1_PROMEDIO_ASUMIDO_REAL_QUESO CREMA,QUESO CREMA,1935,CASO1_PROMEDIO_ASUMIDO_REAL_QUESO CREMA,False,,2022-04-11
2022-04-11,73.793,CASO1_PROMEDIO_ASUMIDO_REAL_RELLENO,RELLENO,1936,CASO1_PROMEDIO_ASUMIDO_REAL_RELLENO,False,,2022-04-11
2022-04-11,7.882,CASO1_PROMEDIO_ASUMIDO_REAL_ROYALICING,ROYALICING,1937,CASO1_PROMEDIO_ASUMIDO_REAL_ROYALICING,False,,2022-04-11
2022-04-11,0.174,CASO1_PROMEDIO_ASUMIDO_REAL_SABORIZANTE,SABORIZANTE,1938,CASO1_PROMEDIO_ASUMIDO_REAL_SABORIZANTE,False,,2022-04-11
2022-04-11,11.492,CASO1_PROMEDIO_ASUMIDO_REAL_TRANSFER,TRANSFER,1939,CASO1_PROMEDIO_ASUMIDO_REAL_TRANSFER,False,,2022-04-11
2022-04-18,10.557,CASO1_PROMEDIO_ASUMIDO_REAL_ACEITE,ACEITE,1940,CASO1_PROMEDIO_ASUMIDO_REAL_ACEITE,False,,2022-04-18
2022-04-18,2.438,CASO1_PROMEDIO_ASUMIDO_REAL_ADMINISTRACION,ADMINISTRACION,1941,CASO1_PROMEDIO_ASUMIDO_REAL_ADMINISTRACION,False,,2022-04-18
2022-04-18,32.566,CASO1_PROMEDIO_ASUMIDO_REAL_AMBIANTE,AMBIANTE,1942,CASO1_PROMEDIO_ASUMIDO_REAL_AMBIANTE,False,,2022-04-18
2022-04-18,6.854,CASO1_PROMEDIO_ASUMIDO_REAL_AZUCAR,AZUCAR,1943,CASO1_PROMEDIO_ASUMIDO_REAL_AZUCAR,False,,2022-04-18
2022-04-18,21.852,CASO1_PROMEDIO_ASUMIDO_REAL_BASES,BASES,1944,CASO1_PROMEDIO_ASUMIDO_REAL_BASES,False,,2022-04-18
2022-04-18,23.502,CASO1_PROMEDIO_ASUMIDO_REAL_CAPACILLOS,CAPACILLOS,1945,CASO1_PROMEDIO_ASUMIDO_REAL_CAPACILLOS,False,,2022-04-18
2022-04-18,8.416,CASO1_PROMEDIO_ASUMIDO_REAL_CASETAS,CASETAS,1946,CASO1_PROMEDIO_ASUMIDO_REAL_CASETAS,False,,2022-04-18
2022-04-18,79.433,CASO1_PROMEDIO_ASUMIDO_REAL_CHANTILLY,CHANTILLY,1947,CASO1_PROMEDIO_ASUMIDO_REAL_CHANTILLY,False,,2022-04-18
2022-04-18,110.661,CASO1_PROMEDIO_ASUMIDO_REAL_CHOCOLATE,CHOCOLATE,1948,CASO1_PROMEDIO_ASUMIDO_REAL_CHOCOLATE,False,,2022-04-18
2022-04-18,8.213,CASO1_PROMEDIO_ASUMIDO_REAL_COLORANTES,COLORANTES,1949,CASO1_PROMEDIO_ASUMIDO_REAL_COLORANTES,False,,2022-04-18
2022-04-18,7.269,CASO1_PROMEDIO_ASUMIDO_REAL_CONSUMIBLES,CONSUMIBLES,1950,CASO1_PROMEDIO_ASUMIDO_REAL_CONSUMIBLES,False,,2022-04-18
2022-04-18,61.616,CASO1_PROMEDIO_ASUMIDO_REAL_DECORACION,DECORACION,1951,CASO1_PROMEDIO_ASUMIDO_REAL_DECORACION,False,,2022-04-18
2022-04-18,23.216,CASO1_PROMEDIO_ASUMIDO_REAL_DOMO,DOMO,1952,CASO1_PROMEDIO_ASUMIDO_REAL_DOMO,False,,2022-04-18
2022-04-18,8.616,CASO1_PROMEDIO_ASUMIDO_REAL_DULCERIA,DULCERIA,1953,CASO1_PROMEDIO_ASUMIDO_REAL_DULCERIA,False,,2022-04-18
2022-04-18,87.083,CASO1_PROMEDIO_ASUMIDO_REAL_EMPAQUE,EMPAQUE,1954,CASO1_PROMEDIO_ASUMIDO_REAL_EMPAQUE,False,,2022-04-18
2022-04-18,99.793,CASO1_PROMEDIO_ASUMIDO_REAL_FONDANT,FONDANT,1955,CASO1_PROMEDIO_ASUMIDO_REAL_FONDANT,False,,2022-04-18
2022-04-18,10.703,CASO1_PROMEDIO_ASUMIDO_REAL_GALLETAS,GALLETAS,1956,CASO1_PROMEDIO_ASUMIDO_REAL_GALLETAS,False,,2022-04-18
2022-04-18,117.694,CASO1_PROMEDIO_ASUMIDO_REAL_HARINA,HARINA,1957,CASO1_PROMEDIO_ASUMIDO_REAL_HARINA,False,,2022-04-18
2022-04-18,3.244,CASO1_PROMEDIO_ASUMIDO_REAL_HORNEADO,HORNEADO,1958,CASO1_PROMEDIO_ASUMIDO_REAL_HORNEADO,False,,2022-04-18
2022-04-18,31.651,CASO1_PROMEDIO_ASUMIDO_REAL_HUEVO,HUEVO,1959,CASO1_PROMEDIO_ASUMIDO_REAL_HUEVO,False,,2022-04-18
2022-04-18,0.522,CASO1_PROMEDIO_ASUMIDO_REAL_JARABE,JARABE,1960,CASO1_PROMEDIO_ASUMIDO_REAL_JARABE,False,,2022-04-18
2022-04-18,0.569,CASO1_PROMEDIO_ASUMIDO_REAL_LECHE EN POLVO,LECHE EN POLVO,1961,CASO1_PROMEDIO_ASUMIDO_REAL_LECHE EN POLVO,False,,2022-04-18
2022-04-18,1.792,CASO1_PROMEDIO_ASUMIDO_REAL_LECHERA,LECHERA,1962,CASO1_PROMEDIO_ASUMIDO_REAL_LECHERA,False,,2022-04-18
2022-04-18,7.417,CASO1_PROMEDIO_ASUMIDO_REAL_LICORES,LICORES,1963,CASO1_PROMEDIO_ASUMIDO_REAL_LICORES,False,,2022-04-18
2022-04-18,0.255,CASO1_PROMEDIO_ASUMIDO_REAL_MANTECA VEGETAL,MANTECA VEGETAL,1964,CASO1_PROMEDIO_ASUMIDO_REAL_MANTECA VEGETAL,False,,2022-04-18
2022-04-18,20.842,CASO1_PROMEDIO_ASUMIDO_REAL_MANTEQUILLA,MANTEQUILLA,1965,CASO1_PROMEDIO_ASUMIDO_REAL_MANTEQUILLA,False,,2022-04-18
2022-04-18,14.935,CASO1_PROMEDIO_ASUMIDO_REAL_NO DEFINIDO,NO DEFINIDO,1966,CASO1_PROMEDIO_ASUMIDO_REAL_NO DEFINIDO,False,,2022-04-18
2022-04-18,22.799,CASO1_PROMEDIO_ASUMIDO_REAL_OTROS,OTROS,1967,CASO1_PROMEDIO_ASUMIDO_REAL_OTROS,False,,2022-04-18
2022-04-18,21.601,CASO1_PROMEDIO_ASUMIDO_REAL_QUESO CREMA,QUESO CREMA,1968,CASO1_PROMEDIO_ASUMIDO_REAL_QUESO CREMA,False,,2022-04-18
2022-04-18,73.793,CASO1_PROMEDIO_ASUMIDO_REAL_RELLENO,RELLENO,1969,CASO1_PROMEDIO_ASUMIDO_REAL_RELLENO,False,,2022-04-18
2022-04-18,7.882,CASO1_PROMEDIO_ASUMIDO_REAL_ROYALICING,ROYALICING,1970,CASO1_PROMEDIO_ASUMIDO_REAL_ROYALICING,False,,2022-04-18
2022-04-18,0.174,CASO1_PROMEDIO_ASUMIDO_REAL_SABORIZANTE,SABORIZANTE,1971,CASO1_PROMEDIO_ASUMIDO_REAL_SABORIZANTE,False,,2022-04-18
2022-04-18,11.492,CASO1_PROMEDIO_ASUMIDO_REAL_TRANSFER,TRANSFER,1972,CASO1_PROMEDIO_ASUMIDO_REAL_TRANSFER,False,,2022-04-18
2022-05-02,12.187,CASO1_PROMEDIO_ASUMIDO_REAL_ACEITE,ACEITE,1973,CASO1_PROMEDIO_ASUMIDO_REAL_ACEITE,False,,2022-05-02
2022-05-02,2.814,CASO1_PROMEDIO_ASUMIDO_REAL_ADMINISTRACION,ADMINISTRACION,1974,CASO1_PROMEDIO_ASUMIDO_REAL_ADMINISTRACION,False,,2022-05-02
2022-05-02,37.592,CASO1_PROMEDIO_ASUMIDO_REAL_AMBIANTE,AMBIANTE,1975,CASO1_PROMEDIO_ASUMIDO_REAL_AMBIANTE,False,,2022-05-02
2022-05-02,7.912,CASO1_PROMEDIO_ASUMIDO_REAL_AZUCAR,AZUCAR,1976,CASO1_PROMEDIO_ASUMIDO_REAL_AZUCAR,False,,2022-05-02
2022-05-02,25.225,CASO1_PROMEDIO_ASUMIDO_REAL_BASES,BASES,1977,CASO1_PROMEDIO_ASUMIDO_REAL_BASES,False,,2022-05-02
2022-05-02,27.129,CASO1_PROMEDIO_ASUMIDO_REAL_CAPACILLOS,CAPACILLOS,1978,CASO1_PROMEDIO_ASUMIDO_REAL_CAPACILLOS,False,,2022-05-02
2022-05-02,9.715,CASO1_PROMEDIO_ASUMIDO_REAL_CASETAS,CASETAS,1979,CASO1_PROMEDIO_ASUMIDO_REAL_CASETAS,False,,2022-05-02
2022-05-02,91.693,CASO1_PROMEDIO_ASUMIDO_REAL_CHANTILLY,CHANTILLY,1980,CASO1_PROMEDIO_ASUMIDO_REAL_CHANTILLY,False,,2022-05-02
2022-05-02,127.742,CASO1_PROMEDIO_ASUMIDO_REAL_CHOCOLATE,CHOCOLATE,1981,CASO1_PROMEDIO_ASUMIDO_REAL_CHOCOLATE,False,,2022-05-02
2022-05-02,9.48,CASO1_PROMEDIO_ASUMIDO_REAL_COLORANTES,COLORANTES,1982,CASO1_PROMEDIO_ASUMIDO_REAL_COLORANTES,False,,2022-05-02
2022-05-02,8.391,CASO1_PROMEDIO_ASUMIDO_REAL_CONSUMIBLES,CONSUMIBLES,1983,CASO1_PROMEDIO_ASUMIDO_REAL_CONSUMIBLES,False,,2022-05-02
2022-05-02,71.127,CASO1_PROMEDIO_ASUMIDO_REAL_DECORACION,DECORACION,1984,CASO1_PROMEDIO_ASUMIDO_REAL_DECORACION,False,,2022-05-02
2022-05-02,26.799,CASO1_PROMEDIO_ASUMIDO_REAL_DOMO,DOMO,1985,CASO1_PROMEDIO_ASUMIDO_REAL_DOMO,False,,2022-05-02
2022-05-02,9.946,CASO1_PROMEDIO_ASUMIDO_REAL_DULCERIA,DULCERIA,1986,CASO1_PROMEDIO_ASUMIDO_REAL_DULCERIA,False,,2022-05-02
2022-05-02,100.523,CASO1_PROMEDIO_ASUMIDO_REAL_EMPAQUE,EMPAQUE,1987,CASO1_PROMEDIO_ASUMIDO_REAL_EMPAQUE,False,,2022-05-02
2022-05-02,115.196,CASO1_PROMEDIO_ASUMIDO_REAL_FONDANT,FONDANT,1988,CASO1_PROMEDIO_ASUMIDO_REAL_FONDANT,False,,2022-05-02
2022-05-02,12.355,CASO1_PROMEDIO_ASUMIDO_REAL_GALLETAS,GALLETAS,1989,CASO1_PROMEDIO_ASUMIDO_REAL_GALLETAS,False,,2022-05-02
2022-05-02,135.86,CASO1_PROMEDIO_ASUMIDO_REAL_HARINA,HARINA,1990,CASO1_PROMEDIO_ASUMIDO_REAL_HARINA,False,,2022-05-02
2022-05-02,3.745,CASO1_PROMEDIO_ASUMIDO_REAL_HORNEADO,HORNEADO,1991,CASO1_PROMEDIO_ASUMIDO_REAL_HORNEADO,False,,2022-05-02
2022-05-02,36.536,CASO1_PROMEDIO_ASUMIDO_REAL_HUEVO,HUEVO,1992,CASO1_PROMEDIO_ASUMIDO_REAL_HUEVO,False,,2022-05-02
2022-05-02,0.603,CASO1_PROMEDIO_ASUMIDO_REAL_JARABE,JARABE,1993,CASO1_PROMEDIO_ASUMIDO_REAL_JARABE,False,,2022-05-02
2022-05-02,0.656,CASO1_PROMEDIO_ASUMIDO_REAL_LECHE EN POLVO,LECHE EN POLVO,1994,CASO1_PROMEDIO_ASUMIDO_REAL_LECHE EN POLVO,False,,2022-05-02
2022-05-02,2.069,CASO1_PROMEDIO_ASUMIDO_REAL_LECHERA,LECHERA,1995,CASO1_PROMEDIO_ASUMIDO_REAL_LECHERA,False,,2022-05-02
2022-05-02,8.562,CASO1_PROMEDIO_ASUMIDO_REAL_LICORES,LICORES,1996,CASO1_PROMEDIO_ASUMIDO_REAL_LICORES,False,,2022-05-02
2022-05-02,0.295,CASO1_PROMEDIO_ASUMIDO_REAL_MANTECA VEGETAL,MANTECA VEGETAL,1997,CASO1_PROMEDIO_ASUMIDO_REAL_MANTECA VEGETAL,False,,2022-05-02
2022-05-02,24.059,CASO1_PROMEDIO_ASUMIDO_REAL_MANTEQUILLA,MANTEQUILLA,1998,CASO1_PROMEDIO_ASUMIDO_REAL_MANTEQUILLA,False,,2022-05-02
2022-05-02,17.24,CASO1_PROMEDIO_ASUMIDO_REAL_NO DEFINIDO,NO DEFINIDO,1999,CASO1_PROMEDIO_ASUMIDO_REAL_NO DEFINIDO,False,,2022-05-02
2022-05-02,26.318,CASO1_PROMEDIO_ASUMIDO_REAL_OTROS,OTROS,2000,CASO1_PROMEDIO_ASUMIDO_REAL_OTROS,False,,2022-05-02
2022-05-02,24.935,CASO1_PROMEDIO_ASUMIDO_REAL_QUESO CREMA,QUESO CREMA,2001,CASO1_PROMEDIO_ASUMIDO_REAL_QUESO CREMA,False,,2022-05-02
2022-05-02,85.182,CASO1_PROMEDIO_ASUMIDO_REAL_RELLENO,RELLENO,2002,CASO1_PROMEDIO_ASUMIDO_REAL_RELLENO,False,,2022-05-02
2022-05-02,9.098,CASO1_PROMEDIO_ASUMIDO_REAL_ROYALICING,ROYALICING,2003,CASO1_PROMEDIO_ASUMIDO_REAL_ROYALICING,False,,2022-05-02
2022-05-02,0.201,CASO1_PROMEDIO_ASUMIDO_REAL_SABORIZANTE,SABORIZANTE,2004,CASO1_PROMEDIO_ASUMIDO_REAL_SABORIZANTE,False,,2022-05-02
2022-05-02,13.265,CASO1_PROMEDIO_ASUMIDO_REAL_TRANSFER,TRANSFER,2005,CASO1_PROMEDIO_ASUMIDO_REAL_TRANSFER,False,,2022-05-02
2022-05-16,9.833,CASO1_PROMEDIO_ASUMIDO_REAL_ACEITE,ACEITE,2006,CASO1_PROMEDIO_ASUMIDO_REAL_ACEITE,False,,2022-05-16
2022-05-16,2.27,CASO1_PROMEDIO_ASUMIDO_REAL_ADMINISTRACION,ADMINISTRACION,2007,CASO1_PROMEDIO_ASUMIDO_REAL_ADMINISTRACION,False,,2022-05-16
2022-05-16,30.33,CASO1_PROMEDIO_ASUMIDO_REAL_AMBIANTE,AMBIANTE,2008,CASO1_PROMEDIO_ASUMIDO_REAL_AMBIANTE,False,,2022-05-16
2022-05-16,6.383,CASO1_PROMEDIO_ASUMIDO_REAL_AZUCAR,AZUCAR,2009,CASO1_PROMEDIO_ASUMIDO_REAL_AZUCAR,False,,2022-05-16
2022-05-16,20.352,CASO1_PROMEDIO_ASUMIDO_REAL_BASES,BASES,2010,CASO1_PROMEDIO_ASUMIDO_REAL_BASES,False,,2022-05-16
2022-05-16,21.888,CASO1_PROMEDIO_ASUMIDO_REAL_CAPACILLOS,CAPACILLOS,2011,CASO1_PROMEDIO_ASUMIDO_REAL_CAPACILLOS,False,,2022-05-16
2022-05-16,7.838,CASO1_PROMEDIO_ASUMIDO_REAL_CASETAS,CASETAS,2012,CASO1_PROMEDIO_ASUMIDO_REAL_CASETAS,False,,2022-05-16
2022-05-16,73.979,CASO1_PROMEDIO_ASUMIDO_REAL_CHANTILLY,CHANTILLY,2013,CASO1_PROMEDIO_ASUMIDO_REAL_CHANTILLY,False,,2022-05-16
2022-05-16,103.064,CASO1_PROMEDIO_ASUMIDO_REAL_CHOCOLATE,CHOCOLATE,2014,CASO1_PROMEDIO_ASUMIDO_REAL_CHOCOLATE,False,,2022-05-16
2022-05-16,7.649,CASO1_PROMEDIO_ASUMIDO_REAL_COLORANTES,COLORANTES,2015,CASO1_PROMEDIO_ASUMIDO_REAL_COLORANTES,False,,2022-05-16
2022-05-16,6.77,CASO1_PROMEDIO_ASUMIDO_REAL_CONSUMIBLES,CONSUMIBLES,2016,CASO1_PROMEDIO_ASUMIDO_REAL_CONSUMIBLES,False,,2022-05-16
2022-05-16,57.386,CASO1_PROMEDIO_ASUMIDO_REAL_DECORACION,DECORACION,2017,CASO1_PROMEDIO_ASUMIDO_REAL_DECORACION,False,,2022-05-16
2022-05-16,21.622,CASO1_PROMEDIO_ASUMIDO_REAL_DOMO,DOMO,2018,CASO1_PROMEDIO_ASUMIDO_REAL_DOMO,False,,2022-05-16
2022-05-16,8.025,CASO1_PROMEDIO_ASUMIDO_REAL_DULCERIA,DULCERIA,2019,CASO1_PROMEDIO_ASUMIDO_REAL_DULCERIA,False,,2022-05-16
2022-05-16,81.104,CASO1_PROMEDIO_ASUMIDO_REAL_EMPAQUE,EMPAQUE,2020,CASO1_PROMEDIO_ASUMIDO_REAL_EMPAQUE,False,,2022-05-16
2022-05-16,92.941,CASO1_PROMEDIO_ASUMIDO_REAL_FONDANT,FONDANT,2021,CASO1_PROMEDIO_ASUMIDO_REAL_FONDANT,False,,2022-05-16
2022-05-16,9.968,CASO1_PROMEDIO_ASUMIDO_REAL_GALLETAS,GALLETAS,2022,CASO1_PROMEDIO_ASUMIDO_REAL_GALLETAS,False,,2022-05-16
2022-05-16,109.614,CASO1_PROMEDIO_ASUMIDO_REAL_HARINA,HARINA,2023,CASO1_PROMEDIO_ASUMIDO_REAL_HARINA,False,,2022-05-16
2022-05-16,3.022,CASO1_PROMEDIO_ASUMIDO_REAL_HORNEADO,HORNEADO,2024,CASO1_PROMEDIO_ASUMIDO_REAL_HORNEADO,False,,2022-05-16
2022-05-16,29.478,CASO1_PROMEDIO_ASUMIDO_REAL_HUEVO,HUEVO,2025,CASO1_PROMEDIO_ASUMIDO_REAL_HUEVO,False,,2022-05-16
2022-05-16,0.486,CASO1_PROMEDIO_ASUMIDO_REAL_JARABE,JARABE,2026,CASO1_PROMEDIO_ASUMIDO_REAL_JARABE,False,,2022-05-16
2022-05-16,0.53,CASO1_PROMEDIO_ASUMIDO_REAL_LECHE EN POLVO,LECHE EN POLVO,2027,CASO1_PROMEDIO_ASUMIDO_REAL_LECHE EN POLVO,False,,2022-05-16
2022-05-16,1.669,CASO1_PROMEDIO_ASUMIDO_REAL_LECHERA,LECHERA,2028,CASO1_PROMEDIO_ASUMIDO_REAL_LECHERA,False,,2022-05-16
2022-05-16,6.908,CASO1_PROMEDIO_ASUMIDO_REAL_LICORES,LICORES,2029,CASO1_PROMEDIO_ASUMIDO_REAL_LICORES,False,,2022-05-16
2022-05-16,0.238,CASO1_PROMEDIO_ASUMIDO_REAL_MANTECA VEGETAL,MANTECA VEGETAL,2030,CASO1_PROMEDIO_ASUMIDO_REAL_MANTECA VEGETAL,False,,2022-05-16
2022-05-16,19.411,CASO1_PROMEDIO_ASUMIDO_REAL_MANTEQUILLA,MANTEQUILLA,2031,CASO1_PROMEDIO_ASUMIDO_REAL_MANTEQUILLA,False,,2022-05-16
2022-05-16,13.909,CASO1_PROMEDIO_ASUMIDO_REAL_NO DEFINIDO,NO DEFINIDO,2032,CASO1_PROMEDIO_ASUMIDO_REAL_NO DEFINIDO,False,,2022-05-16
2022-05-16,21.233,CASO1_PROMEDIO_ASUMIDO_REAL_OTROS,OTROS,2033,CASO1_PROMEDIO_ASUMIDO_REAL_OTROS,False,,2022-05-16
2022-05-16,20.118,CASO1_PROMEDIO_ASUMIDO_REAL_QUESO CREMA,QUESO CREMA,2034,CASO1_PROMEDIO_ASUMIDO_REAL_QUESO CREMA,False,,2022-05-16
2022-05-16,68.726,CASO1_PROMEDIO_ASUMIDO_REAL_RELLENO,RELLENO,2035,CASO1_PROMEDIO_ASUMIDO_REAL_RELLENO,False,,2022-05-16
2022-05-16,7.341,CASO1_PROMEDIO_ASUMIDO_REAL_ROYALICING,ROYALICING,2036,CASO1_PROMEDIO_ASUMIDO_REAL_ROYALICING,False,,2022-05-16
2022-05-16,0.162,CASO1_PROMEDIO_ASUMIDO_REAL_SABORIZANTE,SABORIZANTE,2037,CASO1_PROMEDIO_ASUMIDO_REAL_SABORIZANTE,False,,2022-05-16
2022-05-16,10.703,CASO1_PROMEDIO_ASUMIDO_REAL_TRANSFER,TRANSFER,2038,CASO1_PROMEDIO_ASUMIDO_REAL_TRANSFER,False,,2022-05-16
2022-05-23,9.833,CASO1_PROMEDIO_ASUMIDO_REAL_ACEITE,ACEITE,2039,CASO1_PROMEDIO_ASUMIDO_REAL_ACEITE,False,,2022-05-23
2022-05-23,2.27,CASO1_PROMEDIO_ASUMIDO_REAL_ADMINISTRACION,ADMINISTRACION,2040,CASO1_PROMEDIO_ASUMIDO_REAL_ADMINISTRACION,False,,2022-05-23
2022-05-23,30.33,CASO1_PROMEDIO_ASUMIDO_REAL_AMBIANTE,AMBIANTE,2041,CASO1_PROMEDIO_ASUMIDO_REAL_AMBIANTE,False,,2022-05-23
2022-05-23,6.383,CASO1_PROMEDIO_ASUMIDO_REAL_AZUCAR,AZUCAR,2042,CASO1_PROMEDIO_ASUMIDO_REAL_AZUCAR,False,,2022-05-23
2022-05-23,20.352,CASO1_PROMEDIO_ASUMIDO_REAL_BASES,BASES,2043,CASO1_PROMEDIO_ASUMIDO_REAL_BASES,False,,2022-05-23
2022-05-23,21.888,CASO1_PROMEDIO_ASUMIDO_REAL_CAPACILLOS,CAPACILLOS,2044,CASO1_PROMEDIO_ASUMIDO_REAL_CAPACILLOS,False,,2022-05-23
2022-05-23,7.838,CASO1_PROMEDIO_ASUMIDO_REAL_CASETAS,CASETAS,2045,CASO1_PROMEDIO_ASUMIDO_REAL_CASETAS,False,,2022-05-23
2022-05-23,73.979,CASO1_PROMEDIO_ASUMIDO_REAL_CHANTILLY,CHANTILLY,2046,CASO1_PROMEDIO_ASUMIDO_REAL_CHANTILLY,False,,2022-05-23
2022-05-23,103.064,CASO1_PROMEDIO_ASUMIDO_REAL_CHOCOLATE,CHOCOLATE,2047,CASO1_PROMEDIO_ASUMIDO_REAL_CHOCOLATE,False,,2022-05-23
2022-05-23,7.649,CASO1_PROMEDIO_ASUMIDO_REAL_COLORANTES,COLORANTES,2048,CASO1_PROMEDIO_ASUMIDO_REAL_COLORANTES,False,,2022-05-23
2022-05-23,6.77,CASO1_PROMEDIO_ASUMIDO_REAL_CONSUMIBLES,CONSUMIBLES,2049,CASO1_PROMEDIO_ASUMIDO_REAL_CONSUMIBLES,False,,2022-05-23
2022-05-23,57.386,CASO1_PROMEDIO_ASUMIDO_REAL_DECORACION,DECORACION,2050,CASO1_PROMEDIO_ASUMIDO_REAL_DECORACION,False,,2022-05-23
2022-05-23,21.622,CASO1_PROMEDIO_ASUMIDO_REAL_DOMO,DOMO,2051,CASO1_PROMEDIO_ASUMIDO_REAL_DOMO,False,,2022-05-23
2022-05-23,8.025,CASO1_PROMEDIO_ASUMIDO_REAL_DULCERIA,DULCERIA,2052,CASO1_PROMEDIO_ASUMIDO_REAL_DULCERIA,False,,2022-05-23
2022-05-23,81.104,CASO1_PROMEDIO_ASUMIDO_REAL_EMPAQUE,EMPAQUE,2053,CASO1_PROMEDIO_ASUMIDO_REAL_EMPAQUE,False,,2022-05-23
2022-05-23,92.941,CASO1_PROMEDIO_ASUMIDO_REAL_FONDANT,FONDANT,2054,CASO1_PROMEDIO_ASUMIDO_REAL_FONDANT,False,,2022-05-23
2022-05-23,9.968,CASO1_PROMEDIO_ASUMIDO_REAL_GALLETAS,GALLETAS,2055,CASO1_PROMEDIO_ASUMIDO_REAL_GALLETAS,False,,2022-05-23
2022-05-23,109.614,CASO1_PROMEDIO_ASUMIDO_REAL_HARINA,HARINA,2056,CASO1_PROMEDIO_ASUMIDO_REAL_HARINA,False,,2022-05-23
2022-05-23,3.022,CASO1_PROMEDIO_ASUMIDO_REAL_HORNEADO,HORNEADO,2057,CASO1_PROMEDIO_ASUMIDO_REAL_HORNEADO,False,,2022-05-23
2022-05-23,29.478,CASO1_PROMEDIO_ASUMIDO_REAL_HUEVO,HUEVO,2058,CASO1_PROMEDIO_ASUMIDO_REAL_HUEVO,False,,2022-05-23
2022-05-23,0.486,CASO1_PROMEDIO_ASUMIDO_REAL_JARABE,JARABE,2059,CASO1_PROMEDIO_ASUMIDO_REAL_JARABE,False,,2022-05-23
2022-05-23,0.53,CASO1_PROMEDIO_ASUMIDO_REAL_LECHE EN POLVO,LECHE EN POLVO,2060,CASO1_PROMEDIO_ASUMIDO_REAL_LECHE EN POLVO,False,,2022-05-23
2022-05-23,1.669,CASO1_PROMEDIO_ASUMIDO_REAL_LECHERA,LECHERA,2061,CASO1_PROMEDIO_ASUMIDO_REAL_LECHERA,False,,2022-05-23
2022-05-23,6.908,CASO1_PROMEDIO_ASUMIDO_REAL_LICORES,LICORES,2062,CASO1_PROMEDIO_ASUMIDO_REAL_LICORES,False,,2022-05-23
2022-05-23,0.238,CASO1_PROMEDIO_ASUMIDO_REAL_MANTECA VEGETAL,MANTECA VEGETAL,2063,CASO1_PROMEDIO_ASUMIDO_REAL_MANTECA VEGETAL,False,,2022-05-23
2022-05-23,19.411,CASO1_PROMEDIO_ASUMIDO_REAL_MANTEQUILLA,MANTEQUILLA,2064,CASO1_PROMEDIO_ASUMIDO_REAL_MANTEQUILLA,False,,2022-05-23
2022-05-23,13.909,CASO1_PROMEDIO_ASUMIDO_REAL_NO DEFINIDO,NO DEFINIDO,2065,CASO1_PROMEDIO_ASUMIDO_REAL_NO DEFINIDO,False,,2022-05-23
2022-05-23,21.233,CASO1_PROMEDIO_ASUMIDO_REAL_OTROS,OTROS,2066,CASO1_PROMEDIO_ASUMIDO_REAL_OTROS,False,,2022-05-23
2022-05-23,20.118,CASO1_PROMEDIO_ASUMIDO_REAL_QUESO CREMA,QUESO CREMA,2067,CASO1_PROMEDIO_ASUMIDO_REAL_QUESO CREMA,False,,2022-05-23
2022-05-23,68.726,CASO1_PROMEDIO_ASUMIDO_REAL_RELLENO,RELLENO,2068,CASO1_PROMEDIO_ASUMIDO_REAL_RELLENO,False,,2022-05-23
2022-05-23,7.341,CASO1_PROMEDIO_ASUMIDO_REAL_ROYALICING,ROYALICING,2069,CASO1_PROMEDIO_ASUMIDO_REAL_ROYALICING,False,,2022-05-23
2022-05-23,0.162,CASO1_PROMEDIO_ASUMIDO_REAL_SABORIZANTE,SABORIZANTE,2070,CASO1_PROMEDIO_ASUMIDO_REAL_SABORIZANTE,False,,2022-05-23
2022-05-23,10.703,CASO1_PROMEDIO_ASUMIDO_REAL_TRANSFER,TRANSFER,2071,CASO1_PROMEDIO_ASUMIDO_REAL_TRANSFER,False,,2022-05-23
2022-07-04,5.893,CASO1_PROMEDIO_ASUMIDO_REAL_ACEITE,ACEITE,2072,CASO1_PROMEDIO_ASUMIDO_REAL_ACEITE,False,,2022-07-04
2022-07-04,1.361,CASO1_PROMEDIO_ASUMIDO_REAL_ADMINISTRACION,ADMINISTRACION,2073,CASO1_PROMEDIO_ASUMIDO_REAL_ADMINISTRACION,False,,2022-07-04
2022-07-04,18.178,CASO1_PROMEDIO_ASUMIDO_REAL_AMBIANTE,AMBIANTE,2074,CASO1_PROMEDIO_ASUMIDO_REAL_AMBIANTE,False,,2022-07-04
2022-07-04,3.826,CASO1_PROMEDIO_ASUMIDO_REAL_AZUCAR,AZUCAR,2075,CASO1_PROMEDIO_ASUMIDO_REAL_AZUCAR,False,,2022-07-04
2022-07-04,12.198,CASO1_PROMEDIO_ASUMIDO_REAL_BASES,BASES,2076,CASO1_PROMEDIO_ASUMIDO_REAL_BASES,False,,2022-07-04
2022-07-04,13.119,CASO1_PROMEDIO_ASUMIDO_REAL_CAPACILLOS,CAPACILLOS,2077,CASO1_PROMEDIO_ASUMIDO_REAL_CAPACILLOS,False,,2022-07-04
2022-07-04,4.698,CASO1_PROMEDIO_ASUMIDO_REAL_CASETAS,CASETAS,2078,CASO1_PROMEDIO_ASUMIDO_REAL_CASETAS,False,,2022-07-04
2022-07-04,44.339,CASO1_PROMEDIO_ASUMIDO_REAL_CHANTILLY,CHANTILLY,2079,CASO1_PROMEDIO_ASUMIDO_REAL_CHANTILLY,False,,2022-07-04
2022-07-04,61.771,CASO1_PROMEDIO_ASUMIDO_REAL_CHOCOLATE,CHOCOLATE,2080,CASO1_PROMEDIO_ASUMIDO_REAL_CHOCOLATE,False,,2022-07-04
2022-07-04,4.584,CASO1_PROMEDIO_ASUMIDO_REAL_COLORANTES,COLORANTES,2081,CASO1_PROMEDIO_ASUMIDO_REAL_COLORANTES,False,,2022-07-04
2022-07-04,4.058,CASO1_PROMEDIO_ASUMIDO_REAL_CONSUMIBLES,CONSUMIBLES,2082,CASO1_PROMEDIO_ASUMIDO_REAL_CONSUMIBLES,False,,2022-07-04
2022-07-04,34.394,CASO1_PROMEDIO_ASUMIDO_REAL_DECORACION,DECORACION,2083,CASO1_PROMEDIO_ASUMIDO_REAL_DECORACION,False,,2022-07-04
2022-07-04,12.959,CASO1_PROMEDIO_ASUMIDO_REAL_DOMO,DOMO,2084,CASO1_PROMEDIO_ASUMIDO_REAL_DOMO,False,,2022-07-04
2022-07-04,4.81,CASO1_PROMEDIO_ASUMIDO_REAL_DULCERIA,DULCERIA,2085,CASO1_PROMEDIO_ASUMIDO_REAL_DULCERIA,False,,2022-07-04
2022-07-04,48.609,CASO1_PROMEDIO_ASUMIDO_REAL_EMPAQUE,EMPAQUE,2086,CASO1_PROMEDIO_ASUMIDO_REAL_EMPAQUE,False,,2022-07-04
2022-07-04,55.704,CASO1_PROMEDIO_ASUMIDO_REAL_FONDANT,FONDANT,2087,CASO1_PROMEDIO_ASUMIDO_REAL_FONDANT,False,,2022-07-04
2022-07-04,5.974,CASO1_PROMEDIO_ASUMIDO_REAL_GALLETAS,GALLETAS,2088,CASO1_PROMEDIO_ASUMIDO_REAL_GALLETAS,False,,2022-07-04
2022-07-04,65.697,CASO1_PROMEDIO_ASUMIDO_REAL_HARINA,HARINA,2089,CASO1_PROMEDIO_ASUMIDO_REAL_HARINA,False,,2022-07-04
2022-07-04,1.811,CASO1_PROMEDIO_ASUMIDO_REAL_HORNEADO,HORNEADO,2090,CASO1_PROMEDIO_ASUMIDO_REAL_HORNEADO,False,,2022-07-04
2022-07-04,17.667,CASO1_PROMEDIO_ASUMIDO_REAL_HUEVO,HUEVO,2091,CASO1_PROMEDIO_ASUMIDO_REAL_HUEVO,False,,2022-07-04
2022-07-04,0.292,CASO1_PROMEDIO_ASUMIDO_REAL_JARABE,JARABE,2092,CASO1_PROMEDIO_ASUMIDO_REAL_JARABE,False,,2022-07-04
2022-07-04,0.318,CASO1_PROMEDIO_ASUMIDO_REAL_LECHE EN POLVO,LECHE EN POLVO,2093,CASO1_PROMEDIO_ASUMIDO_REAL_LECHE EN POLVO,False,,2022-07-04
2022-07-04,1.0,CASO1_PROMEDIO_ASUMIDO_REAL_LECHERA,LECHERA,2094,CASO1_PROMEDIO_ASUMIDO_REAL_LECHERA,False,,2022-07-04
2022-07-04,4.14,CASO1_PROMEDIO_ASUMIDO_REAL_LICORES,LICORES,2095,CASO1_PROMEDIO_ASUMIDO_REAL_LICORES,False,,2022-07-04
2022-07-04,0.143,CASO1_PROMEDIO_ASUMIDO_REAL_MANTECA VEGETAL,MANTECA VEGETAL,2096,CASO1_PROMEDIO_ASUMIDO_REAL_MANTECA VEGETAL,False,,2022-07-04
2022-07-04,11.634,CASO1_PROMEDIO_ASUMIDO_REAL_MANTEQUILLA,MANTEQUILLA,2097,CASO1_PROMEDIO_ASUMIDO_REAL_MANTEQUILLA,False,,2022-07-04
2022-07-04,8.336,CASO1_PROMEDIO_ASUMIDO_REAL_NO DEFINIDO,NO DEFINIDO,2098,CASO1_PROMEDIO_ASUMIDO_REAL_NO DEFINIDO,False,,2022-07-04
2022-07-04,12.726,CASO1_PROMEDIO_ASUMIDO_REAL_OTROS,OTROS,2099,CASO1_PROMEDIO_ASUMIDO_REAL_OTROS,False,,2022-07-04
2022-07-04,12.058,CASO1_PROMEDIO_ASUMIDO_REAL_QUESO CREMA,QUESO CREMA,2100,CASO1_PROMEDIO_ASUMIDO_REAL_QUESO CREMA,False,,2022-07-04
2022-07-04,41.191,CASO1_PROMEDIO_ASUMIDO_REAL_RELLENO,RELLENO,2101,CASO1_PROMEDIO_ASUMIDO_REAL_RELLENO,False,,2022-07-04
2022-07-04,4.4,CASO1_PROMEDIO_ASUMIDO_REAL_ROYALICING,ROYALICING,2102,CASO1_PROMEDIO_ASUMIDO_REAL_ROYALICING,False,,2022-07-04
2022-07-04,0.097,CASO1_PROMEDIO_ASUMIDO_REAL_SABORIZANTE,SABORIZANTE,2103,CASO1_PROMEDIO_ASUMIDO_REAL_SABORIZANTE,False,,2022-07-04
2022-07-04,6.415,CASO1_PROMEDIO_ASUMIDO_REAL_TRANSFER,TRANSFER,2104,CASO1_PROMEDIO_ASUMIDO_REAL_TRANSFER,False,,2022-07-04
2022-07-11,5.893,CASO1_PROMEDIO_ASUMIDO_REAL_ACEITE,ACEITE,2105,CASO1_PROMEDIO_ASUMIDO_REAL_ACEITE,False,,2022-07-11
2022-07-11,1.361,CASO1_PROMEDIO_ASUMIDO_REAL_ADMINISTRACION,ADMINISTRACION,2106,CASO1_PROMEDIO_ASUMIDO_REAL_ADMINISTRACION,False,,2022-07-11
2022-07-11,18.178,CASO1_PROMEDIO_ASUMIDO_REAL_AMBIANTE,AMBIANTE,2107,CASO1_PROMEDIO_ASUMIDO_REAL_AMBIANTE,False,,2022-07-11
2022-07-11,3.826,CASO1_PROMEDIO_ASUMIDO_REAL_AZUCAR,AZUCAR,2108,CASO1_PROMEDIO_ASUMIDO_REAL_AZUCAR,False,,2022-07-11
2022-07-11,12.198,CASO1_PROMEDIO_ASUMIDO_REAL_BASES,BASES,2109,CASO1_PROMEDIO_ASUMIDO_REAL_BASES,False,,2022-07-11
2022-07-11,13.119,CASO1_PROMEDIO_ASUMIDO_REAL_CAPACILLOS,CAPACILLOS,2110,CASO1_PROMEDIO_ASUMIDO_REAL_CAPACILLOS,False,,2022-07-11
2022-07-11,4.698,CASO1_PROMEDIO_ASUMIDO_REAL_CASETAS,CASETAS,2111,CASO1_PROMEDIO_ASUMIDO_REAL_CASETAS,False,,2022-07-11
2022-07-11,44.339,CASO1_PROMEDIO_ASUMIDO_REAL_CHANTILLY,CHANTILLY,2112,CASO1_PROMEDIO_ASUMIDO_REAL_CHANTILLY,False,,2022-07-11
2022-07-11,61.771,CASO1_PROMEDIO_ASUMIDO_REAL_CHOCOLATE,CHOCOLATE,2113,CASO1_PROMEDIO_ASUMIDO_REAL_CHOCOLATE,False,,2022-07-11
2022-07-11,4.584,CASO1_PROMEDIO_ASUMIDO_REAL_COLORANTES,COLORANTES,2114,CASO1_PROMEDIO_ASUMIDO_REAL_COLORANTES,False,,2022-07-11
2022-07-11,4.058,CASO1_PROMEDIO_ASUMIDO_REAL_CONSUMIBLES,CONSUMIBLES,2115,CASO1_PROMEDIO_ASUMIDO_REAL_CONSUMIBLES,False,,2022-07-11
2022-07-11,34.394,CASO1_PROMEDIO_ASUMIDO_REAL_DECORACION,DECORACION,2116,CASO1_PROMEDIO_ASUMIDO_REAL_DECORACION,False,,2022-07-11
2022-07-11,12.959,CASO1_PROMEDIO_ASUMIDO_REAL_DOMO,DOMO,2117,CASO1_PROMEDIO_ASUMIDO_REAL_DOMO,False,,2022-07-11
2022-07-11,4.81,CASO1_PROMEDIO_ASUMIDO_REAL_DULCERIA,DULCERIA,2118,CASO1_PROMEDIO_ASUMIDO_REAL_DULCERIA,False,,2022-07-11
2022-07-11,48.609,CASO1_PROMEDIO_ASUMIDO_REAL_EMPAQUE,EMPAQUE,2119,CASO1_PROMEDIO_ASUMIDO_REAL_EMPAQUE,False,,2022-07-11
2022-07-11,55.704,CASO1_PROMEDIO_ASUMIDO_REAL_FONDANT,FONDANT,2120,CASO1_PROMEDIO_ASUMIDO_REAL_FONDANT,False,,2022-07-11
2022-07-11,5.974,CASO1_PROMEDIO_ASUMIDO_REAL_GALLETAS,GALLETAS,2121,CASO1_PROMEDIO_ASUMIDO_REAL_GALLETAS,False,,2022-07-11
2022-07-11,65.697,CASO1_PROMEDIO_ASUMIDO_REAL_HARINA,HARINA,2122,CASO1_PROMEDIO_ASUMIDO_REAL_HARINA,False,,2022-07-11
2022-07-11,1.811,CASO1_PROMEDIO_ASUMIDO_REAL_HORNEADO,HORNEADO,2123,CASO1_PROMEDIO_ASUMIDO_REAL_HORNEADO,False,,2022-07-11
2022-07-11,17.667,CASO1_PROMEDIO_ASUMIDO_REAL_HUEVO,HUEVO,2124,CASO1_PROMEDIO_ASUMIDO_REAL_HUEVO,False,,2022-07-11
2022-07-11,0.292,CASO1_PROMEDIO_ASUMIDO_REAL_JARABE,JARABE,2125,CASO1_PROMEDIO_ASUMIDO_REAL_JARABE,False,,2022-07-11
2022-07-11,0.318,CASO1_PROMEDIO_ASUMIDO_REAL_LECHE EN POLVO,LECHE EN POLVO,2126,CASO1_PROMEDIO_ASUMIDO_REAL_LECHE EN POLVO,False,,2022-07-11
2022-07-11,1.0,CASO1_PROMEDIO_ASUMIDO_REAL_LECHERA,LECHERA,2127,CASO1_PROMEDIO_ASUMIDO_REAL_LECHERA,False,,2022-07-11
2022-07-11,4.14,CASO1_PROMEDIO_ASUMIDO_REAL_LICORES,LICORES,2128,CASO1_PROMEDIO_ASUMIDO_REAL_LICORES,False,,2022-07-11
2022-07-11,0.143,CASO1_PROMEDIO_ASUMIDO_REAL_MANTECA VEGETAL,MANTECA VEGETAL,2129,CASO1_PROMEDIO_ASUMIDO_REAL_MANTECA VEGETAL,False,,2022-07-11
2022-07-11,11.634,CASO1_PROMEDIO_ASUMIDO_REAL_MANTEQUILLA,MANTEQUILLA,2130,CASO1_PROMEDIO_ASUMIDO_REAL_MANTEQUILLA,False,,2022-07-11
2022-07-11,8.336,CASO1_PROMEDIO_ASUMIDO_REAL_NO DEFINIDO,NO DEFINIDO,2131,CASO1_PROMEDIO_ASUMIDO_REAL_NO DEFINIDO,False,,2022-07-11
2022-07-11,12.726,CASO1_PROMEDIO_ASUMIDO_REAL_OTROS,OTROS,2132,CASO1_PROMEDIO_ASUMIDO_REAL_OTROS,False,,2022-07-11
2022-07-11,12.058,CASO1_PROMEDIO_ASUMIDO_REAL_QUESO CREMA,QUESO CREMA,2133,CASO1_PROMEDIO_ASUMIDO_REAL_QUESO CREMA,False,,2022-07-11
2022-07-11,41.191,CASO1_PROMEDIO_ASUMIDO_REAL_RELLENO,RELLENO,2134,CASO1_PROMEDIO_ASUMIDO_REAL_RELLENO,False,,2022-07-11
2022-07-11,4.4,CASO1_PROMEDIO_ASUMIDO_REAL_ROYALICING,ROYALICING,2135,CASO1_PROMEDIO_ASUMIDO_REAL_ROYALICING,False,,2022-07-11
2022-07-11,0.097,CASO1_PROMEDIO_ASUMIDO_REAL_SABORIZANTE,SABORIZANTE,2136,CASO1_PROMEDIO_ASUMIDO_REAL_SABORIZANTE,False,,2022-07-11
2022-07-11,6.415,CASO1_PROMEDIO_ASUMIDO_REAL_TRANSFER,TRANSFER,2137,CASO1_PROMEDIO_ASUMIDO_REAL_TRANSFER,False,,2022-07-11
2022-10-10,3.694,CASO1_PROMEDIO_ASUMIDO_REAL_ACEITE,ACEITE,2138,CASO1_PROMEDIO_ASUMIDO_REAL_ACEITE,False,,2022-10-10
2022-10-10,0.853,CASO1_PROMEDIO_ASUMIDO_REAL_ADMINISTRACION,ADMINISTRACION,2139,CASO1_PROMEDIO_ASUMIDO_REAL_ADMINISTRACION,False,,2022-10-10
2022-10-10,11.396,CASO1_PROMEDIO_ASUMIDO_REAL_AMBIANTE,AMBIANTE,2140,CASO1_PROMEDIO_ASUMIDO_REAL_AMBIANTE,False,,2022-10-10
2022-10-10,2.399,CASO1_PROMEDIO_ASUMIDO_REAL_AZUCAR,AZUCAR,2141,CASO1_PROMEDIO_ASUMIDO_REAL_AZUCAR,False,,2022-10-10
2022-10-10,7.647,CASO1_PROMEDIO_ASUMIDO_REAL_BASES,BASES,2142,CASO1_PROMEDIO_ASUMIDO_REAL_BASES,False,,2022-10-10
2022-10-10,8.224,CASO1_PROMEDIO_ASUMIDO_REAL_CAPACILLOS,CAPACILLOS,2143,CASO1_PROMEDIO_ASUMIDO_REAL_CAPACILLOS,False,,2022-10-10
2022-10-10,2.945,CASO1_PROMEDIO_ASUMIDO_REAL_CASETAS,CASETAS,2144,CASO1_PROMEDIO_ASUMIDO_REAL_CASETAS,False,,2022-10-10
2022-10-10,27.797,CASO1_PROMEDIO_ASUMIDO_REAL_CHANTILLY,CHANTILLY,2145,CASO1_PROMEDIO_ASUMIDO_REAL_CHANTILLY,False,,2022-10-10
2022-10-10,38.725,CASO1_PROMEDIO_ASUMIDO_REAL_CHOCOLATE,CHOCOLATE,2146,CASO1_PROMEDIO_ASUMIDO_REAL_CHOCOLATE,False,,2022-10-10
2022-10-10,2.874,CASO1_PROMEDIO_ASUMIDO_REAL_COLORANTES,COLORANTES,2147,CASO1_PROMEDIO_ASUMIDO_REAL_COLORANTES,False,,2022-10-10
2022-10-10,2.544,CASO1_PROMEDIO_ASUMIDO_REAL_CONSUMIBLES,CONSUMIBLES,2148,CASO1_PROMEDIO_ASUMIDO_REAL_CONSUMIBLES,False,,2022-10-10
2022-10-10,21.562,CASO1_PROMEDIO_ASUMIDO_REAL_DECORACION,DECORACION,2149,CASO1_PROMEDIO_ASUMIDO_REAL_DECORACION,False,,2022-10-10
2022-10-10,8.124,CASO1_PROMEDIO_ASUMIDO_REAL_DOMO,DOMO,2150,CASO1_PROMEDIO_ASUMIDO_REAL_DOMO,False,,2022-10-10
2022-10-10,3.015,CASO1_PROMEDIO_ASUMIDO_REAL_DULCERIA,DULCERIA,2151,CASO1_PROMEDIO_ASUMIDO_REAL_DULCERIA,False,,2022-10-10
2022-10-10,30.474,CASO1_PROMEDIO_ASUMIDO_REAL_EMPAQUE,EMPAQUE,2152,CASO1_PROMEDIO_ASUMIDO_REAL_EMPAQUE,False,,2022-10-10
2022-10-10,34.922,CASO1_PROMEDIO_ASUMIDO_REAL_FONDANT,FONDANT,2153,CASO1_PROMEDIO_ASUMIDO_REAL_FONDANT,False,,2022-10-10
2022-10-10,3.745,CASO1_PROMEDIO_ASUMIDO_REAL_GALLETAS,GALLETAS,2154,CASO1_PROMEDIO_ASUMIDO_REAL_GALLETAS,False,,2022-10-10
2022-10-10,41.186,CASO1_PROMEDIO_ASUMIDO_REAL_HARINA,HARINA,2155,CASO1_PROMEDIO_ASUMIDO_REAL_HARINA,False,,2022-10-10
2022-10-10,1.135,CASO1_PROMEDIO_ASUMIDO_REAL_HORNEADO,HORNEADO,2156,CASO1_PROMEDIO_ASUMIDO_REAL_HORNEADO,False,,2022-10-10
2022-10-10,11.076,CASO1_PROMEDIO_ASUMIDO_REAL_HUEVO,HUEVO,2157,CASO1_PROMEDIO_ASUMIDO_REAL_HUEVO,False,,2022-10-10
2022-10-10,0.183,CASO1_PROMEDIO_ASUMIDO_REAL_JARABE,JARABE,2158,CASO1_PROMEDIO_ASUMIDO_REAL_JARABE,False,,2022-10-10
2022-10-10,0.199,CASO1_PROMEDIO_ASUMIDO_REAL_LECHE EN POLVO,LECHE EN POLVO,2159,CASO1_PROMEDIO_ASUMIDO_REAL_LECHE EN POLVO,False,,2022-10-10
2022-10-10,0.627,CASO1_PROMEDIO_ASUMIDO_REAL_LECHERA,LECHERA,2160,CASO1_PROMEDIO_ASUMIDO_REAL_LECHERA,False,,2022-10-10
2022-10-10,2.596,CASO1_PROMEDIO_ASUMIDO_REAL_LICORES,LICORES,2161,CASO1_PROMEDIO_ASUMIDO_REAL_LICORES,False,,2022-10-10
2022-10-10,0.089,CASO1_PROMEDIO_ASUMIDO_REAL_MANTECA VEGETAL,MANTECA VEGETAL,2162,CASO1_PROMEDIO_ASUMIDO_REAL_MANTECA VEGETAL,False,,2022-10-10
2022-10-10,7.293,CASO1_PROMEDIO_ASUMIDO_REAL_MANTEQUILLA,MANTEQUILLA,2163,CASO1_PROMEDIO_ASUMIDO_REAL_MANTEQUILLA,False,,2022-10-10
2022-10-10,5.226,CASO1_PROMEDIO_ASUMIDO_REAL_NO DEFINIDO,NO DEFINIDO,2164,CASO1_PROMEDIO_ASUMIDO_REAL_NO DEFINIDO,False,,2022-10-10
2022-10-10,7.978,CASO1_PROMEDIO_ASUMIDO_REAL_OTROS,OTROS,2165,CASO1_PROMEDIO_ASUMIDO_REAL_OTROS,False,,2022-10-10
2022-10-10,7.559,CASO1_PROMEDIO_ASUMIDO_REAL_QUESO CREMA,QUESO CREMA,2166,CASO1_PROMEDIO_ASUMIDO_REAL_QUESO CREMA,False,,2022-10-10
2022-10-10,25.823,CASO1_PROMEDIO_ASUMIDO_REAL_RELLENO,RELLENO,2167,CASO1_PROMEDIO_ASUMIDO_REAL_RELLENO,False,,2022-10-10
2022-10-10,2.758,CASO1_PROMEDIO_ASUMIDO_REAL_ROYALICING,ROYALICING,2168,CASO1_PROMEDIO_ASUMIDO_REAL_ROYALICING,False,,2022-10-10
2022-10-10,0.061,CASO1_PROMEDIO_ASUMIDO_REAL_SABORIZANTE,SABORIZANTE,2169,CASO1_PROMEDIO_ASUMIDO_REAL_SABORIZANTE,False,,2022-10-10
2022-10-10,4.021,CASO1_PROMEDIO_ASUMIDO_REAL_TRANSFER,TRANSFER,2170,CASO1_PROMEDIO_ASUMIDO_REAL_TRANSFER,False,,2022-10-10
2023-04-10,4.275,CASO1_PROMEDIO_ASUMIDO_REAL_ACEITE,ACEITE,2171,CASO1_PROMEDIO_ASUMIDO_REAL_ACEITE,False,,2023-04-10
2023-04-10,0.987,CASO1_PROMEDIO_ASUMIDO_REAL_ADMINISTRACION,ADMINISTRACION,2172,CASO1_PROMEDIO_ASUMIDO_REAL_ADMINISTRACION,False,,2023-04-10
2023-04-10,13.188,CASO1_PROMEDIO_ASUMIDO_REAL_AMBIANTE,AMBIANTE,2173,CASO1_PROMEDIO_ASUMIDO_REAL_AMBIANTE,False,,2023-04-10
2023-04-10,2.776,CASO1_PROMEDIO_ASUMIDO_REAL_AZUCAR,AZUCAR,2174,CASO1_PROMEDIO_ASUMIDO_REAL_AZUCAR,False,,2023-04-10
2023-04-10,8.849,CASO1_PROMEDIO_ASUMIDO_REAL_BASES,BASES,2175,CASO1_PROMEDIO_ASUMIDO_REAL_BASES,False,,2023-04-10
2023-04-10,9.517,CASO1_PROMEDIO_ASUMIDO_REAL_CAPACILLOS,CAPACILLOS,2176,CASO1_PROMEDIO_ASUMIDO_REAL_CAPACILLOS,False,,2023-04-10
2023-04-10,3.408,CASO1_PROMEDIO_ASUMIDO_REAL_CASETAS,CASETAS,2177,CASO1_PROMEDIO_ASUMIDO_REAL_CASETAS,False,,2023-04-10
2023-04-10,32.166,CASO1_PROMEDIO_ASUMIDO_REAL_CHANTILLY,CHANTILLY,2178,CASO1_PROMEDIO_ASUMIDO_REAL_CHANTILLY,False,,2023-04-10
2023-04-10,44.812,CASO1_PROMEDIO_ASUMIDO_REAL_CHOCOLATE,CHOCOLATE,2179,CASO1_PROMEDIO_ASUMIDO_REAL_CHOCOLATE,False,,2023-04-10
2023-04-10,3.326,CASO1_PROMEDIO_ASUMIDO_REAL_COLORANTES,COLORANTES,2180,CASO1_PROMEDIO_ASUMIDO_REAL_COLORANTES,False,,2023-04-10
2023-04-10,2.944,CASO1_PROMEDIO_ASUMIDO_REAL_CONSUMIBLES,CONSUMIBLES,2181,CASO1_PROMEDIO_ASUMIDO_REAL_CONSUMIBLES,False,,2023-04-10
2023-04-10,24.952,CASO1_PROMEDIO_ASUMIDO_REAL_DECORACION,DECORACION,2182,CASO1_PROMEDIO_ASUMIDO_REAL_DECORACION,False,,2023-04-10
2023-04-10,9.401,CASO1_PROMEDIO_ASUMIDO_REAL_DOMO,DOMO,2183,CASO1_PROMEDIO_ASUMIDO_REAL_DOMO,False,,2023-04-10
2023-04-10,3.489,CASO1_PROMEDIO_ASUMIDO_REAL_DULCERIA,DULCERIA,2184,CASO1_PROMEDIO_ASUMIDO_REAL_DULCERIA,False,,2023-04-10
2023-04-10,35.264,CASO1_PROMEDIO_ASUMIDO_REAL_EMPAQUE,EMPAQUE,2185,CASO1_PROMEDIO_ASUMIDO_REAL_EMPAQUE,False,,2023-04-10
2023-04-10,40.411,CASO1_PROMEDIO_ASUMIDO_REAL_FONDANT,FONDANT,2186,CASO1_PROMEDIO_ASUMIDO_REAL_FONDANT,False,,2023-04-10
2023-04-10,4.334,CASO1_PROMEDIO_ASUMIDO_REAL_GALLETAS,GALLETAS,2187,CASO1_PROMEDIO_ASUMIDO_REAL_GALLETAS,False,,2023-04-10
2023-04-10,47.66,CASO1_PROMEDIO_ASUMIDO_REAL_HARINA,HARINA,2188,CASO1_PROMEDIO_ASUMIDO_REAL_HARINA,False,,2023-04-10
2023-04-10,1.314,CASO1_PROMEDIO_ASUMIDO_REAL_HORNEADO,HORNEADO,2189,CASO1_PROMEDIO_ASUMIDO_REAL_HORNEADO,False,,2023-04-10
2023-04-10,12.817,CASO1_PROMEDIO_ASUMIDO_REAL_HUEVO,HUEVO,2190,CASO1_PROMEDIO_ASUMIDO_REAL_HUEVO,False,,2023-04-10
2023-04-10,0.212,CASO1_PROMEDIO_ASUMIDO_REAL_JARABE,JARABE,2191,CASO1_PROMEDIO_ASUMIDO_REAL_JARABE,False,,2023-04-10
2023-04-10,0.23,CASO1_PROMEDIO_ASUMIDO_REAL_LECHE EN POLVO,LECHE EN POLVO,2192,CASO1_PROMEDIO_ASUMIDO_REAL_LECHE EN POLVO,False,,2023-04-10
2023-04-10,0.726,CASO1_PROMEDIO_ASUMIDO_REAL_LECHERA,LECHERA,2193,CASO1_PROMEDIO_ASUMIDO_REAL_LECHERA,False,,2023-04-10
2023-04-10,3.004,CASO1_PROMEDIO_ASUMIDO_REAL_LICORES,LICORES,2194,CASO1_PROMEDIO_ASUMIDO_REAL_LICORES,False,,2023-04-10
2023-04-10,0.103,CASO1_PROMEDIO_ASUMIDO_REAL_MANTECA VEGETAL,MANTECA VEGETAL,2195,CASO1_PROMEDIO_ASUMIDO_REAL_MANTECA VEGETAL,False,,2023-04-10
2023-04-10,8.44,CASO1_PROMEDIO_ASUMIDO_REAL_MANTEQUILLA,MANTEQUILLA,2196,CASO1_PROMEDIO_ASUMIDO_REAL_MANTEQUILLA,False,,2023-04-10
2023-04-10,6.048,CASO1_PROMEDIO_ASUMIDO_REAL_NO DEFINIDO,NO DEFINIDO,2197,CASO1_PROMEDIO_ASUMIDO_REAL_NO DEFINIDO,False,,2023-04-10
2023-04-10,9.232,CASO1_PROMEDIO_ASUMIDO_REAL_OTROS,OTROS,2198,CASO1_PROMEDIO_ASUMIDO_REAL_OTROS,False,,2023-04-10
2023-04-10,8.747,CASO1_PROMEDIO_ASUMIDO_REAL_QUESO CREMA,QUESO CREMA,2199,CASO1_PROMEDIO_ASUMIDO_REAL_QUESO CREMA,False,,2023-04-10
2023-04-10,29.882,CASO1_PROMEDIO_ASUMIDO_REAL_RELLENO,RELLENO,2200,CASO1_PROMEDIO_ASUMIDO_REAL_RELLENO,False,,2023-04-10
2023-04-10,3.192,CASO1_PROMEDIO_ASUMIDO_REAL_ROYALICING,ROYALICING,2201,CASO1_PROMEDIO_ASUMIDO_REAL_ROYALICING,False,,2023-04-10
2023-04-10,0.07,CASO1_PROMEDIO_ASUMIDO_REAL_SABORIZANTE,SABORIZANTE,2202,CASO1_PROMEDIO_ASUMIDO_REAL_SABORIZANTE,False,,2023-04-10
2023-04-10,4.654,CASO1_PROMEDIO_ASUMIDO_REAL_TRANSFER,TRANSFER,2203,CASO1_PROMEDIO_ASUMIDO_REAL_TRANSFER,False,,2023-04-10
2023-05-08,7.731,CASO1_PROMEDIO_ASUMIDO_REAL_ACEITE,ACEITE,2204,CASO1_PROMEDIO_ASUMIDO_REAL_ACEITE,False,,2023-05-08
2023-05-08,1.785,CASO1_PROMEDIO_ASUMIDO_REAL_ADMINISTRACION,ADMINISTRACION,2205,CASO1_PROMEDIO_ASUMIDO_REAL_ADMINISTRACION,False,,2023-05-08
2023-05-08,23.846,CASO1_PROMEDIO_ASUMIDO_REAL_AMBIANTE,AMBIANTE,2206,CASO1_PROMEDIO_ASUMIDO_REAL_AMBIANTE,False,,2023-05-08
2023-05-08,5.019,CASO1_PROMEDIO_ASUMIDO_REAL_AZUCAR,AZUCAR,2207,CASO1_PROMEDIO_ASUMIDO_REAL_AZUCAR,False,,2023-05-08
2023-05-08,16.001,CASO1_PROMEDIO_ASUMIDO_REAL_BASES,BASES,2208,CASO1_PROMEDIO_ASUMIDO_REAL_BASES,False,,2023-05-08
2023-05-08,17.209,CASO1_PROMEDIO_ASUMIDO_REAL_CAPACILLOS,CAPACILLOS,2209,CASO1_PROMEDIO_ASUMIDO_REAL_CAPACILLOS,False,,2023-05-08
2023-05-08,6.162,CASO1_PROMEDIO_ASUMIDO_REAL_CASETAS,CASETAS,2210,CASO1_PROMEDIO_ASUMIDO_REAL_CASETAS,False,,2023-05-08
2023-05-08,58.164,CASO1_PROMEDIO_ASUMIDO_REAL_CHANTILLY,CHANTILLY,2211,CASO1_PROMEDIO_ASUMIDO_REAL_CHANTILLY,False,,2023-05-08
2023-05-08,81.03,CASO1_PROMEDIO_ASUMIDO_REAL_CHOCOLATE,CHOCOLATE,2212,CASO1_PROMEDIO_ASUMIDO_REAL_CHOCOLATE,False,,2023-05-08
2023-05-08,6.014,CASO1_PROMEDIO_ASUMIDO_REAL_COLORANTES,COLORANTES,2213,CASO1_PROMEDIO_ASUMIDO_REAL_COLORANTES,False,,2023-05-08
2023-05-08,5.323,CASO1_PROMEDIO_ASUMIDO_REAL_CONSUMIBLES,CONSUMIBLES,2214,CASO1_PROMEDIO_ASUMIDO_REAL_CONSUMIBLES,False,,2023-05-08
2023-05-08,45.118,CASO1_PROMEDIO_ASUMIDO_REAL_DECORACION,DECORACION,2215,CASO1_PROMEDIO_ASUMIDO_REAL_DECORACION,False,,2023-05-08
2023-05-08,16.999,CASO1_PROMEDIO_ASUMIDO_REAL_DOMO,DOMO,2216,CASO1_PROMEDIO_ASUMIDO_REAL_DOMO,False,,2023-05-08
2023-05-08,6.309,CASO1_PROMEDIO_ASUMIDO_REAL_DULCERIA,DULCERIA,2217,CASO1_PROMEDIO_ASUMIDO_REAL_DULCERIA,False,,2023-05-08
2023-05-08,63.765,CASO1_PROMEDIO_ASUMIDO_REAL_EMPAQUE,EMPAQUE,2218,CASO1_PROMEDIO_ASUMIDO_REAL_EMPAQUE,False,,2023-05-08
2023-05-08,73.072,CASO1_PROMEDIO_ASUMIDO_REAL_FONDANT,FONDANT,2219,CASO1_PROMEDIO_ASUMIDO_REAL_FONDANT,False,,2023-05-08
2023-05-08,7.837,CASO1_PROMEDIO_ASUMIDO_REAL_GALLETAS,GALLETAS,2220,CASO1_PROMEDIO_ASUMIDO_REAL_GALLETAS,False,,2023-05-08
2023-05-08,86.18,CASO1_PROMEDIO_ASUMIDO_REAL_HARINA,HARINA,2221,CASO1_PROMEDIO_ASUMIDO_REAL_HARINA,False,,2023-05-08
2023-05-08,2.376,CASO1_PROMEDIO_ASUMIDO_REAL_HORNEADO,HORNEADO,2222,CASO1_PROMEDIO_ASUMIDO_REAL_HORNEADO,False,,2023-05-08
2023-05-08,23.176,CASO1_PROMEDIO_ASUMIDO_REAL_HUEVO,HUEVO,2223,CASO1_PROMEDIO_ASUMIDO_REAL_HUEVO,False,,2023-05-08
2023-05-08,0.382,CASO1_PROMEDIO_ASUMIDO_REAL_JARABE,JARABE,2224,CASO1_PROMEDIO_ASUMIDO_REAL_JARABE,False,,2023-05-08
2023-05-08,0.416,CASO1_PROMEDIO_ASUMIDO_REAL_LECHE EN POLVO,LECHE EN POLVO,2225,CASO1_PROMEDIO_ASUMIDO_REAL_LECHE EN POLVO,False,,2023-05-08
2023-05-08,1.312,CASO1_PROMEDIO_ASUMIDO_REAL_LECHERA,LECHERA,2226,CASO1_PROMEDIO_ASUMIDO_REAL_LECHERA,False,,2023-05-08
2023-05-08,5.431,CASO1_PROMEDIO_ASUMIDO_REAL_LICORES,LICORES,2227,CASO1_PROMEDIO_ASUMIDO_REAL_LICORES,False,,2023-05-08
2023-05-08,0.187,CASO1_PROMEDIO_ASUMIDO_REAL_MANTECA VEGETAL,MANTECA VEGETAL,2228,CASO1_PROMEDIO_ASUMIDO_REAL_MANTECA VEGETAL,False,,2023-05-08
2023-05-08,15.261,CASO1_PROMEDIO_ASUMIDO_REAL_MANTEQUILLA,MANTEQUILLA,2229,CASO1_PROMEDIO_ASUMIDO_REAL_MANTEQUILLA,False,,2023-05-08
2023-05-08,10.936,CASO1_PROMEDIO_ASUMIDO_REAL_NO DEFINIDO,NO DEFINIDO,2230,CASO1_PROMEDIO_ASUMIDO_REAL_NO DEFINIDO,False,,2023-05-08
2023-05-08,16.694,CASO1_PROMEDIO_ASUMIDO_REAL_OTROS,OTROS,2231,CASO1_PROMEDIO_ASUMIDO_REAL_OTROS,False,,2023-05-08
2023-05-08,15.817,CASO1_PROMEDIO_ASUMIDO_REAL_QUESO CREMA,QUESO CREMA,2232,CASO1_PROMEDIO_ASUMIDO_REAL_QUESO CREMA,False,,2023-05-08
2023-05-08,54.034,CASO1_PROMEDIO_ASUMIDO_REAL_RELLENO,RELLENO,2233,CASO1_PROMEDIO_ASUMIDO_REAL_RELLENO,False,,2023-05-08
2023-05-08,5.771,CASO1_PROMEDIO_ASUMIDO_REAL_ROYALICING,ROYALICING,2234,CASO1_PROMEDIO_ASUMIDO_REAL_ROYALICING,False,,2023-05-08
2023-05-08,0.128,CASO1_PROMEDIO_ASUMIDO_REAL_SABORIZANTE,SABORIZANTE,2235,CASO1_PROMEDIO_ASUMIDO_REAL_SABORIZANTE,False,,2023-05-08
2023-05-08,8.415,CASO1_PROMEDIO_ASUMIDO_REAL_TRANSFER,TRANSFER,2236,CASO1_PROMEDIO_ASUMIDO_REAL_TRANSFER,False,,2023-05-08
2023-06-19,4.785,CASO1_PROMEDIO_ASUMIDO_REAL_ACEITE,ACEITE,2237,CASO1_PROMEDIO_ASUMIDO_REAL_ACEITE,False,,2023-06-19
2023-06-19,1.105,CASO1_PROMEDIO_ASUMIDO_REAL_ADMINISTRACION,ADMINISTRACION,2238,CASO1_PROMEDIO_ASUMIDO_REAL_ADMINISTRACION,False,,2023-06-19
2023-06-19,14.759,CASO1_PROMEDIO_ASUMIDO_REAL_AMBIANTE,AMBIANTE,2239,CASO1_PROMEDIO_ASUMIDO_REAL_AMBIANTE,False,,2023-06-19
2023-06-19,3.106,CASO1_PROMEDIO_ASUMIDO_REAL_AZUCAR,AZUCAR,2240,CASO1_PROMEDIO_ASUMIDO_REAL_AZUCAR,False,,2023-06-19
2023-06-19,9.904,CASO1_PROMEDIO_ASUMIDO_REAL_BASES,BASES,2241,CASO1_PROMEDIO_ASUMIDO_REAL_BASES,False,,2023-06-19
2023-06-19,10.651,CASO1_PROMEDIO_ASUMIDO_REAL_CAPACILLOS,CAPACILLOS,2242,CASO1_PROMEDIO_ASUMIDO_REAL_CAPACILLOS,False,,2023-06-19
2023-06-19,3.814,CASO1_PROMEDIO_ASUMIDO_REAL_CASETAS,CASETAS,2243,CASO1_PROMEDIO_ASUMIDO_REAL_CASETAS,False,,2023-06-19
2023-06-19,36.0,CASO1_PROMEDIO_ASUMIDO_REAL_CHANTILLY,CHANTILLY,2244,CASO1_PROMEDIO_ASUMIDO_REAL_CHANTILLY,False,,2023-06-19
2023-06-19,50.154,CASO1_PROMEDIO_ASUMIDO_REAL_CHOCOLATE,CHOCOLATE,2245,CASO1_PROMEDIO_ASUMIDO_REAL_CHOCOLATE,False,,2023-06-19
2023-06-19,3.722,CASO1_PROMEDIO_ASUMIDO_REAL_COLORANTES,COLORANTES,2246,CASO1_PROMEDIO_ASUMIDO_REAL_COLORANTES,False,,2023-06-19
2023-06-19,3.294,CASO1_PROMEDIO_ASUMIDO_REAL_CONSUMIBLES,CONSUMIBLES,2247,CASO1_PROMEDIO_ASUMIDO_REAL_CONSUMIBLES,False,,2023-06-19
2023-06-19,27.926,CASO1_PROMEDIO_ASUMIDO_REAL_DECORACION,DECORACION,2248,CASO1_PROMEDIO_ASUMIDO_REAL_DECORACION,False,,2023-06-19
2023-06-19,10.522,CASO1_PROMEDIO_ASUMIDO_REAL_DOMO,DOMO,2249,CASO1_PROMEDIO_ASUMIDO_REAL_DOMO,False,,2023-06-19
2023-06-19,3.905,CASO1_PROMEDIO_ASUMIDO_REAL_DULCERIA,DULCERIA,2250,CASO1_PROMEDIO_ASUMIDO_REAL_DULCERIA,False,,2023-06-19
2023-06-19,39.467,CASO1_PROMEDIO_ASUMIDO_REAL_EMPAQUE,EMPAQUE,2251,CASO1_PROMEDIO_ASUMIDO_REAL_EMPAQUE,False,,2023-06-19
2023-06-19,45.228,CASO1_PROMEDIO_ASUMIDO_REAL_FONDANT,FONDANT,2252,CASO1_PROMEDIO_ASUMIDO_REAL_FONDANT,False,,2023-06-19
2023-06-19,4.851,CASO1_PROMEDIO_ASUMIDO_REAL_GALLETAS,GALLETAS,2253,CASO1_PROMEDIO_ASUMIDO_REAL_GALLETAS,False,,2023-06-19
2023-06-19,53.341,CASO1_PROMEDIO_ASUMIDO_REAL_HARINA,HARINA,2254,CASO1_PROMEDIO_ASUMIDO_REAL_HARINA,False,,2023-06-19
2023-06-19,1.47,CASO1_PROMEDIO_ASUMIDO_REAL_HORNEADO,HORNEADO,2255,CASO1_PROMEDIO_ASUMIDO_REAL_HORNEADO,False,,2023-06-19
2023-06-19,14.345,CASO1_PROMEDIO_ASUMIDO_REAL_HUEVO,HUEVO,2256,CASO1_PROMEDIO_ASUMIDO_REAL_HUEVO,False,,2023-06-19
2023-06-19,0.237,CASO1_PROMEDIO_ASUMIDO_REAL_JARABE,JARABE,2257,CASO1_PROMEDIO_ASUMIDO_REAL_JARABE,False,,2023-06-19
2023-06-19,0.258,CASO1_PROMEDIO_ASUMIDO_REAL_LECHE EN POLVO,LECHE EN POLVO,2258,CASO1_PROMEDIO_ASUMIDO_REAL_LECHE EN POLVO,False,,2023-06-19
2023-06-19,0.812,CASO1_PROMEDIO_ASUMIDO_REAL_LECHERA,LECHERA,2259,CASO1_PROMEDIO_ASUMIDO_REAL_LECHERA,False,,2023-06-19
2023-06-19,3.362,CASO1_PROMEDIO_ASUMIDO_REAL_LICORES,LICORES,2260,CASO1_PROMEDIO_ASUMIDO_REAL_LICORES,False,,2023-06-19
2023-06-19,0.116,CASO1_PROMEDIO_ASUMIDO_REAL_MANTECA VEGETAL,MANTECA VEGETAL,2261,CASO1_PROMEDIO_ASUMIDO_REAL_MANTECA VEGETAL,False,,2023-06-19
2023-06-19,9.446,CASO1_PROMEDIO_ASUMIDO_REAL_MANTEQUILLA,MANTEQUILLA,2262,CASO1_PROMEDIO_ASUMIDO_REAL_MANTEQUILLA,False,,2023-06-19
2023-06-19,6.769,CASO1_PROMEDIO_ASUMIDO_REAL_NO DEFINIDO,NO DEFINIDO,2263,CASO1_PROMEDIO_ASUMIDO_REAL_NO DEFINIDO,False,,2023-06-19
2023-06-19,10.333,CASO1_PROMEDIO_ASUMIDO_REAL_OTROS,OTROS,2264,CASO1_PROMEDIO_ASUMIDO_REAL_OTROS,False,,2023-06-19
2023-06-19,9.79,CASO1_PROMEDIO_ASUMIDO_REAL_QUESO CREMA,QUESO CREMA,2265,CASO1_PROMEDIO_ASUMIDO_REAL_QUESO CREMA,False,,2023-06-19
2023-06-19,33.444,CASO1_PROMEDIO_ASUMIDO_REAL_RELLENO,RELLENO,2266,CASO1_PROMEDIO_ASUMIDO_REAL_RELLENO,False,,2023-06-19
2023-06-19,3.572,CASO1_PROMEDIO_ASUMIDO_REAL_ROYALICING,ROYALICING,2267,CASO1_PROMEDIO_ASUMIDO_REAL_ROYALICING,False,,2023-06-19
2023-06-19,0.079,CASO1_PROMEDIO_ASUMIDO_REAL_SABORIZANTE,SABORIZANTE,2268,CASO1_PROMEDIO_ASUMIDO_REAL_SABORIZANTE,False,,2023-06-19
2023-06-19,5.208,CASO1_PROMEDIO_ASUMIDO_REAL_TRANSFER,TRANSFER,2269,CASO1_PROMEDIO_ASUMIDO_REAL_TRANSFER,False,,2023-06-19
2023-07-03,14.388,CASO1_PROMEDIO_ASUMIDO_REAL_ACEITE,ACEITE,2270,CASO1_PROMEDIO_ASUMIDO_REAL_ACEITE,False,,2023-07-03
2023-07-03,3.322,CASO1_PROMEDIO_ASUMIDO_REAL_ADMINISTRACION,ADMINISTRACION,2271,CASO1_PROMEDIO_ASUMIDO_REAL_ADMINISTRACION,False,,2023-07-03
2023-07-03,44.381,CASO1_PROMEDIO_ASUMIDO_REAL_AMBIANTE,AMBIANTE,2272,CASO1_PROMEDIO_ASUMIDO_REAL_AMBIANTE,False,,2023-07-03
2023-07-03,9.341,CASO1_PROMEDIO_ASUMIDO_REAL_AZUCAR,AZUCAR,2273,CASO1_PROMEDIO_ASUMIDO_REAL_AZUCAR,False,,2023-07-03
2023-07-03,29.78,CASO1_PROMEDIO_ASUMIDO_REAL_BASES,BASES,2274,CASO1_PROMEDIO_ASUMIDO_REAL_BASES,False,,2023-07-03
2023-07-03,32.029,CASO1_PROMEDIO_ASUMIDO_REAL_CAPACILLOS,CAPACILLOS,2275,CASO1_PROMEDIO_ASUMIDO_REAL_CAPACILLOS,False,,2023-07-03
2023-07-03,11.469,CASO1_PROMEDIO_ASUMIDO_REAL_CASETAS,CASETAS,2276,CASO1_PROMEDIO_ASUMIDO_REAL_CASETAS,False,,2023-07-03
2023-07-03,108.252,CASO1_PROMEDIO_ASUMIDO_REAL_CHANTILLY,CHANTILLY,2277,CASO1_PROMEDIO_ASUMIDO_REAL_CHANTILLY,False,,2023-07-03
2023-07-03,150.81,CASO1_PROMEDIO_ASUMIDO_REAL_CHOCOLATE,CHOCOLATE,2278,CASO1_PROMEDIO_ASUMIDO_REAL_CHOCOLATE,False,,2023-07-03
2023-07-03,11.192,CASO1_PROMEDIO_ASUMIDO_REAL_COLORANTES,COLORANTES,2279,CASO1_PROMEDIO_ASUMIDO_REAL_COLORANTES,False,,2023-07-03
2023-07-03,9.906,CASO1_PROMEDIO_ASUMIDO_REAL_CONSUMIBLES,CONSUMIBLES,2280,CASO1_PROMEDIO_ASUMIDO_REAL_CONSUMIBLES,False,,2023-07-03
2023-07-03,83.971,CASO1_PROMEDIO_ASUMIDO_REAL_DECORACION,DECORACION,2281,CASO1_PROMEDIO_ASUMIDO_REAL_DECORACION,False,,2023-07-03
2023-07-03,31.639,CASO1_PROMEDIO_ASUMIDO_REAL_DOMO,DOMO,2282,CASO1_PROMEDIO_ASUMIDO_REAL_DOMO,False,,2023-07-03
2023-07-03,11.743,CASO1_PROMEDIO_ASUMIDO_REAL_DULCERIA,DULCERIA,2283,CASO1_PROMEDIO_ASUMIDO_REAL_DULCERIA,False,,2023-07-03
2023-07-03,118.677,CASO1_PROMEDIO_ASUMIDO_REAL_EMPAQUE,EMPAQUE,2284,CASO1_PROMEDIO_ASUMIDO_REAL_EMPAQUE,False,,2023-07-03
2023-07-03,135.999,CASO1_PROMEDIO_ASUMIDO_REAL_FONDANT,FONDANT,2285,CASO1_PROMEDIO_ASUMIDO_REAL_FONDANT,False,,2023-07-03
2023-07-03,14.586,CASO1_PROMEDIO_ASUMIDO_REAL_GALLETAS,GALLETAS,2286,CASO1_PROMEDIO_ASUMIDO_REAL_GALLETAS,False,,2023-07-03
2023-07-03,160.395,CASO1_PROMEDIO_ASUMIDO_REAL_HARINA,HARINA,2287,CASO1_PROMEDIO_ASUMIDO_REAL_HARINA,False,,2023-07-03
2023-07-03,4.421,CASO1_PROMEDIO_ASUMIDO_REAL_HORNEADO,HORNEADO,2288,CASO1_PROMEDIO_ASUMIDO_REAL_HORNEADO,False,,2023-07-03
2023-07-03,43.134,CASO1_PROMEDIO_ASUMIDO_REAL_HUEVO,HUEVO,2289,CASO1_PROMEDIO_ASUMIDO_REAL_HUEVO,False,,2023-07-03
2023-07-03,0.712,CASO1_PROMEDIO_ASUMIDO_REAL_JARABE,JARABE,2290,CASO1_PROMEDIO_ASUMIDO_REAL_JARABE,False,,2023-07-03
2023-07-03,0.775,CASO1_PROMEDIO_ASUMIDO_REAL_LECHE EN POLVO,LECHE EN POLVO,2291,CASO1_PROMEDIO_ASUMIDO_REAL_LECHE EN POLVO,False,,2023-07-03
2023-07-03,2.442,CASO1_PROMEDIO_ASUMIDO_REAL_LECHERA,LECHERA,2292,CASO1_PROMEDIO_ASUMIDO_REAL_LECHERA,False,,2023-07-03
2023-07-03,10.109,CASO1_PROMEDIO_ASUMIDO_REAL_LICORES,LICORES,2293,CASO1_PROMEDIO_ASUMIDO_REAL_LICORES,False,,2023-07-03
2023-07-03,0.348,CASO1_PROMEDIO_ASUMIDO_REAL_MANTECA VEGETAL,MANTECA VEGETAL,2294,CASO1_PROMEDIO_ASUMIDO_REAL_MANTECA VEGETAL,False,,2023-07-03
2023-07-03,28.404,CASO1_PROMEDIO_ASUMIDO_REAL_MANTEQUILLA,MANTEQUILLA,2295,CASO1_PROMEDIO_ASUMIDO_REAL_MANTEQUILLA,False,,2023-07-03
2023-07-03,20.353,CASO1_PROMEDIO_ASUMIDO_REAL_NO DEFINIDO,NO DEFINIDO,2296,CASO1_PROMEDIO_ASUMIDO_REAL_NO DEFINIDO,False,,2023-07-03
2023-07-03,31.07,CASO1_PROMEDIO_ASUMIDO_REAL_OTROS,OTROS,2297,CASO1_PROMEDIO_ASUMIDO_REAL_OTROS,False,,2023-07-03
2023-07-03,29.438,CASO1_PROMEDIO_ASUMIDO_REAL_QUESO CREMA,QUESO CREMA,2298,CASO1_PROMEDIO_ASUMIDO_REAL_QUESO CREMA,False,,2023-07-03
2023-07-03,100.565,CASO1_PROMEDIO_ASUMIDO_REAL_RELLENO,RELLENO,2299,CASO1_PROMEDIO_ASUMIDO_REAL_RELLENO,False,,2023-07-03
2023-07-03,10.741,CASO1_PROMEDIO_ASUMIDO_REAL_ROYALICING,ROYALICING,2300,CASO1_PROMEDIO_ASUMIDO_REAL_ROYALICING,False,,2023-07-03
2023-07-03,0.237,CASO1_PROMEDIO_ASUMIDO_REAL_SABORIZANTE,SABORIZANTE,2301,CASO1_PROMEDIO_ASUMIDO_REAL_SABORIZANTE,False,,2023-07-03
2023-07-03,15.661,CASO1_PROMEDIO_ASUMIDO_REAL_TRANSFER,TRANSFER,2302,CASO1_PROMEDIO_ASUMIDO_REAL_TRANSFER,False,,2023-07-03
2023-10-23,27.171,CASO1_PROMEDIO_ASUMIDO_REAL_ACEITE,ACEITE,2303,CASO1_PROMEDIO_ASUMIDO_REAL_ACEITE,False,,2023-10-23
2023-10-23,6.274,CASO1_PROMEDIO_ASUMIDO_REAL_ADMINISTRACION,ADMINISTRACION,2304,CASO1_PROMEDIO_ASUMIDO_REAL_ADMINISTRACION,False,,2023-10-23
2023-10-23,83.812,CASO1_PROMEDIO_ASUMIDO_REAL_AMBIANTE,AMBIANTE,2305,CASO1_PROMEDIO_ASUMIDO_REAL_AMBIANTE,False,,2023-10-23
2023-10-23,17.639,CASO1_PROMEDIO_ASUMIDO_REAL_AZUCAR,AZUCAR,2306,CASO1_PROMEDIO_ASUMIDO_REAL_AZUCAR,False,,2023-10-23
2023-10-23,56.239,CASO1_PROMEDIO_ASUMIDO_REAL_BASES,BASES,2307,CASO1_PROMEDIO_ASUMIDO_REAL_BASES,False,,2023-10-23
2023-10-23,60.485,CASO1_PROMEDIO_ASUMIDO_REAL_CAPACILLOS,CAPACILLOS,2308,CASO1_PROMEDIO_ASUMIDO_REAL_CAPACILLOS,False,,2023-10-23
2023-10-23,21.659,CASO1_PROMEDIO_ASUMIDO_REAL_CASETAS,CASETAS,2309,CASO1_PROMEDIO_ASUMIDO_REAL_CASETAS,False,,2023-10-23
2023-10-23,204.43,CASO1_PROMEDIO_ASUMIDO_REAL_CHANTILLY,CHANTILLY,2310,CASO1_PROMEDIO_ASUMIDO_REAL_CHANTILLY,False,,2023-10-23
2023-10-23,284.8,CASO1_PROMEDIO_ASUMIDO_REAL_CHOCOLATE,CHOCOLATE,2311,CASO1_PROMEDIO_ASUMIDO_REAL_CHOCOLATE,False,,2023-10-23
2023-10-23,21.136,CASO1_PROMEDIO_ASUMIDO_REAL_COLORANTES,COLORANTES,2312,CASO1_PROMEDIO_ASUMIDO_REAL_COLORANTES,False,,2023-10-23
2023-10-23,18.708,CASO1_PROMEDIO_ASUMIDO_REAL_CONSUMIBLES,CONSUMIBLES,2313,CASO1_PROMEDIO_ASUMIDO_REAL_CONSUMIBLES,False,,2023-10-23
2023-10-23,158.577,CASO1_PROMEDIO_ASUMIDO_REAL_DECORACION,DECORACION,2314,CASO1_PROMEDIO_ASUMIDO_REAL_DECORACION,False,,2023-10-23
2023-10-23,59.748,CASO1_PROMEDIO_ASUMIDO_REAL_DOMO,DOMO,2315,CASO1_PROMEDIO_ASUMIDO_REAL_DOMO,False,,2023-10-23
2023-10-23,22.175,CASO1_PROMEDIO_ASUMIDO_REAL_DULCERIA,DULCERIA,2316,CASO1_PROMEDIO_ASUMIDO_REAL_DULCERIA,False,,2023-10-23
2023-10-23,224.117,CASO1_PROMEDIO_ASUMIDO_REAL_EMPAQUE,EMPAQUE,2317,CASO1_PROMEDIO_ASUMIDO_REAL_EMPAQUE,False,,2023-10-23
2023-10-23,256.829,CASO1_PROMEDIO_ASUMIDO_REAL_FONDANT,FONDANT,2318,CASO1_PROMEDIO_ASUMIDO_REAL_FONDANT,False,,2023-10-23
2023-10-23,27.545,CASO1_PROMEDIO_ASUMIDO_REAL_GALLETAS,GALLETAS,2319,CASO1_PROMEDIO_ASUMIDO_REAL_GALLETAS,False,,2023-10-23
2023-10-23,302.9,CASO1_PROMEDIO_ASUMIDO_REAL_HARINA,HARINA,2320,CASO1_PROMEDIO_ASUMIDO_REAL_HARINA,False,,2023-10-23
2023-10-23,8.35,CASO1_PROMEDIO_ASUMIDO_REAL_HORNEADO,HORNEADO,2321,CASO1_PROMEDIO_ASUMIDO_REAL_HORNEADO,False,,2023-10-23
2023-10-23,81.457,CASO1_PROMEDIO_ASUMIDO_REAL_HUEVO,HUEVO,2322,CASO1_PROMEDIO_ASUMIDO_REAL_HUEVO,False,,2023-10-23
2023-10-23,1.344,CASO1_PROMEDIO_ASUMIDO_REAL_JARABE,JARABE,2323,CASO1_PROMEDIO_ASUMIDO_REAL_JARABE,False,,2023-10-23
2023-10-23,1.464,CASO1_PROMEDIO_ASUMIDO_REAL_LECHE EN POLVO,LECHE EN POLVO,2324,CASO1_PROMEDIO_ASUMIDO_REAL_LECHE EN POLVO,False,,2023-10-23
2023-10-23,4.613,CASO1_PROMEDIO_ASUMIDO_REAL_LECHERA,LECHERA,2325,CASO1_PROMEDIO_ASUMIDO_REAL_LECHERA,False,,2023-10-23
2023-10-23,19.09,CASO1_PROMEDIO_ASUMIDO_REAL_LICORES,LICORES,2326,CASO1_PROMEDIO_ASUMIDO_REAL_LICORES,False,,2023-10-23
2023-10-23,0.657,CASO1_PROMEDIO_ASUMIDO_REAL_MANTECA VEGETAL,MANTECA VEGETAL,2327,CASO1_PROMEDIO_ASUMIDO_REAL_MANTECA VEGETAL,False,,2023-10-23
2023-10-23,53.639,CASO1_PROMEDIO_ASUMIDO_REAL_MANTEQUILLA,MANTEQUILLA,2328,CASO1_PROMEDIO_ASUMIDO_REAL_MANTEQUILLA,False,,2023-10-23
2023-10-23,38.436,CASO1_PROMEDIO_ASUMIDO_REAL_NO DEFINIDO,NO DEFINIDO,2329,CASO1_PROMEDIO_ASUMIDO_REAL_NO DEFINIDO,False,,2023-10-23
2023-10-23,58.675,CASO1_PROMEDIO_ASUMIDO_REAL_OTROS,OTROS,2330,CASO1_PROMEDIO_ASUMIDO_REAL_OTROS,False,,2023-10-23
2023-10-23,55.593,CASO1_PROMEDIO_ASUMIDO_REAL_QUESO CREMA,QUESO CREMA,2331,CASO1_PROMEDIO_ASUMIDO_REAL_QUESO CREMA,False,,2023-10-23
2023-10-23,189.915,CASO1_PROMEDIO_ASUMIDO_REAL_RELLENO,RELLENO,2332,CASO1_PROMEDIO_ASUMIDO_REAL_RELLENO,False,,2023-10-23
2023-10-23,20.285,CASO1_PROMEDIO_ASUMIDO_REAL_ROYALICING,ROYALICING,2333,CASO1_PROMEDIO_ASUMIDO_REAL_ROYALICING,False,,2023-10-23
2023-10-23,0.448,CASO1_PROMEDIO_ASUMIDO_REAL_SABORIZANTE,SABORIZANTE,2334,CASO1_PROMEDIO_ASUMIDO_REAL_SABORIZANTE,False,,2023-10-23
2023-10-23,29.575,CASO1_PROMEDIO_ASUMIDO_REAL_TRANSFER,TRANSFER,2335,CASO1_PROMEDIO_ASUMIDO_REAL_TRANSFER,False,,2023-10-23
2024-01-29,10.018,CASO1_PROMEDIO_ASUMIDO_REAL_ACEITE,ACEITE,2336,CASO1_PROMEDIO_ASUMIDO_REAL_ACEITE,False,,2024-01-29
2024-01-29,2.313,CASO1_PROMEDIO_ASUMIDO_REAL_ADMINISTRACION,ADMINISTRACION,2337,CASO1_PROMEDIO_ASUMIDO_REAL_ADMINISTRACION,False,,2024-01-29
2024-01-29,30.903,CASO1_PROMEDIO_ASUMIDO_REAL_AMBIANTE,AMBIANTE,2338,CASO1_PROMEDIO_ASUMIDO_REAL_AMBIANTE,False,,2024-01-29
2024-01-29,6.504,CASO1_PROMEDIO_ASUMIDO_REAL_AZUCAR,AZUCAR,2339,CASO1_PROMEDIO_ASUMIDO_REAL_AZUCAR,False,,2024-01-29
2024-01-29,20.736,CASO1_PROMEDIO_ASUMIDO_REAL_BASES,BASES,2340,CASO1_PROMEDIO_ASUMIDO_REAL_BASES,False,,2024-01-29
2024-01-29,22.302,CASO1_PROMEDIO_ASUMIDO_REAL_CAPACILLOS,CAPACILLOS,2341,CASO1_PROMEDIO_ASUMIDO_REAL_CAPACILLOS,False,,2024-01-29
2024-01-29,7.986,CASO1_PROMEDIO_ASUMIDO_REAL_CASETAS,CASETAS,2342,CASO1_PROMEDIO_ASUMIDO_REAL_CASETAS,False,,2024-01-29
2024-01-29,75.376,CASO1_PROMEDIO_ASUMIDO_REAL_CHANTILLY,CHANTILLY,2343,CASO1_PROMEDIO_ASUMIDO_REAL_CHANTILLY,False,,2024-01-29
2024-01-29,105.01,CASO1_PROMEDIO_ASUMIDO_REAL_CHOCOLATE,CHOCOLATE,2344,CASO1_PROMEDIO_ASUMIDO_REAL_CHOCOLATE,False,,2024-01-29
2024-01-29,7.793,CASO1_PROMEDIO_ASUMIDO_REAL_COLORANTES,COLORANTES,2345,CASO1_PROMEDIO_ASUMIDO_REAL_COLORANTES,False,,2024-01-29
2024-01-29,6.898,CASO1_PROMEDIO_ASUMIDO_REAL_CONSUMIBLES,CONSUMIBLES,2346,CASO1_PROMEDIO_ASUMIDO_REAL_CONSUMIBLES,False,,2024-01-29
2024-01-29,58.469,CASO1_PROMEDIO_ASUMIDO_REAL_DECORACION,DECORACION,2347,CASO1_PROMEDIO_ASUMIDO_REAL_DECORACION,False,,2024-01-29
2024-01-29,22.03,CASO1_PROMEDIO_ASUMIDO_REAL_DOMO,DOMO,2348,CASO1_PROMEDIO_ASUMIDO_REAL_DOMO,False,,2024-01-29
2024-01-29,8.176,CASO1_PROMEDIO_ASUMIDO_REAL_DULCERIA,DULCERIA,2349,CASO1_PROMEDIO_ASUMIDO_REAL_DULCERIA,False,,2024-01-29
2024-01-29,82.635,CASO1_PROMEDIO_ASUMIDO_REAL_EMPAQUE,EMPAQUE,2350,CASO1_PROMEDIO_ASUMIDO_REAL_EMPAQUE,False,,2024-01-29
2024-01-29,94.696,CASO1_PROMEDIO_ASUMIDO_REAL_FONDANT,FONDANT,2351,CASO1_PROMEDIO_ASUMIDO_REAL_FONDANT,False,,2024-01-29
2024-01-29,10.156,CASO1_PROMEDIO_ASUMIDO_REAL_GALLETAS,GALLETAS,2352,CASO1_PROMEDIO_ASUMIDO_REAL_GALLETAS,False,,2024-01-29
2024-01-29,111.684,CASO1_PROMEDIO_ASUMIDO_REAL_HARINA,HARINA,2353,CASO1_PROMEDIO_ASUMIDO_REAL_HARINA,False,,2024-01-29
2024-01-29,3.079,CASO1_PROMEDIO_ASUMIDO_REAL_HORNEADO,HORNEADO,2354,CASO1_PROMEDIO_ASUMIDO_REAL_HORNEADO,False,,2024-01-29
2024-01-29,30.034,CASO1_PROMEDIO_ASUMIDO_REAL_HUEVO,HUEVO,2355,CASO1_PROMEDIO_ASUMIDO_REAL_HUEVO,False,,2024-01-29
2024-01-29,0.496,CASO1_PROMEDIO_ASUMIDO_REAL_JARABE,JARABE,2356,CASO1_PROMEDIO_ASUMIDO_REAL_JARABE,False,,2024-01-29
2024-01-29,0.54,CASO1_PROMEDIO_ASUMIDO_REAL_LECHE EN POLVO,LECHE EN POLVO,2357,CASO1_PROMEDIO_ASUMIDO_REAL_LECHE EN POLVO,False,,2024-01-29
2024-01-29,1.701,CASO1_PROMEDIO_ASUMIDO_REAL_LECHERA,LECHERA,2358,CASO1_PROMEDIO_ASUMIDO_REAL_LECHERA,False,,2024-01-29
2024-01-29,7.039,CASO1_PROMEDIO_ASUMIDO_REAL_LICORES,LICORES,2359,CASO1_PROMEDIO_ASUMIDO_REAL_LICORES,False,,2024-01-29
2024-01-29,0.242,CASO1_PROMEDIO_ASUMIDO_REAL_MANTECA VEGETAL,MANTECA VEGETAL,2360,CASO1_PROMEDIO_ASUMIDO_REAL_MANTECA VEGETAL,False,,2024-01-29
2024-01-29,19.777,CASO1_PROMEDIO_ASUMIDO_REAL_MANTEQUILLA,MANTEQUILLA,2361,CASO1_PROMEDIO_ASUMIDO_REAL_MANTEQUILLA,False,,2024-01-29
2024-01-29,14.172,CASO1_PROMEDIO_ASUMIDO_REAL_NO DEFINIDO,NO DEFINIDO,2362,CASO1_PROMEDIO_ASUMIDO_REAL_NO DEFINIDO,False,,2024-01-29
2024-01-29,21.634,CASO1_PROMEDIO_ASUMIDO_REAL_OTROS,OTROS,2363,CASO1_PROMEDIO_ASUMIDO_REAL_OTROS,False,,2024-01-29
2024-01-29,20.498,CASO1_PROMEDIO_ASUMIDO_REAL_QUESO CREMA,QUESO CREMA,2364,CASO1_PROMEDIO_ASUMIDO_REAL_QUESO CREMA,False,,2024-01-29
2024-01-29,70.024,CASO1_PROMEDIO_ASUMIDO_REAL_RELLENO,RELLENO,2365,CASO1_PROMEDIO_ASUMIDO_REAL_RELLENO,False,,2024-01-29
2024-01-29,7.479,CASO1_PROMEDIO_ASUMIDO_REAL_ROYALICING,ROYALICING,2366,CASO1_PROMEDIO_ASUMIDO_REAL_ROYALICING,False,,2024-01-29
2024-01-29,0.165,CASO1_PROMEDIO_ASUMIDO_REAL_SABORIZANTE,SABORIZANTE,2367,CASO1_PROMEDIO_ASUMIDO_REAL_SABORIZANTE,False,,2024-01-29
2024-01-29,10.905,CASO1_PROMEDIO_ASUMIDO_REAL_TRANSFER,TRANSFER,2368,CASO1_PROMEDIO_ASUMIDO_REAL_TRANSFER,False,,2024-01-29
2024-02-19,19.028,CASO1_PROMEDIO_ASUMIDO_REAL_ACEITE,ACEITE,2369,CASO1_PROMEDIO_ASUMIDO_REAL_ACEITE,False,,2024-02-19
2024-02-19,4.393,CASO1_PROMEDIO_ASUMIDO_REAL_ADMINISTRACION,ADMINISTRACION,2370,CASO1_PROMEDIO_ASUMIDO_REAL_ADMINISTRACION,False,,2024-02-19
2024-02-19,58.694,CASO1_PROMEDIO_ASUMIDO_REAL_AMBIANTE,AMBIANTE,2371,CASO1_PROMEDIO_ASUMIDO_REAL_AMBIANTE,False,,2024-02-19
2024-02-19,12.353,CASO1_PROMEDIO_ASUMIDO_REAL_AZUCAR,AZUCAR,2372,CASO1_PROMEDIO_ASUMIDO_REAL_AZUCAR,False,,2024-02-19
2024-02-19,39.384,CASO1_PROMEDIO_ASUMIDO_REAL_BASES,BASES,2373,CASO1_PROMEDIO_ASUMIDO_REAL_BASES,False,,2024-02-19
2024-02-19,42.358,CASO1_PROMEDIO_ASUMIDO_REAL_CAPACILLOS,CAPACILLOS,2374,CASO1_PROMEDIO_ASUMIDO_REAL_CAPACILLOS,False,,2024-02-19
2024-02-19,15.168,CASO1_PROMEDIO_ASUMIDO_REAL_CASETAS,CASETAS,2375,CASO1_PROMEDIO_ASUMIDO_REAL_CASETAS,False,,2024-02-19
2024-02-19,143.164,CASO1_PROMEDIO_ASUMIDO_REAL_CHANTILLY,CHANTILLY,2376,CASO1_PROMEDIO_ASUMIDO_REAL_CHANTILLY,False,,2024-02-19
2024-02-19,199.448,CASO1_PROMEDIO_ASUMIDO_REAL_CHOCOLATE,CHOCOLATE,2377,CASO1_PROMEDIO_ASUMIDO_REAL_CHOCOLATE,False,,2024-02-19
2024-02-19,14.802,CASO1_PROMEDIO_ASUMIDO_REAL_COLORANTES,COLORANTES,2378,CASO1_PROMEDIO_ASUMIDO_REAL_COLORANTES,False,,2024-02-19
2024-02-19,13.101,CASO1_PROMEDIO_ASUMIDO_REAL_CONSUMIBLES,CONSUMIBLES,2379,CASO1_PROMEDIO_ASUMIDO_REAL_CONSUMIBLES,False,,2024-02-19
2024-02-19,111.053,CASO1_PROMEDIO_ASUMIDO_REAL_DECORACION,DECORACION,2380,CASO1_PROMEDIO_ASUMIDO_REAL_DECORACION,False,,2024-02-19
2024-02-19,41.842,CASO1_PROMEDIO_ASUMIDO_REAL_DOMO,DOMO,2381,CASO1_PROMEDIO_ASUMIDO_REAL_DOMO,False,,2024-02-19
2024-02-19,15.53,CASO1_PROMEDIO_ASUMIDO_REAL_DULCERIA,DULCERIA,2382,CASO1_PROMEDIO_ASUMIDO_REAL_DULCERIA,False,,2024-02-19
2024-02-19,156.951,CASO1_PROMEDIO_ASUMIDO_REAL_EMPAQUE,EMPAQUE,2383,CASO1_PROMEDIO_ASUMIDO_REAL_EMPAQUE,False,,2024-02-19
2024-02-19,179.86,CASO1_PROMEDIO_ASUMIDO_REAL_FONDANT,FONDANT,2384,CASO1_PROMEDIO_ASUMIDO_REAL_FONDANT,False,,2024-02-19
2024-02-19,19.29,CASO1_PROMEDIO_ASUMIDO_REAL_GALLETAS,GALLETAS,2385,CASO1_PROMEDIO_ASUMIDO_REAL_GALLETAS,False,,2024-02-19
2024-02-19,212.124,CASO1_PROMEDIO_ASUMIDO_REAL_HARINA,HARINA,2386,CASO1_PROMEDIO_ASUMIDO_REAL_HARINA,False,,2024-02-19
2024-02-19,5.847,CASO1_PROMEDIO_ASUMIDO_REAL_HORNEADO,HORNEADO,2387,CASO1_PROMEDIO_ASUMIDO_REAL_HORNEADO,False,,2024-02-19
2024-02-19,57.045,CASO1_PROMEDIO_ASUMIDO_REAL_HUEVO,HUEVO,2388,CASO1_PROMEDIO_ASUMIDO_REAL_HUEVO,False,,2024-02-19
2024-02-19,0.941,CASO1_PROMEDIO_ASUMIDO_REAL_JARABE,JARABE,2389,CASO1_PROMEDIO_ASUMIDO_REAL_JARABE,False,,2024-02-19
2024-02-19,1.025,CASO1_PROMEDIO_ASUMIDO_REAL_LECHE EN POLVO,LECHE EN POLVO,2390,CASO1_PROMEDIO_ASUMIDO_REAL_LECHE EN POLVO,False,,2024-02-19
2024-02-19,3.23,CASO1_PROMEDIO_ASUMIDO_REAL_LECHERA,LECHERA,2391,CASO1_PROMEDIO_ASUMIDO_REAL_LECHERA,False,,2024-02-19
2024-02-19,13.369,CASO1_PROMEDIO_ASUMIDO_REAL_LICORES,LICORES,2392,CASO1_PROMEDIO_ASUMIDO_REAL_LICORES,False,,2024-02-19
2024-02-19,0.46,CASO1_PROMEDIO_ASUMIDO_REAL_MANTECA VEGETAL,MANTECA VEGETAL,2393,CASO1_PROMEDIO_ASUMIDO_REAL_MANTECA VEGETAL,False,,2024-02-19
2024-02-19,37.564,CASO1_PROMEDIO_ASUMIDO_REAL_MANTEQUILLA,MANTEQUILLA,2394,CASO1_PROMEDIO_ASUMIDO_REAL_MANTEQUILLA,False,,2024-02-19
2024-02-19,26.917,CASO1_PROMEDIO_ASUMIDO_REAL_NO DEFINIDO,NO DEFINIDO,2395,CASO1_PROMEDIO_ASUMIDO_REAL_NO DEFINIDO,False,,2024-02-19
2024-02-19,41.091,CASO1_PROMEDIO_ASUMIDO_REAL_OTROS,OTROS,2396,CASO1_PROMEDIO_ASUMIDO_REAL_OTROS,False,,2024-02-19
2024-02-19,38.932,CASO1_PROMEDIO_ASUMIDO_REAL_QUESO CREMA,QUESO CREMA,2397,CASO1_PROMEDIO_ASUMIDO_REAL_QUESO CREMA,False,,2024-02-19
2024-02-19,132.999,CASO1_PROMEDIO_ASUMIDO_REAL_RELLENO,RELLENO,2398,CASO1_PROMEDIO_ASUMIDO_REAL_RELLENO,False,,2024-02-19
2024-02-19,14.206,CASO1_PROMEDIO_ASUMIDO_REAL_ROYALICING,ROYALICING,2399,CASO1_PROMEDIO_ASUMIDO_REAL_ROYALICING,False,,2024-02-19
2024-02-19,0.314,CASO1_PROMEDIO_ASUMIDO_REAL_SABORIZANTE,SABORIZANTE,2400,CASO1_PROMEDIO_ASUMIDO_REAL_SABORIZANTE,False,,2024-02-19
2024-02-19,20.712,CASO1_PROMEDIO_ASUMIDO_REAL_TRANSFER,TRANSFER,2401,CASO1_PROMEDIO_ASUMIDO_REAL_TRANSFER,False,,2024-02-19
2024-03-18,9.024,CASO1_PROMEDIO_ASUMIDO_REAL_ACEITE,ACEITE,2402,CASO1_PROMEDIO_ASUMIDO_REAL_ACEITE,False,,2024-03-18
2024-03-18,2.084,CASO1_PROMEDIO_ASUMIDO_REAL_ADMINISTRACION,ADMINISTRACION,2403,CASO1_PROMEDIO_ASUMIDO_REAL_ADMINISTRACION,False,,2024-03-18
2024-03-18,27.836,CASO1_PROMEDIO_ASUMIDO_REAL_AMBIANTE,AMBIANTE,2404,CASO1_PROMEDIO_ASUMIDO_REAL_AMBIANTE,False,,2024-03-18
2024-03-18,5.858,CASO1_PROMEDIO_ASUMIDO_REAL_AZUCAR,AZUCAR,2405,CASO1_PROMEDIO_ASUMIDO_REAL_AZUCAR,False,,2024-03-18
2024-03-18,18.678,CASO1_PROMEDIO_ASUMIDO_REAL_BASES,BASES,2406,CASO1_PROMEDIO_ASUMIDO_REAL_BASES,False,,2024-03-18
2024-03-18,20.088,CASO1_PROMEDIO_ASUMIDO_REAL_CAPACILLOS,CAPACILLOS,2407,CASO1_PROMEDIO_ASUMIDO_REAL_CAPACILLOS,False,,2024-03-18
2024-03-18,7.193,CASO1_PROMEDIO_ASUMIDO_REAL_CASETAS,CASETAS,2408,CASO1_PROMEDIO_ASUMIDO_REAL_CASETAS,False,,2024-03-18
2024-03-18,67.896,CASO1_PROMEDIO_ASUMIDO_REAL_CHANTILLY,CHANTILLY,2409,CASO1_PROMEDIO_ASUMIDO_REAL_CHANTILLY,False,,2024-03-18
2024-03-18,94.589,CASO1_PROMEDIO_ASUMIDO_REAL_CHOCOLATE,CHOCOLATE,2410,CASO1_PROMEDIO_ASUMIDO_REAL_CHOCOLATE,False,,2024-03-18
2024-03-18,7.02,CASO1_PROMEDIO_ASUMIDO_REAL_COLORANTES,COLORANTES,2411,CASO1_PROMEDIO_ASUMIDO_REAL_COLORANTES,False,,2024-03-18
2024-03-18,6.213,CASO1_PROMEDIO_ASUMIDO_REAL_CONSUMIBLES,CONSUMIBLES,2412,CASO1_PROMEDIO_ASUMIDO_REAL_CONSUMIBLES,False,,2024-03-18
2024-03-18,52.667,CASO1_PROMEDIO_ASUMIDO_REAL_DECORACION,DECORACION,2413,CASO1_PROMEDIO_ASUMIDO_REAL_DECORACION,False,,2024-03-18
2024-03-18,19.844,CASO1_PROMEDIO_ASUMIDO_REAL_DOMO,DOMO,2414,CASO1_PROMEDIO_ASUMIDO_REAL_DOMO,False,,2024-03-18
2024-03-18,7.365,CASO1_PROMEDIO_ASUMIDO_REAL_DULCERIA,DULCERIA,2415,CASO1_PROMEDIO_ASUMIDO_REAL_DULCERIA,False,,2024-03-18
2024-03-18,74.434,CASO1_PROMEDIO_ASUMIDO_REAL_EMPAQUE,EMPAQUE,2416,CASO1_PROMEDIO_ASUMIDO_REAL_EMPAQUE,False,,2024-03-18
2024-03-18,85.299,CASO1_PROMEDIO_ASUMIDO_REAL_FONDANT,FONDANT,2417,CASO1_PROMEDIO_ASUMIDO_REAL_FONDANT,False,,2024-03-18
2024-03-18,9.148,CASO1_PROMEDIO_ASUMIDO_REAL_GALLETAS,GALLETAS,2418,CASO1_PROMEDIO_ASUMIDO_REAL_GALLETAS,False,,2024-03-18
2024-03-18,100.6,CASO1_PROMEDIO_ASUMIDO_REAL_HARINA,HARINA,2419,CASO1_PROMEDIO_ASUMIDO_REAL_HARINA,False,,2024-03-18
2024-03-18,2.773,CASO1_PROMEDIO_ASUMIDO_REAL_HORNEADO,HORNEADO,2420,CASO1_PROMEDIO_ASUMIDO_REAL_HORNEADO,False,,2024-03-18
2024-03-18,27.054,CASO1_PROMEDIO_ASUMIDO_REAL_HUEVO,HUEVO,2421,CASO1_PROMEDIO_ASUMIDO_REAL_HUEVO,False,,2024-03-18
2024-03-18,0.446,CASO1_PROMEDIO_ASUMIDO_REAL_JARABE,JARABE,2422,CASO1_PROMEDIO_ASUMIDO_REAL_JARABE,False,,2024-03-18
2024-03-18,0.486,CASO1_PROMEDIO_ASUMIDO_REAL_LECHE EN POLVO,LECHE EN POLVO,2423,CASO1_PROMEDIO_ASUMIDO_REAL_LECHE EN POLVO,False,,2024-03-18
2024-03-18,1.532,CASO1_PROMEDIO_ASUMIDO_REAL_LECHERA,LECHERA,2424,CASO1_PROMEDIO_ASUMIDO_REAL_LECHERA,False,,2024-03-18
2024-03-18,6.34,CASO1_PROMEDIO_ASUMIDO_REAL_LICORES,LICORES,2425,CASO1_PROMEDIO_ASUMIDO_REAL_LICORES,False,,2024-03-18
2024-03-18,0.218,CASO1_PROMEDIO_ASUMIDO_REAL_MANTECA VEGETAL,MANTECA VEGETAL,2426,CASO1_PROMEDIO_ASUMIDO_REAL_MANTECA VEGETAL,False,,2024-03-18
2024-03-18,17.815,CASO1_PROMEDIO_ASUMIDO_REAL_MANTEQUILLA,MANTEQUILLA,2427,CASO1_PROMEDIO_ASUMIDO_REAL_MANTEQUILLA,False,,2024-03-18
2024-03-18,12.765,CASO1_PROMEDIO_ASUMIDO_REAL_NO DEFINIDO,NO DEFINIDO,2428,CASO1_PROMEDIO_ASUMIDO_REAL_NO DEFINIDO,False,,2024-03-18
2024-03-18,19.487,CASO1_PROMEDIO_ASUMIDO_REAL_OTROS,OTROS,2429,CASO1_PROMEDIO_ASUMIDO_REAL_OTROS,False,,2024-03-18
2024-03-18,18.464,CASO1_PROMEDIO_ASUMIDO_REAL_QUESO CREMA,QUESO CREMA,2430,CASO1_PROMEDIO_ASUMIDO_REAL_QUESO CREMA,False,,2024-03-18
2024-03-18,63.075,CASO1_PROMEDIO_ASUMIDO_REAL_RELLENO,RELLENO,2431,CASO1_PROMEDIO_ASUMIDO_REAL_RELLENO,False,,2024-03-18
2024-03-18,6.737,CASO1_PROMEDIO_ASUMIDO_REAL_ROYALICING,ROYALICING,2432,CASO1_PROMEDIO_ASUMIDO_REAL_ROYALICING,False,,2024-03-18
2024-03-18,0.149,CASO1_PROMEDIO_ASUMIDO_REAL_SABORIZANTE,SABORIZANTE,2433,CASO1_PROMEDIO_ASUMIDO_REAL_SABORIZANTE,False,,2024-03-18
2024-03-18,9.823,CASO1_PROMEDIO_ASUMIDO_REAL_TRANSFER,TRANSFER,2434,CASO1_PROMEDIO_ASUMIDO_REAL_TRANSFER,False,,2024-03-18
2024-04-15,3.41,CASO1_PROMEDIO_ASUMIDO_REAL_ACEITE,ACEITE,2435,CASO1_PROMEDIO_ASUMIDO_REAL_ACEITE,False,,2024-04-15
2024-04-15,0.787,CASO1_PROMEDIO_ASUMIDO_REAL_ADMINISTRACION,ADMINISTRACION,2436,CASO1_PROMEDIO_ASUMIDO_REAL_ADMINISTRACION,False,,2024-04-15
2024-04-15,10.517,CASO1_PROMEDIO_ASUMIDO_REAL_AMBIANTE,AMBIANTE,2437,CASO1_PROMEDIO_ASUMIDO_REAL_AMBIANTE,False,,2024-04-15
2024-04-15,2.214,CASO1_PROMEDIO_ASUMIDO_REAL_AZUCAR,AZUCAR,2438,CASO1_PROMEDIO_ASUMIDO_REAL_AZUCAR,False,,2024-04-15
2024-04-15,7.057,CASO1_PROMEDIO_ASUMIDO_REAL_BASES,BASES,2439,CASO1_PROMEDIO_ASUMIDO_REAL_BASES,False,,2024-04-15
2024-04-15,7.59,CASO1_PROMEDIO_ASUMIDO_REAL_CAPACILLOS,CAPACILLOS,2440,CASO1_PROMEDIO_ASUMIDO_REAL_CAPACILLOS,False,,2024-04-15
2024-04-15,2.718,CASO1_PROMEDIO_ASUMIDO_REAL_CASETAS,CASETAS,2441,CASO1_PROMEDIO_ASUMIDO_REAL_CASETAS,False,,2024-04-15
2024-04-15,25.653,CASO1_PROMEDIO_ASUMIDO_REAL_CHANTILLY,CHANTILLY,2442,CASO1_PROMEDIO_ASUMIDO_REAL_CHANTILLY,False,,2024-04-15
2024-04-15,35.739,CASO1_PROMEDIO_ASUMIDO_REAL_CHOCOLATE,CHOCOLATE,2443,CASO1_PROMEDIO_ASUMIDO_REAL_CHOCOLATE,False,,2024-04-15
2024-04-15,2.652,CASO1_PROMEDIO_ASUMIDO_REAL_COLORANTES,COLORANTES,2444,CASO1_PROMEDIO_ASUMIDO_REAL_COLORANTES,False,,2024-04-15
2024-04-15,2.348,CASO1_PROMEDIO_ASUMIDO_REAL_CONSUMIBLES,CONSUMIBLES,2445,CASO1_PROMEDIO_ASUMIDO_REAL_CONSUMIBLES,False,,2024-04-15
2024-04-15,19.899,CASO1_PROMEDIO_ASUMIDO_REAL_DECORACION,DECORACION,2446,CASO1_PROMEDIO_ASUMIDO_REAL_DECORACION,False,,2024-04-15
2024-04-15,7.498,CASO1_PROMEDIO_ASUMIDO_REAL_DOMO,DOMO,2447,CASO1_PROMEDIO_ASUMIDO_REAL_DOMO,False,,2024-04-15
2024-04-15,2.783,CASO1_PROMEDIO_ASUMIDO_REAL_DULCERIA,DULCERIA,2448,CASO1_PROMEDIO_ASUMIDO_REAL_DULCERIA,False,,2024-04-15
2024-04-15,28.124,CASO1_PROMEDIO_ASUMIDO_REAL_EMPAQUE,EMPAQUE,2449,CASO1_PROMEDIO_ASUMIDO_REAL_EMPAQUE,False,,2024-04-15
2024-04-15,32.229,CASO1_PROMEDIO_ASUMIDO_REAL_FONDANT,FONDANT,2450,CASO1_PROMEDIO_ASUMIDO_REAL_FONDANT,False,,2024-04-15
2024-04-15,3.456,CASO1_PROMEDIO_ASUMIDO_REAL_GALLETAS,GALLETAS,2451,CASO1_PROMEDIO_ASUMIDO_REAL_GALLETAS,False,,2024-04-15
2024-04-15,38.01,CASO1_PROMEDIO_ASUMIDO_REAL_HARINA,HARINA,2452,CASO1_PROMEDIO_ASUMIDO_REAL_HARINA,False,,2024-04-15
2024-04-15,1.048,CASO1_PROMEDIO_ASUMIDO_REAL_HORNEADO,HORNEADO,2453,CASO1_PROMEDIO_ASUMIDO_REAL_HORNEADO,False,,2024-04-15
2024-04-15,10.222,CASO1_PROMEDIO_ASUMIDO_REAL_HUEVO,HUEVO,2454,CASO1_PROMEDIO_ASUMIDO_REAL_HUEVO,False,,2024-04-15
2024-04-15,0.169,CASO1_PROMEDIO_ASUMIDO_REAL_JARABE,JARABE,2455,CASO1_PROMEDIO_ASUMIDO_REAL_JARABE,False,,2024-04-15
2024-04-15,0.184,CASO1_PROMEDIO_ASUMIDO_REAL_LECHE EN POLVO,LECHE EN POLVO,2456,CASO1_PROMEDIO_ASUMIDO_REAL_LECHE EN POLVO,False,,2024-04-15
2024-04-15,0.579,CASO1_PROMEDIO_ASUMIDO_REAL_LECHERA,LECHERA,2457,CASO1_PROMEDIO_ASUMIDO_REAL_LECHERA,False,,2024-04-15
2024-04-15,2.395,CASO1_PROMEDIO_ASUMIDO_REAL_LICORES,LICORES,2458,CASO1_PROMEDIO_ASUMIDO_REAL_LICORES,False,,2024-04-15
2024-04-15,0.082,CASO1_PROMEDIO_ASUMIDO_REAL_MANTECA VEGETAL,MANTECA VEGETAL,2459,CASO1_PROMEDIO_ASUMIDO_REAL_MANTECA VEGETAL,False,,2024-04-15
2024-04-15,6.731,CASO1_PROMEDIO_ASUMIDO_REAL_MANTEQUILLA,MANTEQUILLA,2460,CASO1_PROMEDIO_ASUMIDO_REAL_MANTEQUILLA,False,,2024-04-15
2024-04-15,4.823,CASO1_PROMEDIO_ASUMIDO_REAL_NO DEFINIDO,NO DEFINIDO,2461,CASO1_PROMEDIO_ASUMIDO_REAL_NO DEFINIDO,False,,2024-04-15
2024-04-15,7.363,CASO1_PROMEDIO_ASUMIDO_REAL_OTROS,OTROS,2462,CASO1_PROMEDIO_ASUMIDO_REAL_OTROS,False,,2024-04-15
2024-04-15,6.976,CASO1_PROMEDIO_ASUMIDO_REAL_QUESO CREMA,QUESO CREMA,2463,CASO1_PROMEDIO_ASUMIDO_REAL_QUESO CREMA,False,,2024-04-15
2024-04-15,23.832,CASO1_PROMEDIO_ASUMIDO_REAL_RELLENO,RELLENO,2464,CASO1_PROMEDIO_ASUMIDO_REAL_RELLENO,False,,2024-04-15
2024-04-15,2.545,CASO1_PROMEDIO_ASUMIDO_REAL_ROYALICING,ROYALICING,2465,CASO1_PROMEDIO_ASUMIDO_REAL_ROYALICING,False,,2024-04-15
2024-04-15,0.056,CASO1_PROMEDIO_ASUMIDO_REAL_SABORIZANTE,SABORIZANTE,2466,CASO1_PROMEDIO_ASUMIDO_REAL_SABORIZANTE,False,,2024-04-15
2024-04-15,3.711,CASO1_PROMEDIO_ASUMIDO_REAL_TRANSFER,TRANSFER,2467,CASO1_PROMEDIO_ASUMIDO_REAL_TRANSFER,False,,2024-04-15
