PROVEEDOR,fecha,NUMERO,CANT,U#MEDIDA,descripcion,importe_nominal,P#UNITARIO,CLASIFICACION,SUBCLASIFICACION,semana_inicio,es_sintetico,metodo_sintesis,registro_id,descripcion_normalizada,motivo
REPOSTEARTE,2022-01-03,ND,1.0,pz,Transfer,45.0,45.0,DECORACION,,2022-01-03,False,,2,TRANSFER,
REPOSTEARTE,2022-01-03,ND,1.0,pz,base 28cm,10.5,10.5,BASES,,2022-01-03,False,,3,BASE 28CM,
REPOSTEARTE,2022-01-03,ND,1.0,pz,duya,40.0,40.0,HERRAMIENTA,,2022-01-03,False,,4,DUYA,
REPOSTEARTE,2022-01-03,ND,2.0,pz,mangas,10.0,5.0,CONSUMIBLES,,2022-01-03,False,,5,MANGAS,
REPOSTEARTE,2022-01-03,ND,50.0,gr,perlas,17.5,350.0,DECORACION,,2022-01-03,False,,6,PERLAS,
REPOSTEARTE,2022-01-03,ND,1.0,paq,capacillos ,45.0,45.0,CAPACILLOS,,2022-01-03,False,,7,CAPACILLOS,
ESTRELLA,2022-01-11,46337,100.0,gr,Turin amargo,26.5,265.0,CHOCOLATE,,2022-01-10,False,,8,TURIN AMARGO,
ESTRELLA,2022-01-11,46337,1.0,kg,chantilli,68.5,68.5,CHANTILLY,,2022-01-10,False,,9,CHANTILLI,
ESTRELLA,2022-01-11,46337,5.0,pz,Domo mantecada 6 cavidades,42.5,8.5,EMPAQUE,,2022-01-10,False,,10,DOMO MANTECADA 6 CAVIDADES,
REPOSTEARTE,2022-01-11,ND,1.0,pz,DESCONOCIDO,238.0,238.0,NO DEFINIDO,,2022-01-10,False,,11,DESCONOCIDO,
REPOSTEARTE,2022-01-11,ND,2.0,pz,Transfer,90.0,45.0,DECORACION,,2022-01-10,False,,12,TRANSFER,
REPOSTEARTE,2022-01-11,ND,1.0,paq,capacillos,39.0,39.0,CAPACILLOS,,2022-01-10,False,,13,CAPACILLOS,
REPOSTEARTE,2022-01-11,ND,2.0,Kg,Foundant,166.0,83.0,FONDANT,,2022-01-10,False,,14,FOUNDANT,
REPOSTEARTE,2022-01-11,ND,1.0,paq,srpinkles,52.0,52.0,DECORACION,,2022-01-10,False,,15,SRPINKLES,
REPOSTEARTE,2022-01-11,ND,1.0,pz,base,10.5,10.5,BASES,,2022-01-10,False,,16,BASE,
REPOSTEARTE,2022-01-11,ND,50.0,gr,perlas,17.5,350.0,DECORACION,,2022-01-10,False,,17,PERLAS,
REPOSTEARTE,2022-01-11,ND,10.0,gr,rutz,25.0,2500.0,DECORACION,,2022-01-10,False,,18,RUTZ,
B. AURRERA,2022-01-12,847707697575074188728,2.0,pz,Queso philadelphia,63.0,31.5,RELLENO,,2022-01-10,False,,19,QUESO PHILADELPHIA,
OXXO,2022-01-13,2246073,1.0,paq,manteca,43.5,43.5,OTROS,,2022-01-10,False,,20,MANTECA,
ESTRELLA,2022-01-14,46422,1.0,kg,Chantilli,68.5,68.5,CHANTILLY,,2022-01-10,False,,21,CHANTILLI,
ESTRELLA,2022-01-14,46422,1.0,pz,color gel negro,14.5,14.5,COLORANTES,,2022-01-10,False,,22,COLOR GEL NEGRO,
ESTRELLA,2022-01-14,46422,50.0,gr,granillo chico,5.0,100.0,CHOCOLATE,,2022-01-10,False,,23,GRANILLO CHICO,
ESTRELLA,2022-01-14,46422,2.0,pz,Manga chica,11.0,5.5,CONSUMIBLES,,2022-01-10,False,,24,MANGA CHICA,
ESTRELLA,2022-01-18,46119,100.0,gr,Alpezzi 14000,15.0,150.0,CHOCOLATE,,2022-01-17,False,,25,ALPEZZI 14000,
ESTRELLA,2022-01-18,46119,100.0,gr,Sicao blanco,14.0,140.0,DECORACION,,2022-01-17,False,,26,SICAO BLANCO,
ESTRELLA,2022-01-18,46119,100.0,gr,Kisses,25.0,250.0,CHOCOLATE,,2022-01-17,False,,27,KISSES,
CRAVIOTO,2022-01-23,82997,1.0,paq,deiman plumones mágicos,335.5,335.5,DECORACION,,2022-01-17,False,,28,DEIMAN PLUMONES MAGICOS,
CRAVIOTO,2022-01-23,82997,10.0,pz,pastireal manga no. 12,35.96,3.596,CONSUMIBLES,,2022-01-17,False,,29,PASTIREAL MANGA NO. 12,
CRAVIOTO,2022-01-23,82997,1.0,Kg,puratos creamfil creme choco,39.7,39.7,RELLENO,,2022-01-17,False,,30,PURATOS CREAMFIL CREME CHOCO,
CRAVIOTO,2022-01-23,82997,1.0,pz,molde para chocolate,19.72,19.72,HERRAMIENTA,,2022-01-17,False,,31,MOLDE PARA CHOCOLATE,
CRAVIOTO,2022-01-23,82997,25.0,pz,inix contenedor mantecadas,160.1,6.404,EMPAQUE,,2022-01-17,False,,32,INIX CONTENEDOR MANTECADAS,
CRAVIOTO,2022-01-23,82997,1.0,paq,nestle carlos v stick 20 pz,33.83,33.83,CHOCOLATE,,2022-01-17,False,,33,NESTLE CARLOS V STICK 20 PZ,
CRAVIOTO,2022-01-23,82997,1.0,pz,celofan 9x15,16.68,16.68,CONSUMIBLES,,2022-01-17,False,,34,CELOFAN 9X15,
CRAVIOTO,2022-01-23,82997,1.0,pz,deiman aditivo para chocolate,42.17,42.17,DECORACION,,2022-01-17,False,,35,DEIMAN ADITIVO PARA CHOCOLATE,
CRAVIOTO,2022-01-23,82997,1.0,pz,deiman bioxido de titanio,41.94,41.94,DECORACION,,2022-01-17,False,,36,DEIMAN BIOXIDO DE TITANIO,
CRAVIOTO,2022-01-23,82997,1.0,pz,deiman sab liq vainilla sin color 500 ml,30.54,30.54,DECORACION,,2022-01-17,False,,37,DEIMAN SAB LIQ VAINILLA SIN COLOR 500 ML,
CRAVIOTO,2022-01-23,82997,1.0,pz,Ferrero Rocher T-16,101.95,101.95,CHOCOLATE,,2022-01-17,False,,38,FERRERO ROCHER T-16,
ESTRELLA,2022-01-24,46199,1.0,Kg,Chantilli,64.0,64.0,CHANTILLY,,2022-01-24,False,,39,CHANTILLI,
ESTRELLA,2022-01-24,46199,1.0,pz,Base,3.0,3.0,BASES,,2022-01-24,False,,40,BASE,
ESTRELLA,2022-01-24,46199,1.0,Kg,Puratos Tres Leches Vainilla,65.5,65.5,RELLENO,,2022-01-24,False,,41,PURATOS TRES LECHES VAINILLA,
ESTRELLA,2022-01-24,46199,1.0,Kg,Azucar glass,28.5,28.5,AZUCAR,GLASS,2022-01-24,False,,42,AZUCAR GLASS,
ESTRELLA,2022-01-24,46199,2.0,pz,Domo para cupcake,32.0,16.0,EMPAQUE,,2022-01-24,False,,43,DOMO PARA CUPCAKE,
GASOLINERIA,2022-02-01,ND,10.0,lts,Gasolina,210.9,21.09,COMBUSTIBLE,,2022-01-31,False,,44,GASOLINA,
TIENDA,2022-02-01,ND,2.0,kg,Huevo,80.0,40.0,HUEVO,,2022-01-31,False,,45,HUEVO,
GASERA,2022-02-01,ND,10.0,lts,Gas LP,120.0,12.0,COMBUSTIBLE,,2022-01-31,False,,46,GAS LP,
B. AURRERA,2022-02-04,55220310434704846091,1.0,pz,chocolate,16.0,16.0,CHOCOLATE,,2022-01-31,False,,47,CHOCOLATE,
REPOSTEARTE,2022-02-04,ND,2.0,cj,Domo para cupcake 12 piezas,30.0,15.0,EMPAQUE,,2022-01-31,False,,48,DOMO PARA CUPCAKE 12 PIEZAS,
REPOSTEARTE,2022-02-04,ND,2.0,cj,domo para cupcake 6 piezas,35.0,17.5,EMPAQUE,,2022-01-31,False,,49,DOMO PARA CUPCAKE 6 PIEZAS,
REPOSTEARTE,2022-02-04,ND,50.0,gr,perla,22.5,450.0,DECORACION,,2022-01-31,False,,50,PERLA,
REPOSTEARTE,2022-02-04,ND,1.0,pz,letrero,40.0,40.0,DECORACION,,2022-01-31,False,,51,LETRERO,
B. AURRERA,2022-02-05,13112569694126684444,1.0,paq,Galleta Oreo,21.9,21.9,GALLETAS,,2022-01-31,False,,52,GALLETA OREO,
MEGA PLAST,2022-02-10,328415,1.0,Kg,easy pastel tres leches,47.0,47.0,HARINA,VAINILLA,2022-02-07,False,,53,EASY PASTEL TRES LECHES,
MEGA PLAST,2022-02-10,328415,500.0,gr,harina de trigo suelta,7.5,15.0,HARINA,TRIGO,2022-02-07,False,,54,HARINA DE TRIGO SUELTA,
MEGA PLAST,2022-02-10,328415,1.0,pz,Royal Icing Deiman 50,50.0,50.0,ROYALICING,,2022-02-07,False,,55,ROYAL ICING DEIMAN 50,
MEGA PLAST,2022-02-10,328415,1.0,ND,ND,22.0,22.0,NO DEFINIDO,,2022-02-07,False,,56,ND,
MEGA PLAST,2022-02-10,328415,1.0,pz,mantequilla gloria,185.0,185.0,MANTEQUILLA,,2022-02-07,False,,57,MANTEQUILLA GLORIA,
MEGA PLAST,2022-02-10,328415,2.0,pz,papel quilon para hornear,10.0,5.0,CONSUMIBLES,,2022-02-07,False,,58,PAPEL QUILON PARA HORNEAR,
MEGA PLAST,2022-02-10,328415,1.0,ND,ND,26.0,26.0,NO DEFINIDO,,2022-02-07,False,,59,ND,
REPOSTEARTE,2022-02-10,ND,5.0,cj,domo para cupcake 6 piezas,60.0,12.0,EMPAQUE,,2022-02-07,False,,60,DOMO PARA CUPCAKE 6 PIEZAS,
REPOSTEARTE,2022-02-10,ND,3.0,cj,Domo para cupcake 12 piezas,52.5,17.5,EMPAQUE,,2022-02-07,False,,61,DOMO PARA CUPCAKE 12 PIEZAS,
REPOSTEARTE,2022-02-10,ND,1.0,pz,matizador,70.0,70.0,DECORACION,,2022-02-07,False,,62,MATIZADOR,
ESTRELLA,2022-02-12,49354,3.0,kg,Chantilli Asturias,198.0,66.0,CHANTILLY,,2022-02-07,False,,63,CHANTILLI ASTURIAS,
ESTRELLA,2022-02-12,49354,1.0,kg,Foundant,95.0,95.0,FONDANT,,2022-02-07,False,,64,FOUNDANT,
B. AURRERA,2022-02-12,799515472123451261599,1.0,pz,Queso philadelphia,31.5,31.5,RELLENO,,2022-02-07,False,,65,QUESO PHILADELPHIA,
B. AURRERA,2022-02-12,799515472123451261599,1.0,pz,aceite,32.1,32.1,ACEITE,,2022-02-07,False,,66,ACEITE,
REPOSTEARTE,2022-02-14,ND,100.0,gr,perlas,35.0,350.0,DECORACION,,2022-02-14,False,,67,PERLAS,
REPOSTEARTE,2022-02-19,ND,2.0,pz,Transfer,90.0,45.0,DECORACION,,2022-02-14,False,,68,TRANSFER,
MEGA PLAST,2022-02-21,329928,1.0,Kg,easy pastel tres leches,47.0,47.0,HARINA,VAINILLA,2022-02-21,False,,69,EASY PASTEL TRES LECHES,
ESTRELLA,2022-02-23,1893,50.0,pz,celofan 8x12,15.0,0.3,DECORACION,,2022-02-21,False,,70,CELOFAN 8X12,
ESTRELLA,2022-02-23,1893,100.0,gr,suspiro,16.0,160.0,DULCERIA,,2022-02-21,False,,71,SUSPIRO,
ESTRELLA,2022-02-23,1893,1.0,Kg,chantilli,66.0,66.0,CHANTILLY,,2022-02-21,False,,72,CHANTILLI,
ESTRELLA,2022-02-23,1893,1.0,kg,red velvet,60.0,60.0,HARINA,RED VELVET,2022-02-21,False,,73,RED VELVET,
ESTRELLA,2022-02-23,1893,1.0,pz,Ferrero,85.0,85.0,CHOCOLATE,,2022-02-21,False,,74,FERRERO,
ESTRELLA,2022-02-23,1893,100.0,gr,cacao bremen,18.0,180.0,CHOCOLATE,,2022-02-21,False,,75,CACAO BREMEN,
B. AURRERA,2022-03-01,ND,1.0,pz,aceite,40.0,40.0,ACEITE,,2022-02-28,False,,76,ACEITE,
GASERA,2022-03-01,ND,10.0,lts,Gas LP,120.0,12.0,COMBUSTIBLE,,2022-02-28,False,,77,GAS LP,
TIENDA,2022-03-01,ND,1.0,kg,Huevo,40.0,40.0,HUEVO,,2022-02-28,False,,78,HUEVO,
MEGA PLAST,2022-03-03,331267,1.0,Kg,huevo blanco san juan,39.0,39.0,HUEVO,,2022-02-28,False,,79,HUEVO BLANCO SAN JUAN,
MEGA PLAST,2022-03-03,331267,1.0,Kg,chantilli,66.0,66.0,CHANTILLY,,2022-02-28,False,,80,CHANTILLI,
MEGA PLAST,2022-03-03,331267,100.0,gr,kisses,25.0,250.0,CHOCOLATE,,2022-02-28,False,,81,KISSES,
MEGA PLAST,2022-03-03,331267,100.0,gr,confiter semi amargo,22.0,220.0,CHOCOLATE,,2022-02-28,False,,82,CONFITER SEMI AMARGO,
MEGA PLAST,2022-03-03,331267,1.0,pz,relleno zarzamora puratos,52.0,52.0,RELLENO,,2022-02-28,False,,83,RELLENO ZARZAMORA PURATOS,
MEGA PLAST,2022-03-03,331267,1.0,Kg,Easy pastel tres leches,47.0,47.0,HARINA,VAINILLA,2022-02-28,False,,84,EASY PASTEL TRES LECHES,
REPOSTEARTE,2022-03-03,ND,2.0,Kg,Foundant,166.0,83.0,FONDANT,,2022-02-28,False,,85,FOUNDANT,
REPOSTEARTE,2022-03-03,ND,2.0,pz,bases 28 cm,21.0,10.5,BASES,,2022-02-28,False,,86,BASES 28 CM,
SINTETICO_ENTRENAMIENTO,2022-03-07,SYN-C-20220307-001,1.0,semana,Alpezzi 14000,1.97,1.97,CHOCOLATE,,2022-03-07,True,mediana causal de 8 semanas y participacion historica por descripcion,87,ALPEZZI 14000,
SINTETICO_ENTRENAMIENTO,2022-03-07,SYN-C-20220307-002,1.0,semana,Azucar glass,3.75,3.75,AZUCAR,GLASS,2022-03-07,True,mediana causal de 8 semanas y participacion historica por descripcion,88,AZUCAR GLASS,
SINTETICO_ENTRENAMIENTO,2022-03-07,SYN-C-20220307-003,1.0,semana,Base,0.39,0.39,BASES,,2022-03-07,True,mediana causal de 8 semanas y participacion historica por descripcion,89,BASE,
SINTETICO_ENTRENAMIENTO,2022-03-07,SYN-C-20220307-004,1.0,semana,Chantilli,17.42,17.42,CHANTILLY,,2022-03-07,True,mediana causal de 8 semanas y participacion historica por descripcion,90,CHANTILLI,
SINTETICO_ENTRENAMIENTO,2022-03-07,SYN-C-20220307-005,1.0,semana,Chantilli Asturias,26.03,26.03,CHANTILLY,,2022-03-07,True,mediana causal de 8 semanas y participacion historica por descripcion,91,CHANTILLI ASTURIAS,
SINTETICO_ENTRENAMIENTO,2022-03-07,SYN-C-20220307-006,1.0,semana,DESCONOCIDO,31.28,31.28,NO DEFINIDO,,2022-03-07,True,mediana causal de 8 semanas y participacion historica por descripcion,92,DESCONOCIDO,
SINTETICO_ENTRENAMIENTO,2022-03-07,SYN-C-20220307-007,1.0,semana,Domo mantecada 6 cavidades,5.59,5.59,EMPAQUE,,2022-03-07,True,mediana causal de 8 semanas y participacion historica por descripcion,93,DOMO MANTECADA 6 CAVIDADES,
SINTETICO_ENTRENAMIENTO,2022-03-07,SYN-C-20220307-008,1.0,semana,Domo para cupcake,4.21,4.21,EMPAQUE,,2022-03-07,True,mediana causal de 8 semanas y participacion historica por descripcion,94,DOMO PARA CUPCAKE,
SINTETICO_ENTRENAMIENTO,2022-03-07,SYN-C-20220307-009,1.0,semana,Domo para cupcake 12 piezas,10.84,10.84,EMPAQUE,,2022-03-07,True,mediana causal de 8 semanas y participacion historica por descripcion,95,DOMO PARA CUPCAKE 12 PIEZAS,
SINTETICO_ENTRENAMIENTO,2022-03-07,SYN-C-20220307-010,1.0,semana,Easy pastel tres leches,6.18,6.18,HARINA,VAINILLA,2022-03-07,True,mediana causal de 8 semanas y participacion historica por descripcion,96,EASY PASTEL TRES LECHES,
SINTETICO_ENTRENAMIENTO,2022-03-07,SYN-C-20220307-011,1.0,semana,Ferrero,11.17,11.17,CHOCOLATE,,2022-03-07,True,mediana causal de 8 semanas y participacion historica por descripcion,97,FERRERO,
SINTETICO_ENTRENAMIENTO,2022-03-07,SYN-C-20220307-012,1.0,semana,Ferrero Rocher T-16,13.4,13.4,CHOCOLATE,,2022-03-07,True,mediana causal de 8 semanas y participacion historica por descripcion,98,FERRERO ROCHER T-16,
SINTETICO_ENTRENAMIENTO,2022-03-07,SYN-C-20220307-013,1.0,semana,Foundant,56.13,56.13,FONDANT,,2022-03-07,True,mediana causal de 8 semanas y participacion historica por descripcion,99,FOUNDANT,
SINTETICO_ENTRENAMIENTO,2022-03-07,SYN-C-20220307-014,1.0,semana,Galleta Oreo,2.88,2.88,GALLETAS,,2022-03-07,True,mediana causal de 8 semanas y participacion historica por descripcion,100,GALLETA OREO,
SINTETICO_ENTRENAMIENTO,2022-03-07,SYN-C-20220307-015,1.0,semana,Gas LP,31.55,31.55,COMBUSTIBLE,,2022-03-07,True,mediana causal de 8 semanas y participacion historica por descripcion,101,GAS LP,
SINTETICO_ENTRENAMIENTO,2022-03-07,SYN-C-20220307-016,1.0,semana,Gasolina,27.72,27.72,COMBUSTIBLE,,2022-03-07,True,mediana causal de 8 semanas y participacion historica por descripcion,102,GASOLINA,
SINTETICO_ENTRENAMIENTO,2022-03-07,SYN-C-20220307-017,1.0,semana,Huevo,15.77,15.77,HUEVO,,2022-03-07,True,mediana causal de 8 semanas y participacion historica por descripcion,103,HUEVO,
SINTETICO_ENTRENAMIENTO,2022-03-07,SYN-C-20220307-018,1.0,semana,Kisses,3.29,3.29,CHOCOLATE,,2022-03-07,True,mediana causal de 8 semanas y participacion historica por descripcion,104,KISSES,
SINTETICO_ENTRENAMIENTO,2022-03-07,SYN-C-20220307-019,1.0,semana,Manga chica,1.45,1.45,CONSUMIBLES,,2022-03-07,True,mediana causal de 8 semanas y participacion historica por descripcion,105,MANGA CHICA,
SINTETICO_ENTRENAMIENTO,2022-03-07,SYN-C-20220307-020,1.0,semana,ND,6.31,6.31,NO DEFINIDO,,2022-03-07,True,mediana causal de 8 semanas y participacion historica por descripcion,106,ND,
SINTETICO_ENTRENAMIENTO,2022-03-07,SYN-C-20220307-021,1.0,semana,Puratos Tres Leches Vainilla,8.61,8.61,RELLENO,,2022-03-07,True,mediana causal de 8 semanas y participacion historica por descripcion,107,PURATOS TRES LECHES VAINILLA,
SINTETICO_ENTRENAMIENTO,2022-03-07,SYN-C-20220307-022,1.0,semana,Queso philadelphia,12.42,12.42,RELLENO,,2022-03-07,True,mediana causal de 8 semanas y participacion historica por descripcion,108,QUESO PHILADELPHIA,
SINTETICO_ENTRENAMIENTO,2022-03-07,SYN-C-20220307-023,1.0,semana,Royal Icing Deiman 50,6.57,6.57,ROYALICING,,2022-03-07,True,mediana causal de 8 semanas y participacion historica por descripcion,109,ROYAL ICING DEIMAN 50,
SINTETICO_ENTRENAMIENTO,2022-03-07,SYN-C-20220307-024,1.0,semana,Sicao blanco,1.84,1.84,DECORACION,,2022-03-07,True,mediana causal de 8 semanas y participacion historica por descripcion,110,SICAO BLANCO,
SINTETICO_ENTRENAMIENTO,2022-03-07,SYN-C-20220307-025,1.0,semana,Transfer,23.66,23.66,DECORACION,,2022-03-07,True,mediana causal de 8 semanas y participacion historica por descripcion,111,TRANSFER,
SINTETICO_ENTRENAMIENTO,2022-03-07,SYN-C-20220307-026,1.0,semana,Turin amargo,3.48,3.48,CHOCOLATE,,2022-03-07,True,mediana causal de 8 semanas y participacion historica por descripcion,112,TURIN AMARGO,
SINTETICO_ENTRENAMIENTO,2022-03-07,SYN-C-20220307-027,1.0,semana,aceite,9.48,9.48,ACEITE,,2022-03-07,True,mediana causal de 8 semanas y participacion historica por descripcion,113,ACEITE,
SINTETICO_ENTRENAMIENTO,2022-03-07,SYN-C-20220307-028,1.0,semana,base,1.38,1.38,BASES,,2022-03-07,True,mediana causal de 8 semanas y participacion historica por descripcion,114,BASE,
SINTETICO_ENTRENAMIENTO,2022-03-07,SYN-C-20220307-029,1.0,semana,bases 28 cm,2.76,2.76,BASES,,2022-03-07,True,mediana causal de 8 semanas y participacion historica por descripcion,115,BASES 28 CM,
SINTETICO_ENTRENAMIENTO,2022-03-07,SYN-C-20220307-030,1.0,semana,cacao bremen,2.37,2.37,CHOCOLATE,,2022-03-07,True,mediana causal de 8 semanas y participacion historica por descripcion,116,CACAO BREMEN,
SINTETICO_ENTRENAMIENTO,2022-03-07,SYN-C-20220307-031,1.0,semana,capacillos,5.13,5.13,CAPACILLOS,,2022-03-07,True,mediana causal de 8 semanas y participacion historica por descripcion,117,CAPACILLOS,
SINTETICO_ENTRENAMIENTO,2022-03-07,SYN-C-20220307-032,1.0,semana,celofan 8x12,1.97,1.97,DECORACION,,2022-03-07,True,mediana causal de 8 semanas y participacion historica por descripcion,118,CELOFAN 8X12,
SINTETICO_ENTRENAMIENTO,2022-03-07,SYN-C-20220307-033,1.0,semana,celofan 9x15,2.19,2.19,CONSUMIBLES,,2022-03-07,True,mediana causal de 8 semanas y participacion historica por descripcion,119,CELOFAN 9X15,
SINTETICO_ENTRENAMIENTO,2022-03-07,SYN-C-20220307-034,1.0,semana,chantilli,26.36,26.36,CHANTILLY,,2022-03-07,True,mediana causal de 8 semanas y participacion historica por descripcion,120,CHANTILLI,
SINTETICO_ENTRENAMIENTO,2022-03-07,SYN-C-20220307-035,1.0,semana,chocolate,2.1,2.1,CHOCOLATE,,2022-03-07,True,mediana causal de 8 semanas y participacion historica por descripcion,121,CHOCOLATE,
SINTETICO_ENTRENAMIENTO,2022-03-07,SYN-C-20220307-036,1.0,semana,color gel negro,1.91,1.91,COLORANTES,,2022-03-07,True,mediana causal de 8 semanas y participacion historica por descripcion,122,COLOR GEL NEGRO,
SINTETICO_ENTRENAMIENTO,2022-03-07,SYN-C-20220307-037,1.0,semana,confiter semi amargo,2.89,2.89,CHOCOLATE,,2022-03-07,True,mediana causal de 8 semanas y participacion historica por descripcion,123,CONFITER SEMI AMARGO,
SINTETICO_ENTRENAMIENTO,2022-03-07,SYN-C-20220307-038,1.0,semana,deiman aditivo para chocolate,5.54,5.54,DECORACION,,2022-03-07,True,mediana causal de 8 semanas y participacion historica por descripcion,124,DEIMAN ADITIVO PARA CHOCOLATE,
SINTETICO_ENTRENAMIENTO,2022-03-07,SYN-C-20220307-039,1.0,semana,deiman bioxido de titanio,5.51,5.51,DECORACION,,2022-03-07,True,mediana causal de 8 semanas y participacion historica por descripcion,125,DEIMAN BIOXIDO DE TITANIO,
SINTETICO_ENTRENAMIENTO,2022-03-07,SYN-C-20220307-040,1.0,semana,deiman plumones mágicos,44.1,44.1,DECORACION,,2022-03-07,True,mediana causal de 8 semanas y participacion historica por descripcion,126,DEIMAN PLUMONES MAGICOS,
SINTETICO_ENTRENAMIENTO,2022-03-07,SYN-C-20220307-041,1.0,semana,deiman sab liq vainilla sin color 500 ml,4.01,4.01,DECORACION,,2022-03-07,True,mediana causal de 8 semanas y participacion historica por descripcion,127,DEIMAN SAB LIQ VAINILLA SIN COLOR 500 ML,
SINTETICO_ENTRENAMIENTO,2022-03-07,SYN-C-20220307-042,1.0,semana,domo para cupcake 6 piezas,12.49,12.49,EMPAQUE,,2022-03-07,True,mediana causal de 8 semanas y participacion historica por descripcion,128,DOMO PARA CUPCAKE 6 PIEZAS,
SINTETICO_ENTRENAMIENTO,2022-03-07,SYN-C-20220307-043,1.0,semana,easy pastel tres leches,12.36,12.36,HARINA,VAINILLA,2022-03-07,True,mediana causal de 8 semanas y participacion historica por descripcion,129,EASY PASTEL TRES LECHES,
SINTETICO_ENTRENAMIENTO,2022-03-07,SYN-C-20220307-044,1.0,semana,granillo chico,0.66,0.66,CHOCOLATE,,2022-03-07,True,mediana causal de 8 semanas y participacion historica por descripcion,130,GRANILLO CHICO,
SINTETICO_ENTRENAMIENTO,2022-03-07,SYN-C-20220307-045,1.0,semana,harina de trigo suelta,0.99,0.99,HARINA,TRIGO,2022-03-07,True,mediana causal de 8 semanas y participacion historica por descripcion,131,HARINA DE TRIGO SUELTA,
SINTETICO_ENTRENAMIENTO,2022-03-07,SYN-C-20220307-046,1.0,semana,huevo blanco san juan,5.13,5.13,HUEVO,,2022-03-07,True,mediana causal de 8 semanas y participacion historica por descripcion,132,HUEVO BLANCO SAN JUAN,
SINTETICO_ENTRENAMIENTO,2022-03-07,SYN-C-20220307-047,1.0,semana,inix contenedor mantecadas,21.04,21.04,EMPAQUE,,2022-03-07,True,mediana causal de 8 semanas y participacion historica por descripcion,133,INIX CONTENEDOR MANTECADAS,
SINTETICO_ENTRENAMIENTO,2022-03-07,SYN-C-20220307-048,1.0,semana,kisses,3.29,3.29,CHOCOLATE,,2022-03-07,True,mediana causal de 8 semanas y participacion historica por descripcion,134,KISSES,
SINTETICO_ENTRENAMIENTO,2022-03-07,SYN-C-20220307-049,1.0,semana,letrero,5.26,5.26,DECORACION,,2022-03-07,True,mediana causal de 8 semanas y participacion historica por descripcion,135,LETRERO,
SINTETICO_ENTRENAMIENTO,2022-03-07,SYN-C-20220307-050,1.0,semana,manteca,5.72,5.72,OTROS,,2022-03-07,True,mediana causal de 8 semanas y participacion historica por descripcion,136,MANTECA,
SINTETICO_ENTRENAMIENTO,2022-03-07,SYN-C-20220307-051,1.0,semana,mantequilla gloria,24.32,24.32,MANTEQUILLA,,2022-03-07,True,mediana causal de 8 semanas y participacion historica por descripcion,137,MANTEQUILLA GLORIA,
SINTETICO_ENTRENAMIENTO,2022-03-07,SYN-C-20220307-052,1.0,semana,matizador,9.2,9.2,DECORACION,,2022-03-07,True,mediana causal de 8 semanas y participacion historica por descripcion,138,MATIZADOR,
SINTETICO_ENTRENAMIENTO,2022-03-07,SYN-C-20220307-053,1.0,semana,molde para chocolate,2.59,2.59,HERRAMIENTA,,2022-03-07,True,mediana causal de 8 semanas y participacion historica por descripcion,139,MOLDE PARA CHOCOLATE,
SINTETICO_ENTRENAMIENTO,2022-03-07,SYN-C-20220307-054,1.0,semana,nestle carlos v stick 20 pz,4.45,4.45,CHOCOLATE,,2022-03-07,True,mediana causal de 8 semanas y participacion historica por descripcion,140,NESTLE CARLOS V STICK 20 PZ,
SINTETICO_ENTRENAMIENTO,2022-03-07,SYN-C-20220307-055,1.0,semana,papel quilon para hornear,1.31,1.31,CONSUMIBLES,,2022-03-07,True,mediana causal de 8 semanas y participacion historica por descripcion,141,PAPEL QUILON PARA HORNEAR,
SINTETICO_ENTRENAMIENTO,2022-03-07,SYN-C-20220307-056,1.0,semana,pastireal manga no. 12,4.73,4.73,CONSUMIBLES,,2022-03-07,True,mediana causal de 8 semanas y participacion historica por descripcion,142,PASTIREAL MANGA NO. 12,
SINTETICO_ENTRENAMIENTO,2022-03-07,SYN-C-20220307-057,1.0,semana,perla,2.96,2.96,DECORACION,,2022-03-07,True,mediana causal de 8 semanas y participacion historica por descripcion,143,PERLA,
SINTETICO_ENTRENAMIENTO,2022-03-07,SYN-C-20220307-058,1.0,semana,perlas,6.9,6.9,DECORACION,,2022-03-07,True,mediana causal de 8 semanas y participacion historica por descripcion,144,PERLAS,
SINTETICO_ENTRENAMIENTO,2022-03-07,SYN-C-20220307-059,1.0,semana,puratos creamfil creme choco,5.22,5.22,RELLENO,,2022-03-07,True,mediana causal de 8 semanas y participacion historica por descripcion,145,PURATOS CREAMFIL CREME CHOCO,
SINTETICO_ENTRENAMIENTO,2022-03-07,SYN-C-20220307-060,1.0,semana,red velvet,7.89,7.89,HARINA,RED VELVET,2022-03-07,True,mediana causal de 8 semanas y participacion historica por descripcion,146,RED VELVET,
SINTETICO_ENTRENAMIENTO,2022-03-07,SYN-C-20220307-061,1.0,semana,relleno zarzamora puratos,6.84,6.84,RELLENO,,2022-03-07,True,mediana causal de 8 semanas y participacion historica por descripcion,147,RELLENO ZARZAMORA PURATOS,
SINTETICO_ENTRENAMIENTO,2022-03-07,SYN-C-20220307-062,1.0,semana,rutz,3.29,3.29,DECORACION,,2022-03-07,True,mediana causal de 8 semanas y participacion historica por descripcion,148,RUTZ,
SINTETICO_ENTRENAMIENTO,2022-03-07,SYN-C-20220307-063,1.0,semana,srpinkles,6.84,6.84,DECORACION,,2022-03-07,True,mediana causal de 8 semanas y participacion historica por descripcion,149,SRPINKLES,
SINTETICO_ENTRENAMIENTO,2022-03-07,SYN-C-20220307-064,1.0,semana,suspiro,2.06,2.06,DULCERIA,,2022-03-07,True,mediana causal de 8 semanas y participacion historica por descripcion,150,SUSPIRO,
COIESA,2022-03-17,2010,50.0,pz,caja de cartón para cupcake 6 piezas,391.5,7.83,EMPAQUE,,2022-03-14,False,,151,CAJA DE CARTON PARA CUPCAKE 6 PIEZAS,
REPOSTEARTE,2022-03-17,ND,1.0,pz,pincel,10.0,10.0,HERRAMIENTA,,2022-03-14,False,,152,PINCEL,
REPOSTEARTE,2022-03-17,ND,2.0,pz,caja para cupcake 12 piezas,37.0,18.5,EMPAQUE,,2022-03-14,False,,153,CAJA PARA CUPCAKE 12 PIEZAS,
B. AURRERA,2022-03-21,130443048041637480345,1.0,pz,Queso philadelphia,31.5,31.5,RELLENO,,2022-03-21,False,,154,QUESO PHILADELPHIA,
ESTRELLA,2022-03-22,0704,1.0,kg,Chantilli Asturias,66.0,66.0,CHANTILLY,,2022-03-21,False,,155,CHANTILLI ASTURIAS,
REPOSTEARTE,2022-03-22,ND,1.0,pz,base 30 cm,12.0,12.0,BASES,,2022-03-21,False,,156,BASE 30 CM,
REPOSTEARTE,2022-03-22,ND,1.0,kg,Foundant,83.0,83.0,FONDANT,,2022-03-21,False,,157,FOUNDANT,
GASOLINERIA,2022-03-23,2111392,10.0,lts,Gasolina,210.9,21.09,COMBUSTIBLE,,2022-03-21,False,,158,GASOLINA,
MEGA PLAST,2022-03-23,333647,1.0,Kg,Tegral Satin Creme ca ,57.0,57.0,HARINA,CHOCOLATE,2022-03-21,False,,159,TEGRAL SATIN CREME CA,
REPOSTEARTE,2022-03-23,ND,1.0,pz,Transfer,45.0,45.0,DECORACION,,2022-03-21,False,,160,TRANSFER,
REPOSTEARTE,2022-03-25,ND,1.0,pz,base doble 28,23.0,23.0,BASES,,2022-03-21,False,,161,BASE DOBLE 28,
B. AURRERA,2022-04-01,ND,1.0,pz,aceite,40.0,40.0,ACEITE,,2022-03-28,False,,162,ACEITE,
GASERA,2022-04-01,ND,10.0,lts,Gas LP,120.0,12.0,COMBUSTIBLE,,2022-03-28,False,,163,GAS LP,
GASOLINERIA,2022-04-01,ND,10.0,lts,Gasolina,210.9,21.09,COMBUSTIBLE,,2022-03-28,False,,164,GASOLINA,
TIENDA,2022-04-01,ND,2.0,kg,Huevo,80.0,40.0,HUEVO,,2022-03-28,False,,165,HUEVO,
REPOSTEARTE,2022-04-04,ND,1.0,pz,duya,40.0,40.0,CONSUMIBLES,,2022-04-04,False,,166,DUYA,
REPOSTEARTE,2022-04-04,ND,4.0,kg,Foundant,332.0,83.0,FONDANT,,2022-04-04,False,,167,FOUNDANT,
REPOSTEARTE,2022-04-04,ND,1.0,pz,base 33 x 33,17.5,17.5,BASES,,2022-04-04,False,,168,BASE 33 X 33,
REPOSTEARTE,2022-04-04,ND,1.0,pz,base 28 cm doble,23.0,23.0,BASES,,2022-04-04,False,,169,BASE 28 CM DOBLE,
ESTRELLA,2022-04-06,0351,1.0,pz,ambiante,62.5,62.5,AMBIANTE,,2022-04-04,False,,170,AMBIANTE,
ESTRELLA,2022-04-06,0351,100.0,gr,Turin semiamargo,20.0,200.0,CHOCOLATE,,2022-04-04,False,,171,TURIN SEMIAMARGO,
ESTRELLA,2022-04-06,0351,100.0,gr,kisses,25.0,250.0,CHOCOLATE,,2022-04-04,False,,172,KISSES,
ESTRELLA,2022-04-06,0351,100.0,gr,bolsa 10x15,25.0,250.0,EMPAQUE,,2022-04-04,False,,173,BOLSA 10X15,
SINTETICO_ENTRENAMIENTO,2022-04-11,SYN-C-20220411-001,1.0,semana,Alpezzi 14000,0.27,0.27,CHOCOLATE,,2022-04-11,True,mediana causal de 8 semanas y participacion historica por descripcion,174,ALPEZZI 14000,
SINTETICO_ENTRENAMIENTO,2022-04-11,SYN-C-20220411-002,1.0,semana,Azucar glass,0.5,0.5,AZUCAR,GLASS,2022-04-11,True,mediana causal de 8 semanas y participacion historica por descripcion,175,AZUCAR GLASS,
SINTETICO_ENTRENAMIENTO,2022-04-11,SYN-C-20220411-003,1.0,semana,Base,0.05,0.05,BASES,,2022-04-11,True,mediana causal de 8 semanas y participacion historica por descripcion,176,BASE,
SINTETICO_ENTRENAMIENTO,2022-04-11,SYN-C-20220411-004,1.0,semana,Chantilli,2.34,2.34,CHANTILLY,,2022-04-11,True,mediana causal de 8 semanas y participacion historica por descripcion,177,CHANTILLI,
SINTETICO_ENTRENAMIENTO,2022-04-11,SYN-C-20220411-005,1.0,semana,Chantilli Asturias,12.38,12.38,CHANTILLY,,2022-04-11,True,mediana causal de 8 semanas y participacion historica por descripcion,178,CHANTILLI ASTURIAS,
SINTETICO_ENTRENAMIENTO,2022-04-11,SYN-C-20220411-006,1.0,semana,DESCONOCIDO,4.21,4.21,NO DEFINIDO,,2022-04-11,True,mediana causal de 8 semanas y participacion historica por descripcion,179,DESCONOCIDO,
SINTETICO_ENTRENAMIENTO,2022-04-11,SYN-C-20220411-007,1.0,semana,Domo mantecada 6 cavidades,0.75,0.75,EMPAQUE,,2022-04-11,True,mediana causal de 8 semanas y participacion historica por descripcion,180,DOMO MANTECADA 6 CAVIDADES,
SINTETICO_ENTRENAMIENTO,2022-04-11,SYN-C-20220411-008,1.0,semana,Domo para cupcake,0.57,0.57,EMPAQUE,,2022-04-11,True,mediana causal de 8 semanas y participacion historica por descripcion,181,DOMO PARA CUPCAKE,
SINTETICO_ENTRENAMIENTO,2022-04-11,SYN-C-20220411-009,1.0,semana,Domo para cupcake 12 piezas,1.46,1.46,EMPAQUE,,2022-04-11,True,mediana causal de 8 semanas y participacion historica por descripcion,182,DOMO PARA CUPCAKE 12 PIEZAS,
SINTETICO_ENTRENAMIENTO,2022-04-11,SYN-C-20220411-010,1.0,semana,Easy pastel tres leches,7.15,7.15,HARINA,VAINILLA,2022-04-11,True,mediana causal de 8 semanas y participacion historica por descripcion,183,EASY PASTEL TRES LECHES,
SINTETICO_ENTRENAMIENTO,2022-04-11,SYN-C-20220411-011,1.0,semana,Ferrero,12.94,12.94,CHOCOLATE,,2022-04-11,True,mediana causal de 8 semanas y participacion historica por descripcion,184,FERRERO,
SINTETICO_ENTRENAMIENTO,2022-04-11,SYN-C-20220411-012,1.0,semana,Ferrero Rocher T-16,1.8,1.8,CHOCOLATE,,2022-04-11,True,mediana causal de 8 semanas y participacion historica por descripcion,185,FERRERO ROCHER T-16,
SINTETICO_ENTRENAMIENTO,2022-04-11,SYN-C-20220411-013,1.0,semana,Foundant,85.71,85.71,FONDANT,,2022-04-11,True,mediana causal de 8 semanas y participacion historica por descripcion,186,FOUNDANT,
SINTETICO_ENTRENAMIENTO,2022-04-11,SYN-C-20220411-014,1.0,semana,Galleta Oreo,0.39,0.39,GALLETAS,,2022-04-11,True,mediana causal de 8 semanas y participacion historica por descripcion,187,GALLETA OREO,
SINTETICO_ENTRENAMIENTO,2022-04-11,SYN-C-20220411-015,1.0,semana,Gas LP,36.53,36.53,COMBUSTIBLE,,2022-04-11,True,mediana causal de 8 semanas y participacion historica por descripcion,188,GAS LP,
SINTETICO_ENTRENAMIENTO,2022-04-11,SYN-C-20220411-016,1.0,semana,Gasolina,60.47,60.47,COMBUSTIBLE,,2022-04-11,True,mediana causal de 8 semanas y participacion historica por descripcion,189,GASOLINA,
SINTETICO_ENTRENAMIENTO,2022-04-11,SYN-C-20220411-017,1.0,semana,Huevo,18.26,18.26,HUEVO,,2022-04-11,True,mediana causal de 8 semanas y participacion historica por descripcion,190,HUEVO,
SINTETICO_ENTRENAMIENTO,2022-04-11,SYN-C-20220411-018,1.0,semana,Kisses,0.44,0.44,CHOCOLATE,,2022-04-11,True,mediana causal de 8 semanas y participacion historica por descripcion,191,KISSES,
SINTETICO_ENTRENAMIENTO,2022-04-11,SYN-C-20220411-019,1.0,semana,Manga chica,0.2,0.2,CONSUMIBLES,,2022-04-11,True,mediana causal de 8 semanas y participacion historica por descripcion,192,MANGA CHICA,
SINTETICO_ENTRENAMIENTO,2022-04-11,SYN-C-20220411-020,1.0,semana,ND,0.85,0.85,NO DEFINIDO,,2022-04-11,True,mediana causal de 8 semanas y participacion historica por descripcion,193,ND,
SINTETICO_ENTRENAMIENTO,2022-04-11,SYN-C-20220411-021,1.0,semana,Puratos Tres Leches Vainilla,1.16,1.16,RELLENO,,2022-04-11,True,mediana causal de 8 semanas y participacion historica por descripcion,194,PURATOS TRES LECHES VAINILLA,
SINTETICO_ENTRENAMIENTO,2022-04-11,SYN-C-20220411-022,1.0,semana,Queso philadelphia,5.91,5.91,RELLENO,,2022-04-11,True,mediana causal de 8 semanas y participacion historica por descripcion,195,QUESO PHILADELPHIA,
SINTETICO_ENTRENAMIENTO,2022-04-11,SYN-C-20220411-023,1.0,semana,Royal Icing Deiman 50,0.88,0.88,ROYALICING,,2022-04-11,True,mediana causal de 8 semanas y participacion historica por descripcion,196,ROYAL ICING DEIMAN 50,
SINTETICO_ENTRENAMIENTO,2022-04-11,SYN-C-20220411-024,1.0,semana,Sicao blanco,0.25,0.25,DECORACION,,2022-04-11,True,mediana causal de 8 semanas y participacion historica por descripcion,197,SICAO BLANCO,
SINTETICO_ENTRENAMIENTO,2022-04-11,SYN-C-20220411-025,1.0,semana,Tegral Satin Creme ca ,7.67,7.67,HARINA,CHOCOLATE,2022-04-11,True,mediana causal de 8 semanas y participacion historica por descripcion,198,TEGRAL SATIN CREME CA,
SINTETICO_ENTRENAMIENTO,2022-04-11,SYN-C-20220411-026,1.0,semana,Transfer,21.34,21.34,DECORACION,,2022-04-11,True,mediana causal de 8 semanas y participacion historica por descripcion,199,TRANSFER,
SINTETICO_ENTRENAMIENTO,2022-04-11,SYN-C-20220411-027,1.0,semana,Turin amargo,0.47,0.47,CHOCOLATE,,2022-04-11,True,mediana causal de 8 semanas y participacion historica por descripcion,200,TURIN AMARGO,
SINTETICO_ENTRENAMIENTO,2022-04-11,SYN-C-20220411-028,1.0,semana,Turin semiamargo,2.69,2.69,CHOCOLATE,,2022-04-11,True,mediana causal de 8 semanas y participacion historica por descripcion,201,TURIN SEMIAMARGO,
SINTETICO_ENTRENAMIENTO,2022-04-11,SYN-C-20220411-029,1.0,semana,aceite,12.04,12.04,ACEITE,,2022-04-11,True,mediana causal de 8 semanas y participacion historica por descripcion,202,ACEITE,
SINTETICO_ENTRENAMIENTO,2022-04-11,SYN-C-20220411-030,1.0,semana,ambiante,8.41,8.41,AMBIANTE,,2022-04-11,True,mediana causal de 8 semanas y participacion historica por descripcion,203,AMBIANTE,
SINTETICO_ENTRENAMIENTO,2022-04-11,SYN-C-20220411-031,1.0,semana,base,0.19,0.19,BASES,,2022-04-11,True,mediana causal de 8 semanas y participacion historica por descripcion,204,BASE,
SINTETICO_ENTRENAMIENTO,2022-04-11,SYN-C-20220411-032,1.0,semana,base 28 cm doble,3.09,3.09,BASES,,2022-04-11,True,mediana causal de 8 semanas y participacion historica por descripcion,205,BASE 28 CM DOBLE,
SINTETICO_ENTRENAMIENTO,2022-04-11,SYN-C-20220411-033,1.0,semana,base 30 cm,1.61,1.61,BASES,,2022-04-11,True,mediana causal de 8 semanas y participacion historica por descripcion,206,BASE 30 CM,
SINTETICO_ENTRENAMIENTO,2022-04-11,SYN-C-20220411-034,1.0,semana,base 33 x 33,2.35,2.35,BASES,,2022-04-11,True,mediana causal de 8 semanas y participacion historica por descripcion,207,BASE 33 X 33,
SINTETICO_ENTRENAMIENTO,2022-04-11,SYN-C-20220411-035,1.0,semana,base doble 28,3.09,3.09,BASES,,2022-04-11,True,mediana causal de 8 semanas y participacion historica por descripcion,208,BASE DOBLE 28,
SINTETICO_ENTRENAMIENTO,2022-04-11,SYN-C-20220411-036,1.0,semana,bases 28 cm,3.2,3.2,BASES,,2022-04-11,True,mediana causal de 8 semanas y participacion historica por descripcion,209,BASES 28 CM,
SINTETICO_ENTRENAMIENTO,2022-04-11,SYN-C-20220411-037,1.0,semana,bolsa 10x15,3.36,3.36,EMPAQUE,,2022-04-11,True,mediana causal de 8 semanas y participacion historica por descripcion,210,BOLSA 10X15,
SINTETICO_ENTRENAMIENTO,2022-04-11,SYN-C-20220411-038,1.0,semana,cacao bremen,2.74,2.74,CHOCOLATE,,2022-04-11,True,mediana causal de 8 semanas y participacion historica por descripcion,211,CACAO BREMEN,
SINTETICO_ENTRENAMIENTO,2022-04-11,SYN-C-20220411-039,1.0,semana,caja de cartón para cupcake 6 piezas,52.67,52.67,EMPAQUE,,2022-04-11,True,mediana causal de 8 semanas y participacion historica por descripcion,212,CAJA DE CARTON PARA CUPCAKE 6 PIEZAS,
SINTETICO_ENTRENAMIENTO,2022-04-11,SYN-C-20220411-040,1.0,semana,caja para cupcake 12 piezas,4.98,4.98,EMPAQUE,,2022-04-11,True,mediana causal de 8 semanas y participacion historica por descripcion,213,CAJA PARA CUPCAKE 12 PIEZAS,
SINTETICO_ENTRENAMIENTO,2022-04-11,SYN-C-20220411-041,1.0,semana,capacillos,0.69,0.69,CAPACILLOS,,2022-04-11,True,mediana causal de 8 semanas y participacion historica por descripcion,214,CAPACILLOS,
SINTETICO_ENTRENAMIENTO,2022-04-11,SYN-C-20220411-042,1.0,semana,celofan 8x12,2.28,2.28,DECORACION,,2022-04-11,True,mediana causal de 8 semanas y participacion historica por descripcion,215,CELOFAN 8X12,
SINTETICO_ENTRENAMIENTO,2022-04-11,SYN-C-20220411-043,1.0,semana,celofan 9x15,0.29,0.29,CONSUMIBLES,,2022-04-11,True,mediana causal de 8 semanas y participacion historica por descripcion,216,CELOFAN 9X15,
SINTETICO_ENTRENAMIENTO,2022-04-11,SYN-C-20220411-044,1.0,semana,chantilli,21.3,21.3,CHANTILLY,,2022-04-11,True,mediana causal de 8 semanas y participacion historica por descripcion,217,CHANTILLI,
SINTETICO_ENTRENAMIENTO,2022-04-11,SYN-C-20220411-045,1.0,semana,chocolate,0.28,0.28,CHOCOLATE,,2022-04-11,True,mediana causal de 8 semanas y participacion historica por descripcion,218,CHOCOLATE,
SINTETICO_ENTRENAMIENTO,2022-04-11,SYN-C-20220411-046,1.0,semana,color gel negro,0.26,0.26,COLORANTES,,2022-04-11,True,mediana causal de 8 semanas y participacion historica por descripcion,219,COLOR GEL NEGRO,
SINTETICO_ENTRENAMIENTO,2022-04-11,SYN-C-20220411-047,1.0,semana,confiter semi amargo,3.35,3.35,CHOCOLATE,,2022-04-11,True,mediana causal de 8 semanas y participacion historica por descripcion,220,CONFITER SEMI AMARGO,
SINTETICO_ENTRENAMIENTO,2022-04-11,SYN-C-20220411-048,1.0,semana,deiman aditivo para chocolate,0.75,0.75,DECORACION,,2022-04-11,True,mediana causal de 8 semanas y participacion historica por descripcion,221,DEIMAN ADITIVO PARA CHOCOLATE,
SINTETICO_ENTRENAMIENTO,2022-04-11,SYN-C-20220411-049,1.0,semana,deiman bioxido de titanio,0.74,0.74,DECORACION,,2022-04-11,True,mediana causal de 8 semanas y participacion historica por descripcion,222,DEIMAN BIOXIDO DE TITANIO,
SINTETICO_ENTRENAMIENTO,2022-04-11,SYN-C-20220411-050,1.0,semana,deiman plumones mágicos,5.93,5.93,DECORACION,,2022-04-11,True,mediana causal de 8 semanas y participacion historica por descripcion,223,DEIMAN PLUMONES MAGICOS,
SINTETICO_ENTRENAMIENTO,2022-04-11,SYN-C-20220411-051,1.0,semana,deiman sab liq vainilla sin color 500 ml,0.54,0.54,DECORACION,,2022-04-11,True,mediana causal de 8 semanas y participacion historica por descripcion,224,DEIMAN SAB LIQ VAINILLA SIN COLOR 500 ML,
SINTETICO_ENTRENAMIENTO,2022-04-11,SYN-C-20220411-052,1.0,semana,domo para cupcake 6 piezas,1.68,1.68,EMPAQUE,,2022-04-11,True,mediana causal de 8 semanas y participacion historica por descripcion,225,DOMO PARA CUPCAKE 6 PIEZAS,
SINTETICO_ENTRENAMIENTO,2022-04-11,SYN-C-20220411-053,1.0,semana,duya,5.38,5.38,CONSUMIBLES,,2022-04-11,True,mediana causal de 8 semanas y participacion historica por descripcion,226,DUYA,
SINTETICO_ENTRENAMIENTO,2022-04-11,SYN-C-20220411-054,1.0,semana,easy pastel tres leches,7.99,7.99,HARINA,VAINILLA,2022-04-11,True,mediana causal de 8 semanas y participacion historica por descripcion,227,EASY PASTEL TRES LECHES,
SINTETICO_ENTRENAMIENTO,2022-04-11,SYN-C-20220411-055,1.0,semana,granillo chico,0.09,0.09,CHOCOLATE,,2022-04-11,True,mediana causal de 8 semanas y participacion historica por descripcion,228,GRANILLO CHICO,
SINTETICO_ENTRENAMIENTO,2022-04-11,SYN-C-20220411-056,1.0,semana,harina de trigo suelta,0.13,0.13,HARINA,TRIGO,2022-04-11,True,mediana causal de 8 semanas y participacion historica por descripcion,229,HARINA DE TRIGO SUELTA,
SINTETICO_ENTRENAMIENTO,2022-04-11,SYN-C-20220411-057,1.0,semana,huevo blanco san juan,5.94,5.94,HUEVO,,2022-04-11,True,mediana causal de 8 semanas y participacion historica por descripcion,230,HUEVO BLANCO SAN JUAN,
SINTETICO_ENTRENAMIENTO,2022-04-11,SYN-C-20220411-058,1.0,semana,inix contenedor mantecadas,2.83,2.83,EMPAQUE,,2022-04-11,True,mediana causal de 8 semanas y participacion historica por descripcion,231,INIX CONTENEDOR MANTECADAS,
SINTETICO_ENTRENAMIENTO,2022-04-11,SYN-C-20220411-059,1.0,semana,kisses,7.17,7.17,CHOCOLATE,,2022-04-11,True,mediana causal de 8 semanas y participacion historica por descripcion,232,KISSES,
SINTETICO_ENTRENAMIENTO,2022-04-11,SYN-C-20220411-060,1.0,semana,letrero,0.71,0.71,DECORACION,,2022-04-11,True,mediana causal de 8 semanas y participacion historica por descripcion,233,LETRERO,
SINTETICO_ENTRENAMIENTO,2022-04-11,SYN-C-20220411-061,1.0,semana,manteca,0.77,0.77,OTROS,,2022-04-11,True,mediana causal de 8 semanas y participacion historica por descripcion,234,MANTECA,
SINTETICO_ENTRENAMIENTO,2022-04-11,SYN-C-20220411-062,1.0,semana,mantequilla gloria,3.27,3.27,MANTEQUILLA,,2022-04-11,True,mediana causal de 8 semanas y participacion historica por descripcion,235,MANTEQUILLA GLORIA,
SINTETICO_ENTRENAMIENTO,2022-04-11,SYN-C-20220411-063,1.0,semana,matizador,1.24,1.24,DECORACION,,2022-04-11,True,mediana causal de 8 semanas y participacion historica por descripcion,236,MATIZADOR,
SINTETICO_ENTRENAMIENTO,2022-04-11,SYN-C-20220411-064,1.0,semana,molde para chocolate,0.35,0.35,HERRAMIENTA,,2022-04-11,True,mediana causal de 8 semanas y participacion historica por descripcion,237,MOLDE PARA CHOCOLATE,
SINTETICO_ENTRENAMIENTO,2022-04-11,SYN-C-20220411-065,1.0,semana,nestle carlos v stick 20 pz,0.6,0.6,CHOCOLATE,,2022-04-11,True,mediana causal de 8 semanas y participacion historica por descripcion,238,NESTLE CARLOS V STICK 20 PZ,
SINTETICO_ENTRENAMIENTO,2022-04-11,SYN-C-20220411-066,1.0,semana,papel quilon para hornear,0.18,0.18,CONSUMIBLES,,2022-04-11,True,mediana causal de 8 semanas y participacion historica por descripcion,239,PAPEL QUILON PARA HORNEAR,
SINTETICO_ENTRENAMIENTO,2022-04-11,SYN-C-20220411-067,1.0,semana,pastireal manga no. 12,0.64,0.64,CONSUMIBLES,,2022-04-11,True,mediana causal de 8 semanas y participacion historica por descripcion,240,PASTIREAL MANGA NO. 12,
SINTETICO_ENTRENAMIENTO,2022-04-11,SYN-C-20220411-068,1.0,semana,perla,0.4,0.4,DECORACION,,2022-04-11,True,mediana causal de 8 semanas y participacion historica por descripcion,241,PERLA,
SINTETICO_ENTRENAMIENTO,2022-04-11,SYN-C-20220411-069,1.0,semana,perlas,5.64,5.64,DECORACION,,2022-04-11,True,mediana causal de 8 semanas y participacion historica por descripcion,242,PERLAS,
SINTETICO_ENTRENAMIENTO,2022-04-11,SYN-C-20220411-070,1.0,semana,pincel,1.35,1.35,HERRAMIENTA,,2022-04-11,True,mediana causal de 8 semanas y participacion historica por descripcion,243,PINCEL,
SINTETICO_ENTRENAMIENTO,2022-04-11,SYN-C-20220411-071,1.0,semana,puratos creamfil creme choco,0.7,0.7,RELLENO,,2022-04-11,True,mediana causal de 8 semanas y participacion historica por descripcion,244,PURATOS CREAMFIL CREME CHOCO,
SINTETICO_ENTRENAMIENTO,2022-04-11,SYN-C-20220411-072,1.0,semana,red velvet,9.13,9.13,HARINA,RED VELVET,2022-04-11,True,mediana causal de 8 semanas y participacion historica por descripcion,245,RED VELVET,
SINTETICO_ENTRENAMIENTO,2022-04-11,SYN-C-20220411-073,1.0,semana,relleno zarzamora puratos,7.92,7.92,RELLENO,,2022-04-11,True,mediana causal de 8 semanas y participacion historica por descripcion,246,RELLENO ZARZAMORA PURATOS,
SINTETICO_ENTRENAMIENTO,2022-04-11,SYN-C-20220411-074,1.0,semana,rutz,0.44,0.44,DECORACION,,2022-04-11,True,mediana causal de 8 semanas y participacion historica por descripcion,247,RUTZ,
SINTETICO_ENTRENAMIENTO,2022-04-11,SYN-C-20220411-075,1.0,semana,srpinkles,0.92,0.92,DECORACION,,2022-04-11,True,mediana causal de 8 semanas y participacion historica por descripcion,248,SRPINKLES,
SINTETICO_ENTRENAMIENTO,2022-04-11,SYN-C-20220411-076,1.0,semana,suspiro,2.4000000000000004,2.4000000000000004,DULCERIA,,2022-04-11,True,mediana causal de 8 semanas y participacion historica por descripcion,249,SUSPIRO,
SINTETICO_ENTRENAMIENTO,2022-04-18,SYN-C-20220418-001,1.0,semana,Alpezzi 14000,0.28,0.28,CHOCOLATE,,2022-04-18,True,mediana causal de 8 semanas y participacion historica por descripcion,250,ALPEZZI 14000,
SINTETICO_ENTRENAMIENTO,2022-04-18,SYN-C-20220418-002,1.0,semana,Azucar glass,0.54,0.54,AZUCAR,GLASS,2022-04-18,True,mediana causal de 8 semanas y participacion historica por descripcion,251,AZUCAR GLASS,
SINTETICO_ENTRENAMIENTO,2022-04-18,SYN-C-20220418-003,1.0,semana,Base,0.06,0.06,BASES,,2022-04-18,True,mediana causal de 8 semanas y participacion historica por descripcion,252,BASE,
SINTETICO_ENTRENAMIENTO,2022-04-18,SYN-C-20220418-004,1.0,semana,Chantilli,2.51,2.51,CHANTILLY,,2022-04-18,True,mediana causal de 8 semanas y participacion historica por descripcion,253,CHANTILLI,
SINTETICO_ENTRENAMIENTO,2022-04-18,SYN-C-20220418-005,1.0,semana,Chantilli Asturias,13.27,13.27,CHANTILLY,,2022-04-18,True,mediana causal de 8 semanas y participacion historica por descripcion,254,CHANTILLI ASTURIAS,
SINTETICO_ENTRENAMIENTO,2022-04-18,SYN-C-20220418-006,1.0,semana,DESCONOCIDO,4.51,4.51,NO DEFINIDO,,2022-04-18,True,mediana causal de 8 semanas y participacion historica por descripcion,255,DESCONOCIDO,
SINTETICO_ENTRENAMIENTO,2022-04-18,SYN-C-20220418-007,1.0,semana,Domo mantecada 6 cavidades,0.81,0.81,EMPAQUE,,2022-04-18,True,mediana causal de 8 semanas y participacion historica por descripcion,256,DOMO MANTECADA 6 CAVIDADES,
SINTETICO_ENTRENAMIENTO,2022-04-18,SYN-C-20220418-008,1.0,semana,Domo para cupcake,0.61,0.61,EMPAQUE,,2022-04-18,True,mediana causal de 8 semanas y participacion historica por descripcion,257,DOMO PARA CUPCAKE,
SINTETICO_ENTRENAMIENTO,2022-04-18,SYN-C-20220418-009,1.0,semana,Domo para cupcake 12 piezas,1.56,1.56,EMPAQUE,,2022-04-18,True,mediana causal de 8 semanas y participacion historica por descripcion,258,DOMO PARA CUPCAKE 12 PIEZAS,
SINTETICO_ENTRENAMIENTO,2022-04-18,SYN-C-20220418-010,1.0,semana,Easy pastel tres leches,7.67,7.67,HARINA,VAINILLA,2022-04-18,True,mediana causal de 8 semanas y participacion historica por descripcion,259,EASY PASTEL TRES LECHES,
SINTETICO_ENTRENAMIENTO,2022-04-18,SYN-C-20220418-011,1.0,semana,Ferrero,13.87,13.87,CHOCOLATE,,2022-04-18,True,mediana causal de 8 semanas y participacion historica por descripcion,260,FERRERO,
SINTETICO_ENTRENAMIENTO,2022-04-18,SYN-C-20220418-012,1.0,semana,Ferrero Rocher T-16,1.93,1.93,CHOCOLATE,,2022-04-18,True,mediana causal de 8 semanas y participacion historica por descripcion,261,FERRERO ROCHER T-16,
SINTETICO_ENTRENAMIENTO,2022-04-18,SYN-C-20220418-013,1.0,semana,Foundant,91.88,91.88,FONDANT,,2022-04-18,True,mediana causal de 8 semanas y participacion historica por descripcion,262,FOUNDANT,
SINTETICO_ENTRENAMIENTO,2022-04-18,SYN-C-20220418-014,1.0,semana,Galleta Oreo,0.42,0.42,GALLETAS,,2022-04-18,True,mediana causal de 8 semanas y participacion historica por descripcion,263,GALLETA OREO,
SINTETICO_ENTRENAMIENTO,2022-04-18,SYN-C-20220418-015,1.0,semana,Gas LP,39.16,39.16,COMBUSTIBLE,,2022-04-18,True,mediana causal de 8 semanas y participacion historica por descripcion,264,GAS LP,
SINTETICO_ENTRENAMIENTO,2022-04-18,SYN-C-20220418-016,1.0,semana,Gasolina,64.82,64.82,COMBUSTIBLE,,2022-04-18,True,mediana causal de 8 semanas y participacion historica por descripcion,265,GASOLINA,
SINTETICO_ENTRENAMIENTO,2022-04-18,SYN-C-20220418-017,1.0,semana,Huevo,19.58,19.58,HUEVO,,2022-04-18,True,mediana causal de 8 semanas y participacion historica por descripcion,266,HUEVO,
SINTETICO_ENTRENAMIENTO,2022-04-18,SYN-C-20220418-018,1.0,semana,Kisses,0.47,0.47,CHOCOLATE,,2022-04-18,True,mediana causal de 8 semanas y participacion historica por descripcion,267,KISSES,
SINTETICO_ENTRENAMIENTO,2022-04-18,SYN-C-20220418-019,1.0,semana,Manga chica,0.21,0.21,CONSUMIBLES,,2022-04-18,True,mediana causal de 8 semanas y participacion historica por descripcion,268,MANGA CHICA,
SINTETICO_ENTRENAMIENTO,2022-04-18,SYN-C-20220418-020,1.0,semana,ND,0.91,0.91,NO DEFINIDO,,2022-04-18,True,mediana causal de 8 semanas y participacion historica por descripcion,269,ND,
SINTETICO_ENTRENAMIENTO,2022-04-18,SYN-C-20220418-021,1.0,semana,Puratos Tres Leches Vainilla,1.24,1.24,RELLENO,,2022-04-18,True,mediana causal de 8 semanas y participacion historica por descripcion,270,PURATOS TRES LECHES VAINILLA,
SINTETICO_ENTRENAMIENTO,2022-04-18,SYN-C-20220418-022,1.0,semana,Queso philadelphia,6.33,6.33,RELLENO,,2022-04-18,True,mediana causal de 8 semanas y participacion historica por descripcion,271,QUESO PHILADELPHIA,
SINTETICO_ENTRENAMIENTO,2022-04-18,SYN-C-20220418-023,1.0,semana,Royal Icing Deiman 50,0.95,0.95,ROYALICING,,2022-04-18,True,mediana causal de 8 semanas y participacion historica por descripcion,272,ROYAL ICING DEIMAN 50,
SINTETICO_ENTRENAMIENTO,2022-04-18,SYN-C-20220418-024,1.0,semana,Sicao blanco,0.27,0.27,DECORACION,,2022-04-18,True,mediana causal de 8 semanas y participacion historica por descripcion,273,SICAO BLANCO,
SINTETICO_ENTRENAMIENTO,2022-04-18,SYN-C-20220418-025,1.0,semana,Tegral Satin Creme ca ,8.22,8.22,HARINA,CHOCOLATE,2022-04-18,True,mediana causal de 8 semanas y participacion historica por descripcion,274,TEGRAL SATIN CREME CA,
SINTETICO_ENTRENAMIENTO,2022-04-18,SYN-C-20220418-026,1.0,semana,Transfer,11.44,11.44,DECORACION,,2022-04-18,True,mediana causal de 8 semanas y participacion historica por descripcion,275,TRANSFER,
SINTETICO_ENTRENAMIENTO,2022-04-18,SYN-C-20220418-027,1.0,semana,Turin amargo,0.5,0.5,CHOCOLATE,,2022-04-18,True,mediana causal de 8 semanas y participacion historica por descripcion,276,TURIN AMARGO,
SINTETICO_ENTRENAMIENTO,2022-04-18,SYN-C-20220418-028,1.0,semana,Turin semiamargo,2.88,2.88,CHOCOLATE,,2022-04-18,True,mediana causal de 8 semanas y participacion historica por descripcion,277,TURIN SEMIAMARGO,
SINTETICO_ENTRENAMIENTO,2022-04-18,SYN-C-20220418-029,1.0,semana,aceite,12.9,12.9,ACEITE,,2022-04-18,True,mediana causal de 8 semanas y participacion historica por descripcion,278,ACEITE,
SINTETICO_ENTRENAMIENTO,2022-04-18,SYN-C-20220418-030,1.0,semana,ambiante,9.01,9.01,AMBIANTE,,2022-04-18,True,mediana causal de 8 semanas y participacion historica por descripcion,279,AMBIANTE,
SINTETICO_ENTRENAMIENTO,2022-04-18,SYN-C-20220418-031,1.0,semana,base,0.2,0.2,BASES,,2022-04-18,True,mediana causal de 8 semanas y participacion historica por descripcion,280,BASE,
SINTETICO_ENTRENAMIENTO,2022-04-18,SYN-C-20220418-032,1.0,semana,base 28 cm doble,3.32,3.32,BASES,,2022-04-18,True,mediana causal de 8 semanas y participacion historica por descripcion,281,BASE 28 CM DOBLE,
SINTETICO_ENTRENAMIENTO,2022-04-18,SYN-C-20220418-033,1.0,semana,base 30 cm,1.73,1.73,BASES,,2022-04-18,True,mediana causal de 8 semanas y participacion historica por descripcion,282,BASE 30 CM,
SINTETICO_ENTRENAMIENTO,2022-04-18,SYN-C-20220418-034,1.0,semana,base 33 x 33,2.52,2.52,BASES,,2022-04-18,True,mediana causal de 8 semanas y participacion historica por descripcion,283,BASE 33 X 33,
SINTETICO_ENTRENAMIENTO,2022-04-18,SYN-C-20220418-035,1.0,semana,base doble 28,3.32,3.32,BASES,,2022-04-18,True,mediana causal de 8 semanas y participacion historica por descripcion,284,BASE DOBLE 28,
SINTETICO_ENTRENAMIENTO,2022-04-18,SYN-C-20220418-036,1.0,semana,bases 28 cm,3.43,3.43,BASES,,2022-04-18,True,mediana causal de 8 semanas y participacion historica por descripcion,285,BASES 28 CM,
SINTETICO_ENTRENAMIENTO,2022-04-18,SYN-C-20220418-037,1.0,semana,bolsa 10x15,3.6,3.6,EMPAQUE,,2022-04-18,True,mediana causal de 8 semanas y participacion historica por descripcion,286,BOLSA 10X15,
SINTETICO_ENTRENAMIENTO,2022-04-18,SYN-C-20220418-038,1.0,semana,cacao bremen,2.94,2.94,CHOCOLATE,,2022-04-18,True,mediana causal de 8 semanas y participacion historica por descripcion,287,CACAO BREMEN,
SINTETICO_ENTRENAMIENTO,2022-04-18,SYN-C-20220418-039,1.0,semana,caja de cartón para cupcake 6 piezas,56.46,56.46,EMPAQUE,,2022-04-18,True,mediana causal de 8 semanas y participacion historica por descripcion,288,CAJA DE CARTON PARA CUPCAKE 6 PIEZAS,
SINTETICO_ENTRENAMIENTO,2022-04-18,SYN-C-20220418-040,1.0,semana,caja para cupcake 12 piezas,5.34,5.34,EMPAQUE,,2022-04-18,True,mediana causal de 8 semanas y participacion historica por descripcion,289,CAJA PARA CUPCAKE 12 PIEZAS,
SINTETICO_ENTRENAMIENTO,2022-04-18,SYN-C-20220418-041,1.0,semana,capacillos,0.74,0.74,CAPACILLOS,,2022-04-18,True,mediana causal de 8 semanas y participacion historica por descripcion,290,CAPACILLOS,
SINTETICO_ENTRENAMIENTO,2022-04-18,SYN-C-20220418-042,1.0,semana,celofan 8x12,2.45,2.45,DECORACION,,2022-04-18,True,mediana causal de 8 semanas y participacion historica por descripcion,291,CELOFAN 8X12,
SINTETICO_ENTRENAMIENTO,2022-04-18,SYN-C-20220418-043,1.0,semana,celofan 9x15,0.32,0.32,CONSUMIBLES,,2022-04-18,True,mediana causal de 8 semanas y participacion historica por descripcion,292,CELOFAN 9X15,
SINTETICO_ENTRENAMIENTO,2022-04-18,SYN-C-20220418-044,1.0,semana,chantilli,22.84,22.84,CHANTILLY,,2022-04-18,True,mediana causal de 8 semanas y participacion historica por descripcion,293,CHANTILLI,
SINTETICO_ENTRENAMIENTO,2022-04-18,SYN-C-20220418-045,1.0,semana,chocolate,0.3,0.3,CHOCOLATE,,2022-04-18,True,mediana causal de 8 semanas y participacion historica por descripcion,294,CHOCOLATE,
SINTETICO_ENTRENAMIENTO,2022-04-18,SYN-C-20220418-046,1.0,semana,color gel negro,0.28,0.28,COLORANTES,,2022-04-18,True,mediana causal de 8 semanas y participacion historica por descripcion,295,COLOR GEL NEGRO,
SINTETICO_ENTRENAMIENTO,2022-04-18,SYN-C-20220418-047,1.0,semana,confiter semi amargo,3.59,3.59,CHOCOLATE,,2022-04-18,True,mediana causal de 8 semanas y participacion historica por descripcion,296,CONFITER SEMI AMARGO,
SINTETICO_ENTRENAMIENTO,2022-04-18,SYN-C-20220418-048,1.0,semana,deiman aditivo para chocolate,0.8,0.8,DECORACION,,2022-04-18,True,mediana causal de 8 semanas y participacion historica por descripcion,297,DEIMAN ADITIVO PARA CHOCOLATE,
SINTETICO_ENTRENAMIENTO,2022-04-18,SYN-C-20220418-049,1.0,semana,deiman bioxido de titanio,0.79,0.79,DECORACION,,2022-04-18,True,mediana causal de 8 semanas y participacion historica por descripcion,298,DEIMAN BIOXIDO DE TITANIO,
SINTETICO_ENTRENAMIENTO,2022-04-18,SYN-C-20220418-050,1.0,semana,deiman plumones mágicos,6.36,6.36,DECORACION,,2022-04-18,True,mediana causal de 8 semanas y participacion historica por descripcion,299,DEIMAN PLUMONES MAGICOS,
SINTETICO_ENTRENAMIENTO,2022-04-18,SYN-C-20220418-051,1.0,semana,deiman sab liq vainilla sin color 500 ml,0.58,0.58,DECORACION,,2022-04-18,True,mediana causal de 8 semanas y participacion historica por descripcion,300,DEIMAN SAB LIQ VAINILLA SIN COLOR 500 ML,
SINTETICO_ENTRENAMIENTO,2022-04-18,SYN-C-20220418-052,1.0,semana,domo para cupcake 6 piezas,1.8,1.8,EMPAQUE,,2022-04-18,True,mediana causal de 8 semanas y participacion historica por descripcion,301,DOMO PARA CUPCAKE 6 PIEZAS,
SINTETICO_ENTRENAMIENTO,2022-04-18,SYN-C-20220418-053,1.0,semana,duya,5.77,5.77,CONSUMIBLES,,2022-04-18,True,mediana causal de 8 semanas y participacion historica por descripcion,302,DUYA,
SINTETICO_ENTRENAMIENTO,2022-04-18,SYN-C-20220418-054,1.0,semana,easy pastel tres leches,8.56,8.56,HARINA,VAINILLA,2022-04-18,True,mediana causal de 8 semanas y participacion historica por descripcion,303,EASY PASTEL TRES LECHES,
SINTETICO_ENTRENAMIENTO,2022-04-18,SYN-C-20220418-055,1.0,semana,granillo chico,0.1,0.1,CHOCOLATE,,2022-04-18,True,mediana causal de 8 semanas y participacion historica por descripcion,304,GRANILLO CHICO,
SINTETICO_ENTRENAMIENTO,2022-04-18,SYN-C-20220418-056,1.0,semana,harina de trigo suelta,0.14,0.14,HARINA,TRIGO,2022-04-18,True,mediana causal de 8 semanas y participacion historica por descripcion,305,HARINA DE TRIGO SUELTA,
SINTETICO_ENTRENAMIENTO,2022-04-18,SYN-C-20220418-057,1.0,semana,huevo blanco san juan,6.36,6.36,HUEVO,,2022-04-18,True,mediana causal de 8 semanas y participacion historica por descripcion,306,HUEVO BLANCO SAN JUAN,
SINTETICO_ENTRENAMIENTO,2022-04-18,SYN-C-20220418-058,1.0,semana,inix contenedor mantecadas,3.03,3.03,EMPAQUE,,2022-04-18,True,mediana causal de 8 semanas y participacion historica por descripcion,307,INIX CONTENEDOR MANTECADAS,
SINTETICO_ENTRENAMIENTO,2022-04-18,SYN-C-20220418-059,1.0,semana,kisses,7.68,7.68,CHOCOLATE,,2022-04-18,True,mediana causal de 8 semanas y participacion historica por descripcion,308,KISSES,
SINTETICO_ENTRENAMIENTO,2022-04-18,SYN-C-20220418-060,1.0,semana,letrero,0.76,0.76,DECORACION,,2022-04-18,True,mediana causal de 8 semanas y participacion historica por descripcion,309,LETRERO,
SINTETICO_ENTRENAMIENTO,2022-04-18,SYN-C-20220418-061,1.0,semana,manteca,0.82,0.82,OTROS,,2022-04-18,True,mediana causal de 8 semanas y participacion historica por descripcion,310,MANTECA,
SINTETICO_ENTRENAMIENTO,2022-04-18,SYN-C-20220418-062,1.0,semana,mantequilla gloria,3.51,3.51,MANTEQUILLA,,2022-04-18,True,mediana causal de 8 semanas y participacion historica por descripcion,311,MANTEQUILLA GLORIA,
SINTETICO_ENTRENAMIENTO,2022-04-18,SYN-C-20220418-063,1.0,semana,matizador,1.33,1.33,DECORACION,,2022-04-18,True,mediana causal de 8 semanas y participacion historica por descripcion,312,MATIZADOR,
SINTETICO_ENTRENAMIENTO,2022-04-18,SYN-C-20220418-064,1.0,semana,molde para chocolate,0.37,0.37,HERRAMIENTA,,2022-04-18,True,mediana causal de 8 semanas y participacion historica por descripcion,313,MOLDE PARA CHOCOLATE,
SINTETICO_ENTRENAMIENTO,2022-04-18,SYN-C-20220418-065,1.0,semana,nestle carlos v stick 20 pz,0.64,0.64,CHOCOLATE,,2022-04-18,True,mediana causal de 8 semanas y participacion historica por descripcion,314,NESTLE CARLOS V STICK 20 PZ,
SINTETICO_ENTRENAMIENTO,2022-04-18,SYN-C-20220418-066,1.0,semana,papel quilon para hornear,0.19,0.19,CONSUMIBLES,,2022-04-18,True,mediana causal de 8 semanas y participacion historica por descripcion,315,PAPEL QUILON PARA HORNEAR,
SINTETICO_ENTRENAMIENTO,2022-04-18,SYN-C-20220418-067,1.0,semana,pastireal manga no. 12,0.68,0.68,CONSUMIBLES,,2022-04-18,True,mediana causal de 8 semanas y participacion historica por descripcion,316,PASTIREAL MANGA NO. 12,
SINTETICO_ENTRENAMIENTO,2022-04-18,SYN-C-20220418-068,1.0,semana,perla,0.43,0.43,DECORACION,,2022-04-18,True,mediana causal de 8 semanas y participacion historica por descripcion,317,PERLA,
SINTETICO_ENTRENAMIENTO,2022-04-18,SYN-C-20220418-069,1.0,semana,perlas,1.59,1.59,DECORACION,,2022-04-18,True,mediana causal de 8 semanas y participacion historica por descripcion,318,PERLAS,
SINTETICO_ENTRENAMIENTO,2022-04-18,SYN-C-20220418-070,1.0,semana,pincel,1.44,1.44,HERRAMIENTA,,2022-04-18,True,mediana causal de 8 semanas y participacion historica por descripcion,319,PINCEL,
SINTETICO_ENTRENAMIENTO,2022-04-18,SYN-C-20220418-071,1.0,semana,puratos creamfil creme choco,0.75,0.75,RELLENO,,2022-04-18,True,mediana causal de 8 semanas y participacion historica por descripcion,320,PURATOS CREAMFIL CREME CHOCO,
SINTETICO_ENTRENAMIENTO,2022-04-18,SYN-C-20220418-072,1.0,semana,red velvet,9.79,9.79,HARINA,RED VELVET,2022-04-18,True,mediana causal de 8 semanas y participacion historica por descripcion,321,RED VELVET,
SINTETICO_ENTRENAMIENTO,2022-04-18,SYN-C-20220418-073,1.0,semana,relleno zarzamora puratos,8.49,8.49,RELLENO,,2022-04-18,True,mediana causal de 8 semanas y participacion historica por descripcion,322,RELLENO ZARZAMORA PURATOS,
SINTETICO_ENTRENAMIENTO,2022-04-18,SYN-C-20220418-074,1.0,semana,rutz,0.47,0.47,DECORACION,,2022-04-18,True,mediana causal de 8 semanas y participacion historica por descripcion,323,RUTZ,
SINTETICO_ENTRENAMIENTO,2022-04-18,SYN-C-20220418-075,1.0,semana,srpinkles,0.99,0.99,DECORACION,,2022-04-18,True,mediana causal de 8 semanas y participacion historica por descripcion,324,SRPINKLES,
SINTETICO_ENTRENAMIENTO,2022-04-18,SYN-C-20220418-076,1.0,semana,suspiro,2.61,2.61,DULCERIA,,2022-04-18,True,mediana causal de 8 semanas y participacion historica por descripcion,325,SUSPIRO,
MEGA PLAST,2022-04-27,338472,2.0,Kg,Tegral Satin Creme ca ,114.0,57.0,HARINA,CHOCOLATE,2022-04-25,False,,326,TEGRAL SATIN CREME CA,
MEGA PLAST,2022-04-27,338472,1.0,Kg,easy pastel tres leches,47.0,47.0,HARINA,VAINILLA,2022-04-25,False,,327,EASY PASTEL TRES LECHES,
MEGA PLAST,2022-04-27,338472,1.0,pz,Crema para batir ambiante 1 lt,63.0,63.0,AMBIANTE,,2022-04-25,False,,328,CREMA PARA BATIR AMBIANTE 1 LT,
MEGA PLAST,2022-04-27,338472,200.0,gr,confiter semi amargo,44.0,220.0,CHOCOLATE,,2022-04-25,False,,329,CONFITER SEMI AMARGO,
MEGA PLAST,2022-04-27,338472,1.0,pz,Relleno durazno puratos,53.5,53.5,RELLENO,,2022-04-25,False,,330,RELLENO DURAZNO PURATOS,
MEGA PLAST,2022-04-27,338472,1.0,ND,ND,200.0,200.0,NO DEFINIDO,,2022-04-25,False,,331,ND,
MEGA PLAST,2022-04-27,338472,1.0,pz,Nutella chica 350 grs,65.0,65.0,RELLENO,,2022-04-25,False,,332,NUTELLA CHICA 350 GRS,
REPOSTEARTE,2022-04-27,ND,1.0,kg,Foundant,83.0,83.0,FONDANT,,2022-04-25,False,,333,FOUNDANT,
REPOSTEARTE,2022-04-27,ND,1.0,pz,base,9.5,9.5,BASES,,2022-04-25,False,,334,BASE,
OXXO,2022-04-28,2140524,1.0,pz,chocolate hershey's,19.0,19.0,CHOCOLATE,,2022-04-25,False,,335,CHOCOLATE HERSHEY'S,
OXXO,2022-04-28,2140524,1.0,pz,Queso philadelphia,35.0,35.0,QUESO CREMA,,2022-04-25,False,,336,QUESO PHILADELPHIA,
REPOSTEARTE,2022-04-28,ND,1.0,pz,base 28 cm,11.5,11.5,BASES,,2022-04-25,False,,337,BASE 28 CM,
REPOSTEARTE,2022-04-28,ND,1.0,pz,base 25x35,14.0,14.0,BASES,,2022-04-25,False,,338,BASE 25X35,
ESTRELLA,2022-04-29,0258,50.0,gr,confiteria,35.0,700.0,DULCERIA,,2022-04-25,False,,339,CONFITERIA,
ESTRELLA,2022-04-29,0258,100.0,gr,Cerezas,23.5,235.0,DULCERIA,,2022-04-25,False,,340,CEREZAS,
ESTRELLA,2022-04-29,0258,1.0,kg,Chantilli Asturias,66.0,66.0,CHANTILLY,,2022-04-25,False,,341,CHANTILLI ASTURIAS,
B. AURRERA,2022-05-01,ND,1.0,pz,aceite,40.0,40.0,ACEITE,,2022-04-25,False,,342,ACEITE,
TIENDA,2022-05-01,ND,2.0,kg,Huevo,80.0,40.0,HUEVO,,2022-04-25,False,,343,HUEVO,
GASERA,2022-05-01,ND,10.0,lts,Gas LP,120.0,12.0,COMBUSTIBLE,,2022-04-25,False,,344,GAS LP,
GASOLINERIA,2022-05-01,ND,10.0,lts,Gasolina,210.9,21.09,COMBUSTIBLE,,2022-04-25,False,,345,GASOLINA,
SINTETICO_ENTRENAMIENTO,2022-05-02,SYN-C-20220502-001,1.0,semana,Alpezzi 14000,0.27,0.27,CHOCOLATE,,2022-05-02,True,mediana causal de 8 semanas y participacion historica por descripcion,346,ALPEZZI 14000,
SINTETICO_ENTRENAMIENTO,2022-05-02,SYN-C-20220502-002,1.0,semana,Azucar glass,0.51,0.51,AZUCAR,GLASS,2022-05-02,True,mediana causal de 8 semanas y participacion historica por descripcion,347,AZUCAR GLASS,
SINTETICO_ENTRENAMIENTO,2022-05-02,SYN-C-20220502-003,1.0,semana,Base,0.05,0.05,BASES,,2022-05-02,True,mediana causal de 8 semanas y participacion historica por descripcion,348,BASE,
SINTETICO_ENTRENAMIENTO,2022-05-02,SYN-C-20220502-004,1.0,semana,Cerezas,2.49,2.49,DULCERIA,,2022-05-02,True,mediana causal de 8 semanas y participacion historica por descripcion,349,CEREZAS,
SINTETICO_ENTRENAMIENTO,2022-05-02,SYN-C-20220502-005,1.0,semana,Chantilli,2.36,2.36,CHANTILLY,,2022-05-02,True,mediana causal de 8 semanas y participacion historica por descripcion,350,CHANTILLI,
SINTETICO_ENTRENAMIENTO,2022-05-02,SYN-C-20220502-006,1.0,semana,Chantilli Asturias,19.43,19.43,CHANTILLY,,2022-05-02,True,mediana causal de 8 semanas y participacion historica por descripcion,351,CHANTILLI ASTURIAS,
SINTETICO_ENTRENAMIENTO,2022-05-02,SYN-C-20220502-007,1.0,semana,Crema para batir ambiante 1 lt,6.67,6.67,AMBIANTE,,2022-05-02,True,mediana causal de 8 semanas y participacion historica por descripcion,352,CREMA PARA BATIR AMBIANTE 1 LT,
SINTETICO_ENTRENAMIENTO,2022-05-02,SYN-C-20220502-008,1.0,semana,DESCONOCIDO,4.23,4.23,NO DEFINIDO,,2022-05-02,True,mediana causal de 8 semanas y participacion historica por descripcion,353,DESCONOCIDO,
SINTETICO_ENTRENAMIENTO,2022-05-02,SYN-C-20220502-009,1.0,semana,Domo mantecada 6 cavidades,0.76,0.76,EMPAQUE,,2022-05-02,True,mediana causal de 8 semanas y participacion historica por descripcion,354,DOMO MANTECADA 6 CAVIDADES,
SINTETICO_ENTRENAMIENTO,2022-05-02,SYN-C-20220502-010,1.0,semana,Domo para cupcake,0.57,0.57,EMPAQUE,,2022-05-02,True,mediana causal de 8 semanas y participacion historica por descripcion,355,DOMO PARA CUPCAKE,
SINTETICO_ENTRENAMIENTO,2022-05-02,SYN-C-20220502-011,1.0,semana,Domo para cupcake 12 piezas,1.47,1.47,EMPAQUE,,2022-05-02,True,mediana causal de 8 semanas y participacion historica por descripcion,356,DOMO PARA CUPCAKE 12 PIEZAS,
SINTETICO_ENTRENAMIENTO,2022-05-02,SYN-C-20220502-012,1.0,semana,Easy pastel tres leches,2.22,2.22,HARINA,VAINILLA,2022-05-02,True,mediana causal de 8 semanas y participacion historica por descripcion,357,EASY PASTEL TRES LECHES,
SINTETICO_ENTRENAMIENTO,2022-05-02,SYN-C-20220502-013,1.0,semana,Ferrero,4.02,4.02,CHOCOLATE,,2022-05-02,True,mediana causal de 8 semanas y participacion historica por descripcion,358,FERRERO,
SINTETICO_ENTRENAMIENTO,2022-05-02,SYN-C-20220502-014,1.0,semana,Ferrero Rocher T-16,1.81,1.81,CHOCOLATE,,2022-05-02,True,mediana causal de 8 semanas y participacion historica por descripcion,359,FERRERO ROCHER T-16,
SINTETICO_ENTRENAMIENTO,2022-05-02,SYN-C-20220502-015,1.0,semana,Foundant,77.42,77.42,FONDANT,,2022-05-02,True,mediana causal de 8 semanas y participacion historica por descripcion,360,FOUNDANT,
SINTETICO_ENTRENAMIENTO,2022-05-02,SYN-C-20220502-016,1.0,semana,Galleta Oreo,0.39,0.39,GALLETAS,,2022-05-02,True,mediana causal de 8 semanas y participacion historica por descripcion,361,GALLETA OREO,
SINTETICO_ENTRENAMIENTO,2022-05-02,SYN-C-20220502-017,1.0,semana,Gas LP,36.74,36.74,COMBUSTIBLE,,2022-05-02,True,mediana causal de 8 semanas y participacion historica por descripcion,362,GAS LP,
SINTETICO_ENTRENAMIENTO,2022-05-02,SYN-C-20220502-018,1.0,semana,Gasolina,83.13,83.13,COMBUSTIBLE,,2022-05-02,True,mediana causal de 8 semanas y participacion historica por descripcion,363,GASOLINA,
SINTETICO_ENTRENAMIENTO,2022-05-02,SYN-C-20220502-019,1.0,semana,Huevo,22.6,22.6,HUEVO,,2022-05-02,True,mediana causal de 8 semanas y participacion historica por descripcion,364,HUEVO,
SINTETICO_ENTRENAMIENTO,2022-05-02,SYN-C-20220502-020,1.0,semana,Kisses,0.44,0.44,CHOCOLATE,,2022-05-02,True,mediana causal de 8 semanas y participacion historica por descripcion,365,KISSES,
SINTETICO_ENTRENAMIENTO,2022-05-02,SYN-C-20220502-021,1.0,semana,Manga chica,0.2,0.2,CONSUMIBLES,,2022-05-02,True,mediana causal de 8 semanas y participacion historica por descripcion,366,MANGA CHICA,
SINTETICO_ENTRENAMIENTO,2022-05-02,SYN-C-20220502-022,1.0,semana,ND,22.01,22.01,NO DEFINIDO,,2022-05-02,True,mediana causal de 8 semanas y participacion historica por descripcion,367,ND,
SINTETICO_ENTRENAMIENTO,2022-05-02,SYN-C-20220502-023,1.0,semana,Nutella chica 350 grs,6.88,6.88,RELLENO,,2022-05-02,True,mediana causal de 8 semanas y participacion historica por descripcion,368,NUTELLA CHICA 350 GRS,
SINTETICO_ENTRENAMIENTO,2022-05-02,SYN-C-20220502-024,1.0,semana,Puratos Tres Leches Vainilla,1.16,1.16,RELLENO,,2022-05-02,True,mediana causal de 8 semanas y participacion historica por descripcion,369,PURATOS TRES LECHES VAINILLA,
SINTETICO_ENTRENAMIENTO,2022-05-02,SYN-C-20220502-025,1.0,semana,Queso philadelphia,9.65,9.65,QUESO CREMA,,2022-05-02,True,mediana causal de 8 semanas y participacion historica por descripcion,370,QUESO PHILADELPHIA,
SINTETICO_ENTRENAMIENTO,2022-05-02,SYN-C-20220502-026,1.0,semana,Relleno durazno puratos,5.66,5.66,RELLENO,,2022-05-02,True,mediana causal de 8 semanas y participacion historica por descripcion,371,RELLENO DURAZNO PURATOS,
SINTETICO_ENTRENAMIENTO,2022-05-02,SYN-C-20220502-027,1.0,semana,Royal Icing Deiman 50,0.89,0.89,ROYALICING,,2022-05-02,True,mediana causal de 8 semanas y participacion historica por descripcion,372,ROYAL ICING DEIMAN 50,
SINTETICO_ENTRENAMIENTO,2022-05-02,SYN-C-20220502-028,1.0,semana,Sicao blanco,0.25,0.25,DECORACION,,2022-05-02,True,mediana causal de 8 semanas y participacion historica por descripcion,373,SICAO BLANCO,
SINTETICO_ENTRENAMIENTO,2022-05-02,SYN-C-20220502-029,1.0,semana,Tegral Satin Creme ca ,19.77,19.77,HARINA,CHOCOLATE,2022-05-02,True,mediana causal de 8 semanas y participacion historica por descripcion,374,TEGRAL SATIN CREME CA,
SINTETICO_ENTRENAMIENTO,2022-05-02,SYN-C-20220502-030,1.0,semana,Transfer,10.73,10.73,DECORACION,,2022-05-02,True,mediana causal de 8 semanas y participacion historica por descripcion,375,TRANSFER,
SINTETICO_ENTRENAMIENTO,2022-05-02,SYN-C-20220502-031,1.0,semana,Turin amargo,0.47,0.47,CHOCOLATE,,2022-05-02,True,mediana causal de 8 semanas y participacion historica por descripcion,376,TURIN AMARGO,
SINTETICO_ENTRENAMIENTO,2022-05-02,SYN-C-20220502-032,1.0,semana,Turin semiamargo,2.71,2.71,CHOCOLATE,,2022-05-02,True,mediana causal de 8 semanas y participacion historica por descripcion,377,TURIN SEMIAMARGO,
SINTETICO_ENTRENAMIENTO,2022-05-02,SYN-C-20220502-033,1.0,semana,aceite,12.11,12.11,ACEITE,,2022-05-02,True,mediana causal de 8 semanas y participacion historica por descripcion,378,ACEITE,
SINTETICO_ENTRENAMIENTO,2022-05-02,SYN-C-20220502-034,1.0,semana,ambiante,8.46,8.46,AMBIANTE,,2022-05-02,True,mediana causal de 8 semanas y participacion historica por descripcion,379,AMBIANTE,
SINTETICO_ENTRENAMIENTO,2022-05-02,SYN-C-20220502-035,1.0,semana,base,1.19,1.19,BASES,,2022-05-02,True,mediana causal de 8 semanas y participacion historica por descripcion,380,BASE,
SINTETICO_ENTRENAMIENTO,2022-05-02,SYN-C-20220502-036,1.0,semana,base 25x35,1.48,1.48,BASES,,2022-05-02,True,mediana causal de 8 semanas y participacion historica por descripcion,381,BASE 25X35,
SINTETICO_ENTRENAMIENTO,2022-05-02,SYN-C-20220502-037,1.0,semana,base 28 cm,1.22,1.22,BASES,,2022-05-02,True,mediana causal de 8 semanas y participacion historica por descripcion,382,BASE 28 CM,
SINTETICO_ENTRENAMIENTO,2022-05-02,SYN-C-20220502-038,1.0,semana,base 28 cm doble,3.11,3.11,BASES,,2022-05-02,True,mediana causal de 8 semanas y participacion historica por descripcion,383,BASE 28 CM DOBLE,
SINTETICO_ENTRENAMIENTO,2022-05-02,SYN-C-20220502-039,1.0,semana,base 30 cm,1.62,1.62,BASES,,2022-05-02,True,mediana causal de 8 semanas y participacion historica por descripcion,384,BASE 30 CM,
SINTETICO_ENTRENAMIENTO,2022-05-02,SYN-C-20220502-040,1.0,semana,base 33 x 33,2.37,2.37,BASES,,2022-05-02,True,mediana causal de 8 semanas y participacion historica por descripcion,385,BASE 33 X 33,
SINTETICO_ENTRENAMIENTO,2022-05-02,SYN-C-20220502-041,1.0,semana,base doble 28,3.11,3.11,BASES,,2022-05-02,True,mediana causal de 8 semanas y participacion historica por descripcion,386,BASE DOBLE 28,
SINTETICO_ENTRENAMIENTO,2022-05-02,SYN-C-20220502-042,1.0,semana,bases 28 cm,0.99,0.99,BASES,,2022-05-02,True,mediana causal de 8 semanas y participacion historica por descripcion,387,BASES 28 CM,
SINTETICO_ENTRENAMIENTO,2022-05-02,SYN-C-20220502-043,1.0,semana,bolsa 10x15,3.38,3.38,EMPAQUE,,2022-05-02,True,mediana causal de 8 semanas y participacion historica por descripcion,388,BOLSA 10X15,
SINTETICO_ENTRENAMIENTO,2022-05-02,SYN-C-20220502-044,1.0,semana,cacao bremen,0.85,0.85,CHOCOLATE,,2022-05-02,True,mediana causal de 8 semanas y participacion historica por descripcion,389,CACAO BREMEN,
SINTETICO_ENTRENAMIENTO,2022-05-02,SYN-C-20220502-045,1.0,semana,caja de cartón para cupcake 6 piezas,52.97,52.97,EMPAQUE,,2022-05-02,True,mediana causal de 8 semanas y participacion historica por descripcion,390,CAJA DE CARTON PARA CUPCAKE 6 PIEZAS,
SINTETICO_ENTRENAMIENTO,2022-05-02,SYN-C-20220502-046,1.0,semana,caja para cupcake 12 piezas,5.01,5.01,EMPAQUE,,2022-05-02,True,mediana causal de 8 semanas y participacion historica por descripcion,391,CAJA PARA CUPCAKE 12 PIEZAS,
SINTETICO_ENTRENAMIENTO,2022-05-02,SYN-C-20220502-047,1.0,semana,capacillos,0.69,0.69,CAPACILLOS,,2022-05-02,True,mediana causal de 8 semanas y participacion historica por descripcion,392,CAPACILLOS,
SINTETICO_ENTRENAMIENTO,2022-05-02,SYN-C-20220502-048,1.0,semana,celofan 8x12,0.71,0.71,DECORACION,,2022-05-02,True,mediana causal de 8 semanas y participacion historica por descripcion,393,CELOFAN 8X12,
SINTETICO_ENTRENAMIENTO,2022-05-02,SYN-C-20220502-049,1.0,semana,celofan 9x15,0.3,0.3,CONSUMIBLES,,2022-05-02,True,mediana causal de 8 semanas y participacion historica por descripcion,394,CELOFAN 9X15,
SINTETICO_ENTRENAMIENTO,2022-05-02,SYN-C-20220502-050,1.0,semana,chantilli,7.46,7.46,CHANTILLY,,2022-05-02,True,mediana causal de 8 semanas y participacion historica por descripcion,395,CHANTILLI,
SINTETICO_ENTRENAMIENTO,2022-05-02,SYN-C-20220502-051,1.0,semana,chocolate,0.28,0.28,CHOCOLATE,,2022-05-02,True,mediana causal de 8 semanas y participacion historica por descripcion,396,CHOCOLATE,
SINTETICO_ENTRENAMIENTO,2022-05-02,SYN-C-20220502-052,1.0,semana,chocolate hershey's,2.01,2.01,CHOCOLATE,,2022-05-02,True,mediana causal de 8 semanas y participacion historica por descripcion,397,CHOCOLATE HERSHEY'S,
SINTETICO_ENTRENAMIENTO,2022-05-02,SYN-C-20220502-053,1.0,semana,color gel negro,0.26,0.26,COLORANTES,,2022-05-02,True,mediana causal de 8 semanas y participacion historica por descripcion,398,COLOR GEL NEGRO,
SINTETICO_ENTRENAMIENTO,2022-05-02,SYN-C-20220502-054,1.0,semana,confiter semi amargo,5.7,5.7,CHOCOLATE,,2022-05-02,True,mediana causal de 8 semanas y participacion historica por descripcion,399,CONFITER SEMI AMARGO,
SINTETICO_ENTRENAMIENTO,2022-05-02,SYN-C-20220502-055,1.0,semana,confiteria,3.7,3.7,DULCERIA,,2022-05-02,True,mediana causal de 8 semanas y participacion historica por descripcion,400,CONFITERIA,
SINTETICO_ENTRENAMIENTO,2022-05-02,SYN-C-20220502-056,1.0,semana,deiman aditivo para chocolate,0.75,0.75,DECORACION,,2022-05-02,True,mediana causal de 8 semanas y participacion historica por descripcion,401,DEIMAN ADITIVO PARA CHOCOLATE,
SINTETICO_ENTRENAMIENTO,2022-05-02,SYN-C-20220502-057,1.0,semana,deiman bioxido de titanio,0.74,0.74,DECORACION,,2022-05-02,True,mediana causal de 8 semanas y participacion historica por descripcion,402,DEIMAN BIOXIDO DE TITANIO,
SINTETICO_ENTRENAMIENTO,2022-05-02,SYN-C-20220502-058,1.0,semana,deiman plumones mágicos,5.97,5.97,DECORACION,,2022-05-02,True,mediana causal de 8 semanas y participacion historica por descripcion,403,DEIMAN PLUMONES MAGICOS,
SINTETICO_ENTRENAMIENTO,2022-05-02,SYN-C-20220502-059,1.0,semana,deiman sab liq vainilla sin color 500 ml,0.54,0.54,DECORACION,,2022-05-02,True,mediana causal de 8 semanas y participacion historica por descripcion,404,DEIMAN SAB LIQ VAINILLA SIN COLOR 500 ML,
SINTETICO_ENTRENAMIENTO,2022-05-02,SYN-C-20220502-060,1.0,semana,domo para cupcake 6 piezas,1.69,1.69,EMPAQUE,,2022-05-02,True,mediana causal de 8 semanas y participacion historica por descripcion,405,DOMO PARA CUPCAKE 6 PIEZAS,
SINTETICO_ENTRENAMIENTO,2022-05-02,SYN-C-20220502-061,1.0,semana,duya,5.41,5.41,CONSUMIBLES,,2022-05-02,True,mediana causal de 8 semanas y participacion historica por descripcion,406,DUYA,
SINTETICO_ENTRENAMIENTO,2022-05-02,SYN-C-20220502-062,1.0,semana,easy pastel tres leches,8.03,8.03,HARINA,VAINILLA,2022-05-02,True,mediana causal de 8 semanas y participacion historica por descripcion,407,EASY PASTEL TRES LECHES,
SINTETICO_ENTRENAMIENTO,2022-05-02,SYN-C-20220502-063,1.0,semana,granillo chico,0.09,0.09,CHOCOLATE,,2022-05-02,True,mediana causal de 8 semanas y participacion historica por descripcion,408,GRANILLO CHICO,
SINTETICO_ENTRENAMIENTO,2022-05-02,SYN-C-20220502-064,1.0,semana,harina de trigo suelta,0.13,0.13,HARINA,TRIGO,2022-05-02,True,mediana causal de 8 semanas y participacion historica por descripcion,409,HARINA DE TRIGO SUELTA,
SINTETICO_ENTRENAMIENTO,2022-05-02,SYN-C-20220502-065,1.0,semana,huevo blanco san juan,1.84,1.84,HUEVO,,2022-05-02,True,mediana causal de 8 semanas y participacion historica por descripcion,410,HUEVO BLANCO SAN JUAN,
SINTETICO_ENTRENAMIENTO,2022-05-02,SYN-C-20220502-066,1.0,semana,inix contenedor mantecadas,2.85,2.85,EMPAQUE,,2022-05-02,True,mediana causal de 8 semanas y participacion historica por descripcion,411,INIX CONTENEDOR MANTECADAS,
SINTETICO_ENTRENAMIENTO,2022-05-02,SYN-C-20220502-067,1.0,semana,kisses,4.56,4.56,CHOCOLATE,,2022-05-02,True,mediana causal de 8 semanas y participacion historica por descripcion,412,KISSES,
SINTETICO_ENTRENAMIENTO,2022-05-02,SYN-C-20220502-068,1.0,semana,letrero,0.71,0.71,DECORACION,,2022-05-02,True,mediana causal de 8 semanas y participacion historica por descripcion,413,LETRERO,
SINTETICO_ENTRENAMIENTO,2022-05-02,SYN-C-20220502-069,1.0,semana,manteca,0.77,0.77,OTROS,,2022-05-02,True,mediana causal de 8 semanas y participacion historica por descripcion,414,MANTECA,
SINTETICO_ENTRENAMIENTO,2022-05-02,SYN-C-20220502-070,1.0,semana,mantequilla gloria,3.29,3.29,MANTEQUILLA,,2022-05-02,True,mediana causal de 8 semanas y participacion historica por descripcion,415,MANTEQUILLA GLORIA,
SINTETICO_ENTRENAMIENTO,2022-05-02,SYN-C-20220502-071,1.0,semana,matizador,1.25,1.25,DECORACION,,2022-05-02,True,mediana causal de 8 semanas y participacion historica por descripcion,416,MATIZADOR,
SINTETICO_ENTRENAMIENTO,2022-05-02,SYN-C-20220502-072,1.0,semana,molde para chocolate,0.35,0.35,HERRAMIENTA,,2022-05-02,True,mediana causal de 8 semanas y participacion historica por descripcion,417,MOLDE PARA CHOCOLATE,
SINTETICO_ENTRENAMIENTO,2022-05-02,SYN-C-20220502-073,1.0,semana,nestle carlos v stick 20 pz,0.6,0.6,CHOCOLATE,,2022-05-02,True,mediana causal de 8 semanas y participacion historica por descripcion,418,NESTLE CARLOS V STICK 20 PZ,
SINTETICO_ENTRENAMIENTO,2022-05-02,SYN-C-20220502-074,1.0,semana,papel quilon para hornear,0.18,0.18,CONSUMIBLES,,2022-05-02,True,mediana causal de 8 semanas y participacion historica por descripcion,419,PAPEL QUILON PARA HORNEAR,
SINTETICO_ENTRENAMIENTO,2022-05-02,SYN-C-20220502-075,1.0,semana,pastireal manga no. 12,0.64,0.64,CONSUMIBLES,,2022-05-02,True,mediana causal de 8 semanas y participacion historica por descripcion,420,PASTIREAL MANGA NO. 12,
SINTETICO_ENTRENAMIENTO,2022-05-02,SYN-C-20220502-076,1.0,semana,perla,0.4,0.4,DECORACION,,2022-05-02,True,mediana causal de 8 semanas y participacion historica por descripcion,421,PERLA,
SINTETICO_ENTRENAMIENTO,2022-05-02,SYN-C-20220502-077,1.0,semana,perlas,1.5,1.5,DECORACION,,2022-05-02,True,mediana causal de 8 semanas y participacion historica por descripcion,422,PERLAS,
SINTETICO_ENTRENAMIENTO,2022-05-02,SYN-C-20220502-078,1.0,semana,pincel,1.35,1.35,HERRAMIENTA,,2022-05-02,True,mediana causal de 8 semanas y participacion historica por descripcion,423,PINCEL,
SINTETICO_ENTRENAMIENTO,2022-05-02,SYN-C-20220502-079,1.0,semana,puratos creamfil creme choco,0.71,0.71,RELLENO,,2022-05-02,True,mediana causal de 8 semanas y participacion historica por descripcion,424,PURATOS CREAMFIL CREME CHOCO,
SINTETICO_ENTRENAMIENTO,2022-05-02,SYN-C-20220502-080,1.0,semana,red velvet,2.84,2.84,HARINA,RED VELVET,2022-05-02,True,mediana causal de 8 semanas y participacion historica por descripcion,425,RED VELVET,
SINTETICO_ENTRENAMIENTO,2022-05-02,SYN-C-20220502-081,1.0,semana,relleno zarzamora puratos,2.46,2.46,RELLENO,,2022-05-02,True,mediana causal de 8 semanas y participacion historica por descripcion,426,RELLENO ZARZAMORA PURATOS,
SINTETICO_ENTRENAMIENTO,2022-05-02,SYN-C-20220502-082,1.0,semana,rutz,0.44,0.44,DECORACION,,2022-05-02,True,mediana causal de 8 semanas y participacion historica por descripcion,427,RUTZ,
SINTETICO_ENTRENAMIENTO,2022-05-02,SYN-C-20220502-083,1.0,semana,srpinkles,0.93,0.93,DECORACION,,2022-05-02,True,mediana causal de 8 semanas y participacion historica por descripcion,428,SRPINKLES,
SINTETICO_ENTRENAMIENTO,2022-05-02,SYN-C-20220502-084,1.0,semana,suspiro,0.75,0.75,DULCERIA,,2022-05-02,True,mediana causal de 8 semanas y participacion historica por descripcion,429,SUSPIRO,
MEGA PLAST,2022-05-10,340275,1.0,pz,Crema para batir ambiante 1 lt,63.0,63.0,AMBIANTE,,2022-05-09,False,,430,CREMA PARA BATIR AMBIANTE 1 LT,
MEGA PLAST,2022-05-10,340275,1.0,pz,Crema batida chantilli ASTURIAS,54.0,54.0,CHANTILLY,,2022-05-09,False,,431,CREMA BATIDA CHANTILLI ASTURIAS,
MEGA PLAST,2022-05-10,340275,1.0,Kg,Tegral Satin Red Velvet Puratos,58.0,58.0,HARINA,RED VELVET,2022-05-09,False,,432,TEGRAL SATIN RED VELVET PURATOS,
MEGA PLAST,2022-05-10,340275,1.0,pz,Royal Icing Deiman 50,50.0,50.0,ROYALICING,,2022-05-09,False,,433,ROYAL ICING DEIMAN 50,
MEGA PLAST,2022-05-10,340275,300.0,gr,galleta Oreo suelta,27.0,90.0,GALLETAS,,2022-05-09,False,,434,GALLETA OREO SUELTA,
MEGA PLAST,2022-05-10,340275,2.0,pz,domo 1/4 plancha,50.0,25.0,EMPAQUE,,2022-05-09,False,,435,DOMO 1/4 PLANCHA,
MEGA PLAST,2022-05-10,340275,200.0,gr,chocolate blanco sica,42.0,210.0,CHOCOLATE,,2022-05-09,False,,436,CHOCOLATE BLANCO SICA,
REPOSTEARTE,2022-05-10,ND,1.0,pz,cortadores,35.0,35.0,HERRAMIENTA,,2022-05-09,False,,437,CORTADORES,
REPOSTEARTE,2022-05-10,ND,1.0,pz,base 26 cm,9.5,9.5,BASES,,2022-05-09,False,,438,BASE 26 CM,
REPOSTEARTE,2022-05-10,ND,1.0,pz,base 28 doble,23.0,23.0,BASES,,2022-05-09,False,,439,BASE 28 DOBLE,
REPOSTEARTE,2022-05-10,ND,2.0,kg,Foundant,166.0,83.0,FONDANT,,2022-05-09,False,,440,FOUNDANT,
ESTRELLA,2022-05-12,1098,1.0,kg,Harina,20.0,20.0,HARINA,TRIGO,2022-05-09,False,,441,HARINA,
ESTRELLA,2022-05-12,1098,1.0,kg,Puratos vainilla,62.5,62.5,RELLENO,,2022-05-09,False,,442,PURATOS VAINILLA,
ESTRELLA,2022-05-12,1098,50.0,gr,platanitos,10.0,200.0,OTROS,,2022-05-09,False,,443,PLATANITOS,
ESTRELLA,2022-05-12,1098,1.0,pz,Nutella chica 350 grs,66.0,66.0,RELLENO,,2022-05-09,False,,444,NUTELLA CHICA 350 GRS,
ESTRELLA,2022-05-12,1098,100.0,gr,Sicao blanco real,24.0,240.0,DECORACION,,2022-05-09,False,,445,SICAO BLANCO REAL,
MEGA PLAST,2022-05-12,340484,500.0,gr,galleta Oreo relleno,55.0,110.0,GALLETAS,,2022-05-09,False,,446,GALLETA OREO RELLENO,
MEGA PLAST,2022-05-12,340484,1.0,pz,celofan 12x18 sello ,20.0,20.0,DECORACION,,2022-05-09,False,,447,CELOFAN 12X18 SELLO,
SINTETICO_ENTRENAMIENTO,2022-05-16,SYN-C-20220516-001,1.0,semana,Alpezzi 14000,0.08,0.08,CHOCOLATE,,2022-05-16,True,mediana causal de 8 semanas y participacion historica por descripcion,448,ALPEZZI 14000,
SINTETICO_ENTRENAMIENTO,2022-05-16,SYN-C-20220516-002,1.0,semana,Azucar glass,0.16,0.16,AZUCAR,GLASS,2022-05-16,True,mediana causal de 8 semanas y participacion historica por descripcion,449,AZUCAR GLASS,
SINTETICO_ENTRENAMIENTO,2022-05-16,SYN-C-20220516-003,1.0,semana,Base,0.02,0.02,BASES,,2022-05-16,True,mediana causal de 8 semanas y participacion historica por descripcion,450,BASE,
SINTETICO_ENTRENAMIENTO,2022-05-16,SYN-C-20220516-004,1.0,semana,Cerezas,2.61,2.61,DULCERIA,,2022-05-16,True,mediana causal de 8 semanas y participacion historica por descripcion,451,CEREZAS,
SINTETICO_ENTRENAMIENTO,2022-05-16,SYN-C-20220516-005,1.0,semana,Chantilli,0.72,0.72,CHANTILLY,,2022-05-16,True,mediana causal de 8 semanas y participacion historica por descripcion,452,CHANTILLI,
SINTETICO_ENTRENAMIENTO,2022-05-16,SYN-C-20220516-006,1.0,semana,Chantilli Asturias,17.79,17.79,CHANTILLY,,2022-05-16,True,mediana causal de 8 semanas y participacion historica por descripcion,453,CHANTILLI ASTURIAS,
SINTETICO_ENTRENAMIENTO,2022-05-16,SYN-C-20220516-007,1.0,semana,Crema batida chantilli ASTURIAS,5.43,5.43,CHANTILLY,,2022-05-16,True,mediana causal de 8 semanas y participacion historica por descripcion,454,CREMA BATIDA CHANTILLI ASTURIAS,
SINTETICO_ENTRENAMIENTO,2022-05-16,SYN-C-20220516-008,1.0,semana,Crema para batir ambiante 1 lt,13.33,13.33,AMBIANTE,,2022-05-16,True,mediana causal de 8 semanas y participacion historica por descripcion,455,CREMA PARA BATIR AMBIANTE 1 LT,
SINTETICO_ENTRENAMIENTO,2022-05-16,SYN-C-20220516-009,1.0,semana,DESCONOCIDO,1.3,1.3,NO DEFINIDO,,2022-05-16,True,mediana causal de 8 semanas y participacion historica por descripcion,456,DESCONOCIDO,
SINTETICO_ENTRENAMIENTO,2022-05-16,SYN-C-20220516-010,1.0,semana,Domo mantecada 6 cavidades,0.23,0.23,EMPAQUE,,2022-05-16,True,mediana causal de 8 semanas y participacion historica por descripcion,457,DOMO MANTECADA 6 CAVIDADES,
SINTETICO_ENTRENAMIENTO,2022-05-16,SYN-C-20220516-011,1.0,semana,Domo para cupcake,0.18,0.18,EMPAQUE,,2022-05-16,True,mediana causal de 8 semanas y participacion historica por descripcion,458,DOMO PARA CUPCAKE,
SINTETICO_ENTRENAMIENTO,2022-05-16,SYN-C-20220516-012,1.0,semana,Domo para cupcake 12 piezas,0.45,0.45,EMPAQUE,,2022-05-16,True,mediana causal de 8 semanas y participacion historica por descripcion,459,DOMO PARA CUPCAKE 12 PIEZAS,
SINTETICO_ENTRENAMIENTO,2022-05-16,SYN-C-20220516-013,1.0,semana,Easy pastel tres leches,1.71,1.71,HARINA,VAINILLA,2022-05-16,True,mediana causal de 8 semanas y participacion historica por descripcion,460,EASY PASTEL TRES LECHES,
SINTETICO_ENTRENAMIENTO,2022-05-16,SYN-C-20220516-014,1.0,semana,Ferrero,3.1,3.1,CHOCOLATE,,2022-05-16,True,mediana causal de 8 semanas y participacion historica por descripcion,461,FERRERO,
SINTETICO_ENTRENAMIENTO,2022-05-16,SYN-C-20220516-015,1.0,semana,Ferrero Rocher T-16,0.56,0.56,CHOCOLATE,,2022-05-16,True,mediana causal de 8 semanas y participacion historica por descripcion,462,FERRERO ROCHER T-16,
SINTETICO_ENTRENAMIENTO,2022-05-16,SYN-C-20220516-016,1.0,semana,Foundant,92.34,92.34,FONDANT,,2022-05-16,True,mediana causal de 8 semanas y participacion historica por descripcion,463,FOUNDANT,
SINTETICO_ENTRENAMIENTO,2022-05-16,SYN-C-20220516-017,1.0,semana,Galleta Oreo,0.12,0.12,GALLETAS,,2022-05-16,True,mediana causal de 8 semanas y participacion historica por descripcion,464,GALLETA OREO,
SINTETICO_ENTRENAMIENTO,2022-05-16,SYN-C-20220516-018,1.0,semana,Gas LP,35.41,35.41,COMBUSTIBLE,,2022-05-16,True,mediana causal de 8 semanas y participacion historica por descripcion,465,GAS LP,
SINTETICO_ENTRENAMIENTO,2022-05-16,SYN-C-20220516-019,1.0,semana,Gasolina,84.52,84.52,COMBUSTIBLE,,2022-05-16,True,mediana causal de 8 semanas y participacion historica por descripcion,466,GASOLINA,
SINTETICO_ENTRENAMIENTO,2022-05-16,SYN-C-20220516-020,1.0,semana,Harina,2.01,2.01,HARINA,TRIGO,2022-05-16,True,mediana causal de 8 semanas y participacion historica por descripcion,467,HARINA,
SINTETICO_ENTRENAMIENTO,2022-05-16,SYN-C-20220516-021,1.0,semana,Huevo,22.15,22.15,HUEVO,,2022-05-16,True,mediana causal de 8 semanas y participacion historica por descripcion,468,HUEVO,
SINTETICO_ENTRENAMIENTO,2022-05-16,SYN-C-20220516-022,1.0,semana,Kisses,0.14,0.14,CHOCOLATE,,2022-05-16,True,mediana causal de 8 semanas y participacion historica por descripcion,469,KISSES,
SINTETICO_ENTRENAMIENTO,2022-05-16,SYN-C-20220516-023,1.0,semana,Manga chica,0.06,0.06,CONSUMIBLES,,2022-05-16,True,mediana causal de 8 semanas y participacion historica por descripcion,470,MANGA CHICA,
SINTETICO_ENTRENAMIENTO,2022-05-16,SYN-C-20220516-024,1.0,semana,ND,22.48,22.48,NO DEFINIDO,,2022-05-16,True,mediana causal de 8 semanas y participacion historica por descripcion,471,ND,
SINTETICO_ENTRENAMIENTO,2022-05-16,SYN-C-20220516-025,1.0,semana,Nutella chica 350 grs,13.85,13.85,RELLENO,,2022-05-16,True,mediana causal de 8 semanas y participacion historica por descripcion,472,NUTELLA CHICA 350 GRS,
SINTETICO_ENTRENAMIENTO,2022-05-16,SYN-C-20220516-026,1.0,semana,Puratos Tres Leches Vainilla,0.36,0.36,RELLENO,,2022-05-16,True,mediana causal de 8 semanas y participacion historica por descripcion,473,PURATOS TRES LECHES VAINILLA,
SINTETICO_ENTRENAMIENTO,2022-05-16,SYN-C-20220516-027,1.0,semana,Puratos vainilla,6.28,6.28,RELLENO,,2022-05-16,True,mediana causal de 8 semanas y participacion historica por descripcion,474,PURATOS VAINILLA,
SINTETICO_ENTRENAMIENTO,2022-05-16,SYN-C-20220516-028,1.0,semana,Queso philadelphia,8.88,8.88,QUESO CREMA,,2022-05-16,True,mediana causal de 8 semanas y participacion historica por descripcion,475,QUESO PHILADELPHIA,
SINTETICO_ENTRENAMIENTO,2022-05-16,SYN-C-20220516-029,1.0,semana,Relleno durazno puratos,5.94,5.94,RELLENO,,2022-05-16,True,mediana causal de 8 semanas y participacion historica por descripcion,476,RELLENO DURAZNO PURATOS,
SINTETICO_ENTRENAMIENTO,2022-05-16,SYN-C-20220516-030,1.0,semana,Royal Icing Deiman 50,5.3,5.3,ROYALICING,,2022-05-16,True,mediana causal de 8 semanas y participacion historica por descripcion,477,ROYAL ICING DEIMAN 50,
SINTETICO_ENTRENAMIENTO,2022-05-16,SYN-C-20220516-031,1.0,semana,Sicao blanco,0.08,0.08,DECORACION,,2022-05-16,True,mediana causal de 8 semanas y participacion historica por descripcion,478,SICAO BLANCO,
SINTETICO_ENTRENAMIENTO,2022-05-16,SYN-C-20220516-032,1.0,semana,Sicao blanco real,2.41,2.41,DECORACION,,2022-05-16,True,mediana causal de 8 semanas y participacion historica por descripcion,479,SICAO BLANCO REAL,
SINTETICO_ENTRENAMIENTO,2022-05-16,SYN-C-20220516-033,1.0,semana,Tegral Satin Creme ca ,20.77,20.77,HARINA,CHOCOLATE,2022-05-16,True,mediana causal de 8 semanas y participacion historica por descripcion,480,TEGRAL SATIN CREME CA,
SINTETICO_ENTRENAMIENTO,2022-05-16,SYN-C-20220516-034,1.0,semana,Tegral Satin Red Velvet Puratos,5.83,5.83,HARINA,RED VELVET,2022-05-16,True,mediana causal de 8 semanas y participacion historica por descripcion,481,TEGRAL SATIN RED VELVET PURATOS,
SINTETICO_ENTRENAMIENTO,2022-05-16,SYN-C-20220516-035,1.0,semana,Transfer,8.89,8.89,DECORACION,,2022-05-16,True,mediana causal de 8 semanas y participacion historica por descripcion,482,TRANSFER,
SINTETICO_ENTRENAMIENTO,2022-05-16,SYN-C-20220516-036,1.0,semana,Turin amargo,0.14,0.14,CHOCOLATE,,2022-05-16,True,mediana causal de 8 semanas y participacion historica por descripcion,483,TURIN AMARGO,
SINTETICO_ENTRENAMIENTO,2022-05-16,SYN-C-20220516-037,1.0,semana,Turin semiamargo,2.84,2.84,CHOCOLATE,,2022-05-16,True,mediana causal de 8 semanas y participacion historica por descripcion,484,TURIN SEMIAMARGO,
SINTETICO_ENTRENAMIENTO,2022-05-16,SYN-C-20220516-038,1.0,semana,aceite,11.76,11.76,ACEITE,,2022-05-16,True,mediana causal de 8 semanas y participacion historica por descripcion,485,ACEITE,
SINTETICO_ENTRENAMIENTO,2022-05-16,SYN-C-20220516-039,1.0,semana,ambiante,8.88,8.88,AMBIANTE,,2022-05-16,True,mediana causal de 8 semanas y participacion historica por descripcion,486,AMBIANTE,
SINTETICO_ENTRENAMIENTO,2022-05-16,SYN-C-20220516-040,1.0,semana,base,1.11,1.11,BASES,,2022-05-16,True,mediana causal de 8 semanas y participacion historica por descripcion,487,BASE,
SINTETICO_ENTRENAMIENTO,2022-05-16,SYN-C-20220516-041,1.0,semana,base 25x35,1.56,1.56,BASES,,2022-05-16,True,mediana causal de 8 semanas y participacion historica por descripcion,488,BASE 25X35,
SINTETICO_ENTRENAMIENTO,2022-05-16,SYN-C-20220516-042,1.0,semana,base 26 cm,0.95,0.95,BASES,,2022-05-16,True,mediana causal de 8 semanas y participacion historica por descripcion,489,BASE 26 CM,
SINTETICO_ENTRENAMIENTO,2022-05-16,SYN-C-20220516-043,1.0,semana,base 28 cm,1.28,1.28,BASES,,2022-05-16,True,mediana causal de 8 semanas y participacion historica por descripcion,490,BASE 28 CM,
SINTETICO_ENTRENAMIENTO,2022-05-16,SYN-C-20220516-044,1.0,semana,base 28 cm doble,3.27,3.27,BASES,,2022-05-16,True,mediana causal de 8 semanas y participacion historica por descripcion,491,BASE 28 CM DOBLE,
SINTETICO_ENTRENAMIENTO,2022-05-16,SYN-C-20220516-045,1.0,semana,base 28 doble,2.31,2.31,BASES,,2022-05-16,True,mediana causal de 8 semanas y participacion historica por descripcion,492,BASE 28 DOBLE,
SINTETICO_ENTRENAMIENTO,2022-05-16,SYN-C-20220516-046,1.0,semana,base 30 cm,1.7,1.7,BASES,,2022-05-16,True,mediana causal de 8 semanas y participacion historica por descripcion,493,BASE 30 CM,
SINTETICO_ENTRENAMIENTO,2022-05-16,SYN-C-20220516-047,1.0,semana,base 33 x 33,2.49,2.49,BASES,,2022-05-16,True,mediana causal de 8 semanas y participacion historica por descripcion,494,BASE 33 X 33,
SINTETICO_ENTRENAMIENTO,2022-05-16,SYN-C-20220516-048,1.0,semana,base doble 28,3.27,3.27,BASES,,2022-05-16,True,mediana causal de 8 semanas y participacion historica por descripcion,495,BASE DOBLE 28,
SINTETICO_ENTRENAMIENTO,2022-05-16,SYN-C-20220516-049,1.0,semana,bases 28 cm,0.77,0.77,BASES,,2022-05-16,True,mediana causal de 8 semanas y participacion historica por descripcion,496,BASES 28 CM,
SINTETICO_ENTRENAMIENTO,2022-05-16,SYN-C-20220516-050,1.0,semana,bolsa 10x15,3.55,3.55,EMPAQUE,,2022-05-16,True,mediana causal de 8 semanas y participacion historica por descripcion,497,BOLSA 10X15,
SINTETICO_ENTRENAMIENTO,2022-05-16,SYN-C-20220516-051,1.0,semana,cacao bremen,0.66,0.66,CHOCOLATE,,2022-05-16,True,mediana causal de 8 semanas y participacion historica por descripcion,498,CACAO BREMEN,
SINTETICO_ENTRENAMIENTO,2022-05-16,SYN-C-20220516-052,1.0,semana,caja de cartón para cupcake 6 piezas,16.29,16.29,EMPAQUE,,2022-05-16,True,mediana causal de 8 semanas y participacion historica por descripcion,499,CAJA DE CARTON PARA CUPCAKE 6 PIEZAS,
SINTETICO_ENTRENAMIENTO,2022-05-16,SYN-C-20220516-053,1.0,semana,caja para cupcake 12 piezas,1.54,1.54,EMPAQUE,,2022-05-16,True,mediana causal de 8 semanas y participacion historica por descripcion,500,CAJA PARA CUPCAKE 12 PIEZAS,
SINTETICO_ENTRENAMIENTO,2022-05-16,SYN-C-20220516-054,1.0,semana,capacillos,0.21,0.21,CAPACILLOS,,2022-05-16,True,mediana causal de 8 semanas y participacion historica por descripcion,501,CAPACILLOS,
SINTETICO_ENTRENAMIENTO,2022-05-16,SYN-C-20220516-055,1.0,semana,celofan 12x18 sello ,2.01,2.01,DECORACION,,2022-05-16,True,mediana causal de 8 semanas y participacion historica por descripcion,502,CELOFAN 12X18 SELLO,
SINTETICO_ENTRENAMIENTO,2022-05-16,SYN-C-20220516-056,1.0,semana,celofan 8x12,0.55,0.55,DECORACION,,2022-05-16,True,mediana causal de 8 semanas y participacion historica por descripcion,503,CELOFAN 8X12,
SINTETICO_ENTRENAMIENTO,2022-05-16,SYN-C-20220516-057,1.0,semana,celofan 9x15,0.09,0.09,CONSUMIBLES,,2022-05-16,True,mediana causal de 8 semanas y participacion historica por descripcion,504,CELOFAN 9X15,
SINTETICO_ENTRENAMIENTO,2022-05-16,SYN-C-20220516-058,1.0,semana,chantilli,5.18,5.18,CHANTILLY,,2022-05-16,True,mediana causal de 8 semanas y participacion historica por descripcion,505,CHANTILLI,
SINTETICO_ENTRENAMIENTO,2022-05-16,SYN-C-20220516-059,1.0,semana,chocolate,0.09,0.09,CHOCOLATE,,2022-05-16,True,mediana causal de 8 semanas y participacion historica por descripcion,506,CHOCOLATE,
SINTETICO_ENTRENAMIENTO,2022-05-16,SYN-C-20220516-060,1.0,semana,chocolate blanco sica,4.22,4.22,CHOCOLATE,,2022-05-16,True,mediana causal de 8 semanas y participacion historica por descripcion,507,CHOCOLATE BLANCO SICA,
SINTETICO_ENTRENAMIENTO,2022-05-16,SYN-C-20220516-061,1.0,semana,chocolate hershey's,2.11,2.11,CHOCOLATE,,2022-05-16,True,mediana causal de 8 semanas y participacion historica por descripcion,508,CHOCOLATE HERSHEY'S,
SINTETICO_ENTRENAMIENTO,2022-05-16,SYN-C-20220516-062,1.0,semana,color gel negro,0.08,0.08,COLORANTES,,2022-05-16,True,mediana causal de 8 semanas y participacion historica por descripcion,509,COLOR GEL NEGRO,
SINTETICO_ENTRENAMIENTO,2022-05-16,SYN-C-20220516-063,1.0,semana,confiter semi amargo,5.69,5.69,CHOCOLATE,,2022-05-16,True,mediana causal de 8 semanas y participacion historica por descripcion,510,CONFITER SEMI AMARGO,
SINTETICO_ENTRENAMIENTO,2022-05-16,SYN-C-20220516-064,1.0,semana,confiteria,3.89,3.89,DULCERIA,,2022-05-16,True,mediana causal de 8 semanas y participacion historica por descripcion,511,CONFITERIA,
SINTETICO_ENTRENAMIENTO,2022-05-16,SYN-C-20220516-065,1.0,semana,cortadores,3.52,3.52,HERRAMIENTA,,2022-05-16,True,mediana causal de 8 semanas y participacion historica por descripcion,512,CORTADORES,
SINTETICO_ENTRENAMIENTO,2022-05-16,SYN-C-20220516-066,1.0,semana,deiman aditivo para chocolate,0.23,0.23,DECORACION,,2022-05-16,True,mediana causal de 8 semanas y participacion historica por descripcion,513,DEIMAN ADITIVO PARA CHOCOLATE,
SINTETICO_ENTRENAMIENTO,2022-05-16,SYN-C-20220516-067,1.0,semana,deiman bioxido de titanio,0.23,0.23,DECORACION,,2022-05-16,True,mediana causal de 8 semanas y participacion historica por descripcion,514,DEIMAN BIOXIDO DE TITANIO,
SINTETICO_ENTRENAMIENTO,2022-05-16,SYN-C-20220516-068,1.0,semana,deiman plumones mágicos,1.83,1.83,DECORACION,,2022-05-16,True,mediana causal de 8 semanas y participacion historica por descripcion,515,DEIMAN PLUMONES MAGICOS,
SINTETICO_ENTRENAMIENTO,2022-05-16,SYN-C-20220516-069,1.0,semana,deiman sab liq vainilla sin color 500 ml,0.17,0.17,DECORACION,,2022-05-16,True,mediana causal de 8 semanas y participacion historica por descripcion,516,DEIMAN SAB LIQ VAINILLA SIN COLOR 500 ML,
SINTETICO_ENTRENAMIENTO,2022-05-16,SYN-C-20220516-070,1.0,semana,domo 1/4 plancha,5.02,5.02,EMPAQUE,,2022-05-16,True,mediana causal de 8 semanas y participacion historica por descripcion,517,DOMO 1/4 PLANCHA,
SINTETICO_ENTRENAMIENTO,2022-05-16,SYN-C-20220516-071,1.0,semana,domo para cupcake 6 piezas,0.52,0.52,EMPAQUE,,2022-05-16,True,mediana causal de 8 semanas y participacion historica por descripcion,518,DOMO PARA CUPCAKE 6 PIEZAS,
SINTETICO_ENTRENAMIENTO,2022-05-16,SYN-C-20220516-072,1.0,semana,duya,5.68,5.68,CONSUMIBLES,,2022-05-16,True,mediana causal de 8 semanas y participacion historica por descripcion,519,DUYA,
SINTETICO_ENTRENAMIENTO,2022-05-16,SYN-C-20220516-073,1.0,semana,easy pastel tres leches,7.19,7.19,HARINA,VAINILLA,2022-05-16,True,mediana causal de 8 semanas y participacion historica por descripcion,520,EASY PASTEL TRES LECHES,
SINTETICO_ENTRENAMIENTO,2022-05-16,SYN-C-20220516-074,1.0,semana,galleta Oreo relleno,5.53,5.53,GALLETAS,,2022-05-16,True,mediana causal de 8 semanas y participacion historica por descripcion,521,GALLETA OREO RELLENO,
SINTETICO_ENTRENAMIENTO,2022-05-16,SYN-C-20220516-075,1.0,semana,galleta Oreo suelta,2.71,2.71,GALLETAS,,2022-05-16,True,mediana causal de 8 semanas y participacion historica por descripcion,522,GALLETA OREO SUELTA,
SINTETICO_ENTRENAMIENTO,2022-05-16,SYN-C-20220516-076,1.0,semana,granillo chico,0.03,0.03,CHOCOLATE,,2022-05-16,True,mediana causal de 8 semanas y participacion historica por descripcion,523,GRANILLO CHICO,
SINTETICO_ENTRENAMIENTO,2022-05-16,SYN-C-20220516-077,1.0,semana,harina de trigo suelta,0.04,0.04,HARINA,TRIGO,2022-05-16,True,mediana causal de 8 semanas y participacion historica por descripcion,524,HARINA DE TRIGO SUELTA,
SINTETICO_ENTRENAMIENTO,2022-05-16,SYN-C-20220516-078,1.0,semana,huevo blanco san juan,1.42,1.42,HUEVO,,2022-05-16,True,mediana causal de 8 semanas y participacion historica por descripcion,525,HUEVO BLANCO SAN JUAN,
SINTETICO_ENTRENAMIENTO,2022-05-16,SYN-C-20220516-079,1.0,semana,inix contenedor mantecadas,0.88,0.88,EMPAQUE,,2022-05-16,True,mediana causal de 8 semanas y participacion historica por descripcion,526,INIX CONTENEDOR MANTECADAS,
SINTETICO_ENTRENAMIENTO,2022-05-16,SYN-C-20220516-080,1.0,semana,kisses,4.46,4.46,CHOCOLATE,,2022-05-16,True,mediana causal de 8 semanas y participacion historica por descripcion,527,KISSES,
SINTETICO_ENTRENAMIENTO,2022-05-16,SYN-C-20220516-081,1.0,semana,letrero,0.22,0.22,DECORACION,,2022-05-16,True,mediana causal de 8 semanas y participacion historica por descripcion,528,LETRERO,
SINTETICO_ENTRENAMIENTO,2022-05-16,SYN-C-20220516-082,1.0,semana,manteca,0.24,0.24,OTROS,,2022-05-16,True,mediana causal de 8 semanas y participacion historica por descripcion,529,MANTECA,
SINTETICO_ENTRENAMIENTO,2022-05-16,SYN-C-20220516-083,1.0,semana,mantequilla gloria,1.01,1.01,MANTEQUILLA,,2022-05-16,True,mediana causal de 8 semanas y participacion historica por descripcion,530,MANTEQUILLA GLORIA,
SINTETICO_ENTRENAMIENTO,2022-05-16,SYN-C-20220516-084,1.0,semana,matizador,0.38,0.38,DECORACION,,2022-05-16,True,mediana causal de 8 semanas y participacion historica por descripcion,531,MATIZADOR,
SINTETICO_ENTRENAMIENTO,2022-05-16,SYN-C-20220516-085,1.0,semana,molde para chocolate,0.11,0.11,HERRAMIENTA,,2022-05-16,True,mediana causal de 8 semanas y participacion historica por descripcion,532,MOLDE PARA CHOCOLATE,
SINTETICO_ENTRENAMIENTO,2022-05-16,SYN-C-20220516-086,1.0,semana,nestle carlos v stick 20 pz,0.18,0.18,CHOCOLATE,,2022-05-16,True,mediana causal de 8 semanas y participacion historica por descripcion,533,NESTLE CARLOS V STICK 20 PZ,
SINTETICO_ENTRENAMIENTO,2022-05-16,SYN-C-20220516-087,1.0,semana,papel quilon para hornear,0.06,0.06,CONSUMIBLES,,2022-05-16,True,mediana causal de 8 semanas y participacion historica por descripcion,534,PAPEL QUILON PARA HORNEAR,
SINTETICO_ENTRENAMIENTO,2022-05-16,SYN-C-20220516-088,1.0,semana,pastireal manga no. 12,0.2,0.2,CONSUMIBLES,,2022-05-16,True,mediana causal de 8 semanas y participacion historica por descripcion,535,PASTIREAL MANGA NO. 12,
SINTETICO_ENTRENAMIENTO,2022-05-16,SYN-C-20220516-089,1.0,semana,perla,0.12,0.12,DECORACION,,2022-05-16,True,mediana causal de 8 semanas y participacion historica por descripcion,536,PERLA,
SINTETICO_ENTRENAMIENTO,2022-05-16,SYN-C-20220516-090,1.0,semana,perlas,0.88,0.88,DECORACION,,2022-05-16,True,mediana causal de 8 semanas y participacion historica por descripcion,537,PERLAS,
SINTETICO_ENTRENAMIENTO,2022-05-16,SYN-C-20220516-091,1.0,semana,pincel,0.42,0.42,HERRAMIENTA,,2022-05-16,True,mediana causal de 8 semanas y participacion historica por descripcion,538,PINCEL,
SINTETICO_ENTRENAMIENTO,2022-05-16,SYN-C-20220516-092,1.0,semana,platanitos,1.0,1.0,OTROS,,2022-05-16,True,mediana causal de 8 semanas y participacion historica por descripcion,539,PLATANITOS,
SINTETICO_ENTRENAMIENTO,2022-05-16,SYN-C-20220516-093,1.0,semana,puratos creamfil creme choco,0.22,0.22,RELLENO,,2022-05-16,True,mediana causal de 8 semanas y participacion historica por descripcion,540,PURATOS CREAMFIL CREME CHOCO,
SINTETICO_ENTRENAMIENTO,2022-05-16,SYN-C-20220516-094,1.0,semana,red velvet,2.19,2.19,HARINA,RED VELVET,2022-05-16,True,mediana causal de 8 semanas y participacion historica por descripcion,541,RED VELVET,
SINTETICO_ENTRENAMIENTO,2022-05-16,SYN-C-20220516-095,1.0,semana,relleno zarzamora puratos,1.9,1.9,RELLENO,,2022-05-16,True,mediana causal de 8 semanas y participacion historica por descripcion,542,RELLENO ZARZAMORA PURATOS,
SINTETICO_ENTRENAMIENTO,2022-05-16,SYN-C-20220516-096,1.0,semana,rutz,0.14,0.14,DECORACION,,2022-05-16,True,mediana causal de 8 semanas y participacion historica por descripcion,543,RUTZ,
SINTETICO_ENTRENAMIENTO,2022-05-16,SYN-C-20220516-097,1.0,semana,srpinkles,0.29,0.29,DECORACION,,2022-05-16,True,mediana causal de 8 semanas y participacion historica por descripcion,544,SRPINKLES,
SINTETICO_ENTRENAMIENTO,2022-05-16,SYN-C-20220516-098,1.0,semana,suspiro,0.5599999999999999,0.5599999999999999,DULCERIA,,2022-05-16,True,mediana causal de 8 semanas y participacion historica por descripcion,545,SUSPIRO,
SINTETICO_ENTRENAMIENTO,2022-05-23,SYN-C-20220523-001,1.0,semana,Alpezzi 14000,0.09,0.09,CHOCOLATE,,2022-05-23,True,mediana causal de 8 semanas y participacion historica por descripcion,546,ALPEZZI 14000,
SINTETICO_ENTRENAMIENTO,2022-05-23,SYN-C-20220523-002,1.0,semana,Azucar glass,0.17,0.17,AZUCAR,GLASS,2022-05-23,True,mediana causal de 8 semanas y participacion historica por descripcion,547,AZUCAR GLASS,
SINTETICO_ENTRENAMIENTO,2022-05-23,SYN-C-20220523-003,1.0,semana,Base,0.02,0.02,BASES,,2022-05-23,True,mediana causal de 8 semanas y participacion historica por descripcion,548,BASE,
SINTETICO_ENTRENAMIENTO,2022-05-23,SYN-C-20220523-004,1.0,semana,Cerezas,2.86,2.86,DULCERIA,,2022-05-23,True,mediana causal de 8 semanas y participacion historica por descripcion,549,CEREZAS,
SINTETICO_ENTRENAMIENTO,2022-05-23,SYN-C-20220523-005,1.0,semana,Chantilli,0.79,0.79,CHANTILLY,,2022-05-23,True,mediana causal de 8 semanas y participacion historica por descripcion,550,CHANTILLI,
SINTETICO_ENTRENAMIENTO,2022-05-23,SYN-C-20220523-006,1.0,semana,Chantilli Asturias,12.9,12.9,CHANTILLY,,2022-05-23,True,mediana causal de 8 semanas y participacion historica por descripcion,551,CHANTILLI ASTURIAS,
SINTETICO_ENTRENAMIENTO,2022-05-23,SYN-C-20220523-007,1.0,semana,Crema batida chantilli ASTURIAS,5.95,5.95,CHANTILLY,,2022-05-23,True,mediana causal de 8 semanas y participacion historica por descripcion,552,CREMA BATIDA CHANTILLI ASTURIAS,
SINTETICO_ENTRENAMIENTO,2022-05-23,SYN-C-20220523-008,1.0,semana,Crema para batir ambiante 1 lt,14.62,14.62,AMBIANTE,,2022-05-23,True,mediana causal de 8 semanas y participacion historica por descripcion,553,CREMA PARA BATIR AMBIANTE 1 LT,
SINTETICO_ENTRENAMIENTO,2022-05-23,SYN-C-20220523-009,1.0,semana,DESCONOCIDO,1.43,1.43,NO DEFINIDO,,2022-05-23,True,mediana causal de 8 semanas y participacion historica por descripcion,554,DESCONOCIDO,
SINTETICO_ENTRENAMIENTO,2022-05-23,SYN-C-20220523-010,1.0,semana,Domo mantecada 6 cavidades,0.26,0.26,EMPAQUE,,2022-05-23,True,mediana causal de 8 semanas y participacion historica por descripcion,555,DOMO MANTECADA 6 CAVIDADES,
SINTETICO_ENTRENAMIENTO,2022-05-23,SYN-C-20220523-011,1.0,semana,Domo para cupcake,0.19,0.19,EMPAQUE,,2022-05-23,True,mediana causal de 8 semanas y participacion historica por descripcion,556,DOMO PARA CUPCAKE,
SINTETICO_ENTRENAMIENTO,2022-05-23,SYN-C-20220523-012,1.0,semana,Domo para cupcake 12 piezas,0.49,0.49,EMPAQUE,,2022-05-23,True,mediana causal de 8 semanas y participacion historica por descripcion,557,DOMO PARA CUPCAKE 12 PIEZAS,
SINTETICO_ENTRENAMIENTO,2022-05-23,SYN-C-20220523-013,1.0,semana,Easy pastel tres leches,1.88,1.88,HARINA,VAINILLA,2022-05-23,True,mediana causal de 8 semanas y participacion historica por descripcion,558,EASY PASTEL TRES LECHES,
SINTETICO_ENTRENAMIENTO,2022-05-23,SYN-C-20220523-014,1.0,semana,Ferrero,3.4,3.4,CHOCOLATE,,2022-05-23,True,mediana causal de 8 semanas y participacion historica por descripcion,559,FERRERO,
SINTETICO_ENTRENAMIENTO,2022-05-23,SYN-C-20220523-015,1.0,semana,Ferrero Rocher T-16,0.61,0.61,CHOCOLATE,,2022-05-23,True,mediana causal de 8 semanas y participacion historica por descripcion,560,FERRERO ROCHER T-16,
SINTETICO_ENTRENAMIENTO,2022-05-23,SYN-C-20220523-016,1.0,semana,Foundant,92.93,92.93,FONDANT,,2022-05-23,True,mediana causal de 8 semanas y participacion historica por descripcion,561,FOUNDANT,
SINTETICO_ENTRENAMIENTO,2022-05-23,SYN-C-20220523-017,1.0,semana,Galleta Oreo,0.13,0.13,GALLETAS,,2022-05-23,True,mediana causal de 8 semanas y participacion historica por descripcion,562,GALLETA OREO,
SINTETICO_ENTRENAMIENTO,2022-05-23,SYN-C-20220523-018,1.0,semana,Gas LP,38.83,38.83,COMBUSTIBLE,,2022-05-23,True,mediana causal de 8 semanas y participacion historica por descripcion,563,GAS LP,
SINTETICO_ENTRENAMIENTO,2022-05-23,SYN-C-20220523-019,1.0,semana,Gasolina,71.55,71.55,COMBUSTIBLE,,2022-05-23,True,mediana causal de 8 semanas y participacion historica por descripcion,564,GASOLINA,
SINTETICO_ENTRENAMIENTO,2022-05-23,SYN-C-20220523-020,1.0,semana,Harina,2.2,2.2,HARINA,TRIGO,2022-05-23,True,mediana causal de 8 semanas y participacion historica por descripcion,565,HARINA,
SINTETICO_ENTRENAMIENTO,2022-05-23,SYN-C-20220523-021,1.0,semana,Huevo,24.28,24.28,HUEVO,,2022-05-23,True,mediana causal de 8 semanas y participacion historica por descripcion,566,HUEVO,
SINTETICO_ENTRENAMIENTO,2022-05-23,SYN-C-20220523-022,1.0,semana,Kisses,0.15,0.15,CHOCOLATE,,2022-05-23,True,mediana causal de 8 semanas y participacion historica por descripcion,567,KISSES,
SINTETICO_ENTRENAMIENTO,2022-05-23,SYN-C-20220523-023,1.0,semana,Manga chica,0.07,0.07,CONSUMIBLES,,2022-05-23,True,mediana causal de 8 semanas y participacion historica por descripcion,568,MANGA CHICA,
SINTETICO_ENTRENAMIENTO,2022-05-23,SYN-C-20220523-024,1.0,semana,ND,24.65,24.65,NO DEFINIDO,,2022-05-23,True,mediana causal de 8 semanas y participacion historica por descripcion,569,ND,
SINTETICO_ENTRENAMIENTO,2022-05-23,SYN-C-20220523-025,1.0,semana,Nutella chica 350 grs,15.19,15.19,RELLENO,,2022-05-23,True,mediana causal de 8 semanas y participacion historica por descripcion,570,NUTELLA CHICA 350 GRS,
SINTETICO_ENTRENAMIENTO,2022-05-23,SYN-C-20220523-026,1.0,semana,Puratos Tres Leches Vainilla,0.39,0.39,RELLENO,,2022-05-23,True,mediana causal de 8 semanas y participacion historica por descripcion,571,PURATOS TRES LECHES VAINILLA,
SINTETICO_ENTRENAMIENTO,2022-05-23,SYN-C-20220523-027,1.0,semana,Puratos vainilla,6.89,6.89,RELLENO,,2022-05-23,True,mediana causal de 8 semanas y participacion historica por descripcion,572,PURATOS VAINILLA,
SINTETICO_ENTRENAMIENTO,2022-05-23,SYN-C-20220523-028,1.0,semana,Queso philadelphia,6.58,6.58,QUESO CREMA,,2022-05-23,True,mediana causal de 8 semanas y participacion historica por descripcion,573,QUESO PHILADELPHIA,
SINTETICO_ENTRENAMIENTO,2022-05-23,SYN-C-20220523-029,1.0,semana,Relleno durazno puratos,6.52,6.52,RELLENO,,2022-05-23,True,mediana causal de 8 semanas y participacion historica por descripcion,574,RELLENO DURAZNO PURATOS,
SINTETICO_ENTRENAMIENTO,2022-05-23,SYN-C-20220523-030,1.0,semana,Royal Icing Deiman 50,5.81,5.81,ROYALICING,,2022-05-23,True,mediana causal de 8 semanas y participacion historica por descripcion,575,ROYAL ICING DEIMAN 50,
SINTETICO_ENTRENAMIENTO,2022-05-23,SYN-C-20220523-031,1.0,semana,Sicao blanco,0.09,0.09,DECORACION,,2022-05-23,True,mediana causal de 8 semanas y participacion historica por descripcion,576,SICAO BLANCO,
SINTETICO_ENTRENAMIENTO,2022-05-23,SYN-C-20220523-032,1.0,semana,Sicao blanco real,2.64,2.64,DECORACION,,2022-05-23,True,mediana causal de 8 semanas y participacion historica por descripcion,577,SICAO BLANCO REAL,
SINTETICO_ENTRENAMIENTO,2022-05-23,SYN-C-20220523-033,1.0,semana,Tegral Satin Creme ca ,17.06,17.06,HARINA,CHOCOLATE,2022-05-23,True,mediana causal de 8 semanas y participacion historica por descripcion,578,TEGRAL SATIN CREME CA,
SINTETICO_ENTRENAMIENTO,2022-05-23,SYN-C-20220523-034,1.0,semana,Tegral Satin Red Velvet Puratos,6.39,6.39,HARINA,RED VELVET,2022-05-23,True,mediana causal de 8 semanas y participacion historica por descripcion,579,TEGRAL SATIN RED VELVET PURATOS,
SINTETICO_ENTRENAMIENTO,2022-05-23,SYN-C-20220523-035,1.0,semana,Transfer,5.25,5.25,DECORACION,,2022-05-23,True,mediana causal de 8 semanas y participacion historica por descripcion,580,TRANSFER,
SINTETICO_ENTRENAMIENTO,2022-05-23,SYN-C-20220523-036,1.0,semana,Turin amargo,0.16,0.16,CHOCOLATE,,2022-05-23,True,mediana causal de 8 semanas y participacion historica por descripcion,581,TURIN AMARGO,
SINTETICO_ENTRENAMIENTO,2022-05-23,SYN-C-20220523-037,1.0,semana,Turin semiamargo,3.12,3.12,CHOCOLATE,,2022-05-23,True,mediana causal de 8 semanas y participacion historica por descripcion,582,TURIN SEMIAMARGO,
SINTETICO_ENTRENAMIENTO,2022-05-23,SYN-C-20220523-038,1.0,semana,aceite,12.89,12.89,ACEITE,,2022-05-23,True,mediana causal de 8 semanas y participacion historica por descripcion,583,ACEITE,
SINTETICO_ENTRENAMIENTO,2022-05-23,SYN-C-20220523-039,1.0,semana,ambiante,9.74,9.74,AMBIANTE,,2022-05-23,True,mediana causal de 8 semanas y participacion historica por descripcion,584,AMBIANTE,
SINTETICO_ENTRENAMIENTO,2022-05-23,SYN-C-20220523-040,1.0,semana,base,1.22,1.22,BASES,,2022-05-23,True,mediana causal de 8 semanas y participacion historica por descripcion,585,BASE,
SINTETICO_ENTRENAMIENTO,2022-05-23,SYN-C-20220523-041,1.0,semana,base 25x35,1.71,1.71,BASES,,2022-05-23,True,mediana causal de 8 semanas y participacion historica por descripcion,586,BASE 25X35,
SINTETICO_ENTRENAMIENTO,2022-05-23,SYN-C-20220523-042,1.0,semana,base 26 cm,1.05,1.05,BASES,,2022-05-23,True,mediana causal de 8 semanas y participacion historica por descripcion,587,BASE 26 CM,
SINTETICO_ENTRENAMIENTO,2022-05-23,SYN-C-20220523-043,1.0,semana,base 28 cm,1.4,1.4,BASES,,2022-05-23,True,mediana causal de 8 semanas y participacion historica por descripcion,588,BASE 28 CM,
SINTETICO_ENTRENAMIENTO,2022-05-23,SYN-C-20220523-044,1.0,semana,base 28 cm doble,3.58,3.58,BASES,,2022-05-23,True,mediana causal de 8 semanas y participacion historica por descripcion,589,BASE 28 CM DOBLE,
SINTETICO_ENTRENAMIENTO,2022-05-23,SYN-C-20220523-045,1.0,semana,base 28 doble,2.53,2.53,BASES,,2022-05-23,True,mediana causal de 8 semanas y participacion historica por descripcion,590,BASE 28 DOBLE,
SINTETICO_ENTRENAMIENTO,2022-05-23,SYN-C-20220523-046,1.0,semana,base 30 cm,0.67,0.67,BASES,,2022-05-23,True,mediana causal de 8 semanas y participacion historica por descripcion,591,BASE 30 CM,
SINTETICO_ENTRENAMIENTO,2022-05-23,SYN-C-20220523-047,1.0,semana,base 33 x 33,2.73,2.73,BASES,,2022-05-23,True,mediana causal de 8 semanas y participacion historica por descripcion,592,BASE 33 X 33,
SINTETICO_ENTRENAMIENTO,2022-05-23,SYN-C-20220523-048,1.0,semana,base doble 28,1.28,1.28,BASES,,2022-05-23,True,mediana causal de 8 semanas y participacion historica por descripcion,593,BASE DOBLE 28,
SINTETICO_ENTRENAMIENTO,2022-05-23,SYN-C-20220523-049,1.0,semana,bases 28 cm,0.84,0.84,BASES,,2022-05-23,True,mediana causal de 8 semanas y participacion historica por descripcion,594,BASES 28 CM,
SINTETICO_ENTRENAMIENTO,2022-05-23,SYN-C-20220523-050,1.0,semana,bolsa 10x15,3.89,3.89,EMPAQUE,,2022-05-23,True,mediana causal de 8 semanas y participacion historica por descripcion,595,BOLSA 10X15,
SINTETICO_ENTRENAMIENTO,2022-05-23,SYN-C-20220523-051,1.0,semana,cacao bremen,0.72,0.72,CHOCOLATE,,2022-05-23,True,mediana causal de 8 semanas y participacion historica por descripcion,596,CACAO BREMEN,
SINTETICO_ENTRENAMIENTO,2022-05-23,SYN-C-20220523-052,1.0,semana,caja de cartón para cupcake 6 piezas,17.86,17.86,EMPAQUE,,2022-05-23,True,mediana causal de 8 semanas y participacion historica por descripcion,597,CAJA DE CARTON PARA CUPCAKE 6 PIEZAS,
SINTETICO_ENTRENAMIENTO,2022-05-23,SYN-C-20220523-053,1.0,semana,caja para cupcake 12 piezas,1.69,1.69,EMPAQUE,,2022-05-23,True,mediana causal de 8 semanas y participacion historica por descripcion,598,CAJA PARA CUPCAKE 12 PIEZAS,
SINTETICO_ENTRENAMIENTO,2022-05-23,SYN-C-20220523-054,1.0,semana,capacillos,0.23,0.23,CAPACILLOS,,2022-05-23,True,mediana causal de 8 semanas y participacion historica por descripcion,599,CAPACILLOS,
SINTETICO_ENTRENAMIENTO,2022-05-23,SYN-C-20220523-055,1.0,semana,celofan 12x18 sello ,2.2,2.2,DECORACION,,2022-05-23,True,mediana causal de 8 semanas y participacion historica por descripcion,600,CELOFAN 12X18 SELLO,
SINTETICO_ENTRENAMIENTO,2022-05-23,SYN-C-20220523-056,1.0,semana,celofan 8x12,0.6,0.6,DECORACION,,2022-05-23,True,mediana causal de 8 semanas y participacion historica por descripcion,601,CELOFAN 8X12,
SINTETICO_ENTRENAMIENTO,2022-05-23,SYN-C-20220523-057,1.0,semana,celofan 9x15,0.1,0.1,CONSUMIBLES,,2022-05-23,True,mediana causal de 8 semanas y participacion historica por descripcion,602,CELOFAN 9X15,
SINTETICO_ENTRENAMIENTO,2022-05-23,SYN-C-20220523-058,1.0,semana,chantilli,5.68,5.68,CHANTILLY,,2022-05-23,True,mediana causal de 8 semanas y participacion historica por descripcion,603,CHANTILLI,
SINTETICO_ENTRENAMIENTO,2022-05-23,SYN-C-20220523-059,1.0,semana,chocolate,0.1,0.1,CHOCOLATE,,2022-05-23,True,mediana causal de 8 semanas y participacion historica por descripcion,604,CHOCOLATE,
SINTETICO_ENTRENAMIENTO,2022-05-23,SYN-C-20220523-060,1.0,semana,chocolate blanco sica,4.63,4.63,CHOCOLATE,,2022-05-23,True,mediana causal de 8 semanas y participacion historica por descripcion,605,CHOCOLATE BLANCO SICA,
SINTETICO_ENTRENAMIENTO,2022-05-23,SYN-C-20220523-061,1.0,semana,chocolate hershey's,2.31,2.31,CHOCOLATE,,2022-05-23,True,mediana causal de 8 semanas y participacion historica por descripcion,606,CHOCOLATE HERSHEY'S,
SINTETICO_ENTRENAMIENTO,2022-05-23,SYN-C-20220523-062,1.0,semana,color gel negro,0.09,0.09,COLORANTES,,2022-05-23,True,mediana causal de 8 semanas y participacion historica por descripcion,607,COLOR GEL NEGRO,
SINTETICO_ENTRENAMIENTO,2022-05-23,SYN-C-20220523-063,1.0,semana,confiter semi amargo,6.24,6.24,CHOCOLATE,,2022-05-23,True,mediana causal de 8 semanas y participacion historica por descripcion,608,CONFITER SEMI AMARGO,
SINTETICO_ENTRENAMIENTO,2022-05-23,SYN-C-20220523-064,1.0,semana,confiteria,4.26,4.26,DULCERIA,,2022-05-23,True,mediana causal de 8 semanas y participacion historica por descripcion,609,CONFITERIA,
SINTETICO_ENTRENAMIENTO,2022-05-23,SYN-C-20220523-065,1.0,semana,cortadores,3.86,3.86,HERRAMIENTA,,2022-05-23,True,mediana causal de 8 semanas y participacion historica por descripcion,610,CORTADORES,
SINTETICO_ENTRENAMIENTO,2022-05-23,SYN-C-20220523-066,1.0,semana,deiman aditivo para chocolate,0.25,0.25,DECORACION,,2022-05-23,True,mediana causal de 8 semanas y participacion historica por descripcion,611,DEIMAN ADITIVO PARA CHOCOLATE,
SINTETICO_ENTRENAMIENTO,2022-05-23,SYN-C-20220523-067,1.0,semana,deiman bioxido de titanio,0.25,0.25,DECORACION,,2022-05-23,True,mediana causal de 8 semanas y participacion historica por descripcion,612,DEIMAN BIOXIDO DE TITANIO,
SINTETICO_ENTRENAMIENTO,2022-05-23,SYN-C-20220523-068,1.0,semana,deiman plumones mágicos,2.01,2.01,DECORACION,,2022-05-23,True,mediana causal de 8 semanas y participacion historica por descripcion,613,DEIMAN PLUMONES MAGICOS,
SINTETICO_ENTRENAMIENTO,2022-05-23,SYN-C-20220523-069,1.0,semana,deiman sab liq vainilla sin color 500 ml,0.18,0.18,DECORACION,,2022-05-23,True,mediana causal de 8 semanas y participacion historica por descripcion,614,DEIMAN SAB LIQ VAINILLA SIN COLOR 500 ML,
SINTETICO_ENTRENAMIENTO,2022-05-23,SYN-C-20220523-070,1.0,semana,domo 1/4 plancha,5.51,5.51,EMPAQUE,,2022-05-23,True,mediana causal de 8 semanas y participacion historica por descripcion,615,DOMO 1/4 PLANCHA,
SINTETICO_ENTRENAMIENTO,2022-05-23,SYN-C-20220523-071,1.0,semana,domo para cupcake 6 piezas,0.57,0.57,EMPAQUE,,2022-05-23,True,mediana causal de 8 semanas y participacion historica por descripcion,616,DOMO PARA CUPCAKE 6 PIEZAS,
SINTETICO_ENTRENAMIENTO,2022-05-23,SYN-C-20220523-072,1.0,semana,duya,6.23,6.23,CONSUMIBLES,,2022-05-23,True,mediana causal de 8 semanas y participacion historica por descripcion,617,DUYA,
SINTETICO_ENTRENAMIENTO,2022-05-23,SYN-C-20220523-073,1.0,semana,easy pastel tres leches,7.89,7.89,HARINA,VAINILLA,2022-05-23,True,mediana causal de 8 semanas y participacion historica por descripcion,618,EASY PASTEL TRES LECHES,
SINTETICO_ENTRENAMIENTO,2022-05-23,SYN-C-20220523-074,1.0,semana,galleta Oreo relleno,6.06,6.06,GALLETAS,,2022-05-23,True,mediana causal de 8 semanas y participacion historica por descripcion,619,GALLETA OREO RELLENO,
SINTETICO_ENTRENAMIENTO,2022-05-23,SYN-C-20220523-075,1.0,semana,galleta Oreo suelta,2.97,2.97,GALLETAS,,2022-05-23,True,mediana causal de 8 semanas y participacion historica por descripcion,620,GALLETA OREO SUELTA,
SINTETICO_ENTRENAMIENTO,2022-05-23,SYN-C-20220523-076,1.0,semana,granillo chico,0.03,0.03,CHOCOLATE,,2022-05-23,True,mediana causal de 8 semanas y participacion historica por descripcion,621,GRANILLO CHICO,
SINTETICO_ENTRENAMIENTO,2022-05-23,SYN-C-20220523-077,1.0,semana,harina de trigo suelta,0.04,0.04,HARINA,TRIGO,2022-05-23,True,mediana causal de 8 semanas y participacion historica por descripcion,622,HARINA DE TRIGO SUELTA,
SINTETICO_ENTRENAMIENTO,2022-05-23,SYN-C-20220523-078,1.0,semana,huevo blanco san juan,1.56,1.56,HUEVO,,2022-05-23,True,mediana causal de 8 semanas y participacion historica por descripcion,623,HUEVO BLANCO SAN JUAN,
SINTETICO_ENTRENAMIENTO,2022-05-23,SYN-C-20220523-079,1.0,semana,inix contenedor mantecadas,0.96,0.96,EMPAQUE,,2022-05-23,True,mediana causal de 8 semanas y participacion historica por descripcion,624,INIX CONTENEDOR MANTECADAS,
SINTETICO_ENTRENAMIENTO,2022-05-23,SYN-C-20220523-080,1.0,semana,kisses,4.89,4.89,CHOCOLATE,,2022-05-23,True,mediana causal de 8 semanas y participacion historica por descripcion,625,KISSES,
SINTETICO_ENTRENAMIENTO,2022-05-23,SYN-C-20220523-081,1.0,semana,letrero,0.24,0.24,DECORACION,,2022-05-23,True,mediana causal de 8 semanas y participacion historica por descripcion,626,LETRERO,
SINTETICO_ENTRENAMIENTO,2022-05-23,SYN-C-20220523-082,1.0,semana,manteca,0.26,0.26,OTROS,,2022-05-23,True,mediana causal de 8 semanas y participacion historica por descripcion,627,MANTECA,
SINTETICO_ENTRENAMIENTO,2022-05-23,SYN-C-20220523-083,1.0,semana,mantequilla gloria,1.11,1.11,MANTEQUILLA,,2022-05-23,True,mediana causal de 8 semanas y participacion historica por descripcion,628,MANTEQUILLA GLORIA,
SINTETICO_ENTRENAMIENTO,2022-05-23,SYN-C-20220523-084,1.0,semana,matizador,0.42,0.42,DECORACION,,2022-05-23,True,mediana causal de 8 semanas y participacion historica por descripcion,629,MATIZADOR,
SINTETICO_ENTRENAMIENTO,2022-05-23,SYN-C-20220523-085,1.0,semana,molde para chocolate,0.12,0.12,HERRAMIENTA,,2022-05-23,True,mediana causal de 8 semanas y participacion historica por descripcion,630,MOLDE PARA CHOCOLATE,
SINTETICO_ENTRENAMIENTO,2022-05-23,SYN-C-20220523-086,1.0,semana,nestle carlos v stick 20 pz,0.2,0.2,CHOCOLATE,,2022-05-23,True,mediana causal de 8 semanas y participacion historica por descripcion,631,NESTLE CARLOS V STICK 20 PZ,
SINTETICO_ENTRENAMIENTO,2022-05-23,SYN-C-20220523-087,1.0,semana,papel quilon para hornear,0.06,0.06,CONSUMIBLES,,2022-05-23,True,mediana causal de 8 semanas y participacion historica por descripcion,632,PAPEL QUILON PARA HORNEAR,
SINTETICO_ENTRENAMIENTO,2022-05-23,SYN-C-20220523-088,1.0,semana,pastireal manga no. 12,0.22,0.22,CONSUMIBLES,,2022-05-23,True,mediana causal de 8 semanas y participacion historica por descripcion,633,PASTIREAL MANGA NO. 12,
SINTETICO_ENTRENAMIENTO,2022-05-23,SYN-C-20220523-089,1.0,semana,perla,0.14,0.14,DECORACION,,2022-05-23,True,mediana causal de 8 semanas y participacion historica por descripcion,634,PERLA,
SINTETICO_ENTRENAMIENTO,2022-05-23,SYN-C-20220523-090,1.0,semana,perlas,0.96,0.96,DECORACION,,2022-05-23,True,mediana causal de 8 semanas y participacion historica por descripcion,635,PERLAS,
SINTETICO_ENTRENAMIENTO,2022-05-23,SYN-C-20220523-091,1.0,semana,pincel,0.46,0.46,HERRAMIENTA,,2022-05-23,True,mediana causal de 8 semanas y participacion historica por descripcion,636,PINCEL,
SINTETICO_ENTRENAMIENTO,2022-05-23,SYN-C-20220523-092,1.0,semana,platanitos,1.1,1.1,OTROS,,2022-05-23,True,mediana causal de 8 semanas y participacion historica por descripcion,637,PLATANITOS,
SINTETICO_ENTRENAMIENTO,2022-05-23,SYN-C-20220523-093,1.0,semana,puratos creamfil creme choco,0.24,0.24,RELLENO,,2022-05-23,True,mediana causal de 8 semanas y participacion historica por descripcion,638,PURATOS CREAMFIL CREME CHOCO,
SINTETICO_ENTRENAMIENTO,2022-05-23,SYN-C-20220523-094,1.0,semana,red velvet,2.4,2.4,HARINA,RED VELVET,2022-05-23,True,mediana causal de 8 semanas y participacion historica por descripcion,639,RED VELVET,
SINTETICO_ENTRENAMIENTO,2022-05-23,SYN-C-20220523-095,1.0,semana,relleno zarzamora puratos,2.08,2.08,RELLENO,,2022-05-23,True,mediana causal de 8 semanas y participacion historica por descripcion,640,RELLENO ZARZAMORA PURATOS,
SINTETICO_ENTRENAMIENTO,2022-05-23,SYN-C-20220523-096,1.0,semana,rutz,0.15,0.15,DECORACION,,2022-05-23,True,mediana causal de 8 semanas y participacion historica por descripcion,641,RUTZ,
SINTETICO_ENTRENAMIENTO,2022-05-23,SYN-C-20220523-097,1.0,semana,srpinkles,0.31,0.31,DECORACION,,2022-05-23,True,mediana causal de 8 semanas y participacion historica por descripcion,642,SRPINKLES,
SINTETICO_ENTRENAMIENTO,2022-05-23,SYN-C-20220523-098,1.0,semana,suspiro,0.62,0.62,DULCERIA,,2022-05-23,True,mediana causal de 8 semanas y participacion historica por descripcion,643,SUSPIRO,
MEGA PLAST,2022-06-01,349414,1.0,pz,Nutella chica 350 grs,65.0,65.0,RELLENO,,2022-05-30,False,,644,NUTELLA CHICA 350 GRS,
MEGA PLAST,2022-06-01,349414,1.0,kg,harina Red velvet esp,40.0,40.0,HARINA,RED VELVET,2022-05-30,False,,645,HARINA RED VELVET ESP,
MEGA PLAST,2022-06-01,349414,1.0,kg,huevo blanco san juan,45.0,45.0,HUEVO,,2022-05-30,False,,646,HUEVO BLANCO SAN JUAN,
TIENDA,2022-06-01,ND,1.0,kg,Huevo,40.0,40.0,HUEVO,,2022-05-30,False,,647,HUEVO,
GASOLINERIA,2022-06-01,ND,10.0,lts,Gasolina,210.9,21.09,COMBUSTIBLE,,2022-05-30,False,,648,GASOLINA,
B. AURRERA,2022-06-01,ND,1.0,pz,aceite,40.0,40.0,ACEITE,,2022-05-30,False,,649,ACEITE,
GASERA,2022-06-01,ND,10.0,lts,Gas LP,120.0,12.0,COMBUSTIBLE,,2022-05-30,False,,650,GAS LP,
MEGA PLAST,2022-06-02,343892,1.0,pz,Queso philadelphia,30.0,30.0,QUESO CREMA,,2022-05-30,False,,651,QUESO PHILADELPHIA,
MEGA PLAST,2022-06-02,343892,1.0,Kg,Easy pastel tres leches,65.0,65.0,HARINA,CHOCOLATE,2022-05-30,False,,652,EASY PASTEL TRES LECHES,
MEGA PLAST,2022-06-02,343892,1.0,Kg,Easy pastel tres leches,53.0,53.0,HARINA,CHOCOLATE,2022-05-30,False,,653,EASY PASTEL TRES LECHES,
MEGA PLAST,2022-06-02,343892,2.0,pz,Crema batida chantilli ASTURIAS,108.0,54.0,CHANTILLY,,2022-05-30,False,,654,CREMA BATIDA CHANTILLI ASTURIAS,
REPOSTEARTE,2022-06-02,ND,50.0,gr,perlas,17.5,350.0,DECORACION,,2022-05-30,False,,655,PERLAS,
REPOSTEARTE,2022-06-02,ND,3.0,cj,cajas,55.5,18.5,EMPAQUE,,2022-05-30,False,,656,CAJAS,
REPOSTEARTE,2022-06-02,ND,5.0,pz,mangas,25.0,5.0,CONSUMIBLES,,2022-05-30,False,,657,MANGAS,
ESTRELLA,2022-06-09,0840,2.0,Kg,chantilly,132.0,66.0,CHANTILLY,,2022-06-06,False,,658,CHANTILLY,
REPOSTEARTE,2022-06-14,ND,1.0,paq,capacillos,39.0,39.0,CAPACILLOS,,2022-06-13,False,,659,CAPACILLOS,
REPOSTEARTE,2022-06-19,ND,1.0,kg,Foundant,83.0,83.0,FONDANT,,2022-06-13,False,,660,FOUNDANT,
B. AURRERA,2022-06-21,54304151658548980432,1.0,pz,chocolate,7.0,7.0,CHOCOLATE,,2022-06-20,False,,661,CHOCOLATE,
REPOSTEARTE,2022-06-21,ND,1.0,paq,capacillos,39.0,39.0,CAPACILLOS,,2022-06-20,False,,662,CAPACILLOS,
B. AURRERA,2022-06-29,399878732749189393826,1.0,pz,Nido forti,21.0,21.0,DECORACION,,2022-06-27,False,,663,NIDO FORTI,
B. AURRERA,2022-06-29,399878732749189393826,1.0,pz,Evaporada,17.9,17.9,LECHERA,,2022-06-27,False,,664,EVAPORADA,
ESTRELLA,2022-06-30,3357,1.0,kg,Chantilly,66.0,66.0,CHANTILLY,,2022-06-27,False,,665,CHANTILLY,
ESTRELLA,2022-06-30,3357,1.0,pz,manga desechable chica,5.5,5.5,CONSUMIBLES,,2022-06-27,False,,666,MANGA DESECHABLE CHICA,
ESTRELLA,2022-06-30,3357,1.0,pz,duya pasto chica,18.5,18.5,HERRAMIENTA,,2022-06-27,False,,667,DUYA PASTO CHICA,
ESTRELLA,2022-06-30,3895,2.0,pz,domo 12,30.0,15.0,EMPAQUE,,2022-06-27,False,,668,DOMO 12,
ESTRELLA,2022-06-30,3895,2.0,Kg,chantilly,132.0,66.0,CHANTILLY,,2022-06-27,False,,669,CHANTILLY,
ESTRELLA,2022-06-30,3895,1.0,pz,bolsa,3.0,3.0,EMPAQUE,,2022-06-27,False,,670,BOLSA,
ESTRELLA,2022-06-30,3895,100.0,gr,kisses,25.0,250.0,CHOCOLATE,,2022-06-27,False,,671,KISSES,
B. AURRERA,2022-07-01,ND,1.0,pz,aceite,40.0,40.0,ACEITE,,2022-06-27,False,,672,ACEITE,
REPOSTEARTE,2022-07-01,ND,2.0,kg,Foundant,166.0,83.0,FONDANT,,2022-06-27,False,,673,FOUNDANT,
REPOSTEARTE,2022-07-01,ND,1.0,pz,base d liston,23.0,23.0,BASES,,2022-06-27,False,,674,BASE D LISTON,
GASOLINERIA,2022-07-01,ND,10.0,lts,Gasolina,210.9,21.09,COMBUSTIBLE,,2022-06-27,False,,675,GASOLINA,
TIENDA,2022-07-01,ND,2.0,kg,Huevo,80.0,40.0,HUEVO,,2022-06-27,False,,676,HUEVO,
GASERA,2022-07-01,ND,10.0,lts,Gas LP,120.0,12.0,COMBUSTIBLE,,2022-06-27,False,,677,GAS LP,
SINTETICO_ENTRENAMIENTO,2022-07-04,SYN-C-20220704-001,1.0,semana,Alpezzi 14000,0.02,0.02,CHOCOLATE,,2022-07-04,True,mediana causal de 8 semanas y participacion historica por descripcion,678,ALPEZZI 14000,
SINTETICO_ENTRENAMIENTO,2022-07-04,SYN-C-20220704-002,1.0,semana,Azucar glass,0.04,0.04,AZUCAR,GLASS,2022-07-04,True,mediana causal de 8 semanas y participacion historica por descripcion,679,AZUCAR GLASS,
SINTETICO_ENTRENAMIENTO,2022-07-04,SYN-C-20220704-003,1.0,semana,Base,0.01,0.01,BASES,,2022-07-04,True,mediana causal de 8 semanas y participacion historica por descripcion,680,BASE,
SINTETICO_ENTRENAMIENTO,2022-07-04,SYN-C-20220704-004,1.0,semana,Cerezas,0.7,0.7,DULCERIA,,2022-07-04,True,mediana causal de 8 semanas y participacion historica por descripcion,681,CEREZAS,
SINTETICO_ENTRENAMIENTO,2022-07-04,SYN-C-20220704-005,1.0,semana,Chantilli,0.19,0.19,CHANTILLY,,2022-07-04,True,mediana causal de 8 semanas y participacion historica por descripcion,682,CHANTILLI,
SINTETICO_ENTRENAMIENTO,2022-07-04,SYN-C-20220704-006,1.0,semana,Chantilli Asturias,3.95,3.95,CHANTILLY,,2022-07-04,True,mediana causal de 8 semanas y participacion historica por descripcion,683,CHANTILLI ASTURIAS,
SINTETICO_ENTRENAMIENTO,2022-07-04,SYN-C-20220704-007,1.0,semana,Chantilly,8.51,8.51,CHANTILLY,,2022-07-04,True,mediana causal de 8 semanas y participacion historica por descripcion,684,CHANTILLY,
SINTETICO_ENTRENAMIENTO,2022-07-04,SYN-C-20220704-008,1.0,semana,Crema batida chantilli ASTURIAS,22.34,22.34,CHANTILLY,,2022-07-04,True,mediana causal de 8 semanas y participacion historica por descripcion,685,CREMA BATIDA CHANTILLI ASTURIAS,
SINTETICO_ENTRENAMIENTO,2022-07-04,SYN-C-20220704-009,1.0,semana,Crema para batir ambiante 1 lt,11.72,11.72,AMBIANTE,,2022-07-04,True,mediana causal de 8 semanas y participacion historica por descripcion,686,CREMA PARA BATIR AMBIANTE 1 LT,
SINTETICO_ENTRENAMIENTO,2022-07-04,SYN-C-20220704-010,1.0,semana,DESCONOCIDO,0.35,0.35,NO DEFINIDO,,2022-07-04,True,mediana causal de 8 semanas y participacion historica por descripcion,687,DESCONOCIDO,
SINTETICO_ENTRENAMIENTO,2022-07-04,SYN-C-20220704-011,1.0,semana,Domo mantecada 6 cavidades,0.06,0.06,EMPAQUE,,2022-07-04,True,mediana causal de 8 semanas y participacion historica por descripcion,688,DOMO MANTECADA 6 CAVIDADES,
SINTETICO_ENTRENAMIENTO,2022-07-04,SYN-C-20220704-012,1.0,semana,Domo para cupcake,0.05,0.05,EMPAQUE,,2022-07-04,True,mediana causal de 8 semanas y participacion historica por descripcion,689,DOMO PARA CUPCAKE,
SINTETICO_ENTRENAMIENTO,2022-07-04,SYN-C-20220704-013,1.0,semana,Domo para cupcake 12 piezas,0.12,0.12,EMPAQUE,,2022-07-04,True,mediana causal de 8 semanas y participacion historica por descripcion,690,DOMO PARA CUPCAKE 12 PIEZAS,
SINTETICO_ENTRENAMIENTO,2022-07-04,SYN-C-20220704-014,1.0,semana,Easy pastel tres leches,15.67,15.67,HARINA,CHOCOLATE,2022-07-04,True,mediana causal de 8 semanas y participacion historica por descripcion,691,EASY PASTEL TRES LECHES,
SINTETICO_ENTRENAMIENTO,2022-07-04,SYN-C-20220704-015,1.0,semana,Evaporada,2.31,2.31,LECHERA,,2022-07-04,True,mediana causal de 8 semanas y participacion historica por descripcion,692,EVAPORADA,
SINTETICO_ENTRENAMIENTO,2022-07-04,SYN-C-20220704-016,1.0,semana,Ferrero,0.84,0.84,CHOCOLATE,,2022-07-04,True,mediana causal de 8 semanas y participacion historica por descripcion,693,FERRERO,
SINTETICO_ENTRENAMIENTO,2022-07-04,SYN-C-20220704-017,1.0,semana,Ferrero Rocher T-16,0.15,0.15,CHOCOLATE,,2022-07-04,True,mediana causal de 8 semanas y participacion historica por descripcion,694,FERRERO ROCHER T-16,
SINTETICO_ENTRENAMIENTO,2022-07-04,SYN-C-20220704-018,1.0,semana,Foundant,77.36,77.36,FONDANT,,2022-07-04,True,mediana causal de 8 semanas y participacion historica por descripcion,695,FOUNDANT,
SINTETICO_ENTRENAMIENTO,2022-07-04,SYN-C-20220704-019,1.0,semana,Galleta Oreo,0.03,0.03,GALLETAS,,2022-07-04,True,mediana causal de 8 semanas y participacion historica por descripcion,696,GALLETA OREO,
SINTETICO_ENTRENAMIENTO,2022-07-04,SYN-C-20220704-020,1.0,semana,Gas LP,40.5,40.5,COMBUSTIBLE,,2022-07-04,True,mediana causal de 8 semanas y participacion historica por descripcion,697,GAS LP,
SINTETICO_ENTRENAMIENTO,2022-07-04,SYN-C-20220704-021,1.0,semana,Gasolina,74.47,74.47,COMBUSTIBLE,,2022-07-04,True,mediana causal de 8 semanas y participacion historica por descripcion,698,GASOLINA,
SINTETICO_ENTRENAMIENTO,2022-07-04,SYN-C-20220704-022,1.0,semana,Harina,3.12,3.12,HARINA,TRIGO,2022-07-04,True,mediana causal de 8 semanas y participacion historica por descripcion,699,HARINA,
SINTETICO_ENTRENAMIENTO,2022-07-04,SYN-C-20220704-023,1.0,semana,Huevo,21.45,21.45,HUEVO,,2022-07-04,True,mediana causal de 8 semanas y participacion historica por descripcion,700,HUEVO,
SINTETICO_ENTRENAMIENTO,2022-07-04,SYN-C-20220704-024,1.0,semana,Kisses,0.04,0.04,CHOCOLATE,,2022-07-04,True,mediana causal de 8 semanas y participacion historica por descripcion,701,KISSES,
SINTETICO_ENTRENAMIENTO,2022-07-04,SYN-C-20220704-025,1.0,semana,Manga chica,0.02,0.02,CONSUMIBLES,,2022-07-04,True,mediana causal de 8 semanas y participacion historica por descripcion,702,MANGA CHICA,
SINTETICO_ENTRENAMIENTO,2022-07-04,SYN-C-20220704-026,1.0,semana,ND,6.07,6.07,NO DEFINIDO,,2022-07-04,True,mediana causal de 8 semanas y participacion historica por descripcion,703,ND,
SINTETICO_ENTRENAMIENTO,2022-07-04,SYN-C-20220704-027,1.0,semana,Nido forti,2.71,2.71,DECORACION,,2022-07-04,True,mediana causal de 8 semanas y participacion historica por descripcion,704,NIDO FORTI,
SINTETICO_ENTRENAMIENTO,2022-07-04,SYN-C-20220704-028,1.0,semana,Nutella chica 350 grs,20.62,20.62,RELLENO,,2022-07-04,True,mediana causal de 8 semanas y participacion historica por descripcion,705,NUTELLA CHICA 350 GRS,
SINTETICO_ENTRENAMIENTO,2022-07-04,SYN-C-20220704-029,1.0,semana,Puratos Tres Leches Vainilla,0.1,0.1,RELLENO,,2022-07-04,True,mediana causal de 8 semanas y participacion historica por descripcion,706,PURATOS TRES LECHES VAINILLA,
SINTETICO_ENTRENAMIENTO,2022-07-04,SYN-C-20220704-030,1.0,semana,Puratos vainilla,9.75,9.75,RELLENO,,2022-07-04,True,mediana causal de 8 semanas y participacion historica por descripcion,707,PURATOS VAINILLA,
SINTETICO_ENTRENAMIENTO,2022-07-04,SYN-C-20220704-031,1.0,semana,Queso philadelphia,5.86,5.86,QUESO CREMA,,2022-07-04,True,mediana causal de 8 semanas y participacion historica por descripcion,708,QUESO PHILADELPHIA,
SINTETICO_ENTRENAMIENTO,2022-07-04,SYN-C-20220704-032,1.0,semana,Relleno durazno puratos,1.61,1.61,RELLENO,,2022-07-04,True,mediana causal de 8 semanas y participacion historica por descripcion,709,RELLENO DURAZNO PURATOS,
SINTETICO_ENTRENAMIENTO,2022-07-04,SYN-C-20220704-033,1.0,semana,Royal Icing Deiman 50,7.88,7.88,ROYALICING,,2022-07-04,True,mediana causal de 8 semanas y participacion historica por descripcion,710,ROYAL ICING DEIMAN 50,
SINTETICO_ENTRENAMIENTO,2022-07-04,SYN-C-20220704-034,1.0,semana,Sicao blanco,0.02,0.02,DECORACION,,2022-07-04,True,mediana causal de 8 semanas y participacion historica por descripcion,711,SICAO BLANCO,
SINTETICO_ENTRENAMIENTO,2022-07-04,SYN-C-20220704-035,1.0,semana,Sicao blanco real,3.74,3.74,DECORACION,,2022-07-04,True,mediana causal de 8 semanas y participacion historica por descripcion,712,SICAO BLANCO REAL,
SINTETICO_ENTRENAMIENTO,2022-07-04,SYN-C-20220704-036,1.0,semana,Tegral Satin Creme ca ,4.88,4.88,HARINA,CHOCOLATE,2022-07-04,True,mediana causal de 8 semanas y participacion historica por descripcion,713,TEGRAL SATIN CREME CA,
SINTETICO_ENTRENAMIENTO,2022-07-04,SYN-C-20220704-037,1.0,semana,Tegral Satin Red Velvet Puratos,9.05,9.05,HARINA,RED VELVET,2022-07-04,True,mediana causal de 8 semanas y participacion historica por descripcion,714,TEGRAL SATIN RED VELVET PURATOS,
SINTETICO_ENTRENAMIENTO,2022-07-04,SYN-C-20220704-038,1.0,semana,Transfer,1.82,1.82,DECORACION,,2022-07-04,True,mediana causal de 8 semanas y participacion historica por descripcion,715,TRANSFER,
SINTETICO_ENTRENAMIENTO,2022-07-04,SYN-C-20220704-039,1.0,semana,Turin amargo,0.04,0.04,CHOCOLATE,,2022-07-04,True,mediana causal de 8 semanas y participacion historica por descripcion,716,TURIN AMARGO,
SINTETICO_ENTRENAMIENTO,2022-07-04,SYN-C-20220704-040,1.0,semana,Turin semiamargo,0.77,0.77,CHOCOLATE,,2022-07-04,True,mediana causal de 8 semanas y participacion historica por descripcion,717,TURIN SEMIAMARGO,
SINTETICO_ENTRENAMIENTO,2022-07-04,SYN-C-20220704-041,1.0,semana,aceite,13.49,13.49,ACEITE,,2022-07-04,True,mediana causal de 8 semanas y participacion historica por descripcion,718,ACEITE,
SINTETICO_ENTRENAMIENTO,2022-07-04,SYN-C-20220704-042,1.0,semana,ambiante,2.4,2.4,AMBIANTE,,2022-07-04,True,mediana causal de 8 semanas y participacion historica por descripcion,719,AMBIANTE,
SINTETICO_ENTRENAMIENTO,2022-07-04,SYN-C-20220704-043,1.0,semana,base,0.3,0.3,BASES,,2022-07-04,True,mediana causal de 8 semanas y participacion historica por descripcion,720,BASE,
SINTETICO_ENTRENAMIENTO,2022-07-04,SYN-C-20220704-044,1.0,semana,base 25x35,0.42,0.42,BASES,,2022-07-04,True,mediana causal de 8 semanas y participacion historica por descripcion,721,BASE 25X35,
SINTETICO_ENTRENAMIENTO,2022-07-04,SYN-C-20220704-045,1.0,semana,base 26 cm,1.48,1.48,BASES,,2022-07-04,True,mediana causal de 8 semanas y participacion historica por descripcion,722,BASE 26 CM,
SINTETICO_ENTRENAMIENTO,2022-07-04,SYN-C-20220704-046,1.0,semana,base 28 cm,0.35,0.35,BASES,,2022-07-04,True,mediana causal de 8 semanas y participacion historica por descripcion,723,BASE 28 CM,
SINTETICO_ENTRENAMIENTO,2022-07-04,SYN-C-20220704-047,1.0,semana,base 28 cm doble,0.88,0.88,BASES,,2022-07-04,True,mediana causal de 8 semanas y participacion historica por descripcion,724,BASE 28 CM DOBLE,
SINTETICO_ENTRENAMIENTO,2022-07-04,SYN-C-20220704-048,1.0,semana,base 28 doble,3.59,3.59,BASES,,2022-07-04,True,mediana causal de 8 semanas y participacion historica por descripcion,725,BASE 28 DOBLE,
SINTETICO_ENTRENAMIENTO,2022-07-04,SYN-C-20220704-049,1.0,semana,base 30 cm,0.31,0.31,BASES,,2022-07-04,True,mediana causal de 8 semanas y participacion historica por descripcion,726,BASE 30 CM,
SINTETICO_ENTRENAMIENTO,2022-07-04,SYN-C-20220704-050,1.0,semana,base 33 x 33,0.67,0.67,BASES,,2022-07-04,True,mediana causal de 8 semanas y participacion historica por descripcion,727,BASE 33 X 33,
SINTETICO_ENTRENAMIENTO,2022-07-04,SYN-C-20220704-051,1.0,semana,base d liston,2.96,2.96,BASES,,2022-07-04,True,mediana causal de 8 semanas y participacion historica por descripcion,728,BASE D LISTON,
SINTETICO_ENTRENAMIENTO,2022-07-04,SYN-C-20220704-052,1.0,semana,base doble 28,0.59,0.59,BASES,,2022-07-04,True,mediana causal de 8 semanas y participacion historica por descripcion,729,BASE DOBLE 28,
SINTETICO_ENTRENAMIENTO,2022-07-04,SYN-C-20220704-053,1.0,semana,bases 28 cm,0.21,0.21,BASES,,2022-07-04,True,mediana causal de 8 semanas y participacion historica por descripcion,730,BASES 28 CM,
SINTETICO_ENTRENAMIENTO,2022-07-04,SYN-C-20220704-054,1.0,semana,bolsa,0.39,0.39,EMPAQUE,,2022-07-04,True,mediana causal de 8 semanas y participacion historica por descripcion,731,BOLSA,
SINTETICO_ENTRENAMIENTO,2022-07-04,SYN-C-20220704-055,1.0,semana,bolsa 10x15,0.96,0.96,EMPAQUE,,2022-07-04,True,mediana causal de 8 semanas y participacion historica por descripcion,732,BOLSA 10X15,
SINTETICO_ENTRENAMIENTO,2022-07-04,SYN-C-20220704-056,1.0,semana,cacao bremen,0.18,0.18,CHOCOLATE,,2022-07-04,True,mediana causal de 8 semanas y participacion historica por descripcion,733,CACAO BREMEN,
SINTETICO_ENTRENAMIENTO,2022-07-04,SYN-C-20220704-057,1.0,semana,caja de cartón para cupcake 6 piezas,4.4,4.4,EMPAQUE,,2022-07-04,True,mediana causal de 8 semanas y participacion historica por descripcion,734,CAJA DE CARTON PARA CUPCAKE 6 PIEZAS,
SINTETICO_ENTRENAMIENTO,2022-07-04,SYN-C-20220704-058,1.0,semana,caja para cupcake 12 piezas,0.42,0.42,EMPAQUE,,2022-07-04,True,mediana causal de 8 semanas y participacion historica por descripcion,735,CAJA PARA CUPCAKE 12 PIEZAS,
SINTETICO_ENTRENAMIENTO,2022-07-04,SYN-C-20220704-059,1.0,semana,cajas,7.15,7.15,EMPAQUE,,2022-07-04,True,mediana causal de 8 semanas y participacion historica por descripcion,736,CAJAS,
SINTETICO_ENTRENAMIENTO,2022-07-04,SYN-C-20220704-060,1.0,semana,capacillos,10.11,10.11,CAPACILLOS,,2022-07-04,True,mediana causal de 8 semanas y participacion historica por descripcion,737,CAPACILLOS,
SINTETICO_ENTRENAMIENTO,2022-07-04,SYN-C-20220704-061,1.0,semana,celofan 12x18 sello ,3.12,3.12,DECORACION,,2022-07-04,True,mediana causal de 8 semanas y participacion historica por descripcion,738,CELOFAN 12X18 SELLO,
SINTETICO_ENTRENAMIENTO,2022-07-04,SYN-C-20220704-062,1.0,semana,celofan 8x12,0.15,0.15,DECORACION,,2022-07-04,True,mediana causal de 8 semanas y participacion historica por descripcion,739,CELOFAN 8X12,
SINTETICO_ENTRENAMIENTO,2022-07-04,SYN-C-20220704-063,1.0,semana,celofan 9x15,0.02,0.02,CONSUMIBLES,,2022-07-04,True,mediana causal de 8 semanas y participacion historica por descripcion,740,CELOFAN 9X15,
SINTETICO_ENTRENAMIENTO,2022-07-04,SYN-C-20220704-064,1.0,semana,chantilli,1.4,1.4,CHANTILLY,,2022-07-04,True,mediana causal de 8 semanas y participacion historica por descripcion,741,CHANTILLI,
SINTETICO_ENTRENAMIENTO,2022-07-04,SYN-C-20220704-065,1.0,semana,chantilly,34.02,34.02,CHANTILLY,,2022-07-04,True,mediana causal de 8 semanas y participacion historica por descripcion,742,CHANTILLY,
SINTETICO_ENTRENAMIENTO,2022-07-04,SYN-C-20220704-066,1.0,semana,chocolate,0.93,0.93,CHOCOLATE,,2022-07-04,True,mediana causal de 8 semanas y participacion historica por descripcion,743,CHOCOLATE,
SINTETICO_ENTRENAMIENTO,2022-07-04,SYN-C-20220704-067,1.0,semana,chocolate blanco sica,6.55,6.55,CHOCOLATE,,2022-07-04,True,mediana causal de 8 semanas y participacion historica por descripcion,744,CHOCOLATE BLANCO SICA,
SINTETICO_ENTRENAMIENTO,2022-07-04,SYN-C-20220704-068,1.0,semana,chocolate hershey's,0.57,0.57,CHOCOLATE,,2022-07-04,True,mediana causal de 8 semanas y participacion historica por descripcion,745,CHOCOLATE HERSHEY'S,
SINTETICO_ENTRENAMIENTO,2022-07-04,SYN-C-20220704-069,1.0,semana,color gel negro,0.02,0.02,COLORANTES,,2022-07-04,True,mediana causal de 8 semanas y participacion historica por descripcion,746,COLOR GEL NEGRO,
SINTETICO_ENTRENAMIENTO,2022-07-04,SYN-C-20220704-070,1.0,semana,confiter semi amargo,1.54,1.54,CHOCOLATE,,2022-07-04,True,mediana causal de 8 semanas y participacion historica por descripcion,747,CONFITER SEMI AMARGO,
SINTETICO_ENTRENAMIENTO,2022-07-04,SYN-C-20220704-071,1.0,semana,confiteria,1.05,1.05,DULCERIA,,2022-07-04,True,mediana causal de 8 semanas y participacion historica por descripcion,748,CONFITERIA,
SINTETICO_ENTRENAMIENTO,2022-07-04,SYN-C-20220704-072,1.0,semana,cortadores,5.46,5.46,HERRAMIENTA,,2022-07-04,True,mediana causal de 8 semanas y participacion historica por descripcion,749,CORTADORES,
SINTETICO_ENTRENAMIENTO,2022-07-04,SYN-C-20220704-073,1.0,semana,deiman aditivo para chocolate,0.06,0.06,DECORACION,,2022-07-04,True,mediana causal de 8 semanas y participacion historica por descripcion,750,DEIMAN ADITIVO PARA CHOCOLATE,
SINTETICO_ENTRENAMIENTO,2022-07-04,SYN-C-20220704-074,1.0,semana,deiman bioxido de titanio,0.06,0.06,DECORACION,,2022-07-04,True,mediana causal de 8 semanas y participacion historica por descripcion,751,DEIMAN BIOXIDO DE TITANIO,
SINTETICO_ENTRENAMIENTO,2022-07-04,SYN-C-20220704-075,1.0,semana,deiman plumones mágicos,0.49,0.49,DECORACION,,2022-07-04,True,mediana causal de 8 semanas y participacion historica por descripcion,752,DEIMAN PLUMONES MAGICOS,
SINTETICO_ENTRENAMIENTO,2022-07-04,SYN-C-20220704-076,1.0,semana,deiman sab liq vainilla sin color 500 ml,0.05,0.05,DECORACION,,2022-07-04,True,mediana causal de 8 semanas y participacion historica por descripcion,753,DEIMAN SAB LIQ VAINILLA SIN COLOR 500 ML,
SINTETICO_ENTRENAMIENTO,2022-07-04,SYN-C-20220704-077,1.0,semana,domo 1/4 plancha,7.8,7.8,EMPAQUE,,2022-07-04,True,mediana causal de 8 semanas y participacion historica por descripcion,754,DOMO 1/4 PLANCHA,
SINTETICO_ENTRENAMIENTO,2022-07-04,SYN-C-20220704-078,1.0,semana,domo 12,3.87,3.87,EMPAQUE,,2022-07-04,True,mediana causal de 8 semanas y participacion historica por descripcion,755,DOMO 12,
SINTETICO_ENTRENAMIENTO,2022-07-04,SYN-C-20220704-079,1.0,semana,domo para cupcake 6 piezas,0.14,0.14,EMPAQUE,,2022-07-04,True,mediana causal de 8 semanas y participacion historica por descripcion,756,DOMO PARA CUPCAKE 6 PIEZAS,
SINTETICO_ENTRENAMIENTO,2022-07-04,SYN-C-20220704-080,1.0,semana,duya,1.53,1.53,CONSUMIBLES,,2022-07-04,True,mediana causal de 8 semanas y participacion historica por descripcion,757,DUYA,
SINTETICO_ENTRENAMIENTO,2022-07-04,SYN-C-20220704-081,1.0,semana,duya pasto chica,2.38,2.38,HERRAMIENTA,,2022-07-04,True,mediana causal de 8 semanas y participacion historica por descripcion,758,DUYA PASTO CHICA,
SINTETICO_ENTRENAMIENTO,2022-07-04,SYN-C-20220704-082,1.0,semana,easy pastel tres leches,1.94,1.94,HARINA,VAINILLA,2022-07-04,True,mediana causal de 8 semanas y participacion historica por descripcion,759,EASY PASTEL TRES LECHES,
SINTETICO_ENTRENAMIENTO,2022-07-04,SYN-C-20220704-083,1.0,semana,galleta Oreo relleno,8.58,8.58,GALLETAS,,2022-07-04,True,mediana causal de 8 semanas y participacion historica por descripcion,760,GALLETA OREO RELLENO,
SINTETICO_ENTRENAMIENTO,2022-07-04,SYN-C-20220704-084,1.0,semana,galleta Oreo suelta,4.21,4.21,GALLETAS,,2022-07-04,True,mediana causal de 8 semanas y participacion historica por descripcion,761,GALLETA OREO SUELTA,
SINTETICO_ENTRENAMIENTO,2022-07-04,SYN-C-20220704-085,1.0,semana,granillo chico,0.01,0.01,CHOCOLATE,,2022-07-04,True,mediana causal de 8 semanas y participacion historica por descripcion,762,GRANILLO CHICO,
SINTETICO_ENTRENAMIENTO,2022-07-04,SYN-C-20220704-086,1.0,semana,harina Red velvet esp,5.15,5.15,HARINA,RED VELVET,2022-07-04,True,mediana causal de 8 semanas y participacion historica por descripcion,763,HARINA RED VELVET ESP,
SINTETICO_ENTRENAMIENTO,2022-07-04,SYN-C-20220704-087,1.0,semana,harina de trigo suelta,0.01,0.01,HARINA,TRIGO,2022-07-04,True,mediana causal de 8 semanas y participacion historica por descripcion,764,HARINA DE TRIGO SUELTA,
SINTETICO_ENTRENAMIENTO,2022-07-04,SYN-C-20220704-088,1.0,semana,huevo blanco san juan,6.18,6.18,HUEVO,,2022-07-04,True,mediana causal de 8 semanas y participacion historica por descripcion,765,HUEVO BLANCO SAN JUAN,
SINTETICO_ENTRENAMIENTO,2022-07-04,SYN-C-20220704-089,1.0,semana,inix contenedor mantecadas,0.24,0.24,EMPAQUE,,2022-07-04,True,mediana causal de 8 semanas y participacion historica por descripcion,766,INIX CONTENEDOR MANTECADAS,
SINTETICO_ENTRENAMIENTO,2022-07-04,SYN-C-20220704-090,1.0,semana,kisses,4.43,4.43,CHOCOLATE,,2022-07-04,True,mediana causal de 8 semanas y participacion historica por descripcion,767,KISSES,
SINTETICO_ENTRENAMIENTO,2022-07-04,SYN-C-20220704-091,1.0,semana,letrero,0.06,0.06,DECORACION,,2022-07-04,True,mediana causal de 8 semanas y participacion historica por descripcion,768,LETRERO,
SINTETICO_ENTRENAMIENTO,2022-07-04,SYN-C-20220704-092,1.0,semana,manga desechable chica,0.71,0.71,CONSUMIBLES,,2022-07-04,True,mediana causal de 8 semanas y participacion historica por descripcion,769,MANGA DESECHABLE CHICA,
SINTETICO_ENTRENAMIENTO,2022-07-04,SYN-C-20220704-093,1.0,semana,mangas,3.22,3.22,CONSUMIBLES,,2022-07-04,True,mediana causal de 8 semanas y participacion historica por descripcion,770,MANGAS,
SINTETICO_ENTRENAMIENTO,2022-07-04,SYN-C-20220704-094,1.0,semana,manteca,0.06,0.06,OTROS,,2022-07-04,True,mediana causal de 8 semanas y participacion historica por descripcion,771,MANTECA,
SINTETICO_ENTRENAMIENTO,2022-07-04,SYN-C-20220704-095,1.0,semana,mantequilla gloria,0.27,0.27,MANTEQUILLA,,2022-07-04,True,mediana causal de 8 semanas y participacion historica por descripcion,772,MANTEQUILLA GLORIA,
SINTETICO_ENTRENAMIENTO,2022-07-04,SYN-C-20220704-096,1.0,semana,matizador,0.1,0.1,DECORACION,,2022-07-04,True,mediana causal de 8 semanas y participacion historica por descripcion,773,MATIZADOR,
SINTETICO_ENTRENAMIENTO,2022-07-04,SYN-C-20220704-097,1.0,semana,molde para chocolate,0.03,0.03,HERRAMIENTA,,2022-07-04,True,mediana causal de 8 semanas y participacion historica por descripcion,774,MOLDE PARA CHOCOLATE,
SINTETICO_ENTRENAMIENTO,2022-07-04,SYN-C-20220704-098,1.0,semana,nestle carlos v stick 20 pz,0.05,0.05,CHOCOLATE,,2022-07-04,True,mediana causal de 8 semanas y participacion historica por descripcion,775,NESTLE CARLOS V STICK 20 PZ,
SINTETICO_ENTRENAMIENTO,2022-07-04,SYN-C-20220704-099,1.0,semana,papel quilon para hornear,0.02,0.02,CONSUMIBLES,,2022-07-04,True,mediana causal de 8 semanas y participacion historica por descripcion,776,PAPEL QUILON PARA HORNEAR,
SINTETICO_ENTRENAMIENTO,2022-07-04,SYN-C-20220704-100,1.0,semana,pastireal manga no. 12,0.05,0.05,CONSUMIBLES,,2022-07-04,True,mediana causal de 8 semanas y participacion historica por descripcion,777,PASTIREAL MANGA NO. 12,
SINTETICO_ENTRENAMIENTO,2022-07-04,SYN-C-20220704-101,1.0,semana,perla,0.03,0.03,DECORACION,,2022-07-04,True,mediana causal de 8 semanas y participacion historica por descripcion,778,PERLA,
SINTETICO_ENTRENAMIENTO,2022-07-04,SYN-C-20220704-102,1.0,semana,perlas,2.49,2.49,DECORACION,,2022-07-04,True,mediana causal de 8 semanas y participacion historica por descripcion,779,PERLAS,
SINTETICO_ENTRENAMIENTO,2022-07-04,SYN-C-20220704-103,1.0,semana,pincel,0.11,0.11,HERRAMIENTA,,2022-07-04,True,mediana causal de 8 semanas y participacion historica por descripcion,780,PINCEL,
SINTETICO_ENTRENAMIENTO,2022-07-04,SYN-C-20220704-104,1.0,semana,platanitos,1.56,1.56,OTROS,,2022-07-04,True,mediana causal de 8 semanas y participacion historica por descripcion,781,PLATANITOS,
SINTETICO_ENTRENAMIENTO,2022-07-04,SYN-C-20220704-105,1.0,semana,puratos creamfil creme choco,0.06,0.06,RELLENO,,2022-07-04,True,mediana causal de 8 semanas y participacion historica por descripcion,782,PURATOS CREAMFIL CREME CHOCO,
SINTETICO_ENTRENAMIENTO,2022-07-04,SYN-C-20220704-106,1.0,semana,red velvet,0.59,0.59,HARINA,RED VELVET,2022-07-04,True,mediana causal de 8 semanas y participacion historica por descripcion,783,RED VELVET,
SINTETICO_ENTRENAMIENTO,2022-07-04,SYN-C-20220704-107,1.0,semana,relleno zarzamora puratos,0.51,0.51,RELLENO,,2022-07-04,True,mediana causal de 8 semanas y participacion historica por descripcion,784,RELLENO ZARZAMORA PURATOS,
SINTETICO_ENTRENAMIENTO,2022-07-04,SYN-C-20220704-108,1.0,semana,rutz,0.04,0.04,DECORACION,,2022-07-04,True,mediana causal de 8 semanas y participacion historica por descripcion,785,RUTZ,
SINTETICO_ENTRENAMIENTO,2022-07-04,SYN-C-20220704-109,1.0,semana,srpinkles,0.08,0.08,DECORACION,,2022-07-04,True,mediana causal de 8 semanas y participacion historica por descripcion,786,SRPINKLES,
SINTETICO_ENTRENAMIENTO,2022-07-04,SYN-C-20220704-110,1.0,semana,suspiro,0.15,0.15,DULCERIA,,2022-07-04,True,mediana causal de 8 semanas y participacion historica por descripcion,787,SUSPIRO,
SINTETICO_ENTRENAMIENTO,2022-07-11,SYN-C-20220711-001,1.0,semana,Alpezzi 14000,0.03,0.03,CHOCOLATE,,2022-07-11,True,mediana causal de 8 semanas y participacion historica por descripcion,788,ALPEZZI 14000,
SINTETICO_ENTRENAMIENTO,2022-07-11,SYN-C-20220711-002,1.0,semana,Azucar glass,0.05,0.05,AZUCAR,GLASS,2022-07-11,True,mediana causal de 8 semanas y participacion historica por descripcion,789,AZUCAR GLASS,
SINTETICO_ENTRENAMIENTO,2022-07-11,SYN-C-20220711-003,1.0,semana,Base,0.01,0.01,BASES,,2022-07-11,True,mediana causal de 8 semanas y participacion historica por descripcion,790,BASE,
SINTETICO_ENTRENAMIENTO,2022-07-11,SYN-C-20220711-004,1.0,semana,Cerezas,0.86,0.86,DULCERIA,,2022-07-11,True,mediana causal de 8 semanas y participacion historica por descripcion,791,CEREZAS,
SINTETICO_ENTRENAMIENTO,2022-07-11,SYN-C-20220711-005,1.0,semana,Chantilli,0.24,0.24,CHANTILLY,,2022-07-11,True,mediana causal de 8 semanas y participacion historica por descripcion,792,CHANTILLI,
SINTETICO_ENTRENAMIENTO,2022-07-11,SYN-C-20220711-006,1.0,semana,Chantilli Asturias,4.83,4.83,CHANTILLY,,2022-07-11,True,mediana causal de 8 semanas y participacion historica por descripcion,793,CHANTILLI ASTURIAS,
SINTETICO_ENTRENAMIENTO,2022-07-11,SYN-C-20220711-007,1.0,semana,Chantilly,10.39,10.39,CHANTILLY,,2022-07-11,True,mediana causal de 8 semanas y participacion historica por descripcion,794,CHANTILLY,
SINTETICO_ENTRENAMIENTO,2022-07-11,SYN-C-20220711-008,1.0,semana,Crema batida chantilli ASTURIAS,19.77,19.77,CHANTILLY,,2022-07-11,True,mediana causal de 8 semanas y participacion historica por descripcion,795,CREMA BATIDA CHANTILLI ASTURIAS,
SINTETICO_ENTRENAMIENTO,2022-07-11,SYN-C-20220711-009,1.0,semana,Crema para batir ambiante 1 lt,5.53,5.53,AMBIANTE,,2022-07-11,True,mediana causal de 8 semanas y participacion historica por descripcion,796,CREMA PARA BATIR AMBIANTE 1 LT,
SINTETICO_ENTRENAMIENTO,2022-07-11,SYN-C-20220711-010,1.0,semana,DESCONOCIDO,0.43,0.43,NO DEFINIDO,,2022-07-11,True,mediana causal de 8 semanas y participacion historica por descripcion,797,DESCONOCIDO,
SINTETICO_ENTRENAMIENTO,2022-07-11,SYN-C-20220711-011,1.0,semana,Domo mantecada 6 cavidades,0.08,0.08,EMPAQUE,,2022-07-11,True,mediana causal de 8 semanas y participacion historica por descripcion,798,DOMO MANTECADA 6 CAVIDADES,
SINTETICO_ENTRENAMIENTO,2022-07-11,SYN-C-20220711-012,1.0,semana,Domo para cupcake,0.06,0.06,EMPAQUE,,2022-07-11,True,mediana causal de 8 semanas y participacion historica por descripcion,799,DOMO PARA CUPCAKE,
SINTETICO_ENTRENAMIENTO,2022-07-11,SYN-C-20220711-013,1.0,semana,Domo para cupcake 12 piezas,0.15,0.15,EMPAQUE,,2022-07-11,True,mediana causal de 8 semanas y participacion historica por descripcion,800,DOMO PARA CUPCAKE 12 PIEZAS,
SINTETICO_ENTRENAMIENTO,2022-07-11,SYN-C-20220711-014,1.0,semana,Easy pastel tres leches,19.14,19.14,HARINA,CHOCOLATE,2022-07-11,True,mediana causal de 8 semanas y participacion historica por descripcion,801,EASY PASTEL TRES LECHES,
SINTETICO_ENTRENAMIENTO,2022-07-11,SYN-C-20220711-015,1.0,semana,Evaporada,2.82,2.82,LECHERA,,2022-07-11,True,mediana causal de 8 semanas y participacion historica por descripcion,802,EVAPORADA,
SINTETICO_ENTRENAMIENTO,2022-07-11,SYN-C-20220711-016,1.0,semana,Ferrero,1.02,1.02,CHOCOLATE,,2022-07-11,True,mediana causal de 8 semanas y participacion historica por descripcion,803,FERRERO,
SINTETICO_ENTRENAMIENTO,2022-07-11,SYN-C-20220711-017,1.0,semana,Ferrero Rocher T-16,0.18,0.18,CHOCOLATE,,2022-07-11,True,mediana causal de 8 semanas y participacion historica por descripcion,804,FERRERO ROCHER T-16,
SINTETICO_ENTRENAMIENTO,2022-07-11,SYN-C-20220711-018,1.0,semana,Foundant,71.36,71.36,FONDANT,,2022-07-11,True,mediana causal de 8 semanas y participacion historica por descripcion,805,FOUNDANT,
SINTETICO_ENTRENAMIENTO,2022-07-11,SYN-C-20220711-019,1.0,semana,Galleta Oreo,0.04,0.04,GALLETAS,,2022-07-11,True,mediana causal de 8 semanas y participacion historica por descripcion,806,GALLETA OREO,
SINTETICO_ENTRENAMIENTO,2022-07-11,SYN-C-20220711-020,1.0,semana,Gas LP,49.48,49.48,COMBUSTIBLE,,2022-07-11,True,mediana causal de 8 semanas y participacion historica por descripcion,807,GAS LP,
SINTETICO_ENTRENAMIENTO,2022-07-11,SYN-C-20220711-021,1.0,semana,Gasolina,90.99,90.99,COMBUSTIBLE,,2022-07-11,True,mediana causal de 8 semanas y participacion historica por descripcion,808,GASOLINA,
SINTETICO_ENTRENAMIENTO,2022-07-11,SYN-C-20220711-022,1.0,semana,Harina,1.02,1.02,HARINA,TRIGO,2022-07-11,True,mediana causal de 8 semanas y participacion historica por descripcion,809,HARINA,
SINTETICO_ENTRENAMIENTO,2022-07-11,SYN-C-20220711-023,1.0,semana,Huevo,26.2,26.2,HUEVO,,2022-07-11,True,mediana causal de 8 semanas y participacion historica por descripcion,810,HUEVO,
SINTETICO_ENTRENAMIENTO,2022-07-11,SYN-C-20220711-024,1.0,semana,Kisses,0.05,0.05,CHOCOLATE,,2022-07-11,True,mediana causal de 8 semanas y participacion historica por descripcion,811,KISSES,
SINTETICO_ENTRENAMIENTO,2022-07-11,SYN-C-20220711-025,1.0,semana,Manga chica,0.02,0.02,CONSUMIBLES,,2022-07-11,True,mediana causal de 8 semanas y participacion historica por descripcion,812,MANGA CHICA,
SINTETICO_ENTRENAMIENTO,2022-07-11,SYN-C-20220711-026,1.0,semana,ND,7.42,7.42,NO DEFINIDO,,2022-07-11,True,mediana causal de 8 semanas y participacion historica por descripcion,813,ND,
SINTETICO_ENTRENAMIENTO,2022-07-11,SYN-C-20220711-027,1.0,semana,Nido forti,3.31,3.31,DECORACION,,2022-07-11,True,mediana causal de 8 semanas y participacion historica por descripcion,814,NIDO FORTI,
SINTETICO_ENTRENAMIENTO,2022-07-11,SYN-C-20220711-028,1.0,semana,Nutella chica 350 grs,15.99,15.99,RELLENO,,2022-07-11,True,mediana causal de 8 semanas y participacion historica por descripcion,815,NUTELLA CHICA 350 GRS,
SINTETICO_ENTRENAMIENTO,2022-07-11,SYN-C-20220711-029,1.0,semana,Puratos Tres Leches Vainilla,0.12,0.12,RELLENO,,2022-07-11,True,mediana causal de 8 semanas y participacion historica por descripcion,816,PURATOS TRES LECHES VAINILLA,
SINTETICO_ENTRENAMIENTO,2022-07-11,SYN-C-20220711-030,1.0,semana,Puratos vainilla,3.2,3.2,RELLENO,,2022-07-11,True,mediana causal de 8 semanas y participacion historica por descripcion,817,PURATOS VAINILLA,
SINTETICO_ENTRENAMIENTO,2022-07-11,SYN-C-20220711-031,1.0,semana,Queso philadelphia,7.16,7.16,QUESO CREMA,,2022-07-11,True,mediana causal de 8 semanas y participacion historica por descripcion,818,QUESO PHILADELPHIA,
SINTETICO_ENTRENAMIENTO,2022-07-11,SYN-C-20220711-032,1.0,semana,Relleno durazno puratos,1.96,1.96,RELLENO,,2022-07-11,True,mediana causal de 8 semanas y participacion historica por descripcion,819,RELLENO DURAZNO PURATOS,
SINTETICO_ENTRENAMIENTO,2022-07-11,SYN-C-20220711-033,1.0,semana,Royal Icing Deiman 50,2.65,2.65,ROYALICING,,2022-07-11,True,mediana causal de 8 semanas y participacion historica por descripcion,820,ROYAL ICING DEIMAN 50,
SINTETICO_ENTRENAMIENTO,2022-07-11,SYN-C-20220711-034,1.0,semana,Sicao blanco,0.03,0.03,DECORACION,,2022-07-11,True,mediana causal de 8 semanas y participacion historica por descripcion,821,SICAO BLANCO,
SINTETICO_ENTRENAMIENTO,2022-07-11,SYN-C-20220711-035,1.0,semana,Sicao blanco real,1.23,1.23,DECORACION,,2022-07-11,True,mediana causal de 8 semanas y participacion historica por descripcion,822,SICAO BLANCO REAL,
SINTETICO_ENTRENAMIENTO,2022-07-11,SYN-C-20220711-036,1.0,semana,Tegral Satin Creme ca ,5.96,5.96,HARINA,CHOCOLATE,2022-07-11,True,mediana causal de 8 semanas y participacion historica por descripcion,823,TEGRAL SATIN CREME CA,
SINTETICO_ENTRENAMIENTO,2022-07-11,SYN-C-20220711-037,1.0,semana,Tegral Satin Red Velvet Puratos,2.97,2.97,HARINA,RED VELVET,2022-07-11,True,mediana causal de 8 semanas y participacion historica por descripcion,824,TEGRAL SATIN RED VELVET PURATOS,
SINTETICO_ENTRENAMIENTO,2022-07-11,SYN-C-20220711-038,1.0,semana,Transfer,2.23,2.23,DECORACION,,2022-07-11,True,mediana causal de 8 semanas y participacion historica por descripcion,825,TRANSFER,
SINTETICO_ENTRENAMIENTO,2022-07-11,SYN-C-20220711-039,1.0,semana,Turin amargo,0.05,0.05,CHOCOLATE,,2022-07-11,True,mediana causal de 8 semanas y participacion historica por descripcion,826,TURIN AMARGO,
SINTETICO_ENTRENAMIENTO,2022-07-11,SYN-C-20220711-040,1.0,semana,Turin semiamargo,0.94,0.94,CHOCOLATE,,2022-07-11,True,mediana causal de 8 semanas y participacion historica por descripcion,827,TURIN SEMIAMARGO,
SINTETICO_ENTRENAMIENTO,2022-07-11,SYN-C-20220711-041,1.0,semana,aceite,16.48,16.48,ACEITE,,2022-07-11,True,mediana causal de 8 semanas y participacion historica por descripcion,828,ACEITE,
SINTETICO_ENTRENAMIENTO,2022-07-11,SYN-C-20220711-042,1.0,semana,ambiante,2.93,2.93,AMBIANTE,,2022-07-11,True,mediana causal de 8 semanas y participacion historica por descripcion,829,AMBIANTE,
SINTETICO_ENTRENAMIENTO,2022-07-11,SYN-C-20220711-043,1.0,semana,base,0.37,0.37,BASES,,2022-07-11,True,mediana causal de 8 semanas y participacion historica por descripcion,830,BASE,
SINTETICO_ENTRENAMIENTO,2022-07-11,SYN-C-20220711-044,1.0,semana,base 25x35,0.51,0.51,BASES,,2022-07-11,True,mediana causal de 8 semanas y participacion historica por descripcion,831,BASE 25X35,
SINTETICO_ENTRENAMIENTO,2022-07-11,SYN-C-20220711-045,1.0,semana,base 26 cm,0.49,0.49,BASES,,2022-07-11,True,mediana causal de 8 semanas y participacion historica por descripcion,832,BASE 26 CM,
SINTETICO_ENTRENAMIENTO,2022-07-11,SYN-C-20220711-046,1.0,semana,base 28 cm,0.42,0.42,BASES,,2022-07-11,True,mediana causal de 8 semanas y participacion historica por descripcion,833,BASE 28 CM,
SINTETICO_ENTRENAMIENTO,2022-07-11,SYN-C-20220711-047,1.0,semana,base 28 cm doble,1.08,1.08,BASES,,2022-07-11,True,mediana causal de 8 semanas y participacion historica por descripcion,834,BASE 28 CM DOBLE,
SINTETICO_ENTRENAMIENTO,2022-07-11,SYN-C-20220711-048,1.0,semana,base 28 doble,1.18,1.18,BASES,,2022-07-11,True,mediana causal de 8 semanas y participacion historica por descripcion,835,BASE 28 DOBLE,
SINTETICO_ENTRENAMIENTO,2022-07-11,SYN-C-20220711-049,1.0,semana,base 30 cm,0.37,0.37,BASES,,2022-07-11,True,mediana causal de 8 semanas y participacion historica por descripcion,836,BASE 30 CM,
SINTETICO_ENTRENAMIENTO,2022-07-11,SYN-C-20220711-050,1.0,semana,base 33 x 33,0.82,0.82,BASES,,2022-07-11,True,mediana causal de 8 semanas y participacion historica por descripcion,837,BASE 33 X 33,
SINTETICO_ENTRENAMIENTO,2022-07-11,SYN-C-20220711-051,1.0,semana,base d liston,3.62,3.62,BASES,,2022-07-11,True,mediana causal de 8 semanas y participacion historica por descripcion,838,BASE D LISTON,
SINTETICO_ENTRENAMIENTO,2022-07-11,SYN-C-20220711-052,1.0,semana,base doble 28,0.72,0.72,BASES,,2022-07-11,True,mediana causal de 8 semanas y participacion historica por descripcion,839,BASE DOBLE 28,
SINTETICO_ENTRENAMIENTO,2022-07-11,SYN-C-20220711-053,1.0,semana,bases 28 cm,0.25,0.25,BASES,,2022-07-11,True,mediana causal de 8 semanas y participacion historica por descripcion,840,BASES 28 CM,
SINTETICO_ENTRENAMIENTO,2022-07-11,SYN-C-20220711-054,1.0,semana,bolsa,0.47,0.47,EMPAQUE,,2022-07-11,True,mediana causal de 8 semanas y participacion historica por descripcion,841,BOLSA,
SINTETICO_ENTRENAMIENTO,2022-07-11,SYN-C-20220711-055,1.0,semana,bolsa 10x15,1.17,1.17,EMPAQUE,,2022-07-11,True,mediana causal de 8 semanas y participacion historica por descripcion,842,BOLSA 10X15,
SINTETICO_ENTRENAMIENTO,2022-07-11,SYN-C-20220711-056,1.0,semana,cacao bremen,0.22,0.22,CHOCOLATE,,2022-07-11,True,mediana causal de 8 semanas y participacion historica por descripcion,843,CACAO BREMEN,
SINTETICO_ENTRENAMIENTO,2022-07-11,SYN-C-20220711-057,1.0,semana,caja de cartón para cupcake 6 piezas,5.38,5.38,EMPAQUE,,2022-07-11,True,mediana causal de 8 semanas y participacion historica por descripcion,844,CAJA DE CARTON PARA CUPCAKE 6 PIEZAS,
SINTETICO_ENTRENAMIENTO,2022-07-11,SYN-C-20220711-058,1.0,semana,caja para cupcake 12 piezas,0.51,0.51,EMPAQUE,,2022-07-11,True,mediana causal de 8 semanas y participacion historica por descripcion,845,CAJA PARA CUPCAKE 12 PIEZAS,
SINTETICO_ENTRENAMIENTO,2022-07-11,SYN-C-20220711-059,1.0,semana,cajas,8.74,8.74,EMPAQUE,,2022-07-11,True,mediana causal de 8 semanas y participacion historica por descripcion,846,CAJAS,
SINTETICO_ENTRENAMIENTO,2022-07-11,SYN-C-20220711-060,1.0,semana,capacillos,12.35,12.35,CAPACILLOS,,2022-07-11,True,mediana causal de 8 semanas y participacion historica por descripcion,847,CAPACILLOS,
SINTETICO_ENTRENAMIENTO,2022-07-11,SYN-C-20220711-061,1.0,semana,celofan 12x18 sello ,1.02,1.02,DECORACION,,2022-07-11,True,mediana causal de 8 semanas y participacion historica por descripcion,848,CELOFAN 12X18 SELLO,
SINTETICO_ENTRENAMIENTO,2022-07-11,SYN-C-20220711-062,1.0,semana,celofan 8x12,0.18,0.18,DECORACION,,2022-07-11,True,mediana causal de 8 semanas y participacion historica por descripcion,849,CELOFAN 8X12,
SINTETICO_ENTRENAMIENTO,2022-07-11,SYN-C-20220711-063,1.0,semana,celofan 9x15,0.03,0.03,CONSUMIBLES,,2022-07-11,True,mediana causal de 8 semanas y participacion historica por descripcion,850,CELOFAN 9X15,
SINTETICO_ENTRENAMIENTO,2022-07-11,SYN-C-20220711-064,1.0,semana,chantilli,1.71,1.71,CHANTILLY,,2022-07-11,True,mediana causal de 8 semanas y participacion historica por descripcion,851,CHANTILLI,
SINTETICO_ENTRENAMIENTO,2022-07-11,SYN-C-20220711-065,1.0,semana,chantilly,41.57,41.57,CHANTILLY,,2022-07-11,True,mediana causal de 8 semanas y participacion historica por descripcion,852,CHANTILLY,
SINTETICO_ENTRENAMIENTO,2022-07-11,SYN-C-20220711-066,1.0,semana,chocolate,1.13,1.13,CHOCOLATE,,2022-07-11,True,mediana causal de 8 semanas y participacion historica por descripcion,853,CHOCOLATE,
SINTETICO_ENTRENAMIENTO,2022-07-11,SYN-C-20220711-067,1.0,semana,chocolate blanco sica,2.15,2.15,CHOCOLATE,,2022-07-11,True,mediana causal de 8 semanas y participacion historica por descripcion,854,CHOCOLATE BLANCO SICA,
SINTETICO_ENTRENAMIENTO,2022-07-11,SYN-C-20220711-068,1.0,semana,chocolate hershey's,0.7,0.7,CHOCOLATE,,2022-07-11,True,mediana causal de 8 semanas y participacion historica por descripcion,855,CHOCOLATE HERSHEY'S,
SINTETICO_ENTRENAMIENTO,2022-07-11,SYN-C-20220711-069,1.0,semana,color gel negro,0.03,0.03,COLORANTES,,2022-07-11,True,mediana causal de 8 semanas y participacion historica por descripcion,856,COLOR GEL NEGRO,
SINTETICO_ENTRENAMIENTO,2022-07-11,SYN-C-20220711-070,1.0,semana,confiter semi amargo,1.88,1.88,CHOCOLATE,,2022-07-11,True,mediana causal de 8 semanas y participacion historica por descripcion,857,CONFITER SEMI AMARGO,
SINTETICO_ENTRENAMIENTO,2022-07-11,SYN-C-20220711-071,1.0,semana,confiteria,1.28,1.28,DULCERIA,,2022-07-11,True,mediana causal de 8 semanas y participacion historica por descripcion,858,CONFITERIA,
SINTETICO_ENTRENAMIENTO,2022-07-11,SYN-C-20220711-072,1.0,semana,cortadores,1.79,1.79,HERRAMIENTA,,2022-07-11,True,mediana causal de 8 semanas y participacion historica por descripcion,859,CORTADORES,
SINTETICO_ENTRENAMIENTO,2022-07-11,SYN-C-20220711-073,1.0,semana,deiman aditivo para chocolate,0.08,0.08,DECORACION,,2022-07-11,True,mediana causal de 8 semanas y participacion historica por descripcion,860,DEIMAN ADITIVO PARA CHOCOLATE,
SINTETICO_ENTRENAMIENTO,2022-07-11,SYN-C-20220711-074,1.0,semana,deiman bioxido de titanio,0.08,0.08,DECORACION,,2022-07-11,True,mediana causal de 8 semanas y participacion historica por descripcion,861,DEIMAN BIOXIDO DE TITANIO,
SINTETICO_ENTRENAMIENTO,2022-07-11,SYN-C-20220711-075,1.0,semana,deiman plumones mágicos,0.6,0.6,DECORACION,,2022-07-11,True,mediana causal de 8 semanas y participacion historica por descripcion,862,DEIMAN PLUMONES MAGICOS,
SINTETICO_ENTRENAMIENTO,2022-07-11,SYN-C-20220711-076,1.0,semana,deiman sab liq vainilla sin color 500 ml,0.06,0.06,DECORACION,,2022-07-11,True,mediana causal de 8 semanas y participacion historica por descripcion,863,DEIMAN SAB LIQ VAINILLA SIN COLOR 500 ML,
SINTETICO_ENTRENAMIENTO,2022-07-11,SYN-C-20220711-077,1.0,semana,domo 1/4 plancha,2.56,2.56,EMPAQUE,,2022-07-11,True,mediana causal de 8 semanas y participacion historica por descripcion,864,DOMO 1/4 PLANCHA,
SINTETICO_ENTRENAMIENTO,2022-07-11,SYN-C-20220711-078,1.0,semana,domo 12,4.72,4.72,EMPAQUE,,2022-07-11,True,mediana causal de 8 semanas y participacion historica por descripcion,865,DOMO 12,
SINTETICO_ENTRENAMIENTO,2022-07-11,SYN-C-20220711-079,1.0,semana,domo para cupcake 6 piezas,0.17,0.17,EMPAQUE,,2022-07-11,True,mediana causal de 8 semanas y participacion historica por descripcion,866,DOMO PARA CUPCAKE 6 PIEZAS,
SINTETICO_ENTRENAMIENTO,2022-07-11,SYN-C-20220711-080,1.0,semana,duya,1.87,1.87,CONSUMIBLES,,2022-07-11,True,mediana causal de 8 semanas y participacion historica por descripcion,867,DUYA,
SINTETICO_ENTRENAMIENTO,2022-07-11,SYN-C-20220711-081,1.0,semana,duya pasto chica,2.91,2.91,HERRAMIENTA,,2022-07-11,True,mediana causal de 8 semanas y participacion historica por descripcion,868,DUYA PASTO CHICA,
SINTETICO_ENTRENAMIENTO,2022-07-11,SYN-C-20220711-082,1.0,semana,easy pastel tres leches,2.37,2.37,HARINA,VAINILLA,2022-07-11,True,mediana causal de 8 semanas y participacion historica por descripcion,869,EASY PASTEL TRES LECHES,
SINTETICO_ENTRENAMIENTO,2022-07-11,SYN-C-20220711-083,1.0,semana,galleta Oreo relleno,2.81,2.81,GALLETAS,,2022-07-11,True,mediana causal de 8 semanas y participacion historica por descripcion,870,GALLETA OREO RELLENO,
SINTETICO_ENTRENAMIENTO,2022-07-11,SYN-C-20220711-084,1.0,semana,galleta Oreo suelta,1.38,1.38,GALLETAS,,2022-07-11,True,mediana causal de 8 semanas y participacion historica por descripcion,871,GALLETA OREO SUELTA,
SINTETICO_ENTRENAMIENTO,2022-07-11,SYN-C-20220711-085,1.0,semana,granillo chico,0.01,0.01,CHOCOLATE,,2022-07-11,True,mediana causal de 8 semanas y participacion historica por descripcion,872,GRANILLO CHICO,
SINTETICO_ENTRENAMIENTO,2022-07-11,SYN-C-20220711-086,1.0,semana,harina Red velvet esp,6.3,6.3,HARINA,RED VELVET,2022-07-11,True,mediana causal de 8 semanas y participacion historica por descripcion,873,HARINA RED VELVET ESP,
SINTETICO_ENTRENAMIENTO,2022-07-11,SYN-C-20220711-087,1.0,semana,harina de trigo suelta,0.01,0.01,HARINA,TRIGO,2022-07-11,True,mediana causal de 8 semanas y participacion historica por descripcion,874,HARINA DE TRIGO SUELTA,
SINTETICO_ENTRENAMIENTO,2022-07-11,SYN-C-20220711-088,1.0,semana,huevo blanco san juan,7.55,7.55,HUEVO,,2022-07-11,True,mediana causal de 8 semanas y participacion historica por descripcion,875,HUEVO BLANCO SAN JUAN,
SINTETICO_ENTRENAMIENTO,2022-07-11,SYN-C-20220711-089,1.0,semana,inix contenedor mantecadas,0.29,0.29,EMPAQUE,,2022-07-11,True,mediana causal de 8 semanas y participacion historica por descripcion,876,INIX CONTENEDOR MANTECADAS,
SINTETICO_ENTRENAMIENTO,2022-07-11,SYN-C-20220711-090,1.0,semana,kisses,5.41,5.41,CHOCOLATE,,2022-07-11,True,mediana causal de 8 semanas y participacion historica por descripcion,877,KISSES,
SINTETICO_ENTRENAMIENTO,2022-07-11,SYN-C-20220711-091,1.0,semana,letrero,0.07,0.07,DECORACION,,2022-07-11,True,mediana causal de 8 semanas y participacion historica por descripcion,878,LETRERO,
SINTETICO_ENTRENAMIENTO,2022-07-11,SYN-C-20220711-092,1.0,semana,manga desechable chica,0.87,0.87,CONSUMIBLES,,2022-07-11,True,mediana causal de 8 semanas y participacion historica por descripcion,879,MANGA DESECHABLE CHICA,
SINTETICO_ENTRENAMIENTO,2022-07-11,SYN-C-20220711-093,1.0,semana,mangas,3.94,3.94,CONSUMIBLES,,2022-07-11,True,mediana causal de 8 semanas y participacion historica por descripcion,880,MANGAS,
SINTETICO_ENTRENAMIENTO,2022-07-11,SYN-C-20220711-094,1.0,semana,manteca,0.08,0.08,OTROS,,2022-07-11,True,mediana causal de 8 semanas y participacion historica por descripcion,881,MANTECA,
SINTETICO_ENTRENAMIENTO,2022-07-11,SYN-C-20220711-095,1.0,semana,mantequilla gloria,0.33,0.33,MANTEQUILLA,,2022-07-11,True,mediana causal de 8 semanas y participacion historica por descripcion,882,MANTEQUILLA GLORIA,
SINTETICO_ENTRENAMIENTO,2022-07-11,SYN-C-20220711-096,1.0,semana,matizador,0.13,0.13,DECORACION,,2022-07-11,True,mediana causal de 8 semanas y participacion historica por descripcion,883,MATIZADOR,
SINTETICO_ENTRENAMIENTO,2022-07-11,SYN-C-20220711-097,1.0,semana,molde para chocolate,0.04,0.04,HERRAMIENTA,,2022-07-11,True,mediana causal de 8 semanas y participacion historica por descripcion,884,MOLDE PARA CHOCOLATE,
SINTETICO_ENTRENAMIENTO,2022-07-11,SYN-C-20220711-098,1.0,semana,nestle carlos v stick 20 pz,0.06,0.06,CHOCOLATE,,2022-07-11,True,mediana causal de 8 semanas y participacion historica por descripcion,885,NESTLE CARLOS V STICK 20 PZ,
SINTETICO_ENTRENAMIENTO,2022-07-11,SYN-C-20220711-099,1.0,semana,papel quilon para hornear,0.02,0.02,CONSUMIBLES,,2022-07-11,True,mediana causal de 8 semanas y participacion historica por descripcion,886,PAPEL QUILON PARA HORNEAR,
SINTETICO_ENTRENAMIENTO,2022-07-11,SYN-C-20220711-100,1.0,semana,pastireal manga no. 12,0.07,0.07,CONSUMIBLES,,2022-07-11,True,mediana causal de 8 semanas y participacion historica por descripcion,887,PASTIREAL MANGA NO. 12,
SINTETICO_ENTRENAMIENTO,2022-07-11,SYN-C-20220711-101,1.0,semana,perla,0.04,0.04,DECORACION,,2022-07-11,True,mediana causal de 8 semanas y participacion historica por descripcion,888,PERLA,
SINTETICO_ENTRENAMIENTO,2022-07-11,SYN-C-20220711-102,1.0,semana,perlas,3.04,3.04,DECORACION,,2022-07-11,True,mediana causal de 8 semanas y participacion historica por descripcion,889,PERLAS,
SINTETICO_ENTRENAMIENTO,2022-07-11,SYN-C-20220711-103,1.0,semana,pincel,0.14,0.14,HERRAMIENTA,,2022-07-11,True,mediana causal de 8 semanas y participacion historica por descripcion,890,PINCEL,
SINTETICO_ENTRENAMIENTO,2022-07-11,SYN-C-20220711-104,1.0,semana,platanitos,0.51,0.51,OTROS,,2022-07-11,True,mediana causal de 8 semanas y participacion historica por descripcion,891,PLATANITOS,
SINTETICO_ENTRENAMIENTO,2022-07-11,SYN-C-20220711-105,1.0,semana,puratos creamfil creme choco,0.07,0.07,RELLENO,,2022-07-11,True,mediana causal de 8 semanas y participacion historica por descripcion,892,PURATOS CREAMFIL CREME CHOCO,
SINTETICO_ENTRENAMIENTO,2022-07-11,SYN-C-20220711-106,1.0,semana,red velvet,0.72,0.72,HARINA,RED VELVET,2022-07-11,True,mediana causal de 8 semanas y participacion historica por descripcion,893,RED VELVET,
SINTETICO_ENTRENAMIENTO,2022-07-11,SYN-C-20220711-107,1.0,semana,relleno zarzamora puratos,0.63,0.63,RELLENO,,2022-07-11,True,mediana causal de 8 semanas y participacion historica por descripcion,894,RELLENO ZARZAMORA PURATOS,
SINTETICO_ENTRENAMIENTO,2022-07-11,SYN-C-20220711-108,1.0,semana,rutz,0.05,0.05,DECORACION,,2022-07-11,True,mediana causal de 8 semanas y participacion historica por descripcion,895,RUTZ,
SINTETICO_ENTRENAMIENTO,2022-07-11,SYN-C-20220711-109,1.0,semana,srpinkles,0.09,0.09,DECORACION,,2022-07-11,True,mediana causal de 8 semanas y participacion historica por descripcion,896,SRPINKLES,
SINTETICO_ENTRENAMIENTO,2022-07-11,SYN-C-20220711-110,1.0,semana,suspiro,0.14,0.14,DULCERIA,,2022-07-11,True,mediana causal de 8 semanas y participacion historica por descripcion,897,SUSPIRO,
REPOSTEARTE,2022-07-24,ND,2.0,pz,Transfer,90.0,45.0,DECORACION,,2022-07-18,False,,898,TRANSFER,
SHEIN,2022-07-26,ND,1.0,pz,Cortadores,59.0,59.0,HERRAMIENTA,,2022-07-25,False,,899,CORTADORES,
ESTRELLA,2022-07-27,2462,500.0,gr,Royal Icing Deiman 50,59.0,118.0,ROYALICING,,2022-07-25,False,,900,ROYAL ICING DEIMAN 50,
ESTRELLA,2022-07-27,2462,1.0,Kg,chantilly,66.0,66.0,CHANTILLY,,2022-07-25,False,,901,CHANTILLY,
MEGA PLAST,2022-07-27,354162,1.0,pz,domo 1/4 plancha,25.0,25.0,EMPAQUE,,2022-07-25,False,,902,DOMO 1/4 PLANCHA,
MEGA PLAST,2022-07-27,354162,1.0,pz,crema pastelera coco,32.0,32.0,RELLENO,,2022-07-25,False,,903,CREMA PASTELERA COCO,
MEGA PLAST,2022-07-27,354162,100.0,gr,Confitier semiamargo TURIN,22.0,220.0,CHOCOLATE,,2022-07-25,False,,904,CONFITIER SEMIAMARGO TURIN,
MEGA PLAST,2022-07-27,354162,2.0,kg,harina Red velvet esp,80.0,40.0,HARINA,RED VELVET,2022-07-25,False,,905,HARINA RED VELVET ESP,
MEGA PLAST,2022-07-27,354162,1.0,kg,Easy pastel tres leches,53.0,53.0,HARINA,CHOCOLATE,2022-07-25,False,,906,EASY PASTEL TRES LECHES,
MEGA PLAST,2022-07-27,354162,1.0,pz,Queso philadelphia,30.0,30.0,QUESO CREMA,,2022-07-25,False,,907,QUESO PHILADELPHIA,
MEGA PLAST,2022-07-27,354162,1.0,pz,nutella 1 kg,160.0,160.0,RELLENO,,2022-07-25,False,,908,NUTELLA 1 KG,
MEGA PLAST,2022-07-27,354162,100.0,gr,chocolate blanco sica,21.0,210.0,CHOCOLATE,,2022-07-25,False,,909,CHOCOLATE BLANCO SICA,
REPOSTEARTE,2022-07-27,ND,1.0,pz,base 32cm doble,30.0,30.0,BASES,,2022-07-25,False,,910,BASE 32CM DOBLE,
REPOSTEARTE,2022-07-27,ND,1.0,pz,molde r22,66.0,66.0,HERRAMIENTA,,2022-07-25,False,,911,MOLDE R22,
REPOSTEARTE,2022-07-27,ND,2.0,pz,caja cupcakes 12,37.0,18.5,EMPAQUE,,2022-07-25,False,,912,CAJA CUPCAKES 12,
REPOSTEARTE,2022-07-27,ND,1.0,pz,entrepiso,11.0,11.0,BASES,,2022-07-25,False,,913,ENTREPISO,
REPOSTEARTE,2022-07-27,ND,1.0,pz,entrepiso tetrapack,11.5,11.5,BASES,,2022-07-25,False,,914,ENTREPISO TETRAPACK,
REPOSTEARTE,2022-07-27,ND,2.0,kg,Foundant,166.0,83.0,FONDANT,,2022-07-25,False,,915,FOUNDANT,
MEGA PLAST,2022-07-29,354546,1.0,kg,chantilly,56.0,56.0,CHANTILLY,,2022-07-25,False,,916,CHANTILLY,
ESTRELLA,2022-07-30,2306,1.0,Kg,chantilly,66.0,66.0,CHANTILLY,,2022-07-25,False,,917,CHANTILLY,
TIENDA,2022-08-01,ND,2.0,kg,Huevo,80.0,40.0,HUEVO,,2022-08-01,False,,918,HUEVO,
GASERA,2022-08-01,ND,10.0,lts,Gas LP,120.0,12.0,COMBUSTIBLE,,2022-08-01,False,,919,GAS LP,
B. AURRERA,2022-08-01,ND,1.0,pz,aceite,40.0,40.0,ACEITE,,2022-08-01,False,,920,ACEITE,
GASOLINERIA,2022-08-01,ND,10.0,lts,Gasolina,210.9,21.09,COMBUSTIBLE,,2022-08-01,False,,921,GASOLINA,
MEGA PLAST,2022-08-14,357453,100.0,gr,goma ricolino,15.0,150.0,DULCERIA,,2022-08-08,False,,922,GOMA RICOLINO,
MEGA PLAST,2022-08-14,357453,1.0,pz,domo 1/4 plancha,25.0,25.0,EMPAQUE,,2022-08-08,False,,923,DOMO 1/4 PLANCHA,
MEGA PLAST,2022-08-14,357453,1.0,pz,Domo 1/2 plancha INI,40.0,40.0,EMPAQUE,,2022-08-08,False,,924,DOMO 1/2 PLANCHA INI,
ESTRELLA,2022-08-18,0414,2.0,Kg,chantilly,132.0,66.0,CHANTILLY,,2022-08-15,False,,925,CHANTILLY,
MEGA PLAST,2022-08-18,358049,1.0,kg,Easy pastel tres leches,65.0,65.0,HARINA,CHOCOLATE,2022-08-15,False,,926,EASY PASTEL TRES LECHES,
MEGA PLAST,2022-08-18,358049,100.0,gr,Kiss Leche,28.0,280.0,CHOCOLATE,,2022-08-15,False,,927,KISS LECHE,
MEGA PLAST,2022-08-18,358049,1.0,pz,Queso philadelphia,30.0,30.0,QUESO CREMA,,2022-08-15,False,,928,QUESO PHILADELPHIA,
MEGA PLAST,2022-08-25,359304,1.0,pz,color liquido surtido,24.0,24.0,COLORANTES,,2022-08-22,False,,929,COLOR LIQUIDO SURTIDO,
MEGA PLAST,2022-08-25,359304,1.0,pz, domo db09 27 cm wow,14.5,14.5,EMPAQUE,,2022-08-22,False,,930,DOMO DB09 27 CM WOW,
REPOSTEARTE,2022-08-25,ND,2.0,kg,Foundant,166.0,83.0,FONDANT,,2022-08-22,False,,931,FOUNDANT,
MEGA PLAST,2022-08-30,360160,1.0,kg,harina Red velvet esp,40.0,40.0,HARINA,RED VELVET,2022-08-29,False,,932,HARINA RED VELVET ESP,
REPOSTEARTE,2022-08-30,ND,2.0,pz,caja de cupcake,40.0,20.0,EMPAQUE,,2022-08-29,False,,933,CAJA DE CUPCAKE,
B. AURRERA,2022-09-01,5775753773551451202549,1.0,pz,lechera,22.5,22.5,LECHERA,,2022-08-29,False,,934,LECHERA,
B. AURRERA,2022-09-01,5775753773551451202549,1.0,pz,GV glass,38.9,38.9,AZUCAR,GLASS,2022-08-29,False,,935,GV GLASS,
B. AURRERA,2022-09-01,5775753773551451202549,1.0,pz,GV azucar,24.0,24.0,AZUCAR,GLASS,2022-08-29,False,,936,GV AZUCAR,
B. AURRERA,2022-09-01,5775753773551451202549,1.0,pz,vainilla,13.0,13.0,HORNEADO,,2022-08-29,False,,937,VAINILLA,
B. AURRERA,2022-09-01,5775753773551451202549,1.0,paq,oreo vainilla,21.5,21.5,GALLETAS,,2022-08-29,False,,938,OREO VAINILLA,
B. AURRERA,2022-09-01,5775753773551451202549,1.0,paq,oreo 273.6,21.5,21.5,GALLETAS,,2022-08-29,False,,939,OREO 273.6,
B. AURRERA,2022-09-01,5775753773551451202549,1.0,pz,gv a 10w l,29.0,29.0,NO DEFINIDO,,2022-08-29,False,,940,GV A 10W L,
B. AURRERA,2022-09-01,5775753773551451202549,1.0,pz,chantilli dull,61.0,61.0,CHANTILLY,,2022-08-29,False,,941,CHANTILLI DULL,
B. AURRERA,2022-09-01,5775753773551451202549,1.0,pz,carnation,16.5,16.5,HORNEADO,,2022-08-29,False,,942,CARNATION,
GASOLINERIA,2022-09-01,ND,10.0,lts,Gasolina,210.9,21.09,COMBUSTIBLE,,2022-08-29,False,,943,GASOLINA,
GASERA,2022-09-01,ND,10.0,lts,Gas LP,120.0,12.0,COMBUSTIBLE,,2022-08-29,False,,944,GAS LP,
MEGA PLAST,2022-09-02,360788,1.0,pz,domo 28 cm inix media,11.0,11.0,EMPAQUE,,2022-08-29,False,,945,DOMO 28 CM INIX MEDIA,
MEGA PLAST,2022-09-02,360788,1.0,paq,plato rigido negro re,11.0,11.0,EMPAQUE,,2022-08-29,False,,946,PLATO RIGIDO NEGRO RE,
MEGA PLAST,2022-09-02,360788,1.0,pz,relleno zarzamora puratos,52.0,52.0,RELLENO,,2022-08-29,False,,947,RELLENO ZARZAMORA PURATOS,
MEGA PLAST,2022-09-02,360788,1.0,kg,Easy pastel tres leches,53.0,53.0,HARINA,CHOCOLATE,2022-08-29,False,,948,EASY PASTEL TRES LECHES,
MEGA PLAST,2022-09-02,360788,1.0,pz,Crema para batir ambiante 1 lt,63.0,63.0,AMBIANTE,,2022-08-29,False,,949,CREMA PARA BATIR AMBIANTE 1 LT,
REPOSTEARTE,2022-09-02,ND,1.0,paq,capacillos,56.0,56.0,CAPACILLOS,,2022-08-29,False,,950,CAPACILLOS,
REPOSTEARTE,2022-09-02,ND,1.0,paq,capacillos,20.0,20.0,CAPACILLOS,,2022-08-29,False,,951,CAPACILLOS,
B. AURRERA,2022-09-03,66555177564351412343,1.0,pz,chocolate,17.0,17.0,CHOCOLATE,,2022-08-29,False,,952,CHOCOLATE,
MEGA PLAST,2022-09-09,362125,1.0,pz,Nutella chica 350 grs,65.0,65.0,RELLENO,,2022-09-05,False,,953,NUTELLA CHICA 350 GRS,
MEGA PLAST,2022-09-09,362125,1.0,paq,Brocheta bambco 30 cm,22.0,22.0,DECORACION,,2022-09-05,False,,954,BROCHETA BAMBCO 30 CM,
REPOSTEARTE,2022-09-09,ND,1.0,pz,base de liston #26,26.0,26.0,BASES,,2022-09-05,False,,955,BASE DE LISTON #26,
REPOSTEARTE,2022-09-09,ND,1.0,Kg,Foundant,83.0,83.0,FONDANT,,2022-09-05,False,,956,FOUNDANT,
B. AURRERA,2022-09-11,5573149112212624103,1.0,pz,chantilli dull,61.0,61.0,CHANTILLY,,2022-09-05,False,,957,CHANTILLI DULL,
SHEIN,2022-09-13,ND,1.0,pz,Cortador de Pastel,80.0,80.0,HERRAMIENTA,,2022-09-12,False,,958,CORTADOR DE PASTEL,
SHEIN,2022-09-13,ND,1.0,pz,pinzas,50.0,50.0,HERRAMIENTA,,2022-09-12,False,,959,PINZAS,
MEGA PLAST,2022-09-17,363513,100.0,gr,cocoa hershey's c 1kg,30.0,300.0,CHOCOLATE,,2022-09-12,False,,960,COCOA HERSHEY'S C 1KG,
MEGA PLAST,2022-09-17,363513,1.0,pz,Nutella chica 350 grs,65.0,65.0,RELLENO,,2022-09-12,False,,961,NUTELLA CHICA 350 GRS,
MEGA PLAST,2022-09-17,363513,1.0,Kg,Easy pastel tres leches,65.0,65.0,HARINA,CHOCOLATE,2022-09-12,False,,962,EASY PASTEL TRES LECHES,
REPOSTEARTE,2022-09-17,ND,1.0,Kg,Foundant,83.0,83.0,FONDANT,,2022-09-12,False,,963,FOUNDANT,
REPOSTEARTE,2022-09-17,ND,1.0,pz,base  25 x 35,14.0,14.0,BASES,,2022-09-12,False,,964,BASE 25 X 35,
B. AURRERA,2022-09-20,33759525869551451259599,1.0,pz,chantilli dull,61.0,61.0,CHANTILLY,,2022-09-19,False,,965,CHANTILLI DULL,
B. AURRERA,2022-09-20,33759525869551451259599,2.0,pz,sabrosano,80.0,40.0,ACEITE,,2022-09-19,False,,966,SABROSANO,
B. AURRERA,2022-09-20,33759525869551451259599,1.0,pz,gv barq ch,34.0,34.0,DECORACION,,2022-09-19,False,,967,GV BARQ CH,
B. AURRERA,2022-09-20,33759525869551451259599,1.0,pz,Philly Qso,30.5,30.5,QUESO CREMA,,2022-09-19,False,,968,PHILLY QSO,
MEGA PLAST,2022-09-21,364247,4.0,pz,Domo mantecada 12 cavidades,64.0,16.0,EMPAQUE,,2022-09-19,False,,969,DOMO MANTECADA 12 CAVIDADES,
MEGA PLAST,2022-09-21,364247,1.0,paq,cacahuate español,15.0,15.0,OTROS,,2022-09-19,False,,970,CACAHUATE ESPANOL,
MEGA PLAST,2022-09-21,364247,1.0,Kg,azucar estandar,20.0,20.0,AZUCAR,,2022-09-19,False,,971,AZUCAR ESTANDAR,
MEGA PLAST,2022-09-24,364852,1.0,paq,ferrero,66.0,66.0,CHOCOLATE,,2022-09-19,False,,972,FERRERO,
MEGA PLAST,2022-09-24,364852,1.0,paq,capacillos,56.0,56.0,CAPACILLOS,,2022-09-19,False,,973,CAPACILLOS,
MEGA PLAST,2022-09-24,364852,1.0,paq,velas,50.0,50.0,OTROS,,2022-09-19,False,,974,VELAS,
MEGA PLAST,2022-09-24,364852,2.0,kg,chantilly,132.0,66.0,CHANTILLY,,2022-09-19,False,,975,CHANTILLY,
MEGA PLAST,2022-09-24,364852,1.0,Kg,harina Red velvet esp,40.0,40.0,HARINA,RED VELVET,2022-09-19,False,,976,HARINA RED VELVET ESP,
MEGA PLAST,2022-09-24,364852,1.0,Kg,huevo blanco san juan,43.0,43.0,HUEVO,,2022-09-19,False,,977,HUEVO BLANCO SAN JUAN,
MEGA PLAST,2022-09-25,365039,1.0,pz,relleno fresa frutifru,49.5,49.5,RELLENO,,2022-09-19,False,,978,RELLENO FRESA FRUTIFRU,
MEGA PLAST,2022-09-25,365039,1.0,kg,Tegral Satin Creme ca ,61.0,61.0,HARINA,CHOCOLATE,2022-09-19,False,,979,TEGRAL SATIN CREME CA,
MEGA PLAST,2022-09-28,365578,300.0,gr,Confitier semiamargo TURIN,66.0,220.0,CHOCOLATE,,2022-09-26,False,,980,CONFITIER SEMIAMARGO TURIN,
MEGA PLAST,2022-09-28,365578,1.0,pz,Queso philadelphia,35.0,35.0,QUESO CREMA,,2022-09-26,False,,981,QUESO PHILADELPHIA,
MEGA PLAST,2022-09-28,365578,1.0,kg,huevo blanco san juan,43.0,43.0,HUEVO,,2022-09-26,False,,982,HUEVO BLANCO SAN JUAN,
MEGA PLAST,2022-09-28,365578,1.0,pz,color liquido surtido,12.0,12.0,COLORANTES,,2022-09-26,False,,983,COLOR LIQUIDO SURTIDO,
REPOSTEARTE,2022-09-28,ND,1.0,pz,Transfer,45.0,45.0,DECORACION,,2022-09-26,False,,984,TRANSFER,
REPOSTEARTE,2022-09-28,ND,1.0,Kg,Foundant,85.0,85.0,FONDANT,,2022-09-26,False,,985,FOUNDANT,
REPOSTEARTE,2022-09-28,ND,1.0,pz,pincel,10.0,10.0,HERRAMIENTA,,2022-09-26,False,,986,PINCEL,
REPOSTEARTE,2022-09-28,ND,1.0,pz,base 28 cm,11.5,11.5,BASES,,2022-09-26,False,,987,BASE 28 CM,
B. AURRERA,2022-09-30,957659127983293068947,1.0,pz,Philly Qso,30.5,30.5,QUESO CREMA,,2022-09-26,False,,988,PHILLY QSO,
B. AURRERA,2022-09-30,957659127983293068947,1.0,paq,marg245g,39.5,39.5,MANTEQUILLA,,2022-09-26,False,,989,MARG245G,
B. AURRERA,2022-09-30,957659127983293068947,1.0,paq,gloria man,22.5,22.5,MANTEQUILLA,,2022-09-26,False,,990,GLORIA MAN,
B. AURRERA,2022-09-30,957659127983293068947,1.0,kg,harina tri,20.0,20.0,HARINA,TRIGO,2022-09-26,False,,991,HARINA TRI,
B. AURRERA,2022-09-30,957659127983293068947,1.0,paq,oreo 273.6,21.5,21.5,GALLETAS,,2022-09-26,False,,992,OREO 273.6,
B. AURRERA,2022-09-30,957659127983293068947,1.0,paq,oreo vainilla,21.5,21.5,GALLETAS,,2022-09-26,False,,993,OREO VAINILLA,
B. AURRERA,2022-09-30,957659127983293068947,1.0,pz,chantilli dull,61.0,61.0,CHANTILLY,,2022-09-26,False,,994,CHANTILLI DULL,
B. AURRERA,2022-10-01,05931686102812624133,1.0,pz,chocolate,20.0,20.0,CHOCOLATE,,2022-09-26,False,,995,CHOCOLATE,
GASERA,2022-10-01,ND,10.0,lts,Gas LP,120.0,12.0,COMBUSTIBLE,,2022-09-26,False,,996,GAS LP,
GASOLINERIA,2022-10-01,ND,10.0,lts,Gasolina,210.9,21.09,COMBUSTIBLE,,2022-09-26,False,,997,GASOLINA,
TIENDA,2022-10-01,ND,1.0,kg,Huevo,40.0,40.0,HUEVO,,2022-09-26,False,,998,HUEVO,
B. AURRERA,2022-10-01,ND,1.0,pz,aceite,40.0,40.0,ACEITE,,2022-09-26,False,,999,ACEITE,
REPOSTEARTE,2022-10-08,ND,1.0,paq,capacillos,25.0,25.0,CAPACILLOS,,2022-10-03,False,,1000,CAPACILLOS,
REPOSTEARTE,2022-10-08,ND,1.0,paq,capacillos,45.0,45.0,CAPACILLOS,,2022-10-03,False,,1001,CAPACILLOS,
SINTETICO_ENTRENAMIENTO,2022-10-10,SYN-C-20221010-001,1.0,semana, domo db09 27 cm wow,1.21,1.21,EMPAQUE,,2022-10-10,True,mediana causal de 8 semanas y participacion historica por descripcion,1002,DOMO DB09 27 CM WOW,
SINTETICO_ENTRENAMIENTO,2022-10-10,SYN-C-20221010-002,1.0,semana,Brocheta bambco 30 cm,1.83,1.83,DECORACION,,2022-10-10,True,mediana causal de 8 semanas y participacion historica por descripcion,1003,BROCHETA BAMBCO 30 CM,
SINTETICO_ENTRENAMIENTO,2022-10-10,SYN-C-20221010-003,1.0,semana,Confitier semiamargo TURIN,5.49,5.49,CHOCOLATE,,2022-10-10,True,mediana causal de 8 semanas y participacion historica por descripcion,1004,CONFITIER SEMIAMARGO TURIN,
SINTETICO_ENTRENAMIENTO,2022-10-10,SYN-C-20221010-004,1.0,semana,Cortador de Pastel,6.65,6.65,HERRAMIENTA,,2022-10-10,True,mediana causal de 8 semanas y participacion historica por descripcion,1005,CORTADOR DE PASTEL,
SINTETICO_ENTRENAMIENTO,2022-10-10,SYN-C-20221010-005,1.0,semana,Crema para batir ambiante 1 lt,5.24,5.24,AMBIANTE,,2022-10-10,True,mediana causal de 8 semanas y participacion historica por descripcion,1006,CREMA PARA BATIR AMBIANTE 1 LT,
SINTETICO_ENTRENAMIENTO,2022-10-10,SYN-C-20221010-006,1.0,semana,Domo mantecada 12 cavidades,5.32,5.32,EMPAQUE,,2022-10-10,True,mediana causal de 8 semanas y participacion historica por descripcion,1007,DOMO MANTECADA 12 CAVIDADES,
SINTETICO_ENTRENAMIENTO,2022-10-10,SYN-C-20221010-007,1.0,semana,Easy pastel tres leches,15.22,15.22,HARINA,CHOCOLATE,2022-10-10,True,mediana causal de 8 semanas y participacion historica por descripcion,1008,EASY PASTEL TRES LECHES,
SINTETICO_ENTRENAMIENTO,2022-10-10,SYN-C-20221010-008,1.0,semana,Foundant,34.68,34.68,FONDANT,,2022-10-10,True,mediana causal de 8 semanas y participacion historica por descripcion,1009,FOUNDANT,
SINTETICO_ENTRENAMIENTO,2022-10-10,SYN-C-20221010-009,1.0,semana,GV azucar,2.0,2.0,AZUCAR,GLASS,2022-10-10,True,mediana causal de 8 semanas y participacion historica por descripcion,1010,GV AZUCAR,
SINTETICO_ENTRENAMIENTO,2022-10-10,SYN-C-20221010-010,1.0,semana,GV glass,3.23,3.23,AZUCAR,GLASS,2022-10-10,True,mediana causal de 8 semanas y participacion historica por descripcion,1011,GV GLASS,
SINTETICO_ENTRENAMIENTO,2022-10-10,SYN-C-20221010-011,1.0,semana,Gas LP,19.96,19.96,COMBUSTIBLE,,2022-10-10,True,mediana causal de 8 semanas y participacion historica por descripcion,1012,GAS LP,
SINTETICO_ENTRENAMIENTO,2022-10-10,SYN-C-20221010-012,1.0,semana,Gasolina,35.08,35.08,COMBUSTIBLE,,2022-10-10,True,mediana causal de 8 semanas y participacion historica por descripcion,1013,GASOLINA,
SINTETICO_ENTRENAMIENTO,2022-10-10,SYN-C-20221010-013,1.0,semana,Huevo,3.33,3.33,HUEVO,,2022-10-10,True,mediana causal de 8 semanas y participacion historica por descripcion,1014,HUEVO,
SINTETICO_ENTRENAMIENTO,2022-10-10,SYN-C-20221010-014,1.0,semana,Kiss Leche,2.33,2.33,CHOCOLATE,,2022-10-10,True,mediana causal de 8 semanas y participacion historica por descripcion,1015,KISS LECHE,
SINTETICO_ENTRENAMIENTO,2022-10-10,SYN-C-20221010-015,1.0,semana,Nutella chica 350 grs,10.81,10.81,RELLENO,,2022-10-10,True,mediana causal de 8 semanas y participacion historica por descripcion,1016,NUTELLA CHICA 350 GRS,
SINTETICO_ENTRENAMIENTO,2022-10-10,SYN-C-20221010-016,1.0,semana,Philly Qso,5.07,5.07,QUESO CREMA,,2022-10-10,True,mediana causal de 8 semanas y participacion historica por descripcion,1017,PHILLY QSO,
SINTETICO_ENTRENAMIENTO,2022-10-10,SYN-C-20221010-017,1.0,semana,Queso philadelphia,5.41,5.41,QUESO CREMA,,2022-10-10,True,mediana causal de 8 semanas y participacion historica por descripcion,1018,QUESO PHILADELPHIA,
SINTETICO_ENTRENAMIENTO,2022-10-10,SYN-C-20221010-018,1.0,semana,Tegral Satin Creme ca ,5.07,5.07,HARINA,CHOCOLATE,2022-10-10,True,mediana causal de 8 semanas y participacion historica por descripcion,1019,TEGRAL SATIN CREME CA,
SINTETICO_ENTRENAMIENTO,2022-10-10,SYN-C-20221010-019,1.0,semana,Transfer,3.74,3.74,DECORACION,,2022-10-10,True,mediana causal de 8 semanas y participacion historica por descripcion,1020,TRANSFER,
SINTETICO_ENTRENAMIENTO,2022-10-10,SYN-C-20221010-020,1.0,semana,aceite,3.33,3.33,ACEITE,,2022-10-10,True,mediana causal de 8 semanas y participacion historica por descripcion,1021,ACEITE,
SINTETICO_ENTRENAMIENTO,2022-10-10,SYN-C-20221010-021,1.0,semana,azucar estandar,1.66,1.66,AZUCAR,,2022-10-10,True,mediana causal de 8 semanas y participacion historica por descripcion,1022,AZUCAR ESTANDAR,
SINTETICO_ENTRENAMIENTO,2022-10-10,SYN-C-20221010-022,1.0,semana,base  25 x 35,1.16,1.16,BASES,,2022-10-10,True,mediana causal de 8 semanas y participacion historica por descripcion,1023,BASE 25 X 35,
SINTETICO_ENTRENAMIENTO,2022-10-10,SYN-C-20221010-023,1.0,semana,base 28 cm,0.96,0.96,BASES,,2022-10-10,True,mediana causal de 8 semanas y participacion historica por descripcion,1024,BASE 28 CM,
SINTETICO_ENTRENAMIENTO,2022-10-10,SYN-C-20221010-024,1.0,semana,base de liston #26,2.16,2.16,BASES,,2022-10-10,True,mediana causal de 8 semanas y participacion historica por descripcion,1025,BASE DE LISTON #26,
SINTETICO_ENTRENAMIENTO,2022-10-10,SYN-C-20221010-025,1.0,semana,cacahuate español,1.25,1.25,OTROS,,2022-10-10,True,mediana causal de 8 semanas y participacion historica por descripcion,1026,CACAHUATE ESPANOL,
SINTETICO_ENTRENAMIENTO,2022-10-10,SYN-C-20221010-026,1.0,semana,caja de cupcake,3.33,3.33,EMPAQUE,,2022-10-10,True,mediana causal de 8 semanas y participacion historica por descripcion,1027,CAJA DE CUPCAKE,
SINTETICO_ENTRENAMIENTO,2022-10-10,SYN-C-20221010-027,1.0,semana,capacillos,16.8,16.8,CAPACILLOS,,2022-10-10,True,mediana causal de 8 semanas y participacion historica por descripcion,1028,CAPACILLOS,
SINTETICO_ENTRENAMIENTO,2022-10-10,SYN-C-20221010-028,1.0,semana,carnation,1.37,1.37,HORNEADO,,2022-10-10,True,mediana causal de 8 semanas y participacion historica por descripcion,1029,CARNATION,
SINTETICO_ENTRENAMIENTO,2022-10-10,SYN-C-20221010-029,1.0,semana,chantilli dull,20.29,20.29,CHANTILLY,,2022-10-10,True,mediana causal de 8 semanas y participacion historica por descripcion,1030,CHANTILLI DULL,
SINTETICO_ENTRENAMIENTO,2022-10-10,SYN-C-20221010-030,1.0,semana,chantilly,21.95,21.95,CHANTILLY,,2022-10-10,True,mediana causal de 8 semanas y participacion historica por descripcion,1031,CHANTILLY,
SINTETICO_ENTRENAMIENTO,2022-10-10,SYN-C-20221010-031,1.0,semana,chocolate,3.08,3.08,CHOCOLATE,,2022-10-10,True,mediana causal de 8 semanas y participacion historica por descripcion,1032,CHOCOLATE,
SINTETICO_ENTRENAMIENTO,2022-10-10,SYN-C-20221010-032,1.0,semana,cocoa hershey's c 1kg,2.49,2.49,CHOCOLATE,,2022-10-10,True,mediana causal de 8 semanas y participacion historica por descripcion,1033,COCOA HERSHEY'S C 1KG,
SINTETICO_ENTRENAMIENTO,2022-10-10,SYN-C-20221010-033,1.0,semana,color liquido surtido,2.99,2.99,COLORANTES,,2022-10-10,True,mediana causal de 8 semanas y participacion historica por descripcion,1034,COLOR LIQUIDO SURTIDO,
SINTETICO_ENTRENAMIENTO,2022-10-10,SYN-C-20221010-034,1.0,semana,domo 28 cm inix media,0.91,0.91,EMPAQUE,,2022-10-10,True,mediana causal de 8 semanas y participacion historica por descripcion,1035,DOMO 28 CM INIX MEDIA,
SINTETICO_ENTRENAMIENTO,2022-10-10,SYN-C-20221010-035,1.0,semana,ferrero,5.49,5.49,CHOCOLATE,,2022-10-10,True,mediana causal de 8 semanas y participacion historica por descripcion,1036,FERRERO,
SINTETICO_ENTRENAMIENTO,2022-10-10,SYN-C-20221010-036,1.0,semana,gloria man,1.87,1.87,MANTEQUILLA,,2022-10-10,True,mediana causal de 8 semanas y participacion historica por descripcion,1037,GLORIA MAN,
SINTETICO_ENTRENAMIENTO,2022-10-10,SYN-C-20221010-037,1.0,semana,gv a 10w l,2.41,2.41,NO DEFINIDO,,2022-10-10,True,mediana causal de 8 semanas y participacion historica por descripcion,1038,GV A 10W L,
SINTETICO_ENTRENAMIENTO,2022-10-10,SYN-C-20221010-038,1.0,semana,gv barq ch,2.83,2.83,DECORACION,,2022-10-10,True,mediana causal de 8 semanas y participacion historica por descripcion,1039,GV BARQ CH,
SINTETICO_ENTRENAMIENTO,2022-10-10,SYN-C-20221010-039,1.0,semana,harina Red velvet esp,6.65,6.65,HARINA,RED VELVET,2022-10-10,True,mediana causal de 8 semanas y participacion historica por descripcion,1040,HARINA RED VELVET ESP,
SINTETICO_ENTRENAMIENTO,2022-10-10,SYN-C-20221010-040,1.0,semana,harina tri,1.66,1.66,HARINA,TRIGO,2022-10-10,True,mediana causal de 8 semanas y participacion historica por descripcion,1041,HARINA TRI,
SINTETICO_ENTRENAMIENTO,2022-10-10,SYN-C-20221010-041,1.0,semana,huevo blanco san juan,7.15,7.15,HUEVO,,2022-10-10,True,mediana causal de 8 semanas y participacion historica por descripcion,1042,HUEVO BLANCO SAN JUAN,
SINTETICO_ENTRENAMIENTO,2022-10-10,SYN-C-20221010-042,1.0,semana,lechera,1.87,1.87,LECHERA,,2022-10-10,True,mediana causal de 8 semanas y participacion historica por descripcion,1043,LECHERA,
SINTETICO_ENTRENAMIENTO,2022-10-10,SYN-C-20221010-043,1.0,semana,marg245g,3.28,3.28,MANTEQUILLA,,2022-10-10,True,mediana causal de 8 semanas y participacion historica por descripcion,1044,MARG245G,
SINTETICO_ENTRENAMIENTO,2022-10-10,SYN-C-20221010-044,1.0,semana,oreo 273.6,3.58,3.58,GALLETAS,,2022-10-10,True,mediana causal de 8 semanas y participacion historica por descripcion,1045,OREO 273.6,
SINTETICO_ENTRENAMIENTO,2022-10-10,SYN-C-20221010-045,1.0,semana,oreo vainilla,3.58,3.58,GALLETAS,,2022-10-10,True,mediana causal de 8 semanas y participacion historica por descripcion,1046,OREO VAINILLA,
SINTETICO_ENTRENAMIENTO,2022-10-10,SYN-C-20221010-046,1.0,semana,pincel,0.83,0.83,HERRAMIENTA,,2022-10-10,True,mediana causal de 8 semanas y participacion historica por descripcion,1047,PINCEL,
SINTETICO_ENTRENAMIENTO,2022-10-10,SYN-C-20221010-047,1.0,semana,pinzas,4.16,4.16,HERRAMIENTA,,2022-10-10,True,mediana causal de 8 semanas y participacion historica por descripcion,1048,PINZAS,
SINTETICO_ENTRENAMIENTO,2022-10-10,SYN-C-20221010-048,1.0,semana,plato rigido negro re,0.91,0.91,EMPAQUE,,2022-10-10,True,mediana causal de 8 semanas y participacion historica por descripcion,1049,PLATO RIGIDO NEGRO RE,
SINTETICO_ENTRENAMIENTO,2022-10-10,SYN-C-20221010-049,1.0,semana,relleno fresa frutifru,4.12,4.12,RELLENO,,2022-10-10,True,mediana causal de 8 semanas y participacion historica por descripcion,1050,RELLENO FRESA FRUTIFRU,
SINTETICO_ENTRENAMIENTO,2022-10-10,SYN-C-20221010-050,1.0,semana,relleno zarzamora puratos,4.32,4.32,RELLENO,,2022-10-10,True,mediana causal de 8 semanas y participacion historica por descripcion,1051,RELLENO ZARZAMORA PURATOS,
SINTETICO_ENTRENAMIENTO,2022-10-10,SYN-C-20221010-051,1.0,semana,sabrosano,6.65,6.65,ACEITE,,2022-10-10,True,mediana causal de 8 semanas y participacion historica por descripcion,1052,SABROSANO,
SINTETICO_ENTRENAMIENTO,2022-10-10,SYN-C-20221010-052,1.0,semana,vainilla,1.08,1.08,HORNEADO,,2022-10-10,True,mediana causal de 8 semanas y participacion historica por descripcion,1053,VAINILLA,
SINTETICO_ENTRENAMIENTO,2022-10-10,SYN-C-20221010-053,1.0,semana,velas,4.16,4.16,OTROS,,2022-10-10,True,mediana causal de 8 semanas y participacion historica por descripcion,1054,VELAS,
MEGA PLAST,2022-10-18,369427,2.0,pz,domo 1/4 plancha,50.0,25.0,EMPAQUE,,2022-10-17,False,,1055,DOMO 1/4 PLANCHA,
MEGA PLAST,2022-10-18,369427,1.0,kg,Easy pastel tres leches,53.0,53.0,HARINA,VAINILLA,2022-10-17,False,,1056,EASY PASTEL TRES LECHES,
REPOSTEARTE,2022-10-18,ND,1.0,paq,capacillos,56.0,56.0,CAPACILLOS,,2022-10-17,False,,1057,CAPACILLOS,
REPOSTEARTE,2022-10-18,ND,1.0,pz,base 28 cm,11.5,11.5,BASES,,2022-10-17,False,,1058,BASE 28 CM,
REPOSTEARTE,2022-10-18,ND,1.0,paq,capacillos,25.0,25.0,CAPACILLOS,,2022-10-17,False,,1059,CAPACILLOS,
MEGA PLAST,2022-10-20,369790,1.0,pz,Nutella chica 350 grs,65.0,65.0,RELLENO,,2022-10-17,False,,1060,NUTELLA CHICA 350 GRS,
MEGA PLAST,2022-10-20,369790,500.0,gr,Confitier semiamargo TURIN,110.0,220.0,CHOCOLATE,,2022-10-17,False,,1061,CONFITIER SEMIAMARGO TURIN,
MEGA PLAST,2022-10-20,369790,1.0,kg,Tegral Satin Creme ca ,61.0,61.0,HARINA,CHOCOLATE,2022-10-17,False,,1062,TEGRAL SATIN CREME CA,
MEGA PLAST,2022-10-20,369790,1.0,kg,Tegral Satin Red Velvet Puratos,58.0,58.0,HARINA,RED VELVET,2022-10-17,False,,1063,TEGRAL SATIN RED VELVET PURATOS,
REPOSTEARTE,2022-10-20,ND,1.0,pz,pincel,10.0,10.0,HERRAMIENTA,,2022-10-17,False,,1064,PINCEL,
REPOSTEARTE,2022-10-20,ND,1.0,pz,pegamento de fondant,65.0,65.0,DECORACION,,2022-10-17,False,,1065,PEGAMENTO DE FONDANT,
REPOSTEARTE,2022-10-20,ND,2.0,pz,bases 28 cm,23.0,11.5,BASES,,2022-10-17,False,,1066,BASES 28 CM,
MEGA PLAST,2022-10-26,370992,1.0,kg,huevo blanco san juan,43.0,43.0,HUEVO,,2022-10-24,False,,1067,HUEVO BLANCO SAN JUAN,
MEGA PLAST,2022-10-26,370992,1.0,pz,Queso philadelphia,35.0,35.0,QUESO CREMA,,2022-10-24,False,,1068,QUESO PHILADELPHIA,
MEGA PLAST,2022-10-26,370992,1.0,pz,Crema para batir ambiante 1 lt,63.0,63.0,AMBIANTE,,2022-10-24,False,,1069,CREMA PARA BATIR AMBIANTE 1 LT,
REPOSTEARTE,2022-10-26,ND,1.0,pz,base 28 cm,11.5,11.5,BASES,,2022-10-24,False,,1070,BASE 28 CM,
REPOSTEARTE,2022-10-26,ND,2.0,cj,para 12 cupcakes,37.0,18.5,EMPAQUE,,2022-10-24,False,,1071,PARA 12 CUPCAKES,
REPOSTEARTE,2022-10-26,ND,1.0,pz,Transfer,45.0,45.0,DECORACION,,2022-10-24,False,,1072,TRANSFER,
REPOSTEARTE,2022-10-26,ND,1.0,pz,cortadores,140.0,140.0,HERRAMIENTA,,2022-10-24,False,,1073,CORTADORES,
SHEIN,2022-10-31,ND,1.0,pz,"Pegatinas, Moldes, Rejilla, Duya",316.0,316.0,HERRAMIENTA,,2022-10-31,False,,1074,"PEGATINAS, MOLDES, REJILLA, DUYA",
TIENDA,2022-11-01,ND,2.0,kg,Huevo,80.0,40.0,HUEVO,,2022-10-31,False,,1075,HUEVO,
GASERA,2022-11-01,ND,10.0,lts,Gas LP,120.0,12.0,COMBUSTIBLE,,2022-10-31,False,,1076,GAS LP,
GASOLINERIA,2022-11-01,ND,10.0,lts,Gasolina,210.9,21.09,COMBUSTIBLE,,2022-10-31,False,,1077,GASOLINA,
B. AURRERA,2022-11-07,301423710571630400335,1.0,pz,Carlos V stk,25.0,25.0,CHOCOLATE,,2022-11-07,False,,1078,CARLOS V STK,
B. AURRERA,2022-11-07,301423710571630400335,1.0,pz,chantilli dull,61.0,61.0,CHANTILLY,,2022-11-07,False,,1079,CHANTILLI DULL,
MEGA PLAST,2022-11-10,373552,1.0,kg,Tegral Satin Red Velvet Puratos,65.0,65.0,HARINA,RED VELVET,2022-11-07,False,,1080,TEGRAL SATIN RED VELVET PURATOS,
MEGA PLAST,2022-11-10,373552,100.0,gr,chocolate blanco sica,21.0,210.0,CHOCOLATE,,2022-11-07,False,,1081,CHOCOLATE BLANCO SICA,
MEGA PLAST,2022-11-10,373552,1.0,kg,Tegral Satin Creme ca ,51.0,51.0,HARINA,VAINILLA,2022-11-07,False,,1082,TEGRAL SATIN CREME CA,
MEGA PLAST,2022-11-10,373552,1.0,pz,relleno zarzamora puratos,52.0,52.0,RELLENO,,2022-11-07,False,,1083,RELLENO ZARZAMORA PURATOS,
MEGA PLAST,2022-11-10,373552,100.0,gr,goma aro durazno luck,15.0,150.0,RELLENO,,2022-11-07,False,,1084,GOMA ARO DURAZNO LUCK,
MEGA PLAST,2022-11-10,373552,1.0,pz,Nutella chica 350 grs,65.0,65.0,RELLENO,,2022-11-07,False,,1085,NUTELLA CHICA 350 GRS,
B. AURRERA,2022-11-10,ILEGIBLE,2.0,pz,chocolate,33.0,16.5,CHOCOLATE,,2022-11-07,False,,1086,CHOCOLATE,
REPOSTEARTE,2022-11-10,ND,1.0,pz,base 26 cm,9.0,9.0,BASES,,2022-11-07,False,,1087,BASE 26 CM,
REPOSTEARTE,2022-11-10,ND,1.0,paq,encaje,55.0,55.0,DECORACION,,2022-11-07,False,,1088,ENCAJE,
REPOSTEARTE,2022-11-10,ND,2.0,kg,Foundant,166.0,83.0,FONDANT,,2022-11-07,False,,1089,FOUNDANT,
MEGA PLAST,2022-11-11,373741,1.0,pz,Crema batida chantilli ASTURIAS,54.0,54.0,CHANTILLY,,2022-11-07,False,,1090,CREMA BATIDA CHANTILLI ASTURIAS,
REPOSTEARTE,2022-11-11,ND,1.0,paq,soportes,70.0,70.0,DECORACION,,2022-11-07,False,,1091,SOPORTES,
REPOSTEARTE,2022-11-11,ND,1.0,pz,entrepiso,11.5,11.5,BASES,,2022-11-07,False,,1092,ENTREPISO,
MEGA PLAST,2022-11-18,375046,100.0,gr,Granillo alpessi colo,12.0,120.0,CHOCOLATE,,2022-11-14,False,,1093,GRANILLO ALPESSI COLO,
MEGA PLAST,2022-11-18,375046,1.0,pz,Crema para batir ambiante 1 lt,63.0,63.0,AMBIANTE,,2022-11-14,False,,1094,CREMA PARA BATIR AMBIANTE 1 LT,
REPOSTEARTE,2022-11-18,ND,1.0,pz,Transfer,45.0,45.0,DECORACION,,2022-11-14,False,,1095,TRANSFER,
REPOSTEARTE,2022-11-18,ND,1.0,pz,base 30 cm,14.5,14.5,BASES,,2022-11-14,False,,1096,BASE 30 CM,
REPOSTEARTE,2022-11-24,ND,50.0,gr,perla plateada,17.5,350.0,DECORACION,,2022-11-21,False,,1097,PERLA PLATEADA,
REPOSTEARTE,2022-11-24,ND,1.0,pz,matizador,75.0,75.0,DECORACION,,2022-11-21,False,,1098,MATIZADOR,
REPOSTEARTE,2022-11-24,ND,1.0,kg,Foundant,83.0,83.0,FONDANT,,2022-11-21,False,,1099,FOUNDANT,
B. AURRERA,2022-11-25,617064447238548987402,1.0,pz,chantilli dull,61.0,61.0,CHANTILLY,,2022-11-21,False,,1100,CHANTILLI DULL,
B. AURRERA,2022-11-29,850182706046920771200,2.0,paq,mini m&m's,110.0,55.0,CHOCOLATE,,2022-11-28,False,,1101,MINI M&M'S,
B. AURRERA,2022-11-29,850182706046920771200,1.0,pz,sabrosano,45.5,45.5,ACEITE,,2022-11-28,False,,1102,SABROSANO,
B. AURRERA,2022-11-29,850182706046920771200,1.0,paq,Carlos V stk,25.0,25.0,CHOCOLATE,,2022-11-28,False,,1103,CARLOS V STK,
REPOSTEARTE,2022-11-30,ND,50.0,gr,perlas,18.0,360.0,DECORACION,,2022-11-28,False,,1104,PERLAS,
REPOSTEARTE,2022-11-30,ND,1.0,paq,capacillos,10.0,10.0,CAPACILLOS,,2022-11-28,False,,1105,CAPACILLOS,
REPOSTEARTE,2022-11-30,ND,1.0,paq,capacillos,58.0,58.0,CAPACILLOS,,2022-11-28,False,,1106,CAPACILLOS,
REPOSTEARTE,2022-11-30,ND,2.0,kg,Foundant,166.0,83.0,FONDANT,,2022-11-28,False,,1107,FOUNDANT,
REPOSTEARTE,2022-11-30,ND,1.0,pz,base 32cm doble,45.0,45.0,BASES,,2022-11-28,False,,1108,BASE 32CM DOBLE,
B. AURRERA,2022-12-01,453152405026926733250,1.0,kg,harina tri,21.0,21.0,HARINA,TRIGO,2022-11-28,False,,1109,HARINA TRI,
B. AURRERA,2022-12-01,453152405026926733250,1.0,pz,chantilli dull,61.0,61.0,CHANTILLY,,2022-11-28,False,,1110,CHANTILLI DULL,
B. AURRERA,2022-12-01,453152405026926733250,1.0,pz,gloria man,63.0,63.0,MANTEQUILLA,,2022-11-28,False,,1111,GLORIA MAN,
B. AURRERA,2022-12-01,453152405026926733250,1.0,paq,oreo 273.6,21.5,21.5,GALLETAS,,2022-11-28,False,,1112,OREO 273.6,
GASERA,2022-12-01,ND,10.0,lts,Gas LP,120.0,12.0,COMBUSTIBLE,,2022-11-28,False,,1113,GAS LP,
GASOLINERIA,2022-12-01,ND,10.0,lts,Gasolina,210.9,21.09,COMBUSTIBLE,,2022-11-28,False,,1114,GASOLINA,
B. AURRERA,2022-12-01,ND,1.0,pz,aceite,40.0,40.0,ACEITE,,2022-11-28,False,,1115,ACEITE,
TIENDA,2022-12-01,ND,2.0,kg,Huevo,80.0,40.0,HUEVO,,2022-11-28,False,,1116,HUEVO,
OXXO,2022-12-02,2229335,5.0,pz,huevo,15.0,3.0,HUEVO,,2022-11-28,False,,1117,HUEVO,
MEGA PLAST,2022-12-03,377668,200.0,gr,Luneta mini m&m's,44.0,220.0,RELLENO,,2022-11-28,False,,1118,LUNETA MINI M&M'S,
MEGA PLAST,2022-12-03,377668,1.0,pz,Domo 1/2 plancha INI,48.0,48.0,EMPAQUE,,2022-11-28,False,,1119,DOMO 1/2 PLANCHA INI,
REPOSTEARTE,2022-12-04,ND,2.0,pz,oblea arroz,90.0,45.0,DECORACION,,2022-11-28,False,,1120,OBLEA ARROZ,
B. AURRERA,2022-12-10,47655576971451212539,1.0,paq,chantilli dull,61.0,61.0,CHANTILLY,,2022-12-05,False,,1121,CHANTILLI DULL,
MEGA PLAST,2022-12-11,379085,1.0,pz,color liquido surtido,12.0,12.0,COLORANTES,,2022-12-05,False,,1122,COLOR LIQUIDO SURTIDO,
MEGA PLAST,2022-12-11,379085,1.0,pz,Crema para batir ambiante 1 lt,63.0,63.0,AMBIANTE,,2022-12-05,False,,1123,CREMA PARA BATIR AMBIANTE 1 LT,
MEGA PLAST,2022-12-11,379085,1.0,pz,Queso philadelphia,35.0,35.0,QUESO CREMA,,2022-12-05,False,,1124,QUESO PHILADELPHIA,
MEGA PLAST,2022-12-11,379085,1.0,kg,tregal satin creme ca,51.0,51.0,HARINA,VAINILLA,2022-12-05,False,,1125,TREGAL SATIN CREME CA,
SHEIN,2022-12-11,ND,1.0,pz,"Cortadores, Moldes y Duyas",463.0,463.0,HERRAMIENTA,,2022-12-05,False,,1126,"CORTADORES, MOLDES Y DUYAS",
B. AURRERA,2022-12-12,54869586723293034937,1.0,paq,rk malv,40.0,40.0,DULCERIA,,2022-12-12,False,,1127,RK MALV,
ESTRELLA,2022-12-14,1176,1.0,kg,Rich Piña Colada,40.0,40.0,RELLENO,,2022-12-12,False,,1128,RICH PINA COLADA,
MEGA PLAST,2022-12-14,379680,100.0,gr,chocolate blanco sica,24.0,240.0,CHOCOLATE,,2022-12-12,False,,1129,CHOCOLATE BLANCO SICA,
MEGA PLAST,2022-12-14,379680,1.0,pz,Queso philadelphia,35.0,35.0,QUESO CREMA,,2022-12-12,False,,1130,QUESO PHILADELPHIA,
MEGA PLAST,2022-12-14,379680,1.0,pz,color liquido surtido,12.0,12.0,COLORANTES,,2022-12-12,False,,1131,COLOR LIQUIDO SURTIDO,
REPOSTEARTE,2022-12-14,ND,6.0,pz,Transfer,270.0,45.0,DECORACION,,2022-12-12,False,,1132,TRANSFER,
REPOSTEARTE,2022-12-14,ND,1.0,kg,Foundant,83.0,83.0,FONDANT,,2022-12-12,False,,1133,FOUNDANT,
REPOSTEARTE,2022-12-14,ND,1.0,pz,Diamantina,48.0,48.0,DECORACION,,2022-12-12,False,,1134,DIAMANTINA,
B. AURRERA,2022-12-19,7878668926629189327846,1.0,pz,GV azucar,28.0,28.0,AZUCAR,,2022-12-19,False,,1135,GV AZUCAR,
B. AURRERA,2022-12-19,7878668926629189327846,2.0,pz,AC AU800,74.0,37.0,DECORACION,,2022-12-19,False,,1136,AC AU800,
B. AURRERA,2022-12-19,7878668926629189327846,1.0,pz,chantilli dull,61.0,61.0,CHANTILLY,,2022-12-19,False,,1137,CHANTILLI DULL,
ESTRELLA,2022-12-21,08883,50.0,gr,perla,20.0,400.0,DECORACION,,2022-12-19,False,,1138,PERLA,
ESTRELLA,2022-12-21,08883,3.0,kg,red velvet,120.0,40.0,HARINA,RED VELVET,2022-12-19,False,,1139,RED VELVET,
MEGA PLAST,2022-12-21,380921,1.0,kg,Tegral Satin Creme ca ,61.0,61.0,HARINA,CHOCOLATE,2022-12-19,False,,1140,TEGRAL SATIN CREME CA,
MEGA PLAST,2022-12-21,380921,1.0,kg,Tegral Satin Red Velvet Puratos,65.0,65.0,HARINA,RED VELVET,2022-12-19,False,,1141,TEGRAL SATIN RED VELVET PURATOS,
MEGA PLAST,2022-12-21,380921,100.0,gr,Confitier semiamargo TURIN,22.0,220.0,CHOCOLATE,,2022-12-19,False,,1142,CONFITIER SEMIAMARGO TURIN,
MEGA PLAST,2022-12-21,380921,1.0,pz,color liquido surtido,12.0,12.0,COLORANTES,,2022-12-19,False,,1143,COLOR LIQUIDO SURTIDO,
REPOSTEARTE,2022-12-21,ND,1.0,pz,base 40 cm doble,55.0,55.0,BASES,,2022-12-19,False,,1144,BASE 40 CM DOBLE,
REPOSTEARTE,2022-12-21,ND,5.0,kg,Foundant,415.0,83.0,FONDANT,,2022-12-19,False,,1145,FOUNDANT,
REPOSTEARTE,2022-12-21,ND,50.0,gr,perlas,18.0,360.0,DECORACION,,2022-12-19,False,,1146,PERLAS,
REPOSTEARTE,2022-12-21,ND,1.0,pz,entrepiso 34 cm,15.0,15.0,BASES,,2022-12-19,False,,1147,ENTREPISO 34 CM,
REPOSTEARTE,2022-12-21,ND,1.0,pz,base 26 cm,9.5,9.5,BASES,,2022-12-19,False,,1148,BASE 26 CM,
REPOSTEARTE,2022-12-21,ND,1.0,pz,encaje,35.0,35.0,DECORACION,,2022-12-19,False,,1149,ENCAJE,
REPOSTEARTE,2022-12-21,ND,1.0,pz,encaje,48.0,48.0,DECORACION,,2022-12-19,False,,1150,ENCAJE,
REPOSTEARTE,2022-12-21,ND,1.0,pz,matizador,65.0,65.0,DECORACION,,2022-12-19,False,,1151,MATIZADOR,
TIENDAS TRES B,2022-12-22,408,1.0,paq,huevo cresta roj,33.5,33.5,HUEVO,,2022-12-19,False,,1152,HUEVO CRESTA ROJ,
B. AURRERA,2022-12-22,67195680148367507614,2.0,pz,chantilli dull,122.0,61.0,CHANTILLY,,2022-12-19,False,,1153,CHANTILLI DULL,
MEGA PLAST,2022-12-23,381462,1.0,pz,Nutella chica 350 grs,65.0,65.0,RELLENO,,2022-12-19,False,,1154,NUTELLA CHICA 350 GRS,
MEGA PLAST,2022-12-23,381462,200.0,gr,nuez pedazo,56.0,280.0,DULCERIA,,2022-12-19,False,,1155,NUEZ PEDAZO,
REPOSTEARTE,2022-12-23,ND,50.0,g,estrellas,33.0,660.0,DECORACION,,2022-12-19,False,,1156,ESTRELLAS,
OXXO,2022-12-24,132305,1.0,pz,qsocremaphilade 200g,39.5,39.5,QUESO CREMA,,2022-12-19,False,,1157,QSOCREMAPHILADE 200G,
MEGA PLAST,2022-12-26,381786,2.0,Kg,Tegral Satin Creme ca ,102.0,51.0,HARINA,VAINILLA,2022-12-26,False,,1158,TEGRAL SATIN CREME CA,
MEGA PLAST,2022-12-26,381786,1.0,pz,relleno fresa frutifru,49.5,49.5,RELLENO,,2022-12-26,False,,1159,RELLENO FRESA FRUTIFRU,
MEGA PLAST,2022-12-26,381786,5.0,kg,Crema tipo chantilli,205.0,41.0,CHANTILLY,,2022-12-26,False,,1160,CREMA TIPO CHANTILLI,
MEGA PLAST,2022-12-26,381786,1.0,Kg,queso crema suelto,155.0,155.0,QUESO CREMA,,2022-12-26,False,,1161,QUESO CREMA SUELTO,
REPOSTEARTE,2022-12-26,ND,1.0,pz,Molde F 28cm,118.0,118.0,HERRAMIENTA,,2022-12-26,False,,1162,MOLDE F 28CM,
REPOSTEARTE,2022-12-26,ND,1.0,pz,entrepiso,15.0,15.0,BASES,,2022-12-26,False,,1163,ENTREPISO,
REPOSTEARTE,2022-12-26,ND,1.0,pz,base 36cm doble,50.0,50.0,BASES,,2022-12-26,False,,1164,BASE 36CM DOBLE,
REPOSTEARTE,2022-12-26,ND,2.0,kg,Foundant,166.0,83.0,FONDANT,,2022-12-26,False,,1165,FOUNDANT,
REPOSTEARTE,2022-12-26,ND,1.0,pz,Transfer,45.0,45.0,DECORACION,,2022-12-26,False,,1166,TRANSFER,
REPOSTEARTE,2022-12-28,ND,1.0,pz,matizador,70.0,70.0,DECORACION,,2022-12-26,False,,1167,MATIZADOR,
MEGA PLAST,2022-12-29,382245,1.0,kg,Fecula de maíz,22.0,22.0,HORNEADO,,2022-12-26,False,,1168,FECULA DE MAIZ,
MEGA PLAST,2022-12-29,382245,1.0,kg,Easy pastel tres leches,65.0,65.0,HARINA,CHOCOLATE,2022-12-26,False,,1169,EASY PASTEL TRES LECHES,
GASERA,2022-12-29,ND,10.0,lts,Gas LP,100.6,10.06,COMBUSTIBLE,,2022-12-26,False,,1170,GAS LP,
OXXO,2022-12-29,ND,1.0,pz,aceite,46.9,46.9,ACEITE,,2022-12-26,False,,1171,ACEITE,
REPOSTEARTE,2023-01-01,ND,1.0,pz,corazon chico,18.0,18.0,HERRAMIENTA,,2022-12-26,False,,1172,CORAZON CHICO,
REPOSTEARTE,2023-01-01,ND,3.0,kg,Foundant,249.0,83.0,FONDANT,,2022-12-26,False,,1173,FOUNDANT,
REPOSTEARTE,2023-01-01,ND,1.0,pz,base 25 cm doble,27.0,27.0,BASES,,2022-12-26,False,,1174,BASE 25 CM DOBLE,
REPOSTEARTE,2023-01-01,ND,1.0,pz,cortador,35.0,35.0,HERRAMIENTA,,2022-12-26,False,,1175,CORTADOR,
REPOSTEARTE,2023-01-01,ND,1.0,pz,molde f 16,56.0,56.0,HERRAMIENTA,,2022-12-26,False,,1176,MOLDE F 16,
REPOSTEARTE,2023-01-01,ND,2.0,paq,mangas chicas,10.0,5.0,CONSUMIBLES,,2022-12-26,False,,1177,MANGAS CHICAS,
REPOSTEARTE,2023-01-01,ND,1.0,pz,conejo mediano,20.0,20.0,HERRAMIENTA,,2022-12-26,False,,1178,CONEJO MEDIANO,
REPOSTEARTE,2023-01-01,ND,1.0,pz,caja 17x11x3,21.0,21.0,EMPAQUE,,2022-12-26,False,,1179,CAJA 17X11X3,
REPOSTEARTE,2023-01-01,ND,1.0,paq,mangas,45.0,45.0,CONSUMIBLES,,2022-12-26,False,,1180,MANGAS,
B. AURRERA,2023-01-02,9567727253555085134728,1.0,paq,oreo 273.6,28.5,28.5,GALLETAS,,2023-01-02,False,,1181,OREO 273.6,
B. AURRERA,2023-01-02,9567727253555085134728,1.0,paq,Carlos V stk,18.5,18.5,CHOCOLATE,,2023-01-02,False,,1182,CARLOS V STK,
MUEBLERIA,2023-01-04,1490,1.0,pz,Locker despensero chocolate,2500.0,2500.0,MUEBLES,,2023-01-02,False,,1183,LOCKER DESPENSERO CHOCOLATE,
MEGA PLAST,2023-01-04,383156,100.0,g,Chips Linea Horneas A,15.0,150.0,OTROS,,2023-01-02,False,,1184,CHIPS LINEA HORNEAS A,
MEGA PLAST,2023-01-04,383156,100.0,g,Granillo Turin Semi amargo,22.0,220.0,CHOCOLATE,,2023-01-02,False,,1185,GRANILLO TURIN SEMI AMARGO,
MEGA PLAST,2023-01-04,383156,100.0,g,Confitier semiamargo TURIN,22.0,220.0,CHOCOLATE,,2023-01-02,False,,1186,CONFITIER SEMIAMARGO TURIN,
REPOSTEARTE,2023-01-04,ND,1.0,kit,9 colores,290.0,290.0,COLORANTES,,2023-01-02,False,,1187,9 COLORES,
ESTRELLA,2023-01-06,0101,100.0,g,confeti,45.0,450.0,DECORACION,,2023-01-02,False,,1188,CONFETI,
MEGA PLAST,2023-01-06,383508,1.0,pz,Tapa Reyma c/50,28.0,28.0,OTROS,,2023-01-02,False,,1189,TAPA REYMA C/50,
MEGA PLAST,2023-01-06,383508,1.0,kg,Tegral Satin Red Velvet Puratos,65.0,65.0,HARINA,RED VELVET,2023-01-02,False,,1190,TEGRAL SATIN RED VELVET PURATOS,
MEGA PLAST,2023-01-06,383508,1.0,pz,Vaso 4 ancho reyma C/,29.0,29.0,OTROS,,2023-01-02,False,,1191,VASO 4 ANCHO REYMA C/,
DULCERIA,2023-01-07,29208,2.0,paq,kit kat 9 pz,248.4,124.2,CHOCOLATE,,2023-01-02,False,,1192,KIT KAT 9 PZ,
MEGA PLAST,2023-01-07,383788,1.0,kg,Tegral Satin Creme ca ,51.0,51.0,HARINA,VAINILLA,2023-01-02,False,,1193,TEGRAL SATIN CREME CA,
MEGA PLAST,2023-01-07,383788,1.0,pz,plato rigido negro re,16.0,16.0,OTROS,,2023-01-02,False,,1194,PLATO RIGIDO NEGRO RE,
MEGA PLAST,2023-01-07,383788,1.0,pz,domo alto 33 cm inix,10.0,10.0,EMPAQUE,,2023-01-02,False,,1195,DOMO ALTO 33 CM INIX,
MEGA PLAST,2023-01-07,383788,1.0,pz,durazno en almibar na,45.0,45.0,RELLENO,,2023-01-02,False,,1196,DURAZNO EN ALMIBAR NA,
MEGA PLAST,2023-01-07,383788,250.0,g,Confitier semiamargo TURIN,55.0,220.0,CHOCOLATE,,2023-01-02,False,,1197,CONFITIER SEMIAMARGO TURIN,
MEGA PLAST,2023-01-07,383788,1.0,pz,nutella grande 650 gr,99.0,99.0,RELLENO,,2023-01-02,False,,1198,NUTELLA GRANDE 650 GR,
MEGA PLAST,2023-01-07,383788,2.0,kg,Tegral Satin Creme ca ,122.0,61.0,HARINA,CHOCOLATE,2023-01-02,False,,1199,TEGRAL SATIN CREME CA,
REPOSTEARTE,2023-01-07,ND,2.0,paq,capacillos,30.0,15.0,CAPACILLOS,,2023-01-02,False,,1200,CAPACILLOS,
REPOSTEARTE,2023-01-07,ND,1.0,paq,capacillos,56.0,56.0,CAPACILLOS,,2023-01-02,False,,1201,CAPACILLOS,
MEGA PLAST,2023-01-10,384224,300.0,g,chips blanco alpezzi,45.0,150.0,CHOCOLATE,,2023-01-09,False,,1202,CHIPS BLANCO ALPEZZI,
MEGA PLAST,2023-01-10,384224,1.0,kg,Easy pastel tres leches,65.0,65.0,HARINA,CHOCOLATE,2023-01-09,False,,1203,EASY PASTEL TRES LECHES,
MEGA PLAST,2023-01-10,384224,1.0,pz,relleno zarzamora puratos,52.0,52.0,RELLENO,,2023-01-09,False,,1204,RELLENO ZARZAMORA PURATOS,
MEGA PLAST,2023-01-10,384225,1.0,kg,Easy pastel tres leches,65.0,65.0,HARINA,CHOCOLATE,2023-01-09,False,,1205,EASY PASTEL TRES LECHES,
REPOSTEARTE,2023-01-10,ND,1.0,pz,base 33x33,52.0,52.0,BASES,,2023-01-09,False,,1206,BASE 33X33,
B. AURRERA,2023-01-12,22812842646906765210,1.0,pz,gv durazno,45.0,45.0,RELLENO,,2023-01-09,False,,1207,GV DURAZNO,
B. AURRERA,2023-01-12,22812842646906765210,4.0,paq,iberia,49.0,12.25,MANTEQUILLA,,2023-01-09,False,,1208,IBERIA,
B. AURRERA,2023-01-17,196483219050650408305,1.0,paq,oreo charo,33.0,33.0,GALLETAS,,2023-01-16,False,,1209,OREO CHARO,
MEGA PLAST,2023-01-19,385588,100.0,g,Confitier semiamargo TURIN,22.0,220.0,CHOCOLATE,,2023-01-16,False,,1210,CONFITIER SEMIAMARGO TURIN,
MEGA PLAST,2023-01-19,385588,300.0,g,chips blanco alpezzi,45.0,150.0,CHOCOLATE,,2023-01-16,False,,1211,CHIPS BLANCO ALPEZZI,
MEGA PLAST,2023-01-19,385588,1.0,kg,Tegral Satin Red Velvet Puratos,65.0,65.0,HARINA,RED VELVET,2023-01-16,False,,1212,TEGRAL SATIN RED VELVET PURATOS,
MEGA PLAST,2023-01-19,385588,200.0,g,kiss leche,64.0,320.0,CHOCOLATE,,2023-01-16,False,,1213,KISS LECHE,
MEGA PLAST,2023-01-19,385588,100.0,g,chips rojo alpezzi c/,15.0,150.0,CHOCOLATE,,2023-01-16,False,,1214,CHIPS ROJO ALPEZZI C/,
MEGA PLAST,2023-01-19,385588,1.0,pz,Crema para batir ambiante 1 lt,63.0,63.0,AMBIANTE,,2023-01-16,False,,1215,CREMA PARA BATIR AMBIANTE 1 LT,
REPOSTEARTE,2023-01-19,ND,1.0,pz,molde ,35.0,35.0,HERRAMIENTA,,2023-01-16,False,,1216,MOLDE,
REPOSTEARTE,2023-01-19,ND,1.0,kg,Foundant,83.0,83.0,FONDANT,,2023-01-16,False,,1217,FOUNDANT,
REPOSTEARTE,2023-01-19,ND,1.0,pz,base 28 cm,11.5,11.5,BASES,,2023-01-16,False,,1218,BASE 28 CM,
REPOSTEARTE,2023-01-19,ND,1.0,pz,caja acetato,26.0,26.0,EMPAQUE,,2023-01-16,False,,1219,CAJA ACETATO,
REPOSTEARTE,2023-01-19,ND,1.0,pz,caja acetato,24.0,24.0,EMPAQUE,,2023-01-16,False,,1220,CAJA ACETATO,
REPOSTEARTE,2023-01-19,ND,1.0,pz,caja acetato,26.0,26.0,EMPAQUE,,2023-01-16,False,,1221,CAJA ACETATO,
B. AURRERA,2023-01-20,92131018272832600000,1.0,pz,cl corta u,24.0,24.0,HERRAMIENTA,,2023-01-16,False,,1222,CL CORTA U,
PARISINA,2023-01-21,32048,1.0,mt,liston bolas dif,19.96,19.96,OTROS,,2023-01-16,False,,1223,LISTON BOLAS DIF,
CRAVIOTO,2023-01-21,90659,1.0,pz,base extrafuerte 20 cm c/ blonda,20.01,20.01,BASES,,2023-01-16,False,,1224,BASE EXTRAFUERTE 20 CM C/ BLONDA,
CRAVIOTO,2023-01-21,90659,500.0,g,alpezzi chips blanco,70.49,140.98,CHOCOLATE,,2023-01-16,False,,1225,ALPEZZI CHIPS BLANCO,
CRAVIOTO,2023-01-21,90659,1.0,paq,capacillo No. 72 decorado 25 pz,13.99,13.99,CAPACILLOS,,2023-01-16,False,,1226,CAPACILLO NO. 72 DECORADO 25 PZ,
CRAVIOTO,2023-01-21,90659,1.0,paq,ferrero rocher T-10,69.63,69.63,CHOCOLATE,,2023-01-16,False,,1227,FERRERO ROCHER T-10,
CRAVIOTO,2023-01-21,90659,1.0,paq,dlr malv c/chocolate 32 pz,61.67,61.67,CHOCOLATE,,2023-01-16,False,,1228,DLR MALV C/CHOCOLATE 32 PZ,
CRAVIOTO,2023-01-21,90659,1.0,paq,turin tubo baileys 200 g,109.68,109.68,CHOCOLATE,,2023-01-16,False,,1229,TURIN TUBO BAILEYS 200 G,
CRAVIOTO,2023-01-21,90659,1.0,paq,alegria capacillo golosinas,37.58,37.58,CAPACILLOS,,2023-01-16,False,,1230,ALEGRIA CAPACILLO GOLOSINAS,
CRAVIOTO,2023-01-21,90659,1.0,paq,turin conejos mini 120 gr,54.62,54.62,CHOCOLATE,,2023-01-16,False,,1231,TURIN CONEJOS MINI 120 GR,
CRAVIOTO,2023-01-21,90659,1.0,pz,inix contenedor mantecadas 25 pz,179.32,179.32,EMPAQUE,,2023-01-16,False,,1232,INIX CONTENEDOR MANTECADAS 25 PZ,
CRAVIOTO,2023-01-21,90659,1.0,pz,celofan 9x12 100 pz,14.94,14.94,CONSUMIBLES,,2023-01-16,False,,1233,CELOFAN 9X12 100 PZ,
B. AURRERA,2023-01-23,422004048828528989482,2.0,paq,chant dull,122.0,61.0,CHANTILLY,,2023-01-23,False,,1234,CHANT DULL,
B. AURRERA,2023-01-23,422004048828528989482,1.0,pz,iberia 200,30.0,30.0,MANTEQUILLA,,2023-01-23,False,,1235,IBERIA 200,
B. AURRERA,2023-01-23,422004048828528989482,1.0,paq,sjuan hvo,46.5,46.5,HUEVO,,2023-01-23,False,,1236,SJUAN HVO,
B. AURRERA,2023-01-23,422004048828528989482,1.0,paq,oreo fudge,41.5,41.5,GALLETAS,,2023-01-23,False,,1237,OREO FUDGE,
MEGA PLAST,2023-01-24,386421,1.0,pz,relleno queso creme p,93.0,93.0,RELLENO,,2023-01-23,False,,1238,RELLENO QUESO CREME P,
MEGA PLAST,2023-01-24,386421,1.0,kg,Azucar glass de prime,40.0,40.0,AZUCAR,GLASS,2023-01-23,False,,1239,AZUCAR GLASS DE PRIME,
MEGA PLAST,2023-01-24,386421,2.0,pz,mantequilla gloria 22,116.0,58.0,MANTEQUILLA,,2023-01-23,False,,1240,MANTEQUILLA GLORIA 22,
MEGA PLAST,2023-01-24,386421,2.0,pz,Royal Icing Deiman 50,100.0,50.0,ROYALICING,,2023-01-23,False,,1241,ROYAL ICING DEIMAN 50,
MEGA PLAST,2023-01-24,386421,2.0,kg,Tegral Satin Red Velvet Puratos,130.0,65.0,HARINA,RED VELVET,2023-01-23,False,,1242,TEGRAL SATIN RED VELVET PURATOS,
MEGA PLAST,2023-01-24,386421,1.0,pz,domo 1/4 plancha,25.0,25.0,EMPAQUE,,2023-01-23,False,,1243,DOMO 1/4 PLANCHA,
MEGA PLAST,2023-01-24,386421,300.0,g,chips blanco alpezzi,45.0,150.0,CHOCOLATE,,2023-01-23,False,,1244,CHIPS BLANCO ALPEZZI,
GASOLINERIA,2023-01-27,,10.0,lts,gasolina,219.4,21.94,COMBUSTIBLE,,2023-01-23,False,,1245,GASOLINA,
MEGA PLAST,2023-01-30,387319,300.0,g,chips chocolate con l,45.0,150.0,CHOCOLATE,,2023-01-30,False,,1246,CHIPS CHOCOLATE CON L,
MEGA PLAST,2023-01-30,387319,1.0,kg,Tegral Satin Creme ca ,51.0,51.0,HARINA,VAINILLA,2023-01-30,False,,1247,TEGRAL SATIN CREME CA,
MEGA PLAST,2023-01-30,387319,1.0,pz,Crema para batir ambiante 1 lt,63.0,63.0,AMBIANTE,,2023-01-30,False,,1248,CREMA PARA BATIR AMBIANTE 1 LT,
REPOSTEARTE,2023-01-30,ND,2.0,pz,mangas,10.0,5.0,CONSUMIBLES,,2023-01-30,False,,1249,MANGAS,
REPOSTEARTE,2023-01-30,ND,1.0,pz,base 26 cm,9.5,9.5,BASES,,2023-01-30,False,,1250,BASE 26 CM,
REPOSTEARTE,2023-01-30,ND,1.0,pz,base 25 cm doble,27.0,27.0,BASES,,2023-01-30,False,,1251,BASE 25 CM DOBLE,
GASOLINERIA,2023-01-31,ND,10.0,lts,gasolina (aprox),220.0,22.0,COMBUSTIBLE,,2023-01-30,False,,1252,GASOLINA (APROX),
MEGA PLAST,2023-02-02,387888,100.0,g,granillo magic sparkl,8.0,80.0,CHOCOLATE,,2023-01-30,False,,1253,GRANILLO MAGIC SPARKL,
MEGA PLAST,2023-02-02,387888,100.0,g,chips chocolate semi,15.0,150.0,CHOCOLATE,,2023-01-30,False,,1254,CHIPS CHOCOLATE SEMI,
REPOSTEARTE,2023-02-02,ND,1.0,pz,base 28 cm,9.0,9.0,BASES,,2023-01-30,False,,1255,BASE 28 CM,
REPOSTEARTE,2023-02-02,ND,1.0,pz,Transfer,45.0,45.0,TRANSFER,,2023-01-30,False,,1256,TRANSFER,
B. AURRERA,2023-02-03,333535777181791110393,1.0,paq,galleta,45.0,45.0,GALLETAS,,2023-01-30,False,,1257,GALLETA,
B. AURRERA,2023-02-03,333535777181791110393,1.0,pz,chantilli dull,61.0,61.0,CHANTILLY,,2023-01-30,False,,1258,CHANTILLI DULL,
ESTRELLA,2023-02-03,ND,1.0,paq,capacillos #4 tubo,39.0,39.0,CAPACILLOS,,2023-01-30,False,,1259,CAPACILLOS #4 TUBO,
CASETA,2023-02-05,04845036,1.0,tick,peaje,58.0,58.0,CASETAS,,2023-01-30,False,,1260,PEAJE,
CRAVIOTO,2023-02-08,14517,1.0,paq,dlr malv c/chocolate 32 pz,61.67,61.67,CHOCOLATE,,2023-02-06,False,,1261,DLR MALV C/CHOCOLATE 32 PZ,
CRAVIOTO,2023-02-08,14517,2.0,paq,alegria capacillo morado 100 pz,75.16,37.58,CAPACILLOS,,2023-02-06,False,,1262,ALEGRIA CAPACILLO MORADO 100 PZ,
CRAVIOTO,2023-02-08,14517,1.0,pz,inix contenedor ham trans 14x14 25 pz,66.6,66.6,EMPAQUE,,2023-02-06,False,,1263,INIX CONTENEDOR HAM TRANS 14X14 25 PZ,
CRAVIOTO,2023-02-08,14517,1.0,paq,dlr malv c/chocolate 50 pz,53.99,53.99,CHOCOLATE,,2023-02-06,False,,1264,DLR MALV C/CHOCOLATE 50 PZ,
CRAVIOTO,2023-02-08,14517,3.0,paq,capacillo no. 4 decorado 50 pz,38.97,12.99,CAPACILLOS,,2023-02-06,False,,1265,CAPACILLO NO. 4 DECORADO 50 PZ,
CRAVIOTO,2023-02-08,14517,2.0,paq,capacillo no. 69 decorado 40 pz,24.08,12.04,CAPACILLOS,,2023-02-06,False,,1266,CAPACILLO NO. 69 DECORADO 40 PZ,
CRAVIOTO,2023-02-08,14517,1.0,pz,celofan 6x25 100 pz,22.91,22.91,CONSUMIBLES,,2023-02-06,False,,1267,CELOFAN 6X25 100 PZ,
CRAVIOTO,2023-02-08,14517,1.0,pz,alpezzi chips blanco 500 gr,70.49,70.49,CHOCOLATE,,2023-02-06,False,,1268,ALPEZZI CHIPS BLANCO 500 GR,
CRAVIOTO,2023-02-08,14517,1.0,pz,bondi mega webo late distroller,120.25,120.25,OTROS,,2023-02-06,False,,1269,BONDI MEGA WEBO LATE DISTROLLER,
CRAVIOTO,2023-02-08,14517,1.0,paq,inix contenedor multiusos 25 pz,153.6,153.6,EMPAQUE,,2023-02-06,False,,1270,INIX CONTENEDOR MULTIUSOS 25 PZ,
REPOSTEARTE,2023-02-08,ND,1.0,pz,base 28,11.5,11.5,BASES,,2023-02-06,False,,1271,BASE 28,
REPOSTEARTE,2023-02-08,ND,1.0,kg,Foundant,83.0,83.0,FONDANT,,2023-02-06,False,,1272,FOUNDANT,
REPOSTEARTE,2023-02-08,ND,2.0,pz,caja 12 cupcakes,44.0,22.0,EMPAQUE,,2023-02-06,False,,1273,CAJA 12 CUPCAKES,
OXXO,2023-02-11,2257507,1.0,paq,qsocremaphilade 200g,39.5,39.5,QUESO CREMA,,2023-02-06,False,,1274,QSOCREMAPHILADE 200G,
B. AURRERA,2023-02-12,410152718666906767210,1.0,paq,oreo econopack,35.0,35.0,GALLETAS,,2023-02-06,False,,1275,OREO ECONOPACK,
B. AURRERA,2023-02-12,410152718666906767210,1.0,paq,chantilli dull,61.0,61.0,CHANTILLY,,2023-02-06,False,,1276,CHANTILLI DULL,
B. AURRERA,2023-02-12,410152718666906767210,1.0,pz,oreo 273.6,22.5,22.5,GALLETAS,,2023-02-06,False,,1277,OREO 273.6,
OXXO,2023-02-13,2258598,2.0,pz,huevo blanco pz,6.0,3.0,HUEVO,,2023-02-13,False,,1278,HUEVO BLANCO PZ,
MEGA PLAST,2023-02-13,389781,300.0,g,chips chocolate con l,45.0,150.0,CHOCOLATE,,2023-02-13,False,,1279,CHIPS CHOCOLATE CON L,
MEGA PLAST,2023-02-13,389781,1.0,pz,Nutella chica 350 grs,65.0,65.0,RELLENO,,2023-02-13,False,,1280,NUTELLA CHICA 350 GRS,
MEGA PLAST,2023-02-13,389781,1.0,Kg,Tegral Satin Creme ca ,51.0,51.0,HARINA,VAINILLA,2023-02-13,False,,1281,TEGRAL SATIN CREME CA,
MEGA PLAST,2023-02-13,389781,1.0,pz,relleno zarzamora puratos,52.0,52.0,RELLENO,,2023-02-13,False,,1282,RELLENO ZARZAMORA PURATOS,
B. AURRERA,2023-02-17,,1.0,kg,chantilly dulce,61.0,61.0,CHANTILLY,,2023-02-13,False,,1283,CHANTILLY DULCE,
MEGA PLAST,2023-02-18,390737,1.0,Kg,Tegral Satin Red Velvet Puratos,65.0,65.0,HARINA,RED VELVET,2023-02-13,False,,1284,TEGRAL SATIN RED VELVET PURATOS,
MEGA PLAST,2023-02-18,390737,1.0,Kg,Tegral Satin Creme ca ,51.0,51.0,HARINA,VAINILLA,2023-02-13,False,,1285,TEGRAL SATIN CREME CA,
MEGA PLAST,2023-02-18,390737,2.0,pz,Domo mantecada 12 cavidades,32.0,16.0,EMPAQUE,,2023-02-13,False,,1286,DOMO MANTECADA 12 CAVIDADES,
MEGA PLAST,2023-02-18,390737,100.0,g,Granillo Turin Semi amargo,22.0,220.0,CHOCOLATE,,2023-02-13,False,,1287,GRANILLO TURIN SEMI AMARGO,
MEGA PLAST,2023-02-18,390737,100.0,g,granillo turin leche,24.0,240.0,CHOCOLATE,,2023-02-13,False,,1288,GRANILLO TURIN LECHE,
MEGA PLAST,2023-02-18,390737,100.0,g,chips chocolate semi,15.0,150.0,CHOCOLATE,,2023-02-13,False,,1289,CHIPS CHOCOLATE SEMI,
MEGA PLAST,2023-02-18,390737,200.0,g,chips rojo alpezzi c/,30.0,150.0,CHOCOLATE,,2023-02-13,False,,1290,CHIPS ROJO ALPEZZI C/,
MEGA PLAST,2023-02-18,390737,1.0,pz,Queso philadelphia 190g,35.0,35.0,QUESO CREMA,,2023-02-13,False,,1291,QUESO PHILADELPHIA 190G,
MEGA PLAST,2023-02-18,390737,1.0,Kg,Easy pastel tres leches,65.0,65.0,HARINA,CHOCOLATE,2023-02-13,False,,1292,EASY PASTEL TRES LECHES,
B. AURRERA,2023-02-20,2312240358444714849061,2.0,paq,AC AU800,74.0,37.0,ACEITE,,2023-02-20,False,,1293,AC AU800,
B. AURRERA,2023-02-20,24712137666906735280,2.0,paq,gloria man,47.0,23.5,MANTEQUILLA,,2023-02-20,False,,1294,GLORIA MAN,
B. AURRERA,2023-02-20,24712137666906735280,1.0,paq,oreo 273.6,22.5,22.5,GALLETAS,,2023-02-20,False,,1295,OREO 273.6,
B. AURRERA,2023-02-20,24712137666906735280,1.0,kg,harina tri,20.0,20.0,HARINA,TRIGO,2023-02-20,False,,1296,HARINA TRI,
B. AURRERA,2023-02-27,1594043854020650408395,1.0,pz,Philly Qso,76.0,76.0,QUESO CREMA,,2023-02-27,False,,1297,PHILLY QSO,
B. AURRERA,2023-02-27,1594043854020650408395,1.0,paq,au huevo 1,47.0,47.0,HUEVO,,2023-02-27,False,,1298,AU HUEVO 1,
B. AURRERA,2023-02-27,1594043854020650408395,1.0,paq,pro 2 pack,20.0,20.0,OTROS,,2023-02-27,False,,1299,PRO 2 PACK,
B. AURRERA,2023-02-27,1594043854020650408395,1.0,paq,chantilli dull,61.0,61.0,CHANTILLY,,2023-02-27,False,,1300,CHANTILLI DULL,
B. AURRERA,2023-02-27,1594043854020650408395,1.0,pz,nido f 120,24.0,24.0,LECHE EN POLVO,,2023-02-27,False,,1301,NIDO F 120,
B. AURRERA,2023-02-27,1594043854020650408395,1.0,kg,harina tri,20.0,20.0,HARINA,TRIGO,2023-02-27,False,,1302,HARINA TRI,
B. AURRERA,2023-02-27,1594043854020650408395,2.0,pz,aceite aurrera 800,74.0,37.0,ACEITE,,2023-02-27,False,,1303,ACEITE AURRERA 800,
MEGA PLAST,2023-02-27,392248,1.0,kg,Easy pastel tres leches,65.0,65.0,HARINA,CHOCOLATE,2023-02-27,False,,1304,EASY PASTEL TRES LECHES,
MEGA PLAST,2023-02-27,392248,100.0,g,granillo turin blanco,24.0,240.0,CHOCOLATE,,2023-02-27,False,,1305,GRANILLO TURIN BLANCO,
REPOSTEARTE,2023-02-27,ND,1.0,pz,oblea arroz,45.0,45.0,TRANSFER,,2023-02-27,False,,1306,OBLEA ARROZ,
REPOSTEARTE,2023-02-27,ND,1.0,pz,base doble 32 cm,38.0,38.0,BASES,,2023-02-27,False,,1307,BASE DOBLE 32 CM,
REPOSTEARTE,2023-03-01,ND,1.0,pz,brillo estrella,100.0,100.0,DECORACION,,2023-02-27,False,,1308,BRILLO ESTRELLA,
REPOSTEARTE,2023-03-01,ND,1.0,pz,Transfer,90.0,90.0,TRANSFER,,2023-02-27,False,,1309,TRANSFER,
REPOSTEARTE,2023-03-01,ND,1.0,pz,base 36cm doble,50.0,50.0,BASES,,2023-02-27,False,,1310,BASE 36CM DOBLE,
REPOSTEARTE,2023-03-01,ND,2.0,kg,Foundant,166.0,83.0,FONDANT,,2023-02-27,False,,1311,FOUNDANT,
REPOSTEARTE,2023-03-01,ND,2.0,pz,base 30 cm,24.0,12.0,BASES,,2023-02-27,False,,1312,BASE 30 CM,
REPOSTEARTE,2023-03-01,ND,50.0,g,perlas,18.0,360.0,DECORACION,,2023-02-27,False,,1313,PERLAS,
REPOSTEARTE,2023-03-01,ND,1.0,pz,extrude,140.0,140.0,OTROS,,2023-02-27,False,,1314,EXTRUDE,
REPOSTEARTE,2023-03-01,ND,1.0,kg,Foundant,83.0,83.0,FONDANT,,2023-02-27,False,,1315,FOUNDANT,
REPOSTEARTE,2023-03-01,ND,1.0,pz,alambre,55.0,55.0,OTROS,,2023-02-27,False,,1316,ALAMBRE,
REPOSTEARTE,2023-03-01,ND,2.0,kg,Foundant,166.0,83.0,FONDANT,,2023-02-27,False,,1317,FOUNDANT,
CRAVIOTO,2023-03-09,95774,1.0,pz,molde para chocolate,19.72,19.72,HERRAMIENTA,,2023-03-06,False,,1318,MOLDE PARA CHOCOLATE,
CRAVIOTO,2023-03-09,95774,1.0,paq,ferrero rocher T-16,106.98,106.98,CHOCOLATE,,2023-03-06,False,,1319,FERRERO ROCHER T-16,
CRAVIOTO,2023-03-09,95774,1.0,paq,capacillo No. 72 decorado 25 pz,24.29,24.29,CAPACILLOS,,2023-03-06,False,,1320,CAPACILLO NO. 72 DECORADO 25 PZ,
CRAVIOTO,2023-03-09,95774,1.0,paq,kisses leche choc bl 807 gr,187.08,187.08,CHOCOLATE,,2023-03-06,False,,1321,KISSES LECHE CHOC BL 807 GR,
CRAVIOTO,2023-03-09,95774,1.0,pz,manga n.12,23.92,23.92,CONSUMIBLES,,2023-03-06,False,,1322,MANGA N.12,
CRAVIOTO,2023-03-09,95774,1.0,pz,puratos fruitfil fresa 1 kg,54.72,54.72,RELLENO,,2023-03-06,False,,1323,PURATOS FRUITFIL FRESA 1 KG,
CRAVIOTO,2023-03-09,95774,3.0,paq,capacillo no. 4 decorado 50 pz,38.97,12.99,CAPACILLOS,,2023-03-06,False,,1324,CAPACILLO NO. 4 DECORADO 50 PZ,
REPOSTEARTE,2023-03-10,ND,1.0,pz,pincel,10.0,10.0,HERRAMIENTA,,2023-03-06,False,,1325,PINCEL,
REPOSTEARTE,2023-03-10,ND,1.0,pz,ilegible (roods),37.5,37.5,OTROS,,2023-03-06,False,,1326,ILEGIBLE (ROODS),
REPOSTEARTE,2023-03-10,ND,100.0,g,perlas,35.0,350.0,DECORACION,,2023-03-06,False,,1327,PERLAS,
REPOSTEARTE,2023-03-10,ND,2.0,pz,caja cupcakes 12,44.0,22.0,EMPAQUE,,2023-03-06,False,,1328,CAJA CUPCAKES 12,
EL SOL FRIJOLERO,2023-03-15,160414,1.99,kg,huevo blanco tepa de linea,79.6,40.0,HUEVO,,2023-03-13,False,,1329,HUEVO BLANCO TEPA DE LINEA,
B. AURRERA,2023-03-15,179493469041958053181,1.0,pz,AC AU800,37.0,37.0,ACEITE,,2023-03-13,False,,1330,AC AU800,
B. AURRERA,2023-03-15,179493469041958053181,1.0,pz,iberia 90,15.0,15.0,MANTEQUILLA,,2023-03-13,False,,1331,IBERIA 90,
B. AURRERA,2023-03-15,179493469041958053181,1.0,pz,gloria man,63.0,63.0,MANTEQUILLA,,2023-03-13,False,,1332,GLORIA MAN,
MEGA PLAST,2023-03-15,394830,500.0,g,crema cacahuate suelta,34.0,68.0,OTROS,,2023-03-13,False,,1333,CREMA CACAHUATE SUELTA,
MEGA PLAST,2023-03-15,394830,3.0,kg,Tegral Satin Creme ca ,153.0,51.0,HARINA,VAINILLA,2023-03-13,False,,1334,TEGRAL SATIN CREME CA,
MEGA PLAST,2023-03-15,394830,1.0,kg,Easy pastel tres leches,65.0,65.0,HARINA,CHOCOLATE,2023-03-13,False,,1335,EASY PASTEL TRES LECHES,
MEGA PLAST,2023-03-15,394830,1.0,kg,queso crema suelto,155.0,155.0,QUESO CREMA,,2023-03-13,False,,1336,QUESO CREMA SUELTO,
MEGA PLAST,2023-03-15,394830,200.0,g,chips chocolate con l,30.0,150.0,CHOCOLATE,,2023-03-13,False,,1337,CHIPS CHOCOLATE CON L,
MEGA PLAST,2023-03-15,394830,100.0,g,Confitier leche TURIN,23.0,230.0,CHOCOLATE,,2023-03-13,False,,1338,CONFITIER LECHE TURIN,
MEGA PLAST,2023-03-15,394830,1.0,pz,Nutella chica 350 grs,65.0,65.0,RELLENO,,2023-03-13,False,,1339,NUTELLA CHICA 350 GRS,
MEGA PLAST,2023-03-15,394830,2.0,pz,domo 1/4 plancha,50.0,25.0,EMPAQUE,,2023-03-13,False,,1340,DOMO 1/4 PLANCHA,
MEGA PLAST,2023-03-15,394830,2.0,pz,Domo mantecada 12 cavidades,32.0,16.0,EMPAQUE,,2023-03-13,False,,1341,DOMO MANTECADA 12 CAVIDADES,
MEGA PLAST,2023-03-15,394830,1.0,pz,Relleno durazno puratos,62.0,62.0,RELLENO,,2023-03-13,False,,1342,RELLENO DURAZNO PURATOS,
B. AURRERA,2023-03-17,309210775492714844021,1.0,pz,espatulas,41.0,41.0,HERRAMIENTA,,2023-03-13,False,,1343,ESPATULAS,
B. AURRERA,2023-03-17,309210775492714844021,1.0,bot,wyborowa,149.0,149.0,LICORES,,2023-03-13,False,,1344,WYBOROWA,
B. AURRERA,2023-03-17,309210775492714844021,1.0,pz,chantilli dull,61.0,61.0,CHANTILLY,,2023-03-13,False,,1345,CHANTILLI DULL,
B. AURRERA,2023-03-17,309210775492714844021,1.0,paq,Carlos V stk,51.0,51.0,CHOCOLATE,,2023-03-13,False,,1346,CARLOS V STK,
B. AURRERA,2023-03-17,309210775492714844021,1.0,paq,santa clar,129.0,129.0,OTROS,,2023-03-13,False,,1347,SANTA CLAR,
MEGA PLAST,2023-03-17,395160,300.0,g,chips rojo alpezzi c/,45.0,150.0,CHOCOLATE,,2023-03-13,False,,1348,CHIPS ROJO ALPEZZI C/,
EL SOL FRIJOLERO,2023-03-18,161232,1.89,kg,huevo blanco tepa de linea,77.49,41.0,HUEVO,,2023-03-13,False,,1349,HUEVO BLANCO TEPA DE LINEA,
MEGA PLAST,2023-03-18,395403,1.0,pz,Crema para batir ambiante 1 lt,66.0,66.0,AMBIANTE,,2023-03-13,False,,1350,CREMA PARA BATIR AMBIANTE 1 LT,
MEGA PLAST,2023-03-18,395403,500.0,g,chips chocolate semi,75.0,150.0,CHOCOLATE,,2023-03-13,False,,1351,CHIPS CHOCOLATE SEMI,
MEGA PLAST,2023-03-18,395403,100.0,g,chips chocolate con l,15.0,150.0,CHOCOLATE,,2023-03-13,False,,1352,CHIPS CHOCOLATE CON L,
MEGA PLAST,2023-03-18,395403,1.0,pz,Nutella chica 350 grs,65.0,65.0,RELLENO,,2023-03-13,False,,1353,NUTELLA CHICA 350 GRS,
MEGA PLAST,2023-03-18,395403,100.0,g,Confitier semiamargo TURIN,22.0,220.0,CHOCOLATE,,2023-03-13,False,,1354,CONFITIER SEMIAMARGO TURIN,
MEGA PLAST,2023-03-18,395403,1.0,kg,Tegral Satin Creme ca ,61.0,61.0,HARINA,CHOCOLATE,2023-03-13,False,,1355,TEGRAL SATIN CREME CA,
MEGA PLAST,2023-03-18,395403,100.0,g,cereza con rabo diana,22.0,220.0,DULCERIA,,2023-03-13,False,,1356,CEREZA CON RABO DIANA,
CRAVIOTO,2023-03-21,106787,1.0,paq,inix contenedor mantecadas 25 pz,179.32,179.32,EMPAQUE,,2023-03-20,False,,1357,INIX CONTENEDOR MANTECADAS 25 PZ,
CRAVIOTO,2023-03-21,106787,1.0,paq,alegria capacillo velitas cumpl 100 pz,39.15,39.15,CAPACILLOS,,2023-03-20,False,,1358,ALEGRIA CAPACILLO VELITAS CUMPL 100 PZ,
CRAVIOTO,2023-03-21,106787,1.0,pz,yahel platano 500gr,43.75,43.75,NO DEFINIDO,,2023-03-20,False,,1359,YAHEL PLATANO 500GR,
GASOLINERIA,2023-03-24,2758991,20.0,lts,gasolina,429.8,21.49,COMBUSTIBLE,,2023-03-20,False,,1360,GASOLINA,
MEGA PLAST,2023-03-24,396315,200.0,g,chips chocolate con l,30.0,150.0,CHOCOLATE,,2023-03-20,False,,1361,CHIPS CHOCOLATE CON L,
MEGA PLAST,2023-03-24,396315,1.0,pz,Crema para batir ambiante 1 lt,66.0,66.0,AMBIANTE,,2023-03-20,False,,1362,CREMA PARA BATIR AMBIANTE 1 LT,
MEGA PLAST,2023-03-24,396315,100.0,g,chips chocolate semi,15.0,150.0,CHOCOLATE,,2023-03-20,False,,1363,CHIPS CHOCOLATE SEMI,
CASETA,2023-03-25,00225978,1.0,tick,peaje,37.0,37.0,CASETAS,,2023-03-20,False,,1364,PEAJE,
CASETA,2023-03-25,00767864,1.0,tick,peaje,37.0,37.0,CASETAS,,2023-03-20,False,,1365,PEAJE,
MEGA PLAST,2023-03-28,396940,1.0,kg,Harina piña colada espiga mix,33.0,33.0,HARINA,PIÑA COLADA,2023-03-27,False,,1366,HARINA PINA COLADA ESPIGA MIX,
MEGA PLAST,2023-03-28,396940,1.0,pz,relleno coco,35.0,35.0,RELLENO,,2023-03-27,False,,1367,RELLENO COCO,
MEGA PLAST,2023-03-28,396940,200.0,g,chips chocolate semi,30.0,150.0,CHOCOLATE,,2023-03-27,False,,1368,CHIPS CHOCOLATE SEMI,
MEGA PLAST,2023-03-28,396940,1.0,kg,Tegral Satin Creme ca ,61.0,61.0,HARINA,CHOCOLATE,2023-03-27,False,,1369,TEGRAL SATIN CREME CA,
MEGA PLAST,2023-03-28,396940,1.0,pz,Royal Icing Deiman 50,50.0,50.0,ROYALICING,,2023-03-27,False,,1370,ROYAL ICING DEIMAN 50,
MEGA PLAST,2023-03-28,396940,300.0,g,chips chocolate con l,45.0,150.0,CHOCOLATE,,2023-03-27,False,,1371,CHIPS CHOCOLATE CON L,
MEGA PLAST,2023-03-28,396940,200.0,g,chips blanco alpezzi,30.0,150.0,CHOCOLATE,,2023-03-27,False,,1372,CHIPS BLANCO ALPEZZI,
MEGA PLAST,2023-03-28,396944,1.0,kg,Easy pastel tres leches,53.0,53.0,HARINA,VAINILLA,2023-03-27,False,,1373,EASY PASTEL TRES LECHES,
REPOSTEARTE,2023-03-28,ND,1.0,kg,Foundant,93.0,93.0,FONDANT,,2023-03-27,False,,1374,FOUNDANT,
REPOSTEARTE,2023-03-28,ND,2.0,pz,caja con 12 cavidades,52.0,26.0,EMPAQUE,,2023-03-27,False,,1375,CAJA CON 12 CAVIDADES,
REPOSTEARTE,2023-03-28,ND,1.0,pz,base,12.0,12.0,BASES,,2023-03-27,False,,1376,BASE,
MEGA PLAST,2023-03-30,397213,200.0,g,chips chocolate semi,30.0,150.0,CHOCOLATE,,2023-03-27,False,,1377,CHIPS CHOCOLATE SEMI,
MEGA PLAST,2023-03-30,397213,1.0,kg,Tegral Satin Creme ca ,61.0,61.0,HARINA,CHOCOLATE,2023-03-27,False,,1378,TEGRAL SATIN CREME CA,
MEGA PLAST,2023-03-30,397213,1.0,kg,Tegral Satin Creme ca ,51.0,51.0,HARINA,VAINILLA,2023-03-27,False,,1379,TEGRAL SATIN CREME CA,
MEGA PLAST,2023-03-30,397213,1.0,pz,Nutella chica 350 grs,65.0,65.0,RELLENO,,2023-03-27,False,,1380,NUTELLA CHICA 350 GRS,
MEGA PLAST,2023-03-30,397213,100.0,g,Confitier semiamargo TURIN,22.0,220.0,CHOCOLATE,,2023-03-27,False,,1381,CONFITIER SEMIAMARGO TURIN,
MEGA PLAST,2023-03-30,397213,1.0,pz,Crema para batir ambiante 1 lt,66.0,66.0,AMBIANTE,,2023-03-27,False,,1382,CREMA PARA BATIR AMBIANTE 1 LT,
MEGA PLAST,2023-03-30,397213,1.0,kg,lechera suelta,62.0,62.0,LECHERA,,2023-03-27,False,,1383,LECHERA SUELTA,
MEGA PLAST,2023-03-30,397213,200.0,g,Confitier leche TURIN,46.0,230.0,CHOCOLATE,,2023-03-27,False,,1384,CONFITIER LECHE TURIN,
REPOSTEARTE,2023-04-01,ND,1.0,pz,base 30 cm,12.0,12.0,BASES,,2023-03-27,False,,1385,BASE 30 CM,
REPOSTEARTE,2023-04-01,ND,1.0,pz,base 28,12.0,12.0,BASES,,2023-03-27,False,,1386,BASE 28,
REPOSTEARTE,2023-04-02,ND,1.0,pz,base 30 cm,13.0,13.0,BASES,,2023-03-27,False,,1387,BASE 30 CM,
REPOSTEARTE,2023-04-02,ND,1.0,pz,base 36cm doble,50.0,50.0,BASES,,2023-03-27,False,,1388,BASE 36CM DOBLE,
REPOSTEARTE,2023-04-02,ND,1.0,pz,base 28 cm,12.0,12.0,BASES,,2023-03-27,False,,1389,BASE 28 CM,
REPOSTEARTE,2023-04-02,ND,1.0,pz,base 26 cm,11.0,11.0,BASES,,2023-03-27,False,,1390,BASE 26 CM,
REPOSTEARTE,2023-04-02,ND,2.0,kg,Foundant,166.0,83.0,FONDANT,,2023-03-27,False,,1391,FOUNDANT,
REPOSTEARTE,2023-04-02,ND,1.0,pz,raspa,45.0,45.0,HERRAMIENTA,,2023-03-27,False,,1392,RASPA,
REPOSTEARTE,2023-04-02,ND,1.0,pz,matizador,65.0,65.0,DECORACION,,2023-03-27,False,,1393,MATIZADOR,
REPOSTEARTE,2023-04-06,ND,1.0,kg,Foundant,83.0,83.0,FONDANT,,2023-04-03,False,,1394,FOUNDANT,
MARNOU,2023-04-06,,1.94,kg,huevo blanco los altos kilo,85.36,44.0,HUEVO,,2023-04-03,False,,1395,HUEVO BLANCO LOS ALTOS KILO,
SINTETICO_ENTRENAMIENTO,2023-04-10,SYN-C-20230410-001,1.0,semana,AC AU800,12.17,12.17,ACEITE,,2023-04-10,True,mediana causal de 8 semanas y participacion historica por descripcion,1396,AC AU800,
SINTETICO_ENTRENAMIENTO,2023-04-10,SYN-C-20230410-002,1.0,semana,Carlos V stk,5.59,5.59,CHOCOLATE,,2023-04-10,True,mediana causal de 8 semanas y participacion historica por descripcion,1397,CARLOS V STK,
SINTETICO_ENTRENAMIENTO,2023-04-10,SYN-C-20230410-003,1.0,semana,Confitier leche TURIN,7.57,7.57,CHOCOLATE,,2023-04-10,True,mediana causal de 8 semanas y participacion historica por descripcion,1398,CONFITIER LECHE TURIN,
SINTETICO_ENTRENAMIENTO,2023-04-10,SYN-C-20230410-004,1.0,semana,Confitier semiamargo TURIN,4.82,4.82,CHOCOLATE,,2023-04-10,True,mediana causal de 8 semanas y participacion historica por descripcion,1399,CONFITIER SEMIAMARGO TURIN,
SINTETICO_ENTRENAMIENTO,2023-04-10,SYN-C-20230410-005,1.0,semana,Crema para batir ambiante 1 lt,21.71,21.71,AMBIANTE,,2023-04-10,True,mediana causal de 8 semanas y participacion historica por descripcion,1400,CREMA PARA BATIR AMBIANTE 1 LT,
SINTETICO_ENTRENAMIENTO,2023-04-10,SYN-C-20230410-006,1.0,semana,Domo mantecada 12 cavidades,7.02,7.02,EMPAQUE,,2023-04-10,True,mediana causal de 8 semanas y participacion historica por descripcion,1401,DOMO MANTECADA 12 CAVIDADES,
SINTETICO_ENTRENAMIENTO,2023-04-10,SYN-C-20230410-007,1.0,semana,Easy pastel tres leches,27.19,27.19,HARINA,VAINILLA,2023-04-10,True,mediana causal de 8 semanas y participacion historica por descripcion,1402,EASY PASTEL TRES LECHES,
SINTETICO_ENTRENAMIENTO,2023-04-10,SYN-C-20230410-008,1.0,semana,Foundant,83.0,83.0,FONDANT,,2023-04-10,True,mediana causal de 8 semanas y participacion historica por descripcion,1403,FOUNDANT,
SINTETICO_ENTRENAMIENTO,2023-04-10,SYN-C-20230410-009,1.0,semana,Granillo Turin Semi amargo,2.41,2.41,CHOCOLATE,,2023-04-10,True,mediana causal de 8 semanas y participacion historica por descripcion,1404,GRANILLO TURIN SEMI AMARGO,
SINTETICO_ENTRENAMIENTO,2023-04-10,SYN-C-20230410-010,1.0,semana,Harina piña colada espiga mix,3.62,3.62,HARINA,PIÑA COLADA,2023-04-10,True,mediana causal de 8 semanas y participacion historica por descripcion,1405,HARINA PINA COLADA ESPIGA MIX,
SINTETICO_ENTRENAMIENTO,2023-04-10,SYN-C-20230410-011,1.0,semana,Nutella chica 350 grs,28.51,28.51,RELLENO,,2023-04-10,True,mediana causal de 8 semanas y participacion historica por descripcion,1406,NUTELLA CHICA 350 GRS,
SINTETICO_ENTRENAMIENTO,2023-04-10,SYN-C-20230410-012,1.0,semana,Philly Qso,8.33,8.33,QUESO CREMA,,2023-04-10,True,mediana causal de 8 semanas y participacion historica por descripcion,1407,PHILLY QSO,
SINTETICO_ENTRENAMIENTO,2023-04-10,SYN-C-20230410-013,1.0,semana,Queso philadelphia 190g,3.84,3.84,QUESO CREMA,,2023-04-10,True,mediana causal de 8 semanas y participacion historica por descripcion,1408,QUESO PHILADELPHIA 190G,
SINTETICO_ENTRENAMIENTO,2023-04-10,SYN-C-20230410-014,1.0,semana,Relleno durazno puratos,6.8,6.8,RELLENO,,2023-04-10,True,mediana causal de 8 semanas y participacion historica por descripcion,1409,RELLENO DURAZNO PURATOS,
SINTETICO_ENTRENAMIENTO,2023-04-10,SYN-C-20230410-015,1.0,semana,Royal Icing Deiman 50,5.48,5.48,ROYALICING,,2023-04-10,True,mediana causal de 8 semanas y participacion historica por descripcion,1410,ROYAL ICING DEIMAN 50,
SINTETICO_ENTRENAMIENTO,2023-04-10,SYN-C-20230410-016,1.0,semana,Tegral Satin Creme ca ,53.62,53.62,HARINA,VAINILLA,2023-04-10,True,mediana causal de 8 semanas y participacion historica por descripcion,1411,TEGRAL SATIN CREME CA,
SINTETICO_ENTRENAMIENTO,2023-04-10,SYN-C-20230410-017,1.0,semana,Tegral Satin Red Velvet Puratos,7.13,7.13,HARINA,RED VELVET,2023-04-10,True,mediana causal de 8 semanas y participacion historica por descripcion,1412,TEGRAL SATIN RED VELVET PURATOS,
SINTETICO_ENTRENAMIENTO,2023-04-10,SYN-C-20230410-018,1.0,semana,Transfer,9.87,9.87,TRANSFER,,2023-04-10,True,mediana causal de 8 semanas y participacion historica por descripcion,1413,TRANSFER,
SINTETICO_ENTRENAMIENTO,2023-04-10,SYN-C-20230410-019,1.0,semana,aceite aurrera 800,8.11,8.11,ACEITE,,2023-04-10,True,mediana causal de 8 semanas y participacion historica por descripcion,1414,ACEITE AURRERA 800,
SINTETICO_ENTRENAMIENTO,2023-04-10,SYN-C-20230410-020,1.0,semana,alambre,6.03,6.03,OTROS,,2023-04-10,True,mediana causal de 8 semanas y participacion historica por descripcion,1415,ALAMBRE,
SINTETICO_ENTRENAMIENTO,2023-04-10,SYN-C-20230410-021,1.0,semana,alegria capacillo velitas cumpl 100 pz,4.29,4.29,CAPACILLOS,,2023-04-10,True,mediana causal de 8 semanas y participacion historica por descripcion,1416,ALEGRIA CAPACILLO VELITAS CUMPL 100 PZ,
SINTETICO_ENTRENAMIENTO,2023-04-10,SYN-C-20230410-022,1.0,semana,au huevo 1,5.15,5.15,HUEVO,,2023-04-10,True,mediana causal de 8 semanas y participacion historica por descripcion,1417,AU HUEVO 1,
SINTETICO_ENTRENAMIENTO,2023-04-10,SYN-C-20230410-023,1.0,semana,base,1.32,1.32,BASES,,2023-04-10,True,mediana causal de 8 semanas y participacion historica por descripcion,1418,BASE,
SINTETICO_ENTRENAMIENTO,2023-04-10,SYN-C-20230410-024,1.0,semana,base 26 cm,1.21,1.21,BASES,,2023-04-10,True,mediana causal de 8 semanas y participacion historica por descripcion,1419,BASE 26 CM,
SINTETICO_ENTRENAMIENTO,2023-04-10,SYN-C-20230410-025,1.0,semana,base 28,1.32,1.32,BASES,,2023-04-10,True,mediana causal de 8 semanas y participacion historica por descripcion,1420,BASE 28,
SINTETICO_ENTRENAMIENTO,2023-04-10,SYN-C-20230410-026,1.0,semana,base 28 cm,1.32,1.32,BASES,,2023-04-10,True,mediana causal de 8 semanas y participacion historica por descripcion,1421,BASE 28 CM,
SINTETICO_ENTRENAMIENTO,2023-04-10,SYN-C-20230410-027,1.0,semana,base 30 cm,5.37,5.37,BASES,,2023-04-10,True,mediana causal de 8 semanas y participacion historica por descripcion,1422,BASE 30 CM,
SINTETICO_ENTRENAMIENTO,2023-04-10,SYN-C-20230410-028,1.0,semana,base 36cm doble,10.96,10.96,BASES,,2023-04-10,True,mediana causal de 8 semanas y participacion historica por descripcion,1423,BASE 36CM DOBLE,
SINTETICO_ENTRENAMIENTO,2023-04-10,SYN-C-20230410-029,1.0,semana,base doble 32 cm,4.17,4.17,BASES,,2023-04-10,True,mediana causal de 8 semanas y participacion historica por descripcion,1424,BASE DOBLE 32 CM,
SINTETICO_ENTRENAMIENTO,2023-04-10,SYN-C-20230410-030,1.0,semana,brillo estrella,10.96,10.96,DECORACION,,2023-04-10,True,mediana causal de 8 semanas y participacion historica por descripcion,1425,BRILLO ESTRELLA,
SINTETICO_ENTRENAMIENTO,2023-04-10,SYN-C-20230410-031,1.0,semana,caja con 12 cavidades,5.7,5.7,EMPAQUE,,2023-04-10,True,mediana causal de 8 semanas y participacion historica por descripcion,1426,CAJA CON 12 CAVIDADES,
SINTETICO_ENTRENAMIENTO,2023-04-10,SYN-C-20230410-032,1.0,semana,caja cupcakes 12,4.82,4.82,EMPAQUE,,2023-04-10,True,mediana causal de 8 semanas y participacion historica por descripcion,1427,CAJA CUPCAKES 12,
SINTETICO_ENTRENAMIENTO,2023-04-10,SYN-C-20230410-033,1.0,semana,capacillo No. 72 decorado 25 pz,2.66,2.66,CAPACILLOS,,2023-04-10,True,mediana causal de 8 semanas y participacion historica por descripcion,1428,CAPACILLO NO. 72 DECORADO 25 PZ,
SINTETICO_ENTRENAMIENTO,2023-04-10,SYN-C-20230410-034,1.0,semana,capacillo no. 4 decorado 50 pz,4.27,4.27,CAPACILLOS,,2023-04-10,True,mediana causal de 8 semanas y participacion historica por descripcion,1429,CAPACILLO NO. 4 DECORADO 50 PZ,
SINTETICO_ENTRENAMIENTO,2023-04-10,SYN-C-20230410-035,1.0,semana,cereza con rabo diana,2.41,2.41,DULCERIA,,2023-04-10,True,mediana causal de 8 semanas y participacion historica por descripcion,1430,CEREZA CON RABO DIANA,
SINTETICO_ENTRENAMIENTO,2023-04-10,SYN-C-20230410-036,1.0,semana,chantilli dull,13.38,13.38,CHANTILLY,,2023-04-10,True,mediana causal de 8 semanas y participacion historica por descripcion,1431,CHANTILLI DULL,
SINTETICO_ENTRENAMIENTO,2023-04-10,SYN-C-20230410-037,1.0,semana,chantilly dulce,6.69,6.69,CHANTILLY,,2023-04-10,True,mediana causal de 8 semanas y participacion historica por descripcion,1432,CHANTILLY DULCE,
SINTETICO_ENTRENAMIENTO,2023-04-10,SYN-C-20230410-038,1.0,semana,chips blanco alpezzi,3.29,3.29,CHOCOLATE,,2023-04-10,True,mediana causal de 8 semanas y participacion historica por descripcion,1433,CHIPS BLANCO ALPEZZI,
SINTETICO_ENTRENAMIENTO,2023-04-10,SYN-C-20230410-039,1.0,semana,chips chocolate con l,18.09,18.09,CHOCOLATE,,2023-04-10,True,mediana causal de 8 semanas y participacion historica por descripcion,1434,CHIPS CHOCOLATE CON L,
SINTETICO_ENTRENAMIENTO,2023-04-10,SYN-C-20230410-040,1.0,semana,chips chocolate semi,18.09,18.09,CHOCOLATE,,2023-04-10,True,mediana causal de 8 semanas y participacion historica por descripcion,1435,CHIPS CHOCOLATE SEMI,
SINTETICO_ENTRENAMIENTO,2023-04-10,SYN-C-20230410-041,1.0,semana,chips rojo alpezzi c/,8.22,8.22,CHOCOLATE,,2023-04-10,True,mediana causal de 8 semanas y participacion historica por descripcion,1436,CHIPS ROJO ALPEZZI C/,
SINTETICO_ENTRENAMIENTO,2023-04-10,SYN-C-20230410-042,1.0,semana,crema cacahuate suelta,3.73,3.73,OTROS,,2023-04-10,True,mediana causal de 8 semanas y participacion historica por descripcion,1437,CREMA CACAHUATE SUELTA,
SINTETICO_ENTRENAMIENTO,2023-04-10,SYN-C-20230410-043,1.0,semana,domo 1/4 plancha,5.48,5.48,EMPAQUE,,2023-04-10,True,mediana causal de 8 semanas y participacion historica por descripcion,1438,DOMO 1/4 PLANCHA,
SINTETICO_ENTRENAMIENTO,2023-04-10,SYN-C-20230410-044,1.0,semana,espatulas,4.5,4.5,HERRAMIENTA,,2023-04-10,True,mediana causal de 8 semanas y participacion historica por descripcion,1439,ESPATULAS,
SINTETICO_ENTRENAMIENTO,2023-04-10,SYN-C-20230410-045,1.0,semana,extrude,15.35,15.35,OTROS,,2023-04-10,True,mediana causal de 8 semanas y participacion historica por descripcion,1440,EXTRUDE,
SINTETICO_ENTRENAMIENTO,2023-04-10,SYN-C-20230410-046,1.0,semana,ferrero rocher T-16,11.73,11.73,CHOCOLATE,,2023-04-10,True,mediana causal de 8 semanas y participacion historica por descripcion,1441,FERRERO ROCHER T-16,
SINTETICO_ENTRENAMIENTO,2023-04-10,SYN-C-20230410-047,1.0,semana,gasolina,47.13,47.13,COMBUSTIBLE,,2023-04-10,True,mediana causal de 8 semanas y participacion historica por descripcion,1442,GASOLINA,
SINTETICO_ENTRENAMIENTO,2023-04-10,SYN-C-20230410-048,1.0,semana,gloria man,12.06,12.06,MANTEQUILLA,,2023-04-10,True,mediana causal de 8 semanas y participacion historica por descripcion,1443,GLORIA MAN,
SINTETICO_ENTRENAMIENTO,2023-04-10,SYN-C-20230410-049,1.0,semana,granillo turin blanco,2.63,2.63,CHOCOLATE,,2023-04-10,True,mediana causal de 8 semanas y participacion historica por descripcion,1444,GRANILLO TURIN BLANCO,
SINTETICO_ENTRENAMIENTO,2023-04-10,SYN-C-20230410-050,1.0,semana,granillo turin leche,2.63,2.63,CHOCOLATE,,2023-04-10,True,mediana causal de 8 semanas y participacion historica por descripcion,1445,GRANILLO TURIN LECHE,
SINTETICO_ENTRENAMIENTO,2023-04-10,SYN-C-20230410-051,1.0,semana,harina tri,4.39,4.39,HARINA,TRIGO,2023-04-10,True,mediana causal de 8 semanas y participacion historica por descripcion,1446,HARINA TRI,
SINTETICO_ENTRENAMIENTO,2023-04-10,SYN-C-20230410-052,1.0,semana,huevo blanco los altos kilo,9.36,9.36,HUEVO,,2023-04-10,True,mediana causal de 8 semanas y participacion historica por descripcion,1447,HUEVO BLANCO LOS ALTOS KILO,
SINTETICO_ENTRENAMIENTO,2023-04-10,SYN-C-20230410-053,1.0,semana,huevo blanco pz,0.66,0.66,HUEVO,,2023-04-10,True,mediana causal de 8 semanas y participacion historica por descripcion,1448,HUEVO BLANCO PZ,
SINTETICO_ENTRENAMIENTO,2023-04-10,SYN-C-20230410-054,1.0,semana,huevo blanco tepa de linea,17.22,17.22,HUEVO,,2023-04-10,True,mediana causal de 8 semanas y participacion historica por descripcion,1449,HUEVO BLANCO TEPA DE LINEA,
SINTETICO_ENTRENAMIENTO,2023-04-10,SYN-C-20230410-055,1.0,semana,iberia 90,1.64,1.64,MANTEQUILLA,,2023-04-10,True,mediana causal de 8 semanas y participacion historica por descripcion,1450,IBERIA 90,
SINTETICO_ENTRENAMIENTO,2023-04-10,SYN-C-20230410-056,1.0,semana,ilegible (roods),4.11,4.11,OTROS,,2023-04-10,True,mediana causal de 8 semanas y participacion historica por descripcion,1451,ILEGIBLE (ROODS),
SINTETICO_ENTRENAMIENTO,2023-04-10,SYN-C-20230410-057,1.0,semana,inix contenedor mantecadas 25 pz,19.66,19.66,EMPAQUE,,2023-04-10,True,mediana causal de 8 semanas y participacion historica por descripcion,1452,INIX CONTENEDOR MANTECADAS 25 PZ,
SINTETICO_ENTRENAMIENTO,2023-04-10,SYN-C-20230410-058,1.0,semana,kisses leche choc bl 807 gr,20.51,20.51,CHOCOLATE,,2023-04-10,True,mediana causal de 8 semanas y participacion historica por descripcion,1453,KISSES LECHE CHOC BL 807 GR,
SINTETICO_ENTRENAMIENTO,2023-04-10,SYN-C-20230410-059,1.0,semana,lechera suelta,6.8,6.8,LECHERA,,2023-04-10,True,mediana causal de 8 semanas y participacion historica por descripcion,1454,LECHERA SUELTA,
SINTETICO_ENTRENAMIENTO,2023-04-10,SYN-C-20230410-060,1.0,semana,manga n.12,2.62,2.62,CONSUMIBLES,,2023-04-10,True,mediana causal de 8 semanas y participacion historica por descripcion,1455,MANGA N.12,
SINTETICO_ENTRENAMIENTO,2023-04-10,SYN-C-20230410-061,1.0,semana,matizador,7.13,7.13,DECORACION,,2023-04-10,True,mediana causal de 8 semanas y participacion historica por descripcion,1456,MATIZADOR,
SINTETICO_ENTRENAMIENTO,2023-04-10,SYN-C-20230410-062,1.0,semana,molde para chocolate,2.16,2.16,HERRAMIENTA,,2023-04-10,True,mediana causal de 8 semanas y participacion historica por descripcion,1457,MOLDE PARA CHOCOLATE,
SINTETICO_ENTRENAMIENTO,2023-04-10,SYN-C-20230410-063,1.0,semana,nido f 120,2.63,2.63,LECHE EN POLVO,,2023-04-10,True,mediana causal de 8 semanas y participacion historica por descripcion,1458,NIDO F 120,
SINTETICO_ENTRENAMIENTO,2023-04-10,SYN-C-20230410-064,1.0,semana,oblea arroz,4.93,4.93,TRANSFER,,2023-04-10,True,mediana causal de 8 semanas y participacion historica por descripcion,1459,OBLEA ARROZ,
SINTETICO_ENTRENAMIENTO,2023-04-10,SYN-C-20230410-065,1.0,semana,oreo 273.6,2.47,2.47,GALLETAS,,2023-04-10,True,mediana causal de 8 semanas y participacion historica por descripcion,1460,OREO 273.6,
SINTETICO_ENTRENAMIENTO,2023-04-10,SYN-C-20230410-066,1.0,semana,peaje,8.11,8.11,CASETAS,,2023-04-10,True,mediana causal de 8 semanas y participacion historica por descripcion,1461,PEAJE,
SINTETICO_ENTRENAMIENTO,2023-04-10,SYN-C-20230410-067,1.0,semana,perlas,5.81,5.81,DECORACION,,2023-04-10,True,mediana causal de 8 semanas y participacion historica por descripcion,1462,PERLAS,
SINTETICO_ENTRENAMIENTO,2023-04-10,SYN-C-20230410-068,1.0,semana,pincel,1.1,1.1,HERRAMIENTA,,2023-04-10,True,mediana causal de 8 semanas y participacion historica por descripcion,1463,PINCEL,
SINTETICO_ENTRENAMIENTO,2023-04-10,SYN-C-20230410-069,1.0,semana,pro 2 pack,2.19,2.19,OTROS,,2023-04-10,True,mediana causal de 8 semanas y participacion historica por descripcion,1464,PRO 2 PACK,
SINTETICO_ENTRENAMIENTO,2023-04-10,SYN-C-20230410-070,1.0,semana,puratos fruitfil fresa 1 kg,6.0,6.0,RELLENO,,2023-04-10,True,mediana causal de 8 semanas y participacion historica por descripcion,1465,PURATOS FRUITFIL FRESA 1 KG,
SINTETICO_ENTRENAMIENTO,2023-04-10,SYN-C-20230410-071,1.0,semana,queso crema suelto,16.99,16.99,QUESO CREMA,,2023-04-10,True,mediana causal de 8 semanas y participacion historica por descripcion,1466,QUESO CREMA SUELTO,
SINTETICO_ENTRENAMIENTO,2023-04-10,SYN-C-20230410-072,1.0,semana,raspa,4.93,4.93,HERRAMIENTA,,2023-04-10,True,mediana causal de 8 semanas y participacion historica por descripcion,1467,RASPA,
SINTETICO_ENTRENAMIENTO,2023-04-10,SYN-C-20230410-073,1.0,semana,relleno coco,3.84,3.84,RELLENO,,2023-04-10,True,mediana causal de 8 semanas y participacion historica por descripcion,1468,RELLENO COCO,
SINTETICO_ENTRENAMIENTO,2023-04-10,SYN-C-20230410-074,1.0,semana,relleno zarzamora puratos,5.7,5.7,RELLENO,,2023-04-10,True,mediana causal de 8 semanas y participacion historica por descripcion,1469,RELLENO ZARZAMORA PURATOS,
SINTETICO_ENTRENAMIENTO,2023-04-10,SYN-C-20230410-075,1.0,semana,santa clar,14.14,14.14,OTROS,,2023-04-10,True,mediana causal de 8 semanas y participacion historica por descripcion,1470,SANTA CLAR,
SINTETICO_ENTRENAMIENTO,2023-04-10,SYN-C-20230410-076,1.0,semana,wyborowa,16.34,16.34,LICORES,,2023-04-10,True,mediana causal de 8 semanas y participacion historica por descripcion,1471,WYBOROWA,
SINTETICO_ENTRENAMIENTO,2023-04-10,SYN-C-20230410-077,1.0,semana,yahel platano 500gr,4.819999999999999,4.819999999999999,NO DEFINIDO,,2023-04-10,True,mediana causal de 8 semanas y participacion historica por descripcion,1472,YAHEL PLATANO 500GR,
B. AURRERA,2023-04-17,,1.0,kg,chantilly dulce,69.0,69.0,CHANTILLY,,2023-04-17,False,,1473,CHANTILLY DULCE,
B. AURRERA,2023-04-18,,1.0,pz,de abeja,28.0,28.0,OTROS,,2023-04-17,False,,1474,DE ABEJA,
B. AURRERA,2023-04-18,,1.0,pz,marg245gr,30.0,30.0,MANTEQUILLA,,2023-04-17,False,,1475,MARG245GR,
B. AURRERA,2023-04-18,,1.0,kg,harina,27.5,27.5,HARINA,TRIGO,2023-04-17,False,,1476,HARINA,
B. AURRERA,2023-04-18,,1.0,pz,nuez,58.0,58.0,RELLENO,,2023-04-17,False,,1477,NUEZ,
B. AURRERA,2023-04-18,,1.0,kg,zulka glass,15.0,15.0,AZUCAR,GLASS,2023-04-17,False,,1478,ZULKA GLASS,
B. AURRERA,2023-04-18,,1.0,kg,san juan hvo,85.0,85.0,HUEVO,,2023-04-17,False,,1479,SAN JUAN HVO,
MEGA PLAST,2023-04-21,400667,200.0,g,Confitier semiamargo TURIN,44.0,220.0,CHOCOLATE,,2023-04-17,False,,1480,CONFITIER SEMIAMARGO TURIN,
MEGA PLAST,2023-04-21,400667,200.0,g,Confitier leche TURIN,46.0,230.0,CHOCOLATE,,2023-04-17,False,,1481,CONFITIER LECHE TURIN,
MEGA PLAST,2023-04-21,400667,1.0,kg,chips chocolate semi,97.0,97.0,CHOCOLATE,,2023-04-17,False,,1482,CHIPS CHOCOLATE SEMI,
MEGA PLAST,2023-04-21,400667,1.0,kg,Tegral Satin Creme ca ,51.0,51.0,HARINA,VAINILLA,2023-04-17,False,,1483,TEGRAL SATIN CREME CA,
MEGA PLAST,2023-04-21,400667,100.0,g,cereza con rabo diana,22.0,220.0,DULCERIA,,2023-04-17,False,,1484,CEREZA CON RABO DIANA,
MEGA PLAST,2023-04-21,400667,1.0,pz,domo df12a 34cm wow,20.0,20.0,EMPAQUE,,2023-04-17,False,,1485,DOMO DF12A 34CM WOW,
MEGA PLAST,2023-04-24,401187,1.0,pz,Queso philadelphia 190g,35.0,35.0,QUESO CREMA,,2023-04-24,False,,1486,QUESO PHILADELPHIA 190G,
MEGA PLAST,2023-04-24,401187,1.0,pz,Crema para batir ambiante 1 lt,66.0,66.0,AMBIANTE,,2023-04-24,False,,1487,CREMA PARA BATIR AMBIANTE 1 LT,
MARNOU,2023-04-24,,1.57,kg,huevo blanco tepa kilo,69.08,44.0,HUEVO,,2023-04-24,False,,1488,HUEVO BLANCO TEPA KILO,
GASOLINERIA,2023-04-25,,10.0,lts,gasolina,215.19,21.519,COMBUSTIBLE,,2023-04-24,False,,1489,GASOLINA,
B. AURRERA,2023-04-28,,1.0,kg,chantilly dulce,69.0,69.0,CHANTILLY,,2023-04-24,False,,1490,CHANTILLY DULCE,
REPOSTEARTE,2023-05-01,ND,1.0,kg,Foundant,83.0,83.0,FONDANT,,2023-05-01,False,,1491,FOUNDANT,
REPOSTEARTE,2023-05-01,ND,1.0,pz,base 30 cm,12.0,12.0,BASES,,2023-05-01,False,,1492,BASE 30 CM,
REPOSTEARTE,2023-05-01,ND,1.0,pz,molde f#18,60.0,60.0,HERRAMIENTA,,2023-05-01,False,,1493,MOLDE F#18,
REPOSTEARTE,2023-05-01,ND,100.0,g,perlitas,35.0,350.0,DECORACION,,2023-05-01,False,,1494,PERLITAS,
REPOSTEARTE,2023-05-01,ND,1.0,pz,base 28cm,12.0,12.0,BASES,,2023-05-01,False,,1495,BASE 28CM,
REPOSTEARTE,2023-05-01,ND,2.0,pz,oblea arroz,90.0,45.0,TRANSFER,,2023-05-01,False,,1496,OBLEA ARROZ,
MEGA PLAST,2023-05-02,402490,1.0,pz,Crema para batir ambiante 1 lt,66.0,66.0,AMBIANTE,,2023-05-01,False,,1497,CREMA PARA BATIR AMBIANTE 1 LT,
MEGA PLAST,2023-05-02,402490,100.0,g,Confitier semiamargo TURIN,22.0,220.0,CHOCOLATE,,2023-05-01,False,,1498,CONFITIER SEMIAMARGO TURIN,
MEGA PLAST,2023-05-02,402490,1.0,kg,Tegral Satin Creme ca ,65.0,65.0,HARINA,CHOCOLATE,2023-05-01,False,,1499,TEGRAL SATIN CREME CA,
MEGA PLAST,2023-05-02,402490,1.0,pz,nutella grande 650 gr,99.0,99.0,RELLENO,,2023-05-01,False,,1500,NUTELLA GRANDE 650 GR,
MEGA PLAST,2023-05-02,402490,100.0,g,confitier blanco turin,25.0,250.0,CHOCOLATE,,2023-05-01,False,,1501,CONFITIER BLANCO TURIN,
EL SOL FRIJOLERO,2023-05-02,402490,1.0,paq,huevo,73.0,73.0,HUEVO,,2023-05-01,False,,1502,HUEVO,
MEGA PLAST,2023-05-02,402490,1.0,kg,chips blanco alpezzi,119.0,119.0,CHOCOLATE,,2023-05-01,False,,1503,CHIPS BLANCO ALPEZZI,
MEGA PLAST,2023-05-02,402490,1.0,kg,Tegral Satin Creme ca ,61.0,61.0,HARINA,CHOCOLATE,2023-05-01,False,,1504,TEGRAL SATIN CREME CA,
GASOLINERIA,2023-05-05,,10.0,lts,gasolina,217.0,21.7,COMBUSTIBLE,,2023-05-01,False,,1505,GASOLINA,
MEGA PLAST,2023-05-07,403329,1.0,pz,Royal Icing Enco,75.0,75.0,ROYALICING,,2023-05-01,False,,1506,ROYAL ICING ENCO,
MEGA PLAST,2023-05-07,403331,1.0,kg,Tegral Satin Creme ca ,61.0,61.0,HARINA,CHOCOLATE,2023-05-01,False,,1507,TEGRAL SATIN CREME CA,
REPOSTEARTE,2023-05-07,ND,1.0,pz,pegamento de fondant,65.0,65.0,DECORACION,,2023-05-01,False,,1508,PEGAMENTO DE FONDANT,
EL SOL FRIJOLERO,2023-05-07,,2.02,kg,huevo blanco tepa de linea,80.8,40.0,HUEVO,,2023-05-01,False,,1509,HUEVO BLANCO TEPA DE LINEA,
SINTETICO_ENTRENAMIENTO,2023-05-08,SYN-C-20230508-001,1.0,semana,AC AU800,5.56,5.56,ACEITE,,2023-05-08,True,mediana causal de 8 semanas y participacion historica por descripcion,1510,AC AU800,
SINTETICO_ENTRENAMIENTO,2023-05-08,SYN-C-20230508-002,1.0,semana,Carlos V stk,6.4,6.4,CHOCOLATE,,2023-05-08,True,mediana causal de 8 semanas y participacion historica por descripcion,1511,CARLOS V STK,
SINTETICO_ENTRENAMIENTO,2023-05-08,SYN-C-20230508-003,1.0,semana,Confitier leche TURIN,13.86,13.86,CHOCOLATE,,2023-05-08,True,mediana causal de 8 semanas y participacion historica por descripcion,1512,CONFITIER LECHE TURIN,
SINTETICO_ENTRENAMIENTO,2023-05-08,SYN-C-20230508-004,1.0,semana,Confitier semiamargo TURIN,12.98,12.98,CHOCOLATE,,2023-05-08,True,mediana causal de 8 semanas y participacion historica por descripcion,1513,CONFITIER SEMIAMARGO TURIN,
SINTETICO_ENTRENAMIENTO,2023-05-08,SYN-C-20230508-005,1.0,semana,Crema para batir ambiante 1 lt,39.76,39.76,AMBIANTE,,2023-05-08,True,mediana causal de 8 semanas y participacion historica por descripcion,1514,CREMA PARA BATIR AMBIANTE 1 LT,
SINTETICO_ENTRENAMIENTO,2023-05-08,SYN-C-20230508-006,1.0,semana,Domo mantecada 12 cavidades,4.41,4.41,EMPAQUE,,2023-05-08,True,mediana causal de 8 semanas y participacion historica por descripcion,1515,DOMO MANTECADA 12 CAVIDADES,
SINTETICO_ENTRENAMIENTO,2023-05-08,SYN-C-20230508-007,1.0,semana,Easy pastel tres leches,16.41,16.41,HARINA,VAINILLA,2023-05-08,True,mediana causal de 8 semanas y participacion historica por descripcion,1516,EASY PASTEL TRES LECHES,
SINTETICO_ENTRENAMIENTO,2023-05-08,SYN-C-20230508-008,1.0,semana,Foundant,57.43,57.43,FONDANT,,2023-05-08,True,mediana causal de 8 semanas y participacion historica por descripcion,1517,FOUNDANT,
SINTETICO_ENTRENAMIENTO,2023-05-08,SYN-C-20230508-009,1.0,semana,Granillo Turin Semi amargo,0.27,0.27,CHOCOLATE,,2023-05-08,True,mediana causal de 8 semanas y participacion historica por descripcion,1518,GRANILLO TURIN SEMI AMARGO,
SINTETICO_ENTRENAMIENTO,2023-05-08,SYN-C-20230508-010,1.0,semana,Harina piña colada espiga mix,4.14,4.14,HARINA,PIÑA COLADA,2023-05-08,True,mediana causal de 8 semanas y participacion historica por descripcion,1519,HARINA PINA COLADA ESPIGA MIX,
SINTETICO_ENTRENAMIENTO,2023-05-08,SYN-C-20230508-011,1.0,semana,Nutella chica 350 grs,25.27,25.27,RELLENO,,2023-05-08,True,mediana causal de 8 semanas y participacion historica por descripcion,1520,NUTELLA CHICA 350 GRS,
SINTETICO_ENTRENAMIENTO,2023-05-08,SYN-C-20230508-012,1.0,semana,Philly Qso,0.94,0.94,QUESO CREMA,,2023-05-08,True,mediana causal de 8 semanas y participacion historica por descripcion,1521,PHILLY QSO,
SINTETICO_ENTRENAMIENTO,2023-05-08,SYN-C-20230508-013,1.0,semana,Queso philadelphia 190g,4.39,4.39,QUESO CREMA,,2023-05-08,True,mediana causal de 8 semanas y participacion historica por descripcion,1522,QUESO PHILADELPHIA 190G,
SINTETICO_ENTRENAMIENTO,2023-05-08,SYN-C-20230508-014,1.0,semana,Relleno durazno puratos,7.78,7.78,RELLENO,,2023-05-08,True,mediana causal de 8 semanas y participacion historica por descripcion,1523,RELLENO DURAZNO PURATOS,
SINTETICO_ENTRENAMIENTO,2023-05-08,SYN-C-20230508-015,1.0,semana,Royal Icing Deiman 50,6.27,6.27,ROYALICING,,2023-05-08,True,mediana causal de 8 semanas y participacion historica por descripcion,1524,ROYAL ICING DEIMAN 50,
SINTETICO_ENTRENAMIENTO,2023-05-08,SYN-C-20230508-016,1.0,semana,Royal Icing Enco,8.48,8.48,ROYALICING,,2023-05-08,True,mediana causal de 8 semanas y participacion historica por descripcion,1525,ROYAL ICING ENCO,
SINTETICO_ENTRENAMIENTO,2023-05-08,SYN-C-20230508-017,1.0,semana,Tegral Satin Creme ca ,76.72,76.72,HARINA,CHOCOLATE,2023-05-08,True,mediana causal de 8 semanas y participacion historica por descripcion,1526,TEGRAL SATIN CREME CA,
SINTETICO_ENTRENAMIENTO,2023-05-08,SYN-C-20230508-018,1.0,semana,Tegral Satin Red Velvet Puratos,0.81,0.81,HARINA,RED VELVET,2023-05-08,True,mediana causal de 8 semanas y participacion historica por descripcion,1527,TEGRAL SATIN RED VELVET PURATOS,
SINTETICO_ENTRENAMIENTO,2023-05-08,SYN-C-20230508-019,1.0,semana,Transfer,1.12,1.12,TRANSFER,,2023-05-08,True,mediana causal de 8 semanas y participacion historica por descripcion,1528,TRANSFER,
SINTETICO_ENTRENAMIENTO,2023-05-08,SYN-C-20230508-020,1.0,semana,aceite aurrera 800,0.92,0.92,ACEITE,,2023-05-08,True,mediana causal de 8 semanas y participacion historica por descripcion,1529,ACEITE AURRERA 800,
SINTETICO_ENTRENAMIENTO,2023-05-08,SYN-C-20230508-021,1.0,semana,alambre,0.68,0.68,OTROS,,2023-05-08,True,mediana causal de 8 semanas y participacion historica por descripcion,1530,ALAMBRE,
SINTETICO_ENTRENAMIENTO,2023-05-08,SYN-C-20230508-022,1.0,semana,alegria capacillo velitas cumpl 100 pz,4.91,4.91,CAPACILLOS,,2023-05-08,True,mediana causal de 8 semanas y participacion historica por descripcion,1531,ALEGRIA CAPACILLO VELITAS CUMPL 100 PZ,
SINTETICO_ENTRENAMIENTO,2023-05-08,SYN-C-20230508-023,1.0,semana,au huevo 1,0.58,0.58,HUEVO,,2023-05-08,True,mediana causal de 8 semanas y participacion historica por descripcion,1532,AU HUEVO 1,
SINTETICO_ENTRENAMIENTO,2023-05-08,SYN-C-20230508-024,1.0,semana,base,1.51,1.51,BASES,,2023-05-08,True,mediana causal de 8 semanas y participacion historica por descripcion,1533,BASE,
SINTETICO_ENTRENAMIENTO,2023-05-08,SYN-C-20230508-025,1.0,semana,base 26 cm,1.38,1.38,BASES,,2023-05-08,True,mediana causal de 8 semanas y participacion historica por descripcion,1534,BASE 26 CM,
SINTETICO_ENTRENAMIENTO,2023-05-08,SYN-C-20230508-026,1.0,semana,base 28,1.51,1.51,BASES,,2023-05-08,True,mediana causal de 8 semanas y participacion historica por descripcion,1535,BASE 28,
SINTETICO_ENTRENAMIENTO,2023-05-08,SYN-C-20230508-027,1.0,semana,base 28 cm,1.51,1.51,BASES,,2023-05-08,True,mediana causal de 8 semanas y participacion historica por descripcion,1536,BASE 28 CM,
SINTETICO_ENTRENAMIENTO,2023-05-08,SYN-C-20230508-028,1.0,semana,base 28cm,1.36,1.36,BASES,,2023-05-08,True,mediana causal de 8 semanas y participacion historica por descripcion,1537,BASE 28CM,
SINTETICO_ENTRENAMIENTO,2023-05-08,SYN-C-20230508-029,1.0,semana,base 30 cm,4.79,4.79,BASES,,2023-05-08,True,mediana causal de 8 semanas y participacion historica por descripcion,1538,BASE 30 CM,
SINTETICO_ENTRENAMIENTO,2023-05-08,SYN-C-20230508-030,1.0,semana,base 36cm doble,6.89,6.89,BASES,,2023-05-08,True,mediana causal de 8 semanas y participacion historica por descripcion,1539,BASE 36CM DOBLE,
SINTETICO_ENTRENAMIENTO,2023-05-08,SYN-C-20230508-031,1.0,semana,base doble 32 cm,0.47,0.47,BASES,,2023-05-08,True,mediana causal de 8 semanas y participacion historica por descripcion,1540,BASE DOBLE 32 CM,
SINTETICO_ENTRENAMIENTO,2023-05-08,SYN-C-20230508-032,1.0,semana,brillo estrella,1.24,1.24,DECORACION,,2023-05-08,True,mediana causal de 8 semanas y participacion historica por descripcion,1541,BRILLO ESTRELLA,
SINTETICO_ENTRENAMIENTO,2023-05-08,SYN-C-20230508-033,1.0,semana,caja con 12 cavidades,6.52,6.52,EMPAQUE,,2023-05-08,True,mediana causal de 8 semanas y participacion historica por descripcion,1542,CAJA CON 12 CAVIDADES,
SINTETICO_ENTRENAMIENTO,2023-05-08,SYN-C-20230508-034,1.0,semana,caja cupcakes 12,0.54,0.54,EMPAQUE,,2023-05-08,True,mediana causal de 8 semanas y participacion historica por descripcion,1543,CAJA CUPCAKES 12,
SINTETICO_ENTRENAMIENTO,2023-05-08,SYN-C-20230508-035,1.0,semana,capacillo No. 72 decorado 25 pz,0.3,0.3,CAPACILLOS,,2023-05-08,True,mediana causal de 8 semanas y participacion historica por descripcion,1544,CAPACILLO NO. 72 DECORADO 25 PZ,
SINTETICO_ENTRENAMIENTO,2023-05-08,SYN-C-20230508-036,1.0,semana,capacillo no. 4 decorado 50 pz,0.48,0.48,CAPACILLOS,,2023-05-08,True,mediana causal de 8 semanas y participacion historica por descripcion,1545,CAPACILLO NO. 4 DECORADO 50 PZ,
SINTETICO_ENTRENAMIENTO,2023-05-08,SYN-C-20230508-037,1.0,semana,cereza con rabo diana,5.25,5.25,DULCERIA,,2023-05-08,True,mediana causal de 8 semanas y participacion historica por descripcion,1546,CEREZA CON RABO DIANA,
SINTETICO_ENTRENAMIENTO,2023-05-08,SYN-C-20230508-038,1.0,semana,chantilli dull,8.41,8.41,CHANTILLY,,2023-05-08,True,mediana causal de 8 semanas y participacion historica por descripcion,1547,CHANTILLI DULL,
SINTETICO_ENTRENAMIENTO,2023-05-08,SYN-C-20230508-039,1.0,semana,chantilly dulce,16.36,16.36,CHANTILLY,,2023-05-08,True,mediana causal de 8 semanas y participacion historica por descripcion,1548,CHANTILLY DULCE,
SINTETICO_ENTRENAMIENTO,2023-05-08,SYN-C-20230508-040,1.0,semana,chips blanco alpezzi,17.22,17.22,CHOCOLATE,,2023-05-08,True,mediana causal de 8 semanas y participacion historica por descripcion,1549,CHIPS BLANCO ALPEZZI,
SINTETICO_ENTRENAMIENTO,2023-05-08,SYN-C-20230508-041,1.0,semana,chips chocolate con l,15.61,15.61,CHOCOLATE,,2023-05-08,True,mediana causal de 8 semanas y participacion historica por descripcion,1550,CHIPS CHOCOLATE CON L,
SINTETICO_ENTRENAMIENTO,2023-05-08,SYN-C-20230508-042,1.0,semana,chips chocolate semi,29.97,29.97,CHOCOLATE,,2023-05-08,True,mediana causal de 8 semanas y participacion historica por descripcion,1551,CHIPS CHOCOLATE SEMI,
SINTETICO_ENTRENAMIENTO,2023-05-08,SYN-C-20230508-043,1.0,semana,chips rojo alpezzi c/,6.02,6.02,CHOCOLATE,,2023-05-08,True,mediana causal de 8 semanas y participacion historica por descripcion,1552,CHIPS ROJO ALPEZZI C/,
SINTETICO_ENTRENAMIENTO,2023-05-08,SYN-C-20230508-044,1.0,semana,confitier blanco turin,2.83,2.83,CHOCOLATE,,2023-05-08,True,mediana causal de 8 semanas y participacion historica por descripcion,1553,CONFITIER BLANCO TURIN,
SINTETICO_ENTRENAMIENTO,2023-05-08,SYN-C-20230508-045,1.0,semana,crema cacahuate suelta,4.27,4.27,OTROS,,2023-05-08,True,mediana causal de 8 semanas y participacion historica por descripcion,1554,CREMA CACAHUATE SUELTA,
SINTETICO_ENTRENAMIENTO,2023-05-08,SYN-C-20230508-046,1.0,semana,de abeja,3.17,3.17,OTROS,,2023-05-08,True,mediana causal de 8 semanas y participacion historica por descripcion,1555,DE ABEJA,
SINTETICO_ENTRENAMIENTO,2023-05-08,SYN-C-20230508-047,1.0,semana,domo 1/4 plancha,6.27,6.27,EMPAQUE,,2023-05-08,True,mediana causal de 8 semanas y participacion historica por descripcion,1556,DOMO 1/4 PLANCHA,
SINTETICO_ENTRENAMIENTO,2023-05-08,SYN-C-20230508-048,1.0,semana,domo df12a 34cm wow,2.26,2.26,EMPAQUE,,2023-05-08,True,mediana causal de 8 semanas y participacion historica por descripcion,1557,DOMO DF12A 34CM WOW,
SINTETICO_ENTRENAMIENTO,2023-05-08,SYN-C-20230508-049,1.0,semana,espatulas,5.14,5.14,HERRAMIENTA,,2023-05-08,True,mediana causal de 8 semanas y participacion historica por descripcion,1558,ESPATULAS,
SINTETICO_ENTRENAMIENTO,2023-05-08,SYN-C-20230508-050,1.0,semana,extrude,1.74,1.74,OTROS,,2023-05-08,True,mediana causal de 8 semanas y participacion historica por descripcion,1559,EXTRUDE,
SINTETICO_ENTRENAMIENTO,2023-05-08,SYN-C-20230508-051,1.0,semana,ferrero rocher T-16,1.33,1.33,CHOCOLATE,,2023-05-08,True,mediana causal de 8 semanas y participacion historica por descripcion,1560,FERRERO ROCHER T-16,
SINTETICO_ENTRENAMIENTO,2023-05-08,SYN-C-20230508-052,1.0,semana,gasolina,102.78,102.78,COMBUSTIBLE,,2023-05-08,True,mediana causal de 8 semanas y participacion historica por descripcion,1561,GASOLINA,
SINTETICO_ENTRENAMIENTO,2023-05-08,SYN-C-20230508-053,1.0,semana,gloria man,8.49,8.49,MANTEQUILLA,,2023-05-08,True,mediana causal de 8 semanas y participacion historica por descripcion,1562,GLORIA MAN,
SINTETICO_ENTRENAMIENTO,2023-05-08,SYN-C-20230508-054,1.0,semana,granillo turin blanco,0.3,0.3,CHOCOLATE,,2023-05-08,True,mediana causal de 8 semanas y participacion historica por descripcion,1563,GRANILLO TURIN BLANCO,
SINTETICO_ENTRENAMIENTO,2023-05-08,SYN-C-20230508-055,1.0,semana,granillo turin leche,0.3,0.3,CHOCOLATE,,2023-05-08,True,mediana causal de 8 semanas y participacion historica por descripcion,1564,GRANILLO TURIN LECHE,
SINTETICO_ENTRENAMIENTO,2023-05-08,SYN-C-20230508-056,1.0,semana,harina,3.11,3.11,HARINA,TRIGO,2023-05-08,True,mediana causal de 8 semanas y participacion historica por descripcion,1565,HARINA,
SINTETICO_ENTRENAMIENTO,2023-05-08,SYN-C-20230508-057,1.0,semana,harina tri,0.5,0.5,HARINA,TRIGO,2023-05-08,True,mediana causal de 8 semanas y participacion historica por descripcion,1566,HARINA TRI,
SINTETICO_ENTRENAMIENTO,2023-05-08,SYN-C-20230508-058,1.0,semana,huevo,8.25,8.25,HUEVO,,2023-05-08,True,mediana causal de 8 semanas y participacion historica por descripcion,1567,HUEVO,
SINTETICO_ENTRENAMIENTO,2023-05-08,SYN-C-20230508-059,1.0,semana,huevo blanco los altos kilo,10.71,10.71,HUEVO,,2023-05-08,True,mediana causal de 8 semanas y participacion historica por descripcion,1568,HUEVO BLANCO LOS ALTOS KILO,
SINTETICO_ENTRENAMIENTO,2023-05-08,SYN-C-20230508-060,1.0,semana,huevo blanco pz,0.07,0.07,HUEVO,,2023-05-08,True,mediana causal de 8 semanas y participacion historica por descripcion,1569,HUEVO BLANCO PZ,
SINTETICO_ENTRENAMIENTO,2023-05-08,SYN-C-20230508-061,1.0,semana,huevo blanco tepa de linea,28.84,28.84,HUEVO,,2023-05-08,True,mediana causal de 8 semanas y participacion historica por descripcion,1570,HUEVO BLANCO TEPA DE LINEA,
SINTETICO_ENTRENAMIENTO,2023-05-08,SYN-C-20230508-062,1.0,semana,huevo blanco tepa kilo,7.81,7.81,HUEVO,,2023-05-08,True,mediana causal de 8 semanas y participacion historica por descripcion,1571,HUEVO BLANCO TEPA KILO,
SINTETICO_ENTRENAMIENTO,2023-05-08,SYN-C-20230508-063,1.0,semana,iberia 90,1.88,1.88,MANTEQUILLA,,2023-05-08,True,mediana causal de 8 semanas y participacion historica por descripcion,1572,IBERIA 90,
SINTETICO_ENTRENAMIENTO,2023-05-08,SYN-C-20230508-064,1.0,semana,ilegible (roods),0.46,0.46,OTROS,,2023-05-08,True,mediana causal de 8 semanas y participacion historica por descripcion,1573,ILEGIBLE (ROODS),
SINTETICO_ENTRENAMIENTO,2023-05-08,SYN-C-20230508-065,1.0,semana,inix contenedor mantecadas 25 pz,22.5,22.5,EMPAQUE,,2023-05-08,True,mediana causal de 8 semanas y participacion historica por descripcion,1574,INIX CONTENEDOR MANTECADAS 25 PZ,
SINTETICO_ENTRENAMIENTO,2023-05-08,SYN-C-20230508-066,1.0,semana,kisses leche choc bl 807 gr,2.32,2.32,CHOCOLATE,,2023-05-08,True,mediana causal de 8 semanas y participacion historica por descripcion,1575,KISSES LECHE CHOC BL 807 GR,
SINTETICO_ENTRENAMIENTO,2023-05-08,SYN-C-20230508-067,1.0,semana,lechera suelta,7.78,7.78,LECHERA,,2023-05-08,True,mediana causal de 8 semanas y participacion historica por descripcion,1576,LECHERA SUELTA,
SINTETICO_ENTRENAMIENTO,2023-05-08,SYN-C-20230508-068,1.0,semana,manga n.12,0.3,0.3,CONSUMIBLES,,2023-05-08,True,mediana causal de 8 semanas y participacion historica por descripcion,1577,MANGA N.12,
SINTETICO_ENTRENAMIENTO,2023-05-08,SYN-C-20230508-069,1.0,semana,marg245gr,3.39,3.39,MANTEQUILLA,,2023-05-08,True,mediana causal de 8 semanas y participacion historica por descripcion,1578,MARG245GR,
SINTETICO_ENTRENAMIENTO,2023-05-08,SYN-C-20230508-070,1.0,semana,matizador,8.15,8.15,DECORACION,,2023-05-08,True,mediana causal de 8 semanas y participacion historica por descripcion,1579,MATIZADOR,
SINTETICO_ENTRENAMIENTO,2023-05-08,SYN-C-20230508-071,1.0,semana,molde f#18,6.78,6.78,HERRAMIENTA,,2023-05-08,True,mediana causal de 8 semanas y participacion historica por descripcion,1580,MOLDE F#18,
SINTETICO_ENTRENAMIENTO,2023-05-08,SYN-C-20230508-072,1.0,semana,molde para chocolate,0.24,0.24,HERRAMIENTA,,2023-05-08,True,mediana causal de 8 semanas y participacion historica por descripcion,1581,MOLDE PARA CHOCOLATE,
SINTETICO_ENTRENAMIENTO,2023-05-08,SYN-C-20230508-073,1.0,semana,nido f 120,0.3,0.3,LECHE EN POLVO,,2023-05-08,True,mediana causal de 8 semanas y participacion historica por descripcion,1582,NIDO F 120,
SINTETICO_ENTRENAMIENTO,2023-05-08,SYN-C-20230508-074,1.0,semana,nuez,6.56,6.56,RELLENO,,2023-05-08,True,mediana causal de 8 semanas y participacion historica por descripcion,1583,NUEZ,
SINTETICO_ENTRENAMIENTO,2023-05-08,SYN-C-20230508-075,1.0,semana,nutella grande 650 gr,11.19,11.19,RELLENO,,2023-05-08,True,mediana causal de 8 semanas y participacion historica por descripcion,1584,NUTELLA GRANDE 650 GR,
SINTETICO_ENTRENAMIENTO,2023-05-08,SYN-C-20230508-076,1.0,semana,oblea arroz,10.73,10.73,TRANSFER,,2023-05-08,True,mediana causal de 8 semanas y participacion historica por descripcion,1585,OBLEA ARROZ,
SINTETICO_ENTRENAMIENTO,2023-05-08,SYN-C-20230508-077,1.0,semana,oreo 273.6,0.28,0.28,GALLETAS,,2023-05-08,True,mediana causal de 8 semanas y participacion historica por descripcion,1586,OREO 273.6,
SINTETICO_ENTRENAMIENTO,2023-05-08,SYN-C-20230508-078,1.0,semana,peaje,9.28,9.28,CASETAS,,2023-05-08,True,mediana causal de 8 semanas y participacion historica por descripcion,1587,PEAJE,
SINTETICO_ENTRENAMIENTO,2023-05-08,SYN-C-20230508-079,1.0,semana,pegamento de fondant,7.35,7.35,DECORACION,,2023-05-08,True,mediana causal de 8 semanas y participacion historica por descripcion,1588,PEGAMENTO DE FONDANT,
SINTETICO_ENTRENAMIENTO,2023-05-08,SYN-C-20230508-080,1.0,semana,perlas,0.66,0.66,DECORACION,,2023-05-08,True,mediana causal de 8 semanas y participacion historica por descripcion,1589,PERLAS,
SINTETICO_ENTRENAMIENTO,2023-05-08,SYN-C-20230508-081,1.0,semana,perlitas,3.96,3.96,DECORACION,,2023-05-08,True,mediana causal de 8 semanas y participacion historica por descripcion,1590,PERLITAS,
SINTETICO_ENTRENAMIENTO,2023-05-08,SYN-C-20230508-082,1.0,semana,pincel,0.12,0.12,HERRAMIENTA,,2023-05-08,True,mediana causal de 8 semanas y participacion historica por descripcion,1591,PINCEL,
SINTETICO_ENTRENAMIENTO,2023-05-08,SYN-C-20230508-083,1.0,semana,pro 2 pack,0.25,0.25,OTROS,,2023-05-08,True,mediana causal de 8 semanas y participacion historica por descripcion,1592,PRO 2 PACK,
SINTETICO_ENTRENAMIENTO,2023-05-08,SYN-C-20230508-084,1.0,semana,puratos fruitfil fresa 1 kg,0.68,0.68,RELLENO,,2023-05-08,True,mediana causal de 8 semanas y participacion historica por descripcion,1593,PURATOS FRUITFIL FRESA 1 KG,
SINTETICO_ENTRENAMIENTO,2023-05-08,SYN-C-20230508-085,1.0,semana,queso crema suelto,19.44,19.44,QUESO CREMA,,2023-05-08,True,mediana causal de 8 semanas y participacion historica por descripcion,1594,QUESO CREMA SUELTO,
SINTETICO_ENTRENAMIENTO,2023-05-08,SYN-C-20230508-086,1.0,semana,raspa,5.64,5.64,HERRAMIENTA,,2023-05-08,True,mediana causal de 8 semanas y participacion historica por descripcion,1595,RASPA,
SINTETICO_ENTRENAMIENTO,2023-05-08,SYN-C-20230508-087,1.0,semana,relleno coco,4.39,4.39,RELLENO,,2023-05-08,True,mediana causal de 8 semanas y participacion historica por descripcion,1596,RELLENO COCO,
SINTETICO_ENTRENAMIENTO,2023-05-08,SYN-C-20230508-088,1.0,semana,relleno zarzamora puratos,0.64,0.64,RELLENO,,2023-05-08,True,mediana causal de 8 semanas y participacion historica por descripcion,1597,RELLENO ZARZAMORA PURATOS,
SINTETICO_ENTRENAMIENTO,2023-05-08,SYN-C-20230508-089,1.0,semana,san juan hvo,9.61,9.61,HUEVO,,2023-05-08,True,mediana causal de 8 semanas y participacion historica por descripcion,1598,SAN JUAN HVO,
SINTETICO_ENTRENAMIENTO,2023-05-08,SYN-C-20230508-090,1.0,semana,santa clar,16.18,16.18,OTROS,,2023-05-08,True,mediana causal de 8 semanas y participacion historica por descripcion,1599,SANTA CLAR,
SINTETICO_ENTRENAMIENTO,2023-05-08,SYN-C-20230508-091,1.0,semana,wyborowa,18.69,18.69,LICORES,,2023-05-08,True,mediana causal de 8 semanas y participacion historica por descripcion,1600,WYBOROWA,
SINTETICO_ENTRENAMIENTO,2023-05-08,SYN-C-20230508-092,1.0,semana,yahel platano 500gr,5.49,5.49,NO DEFINIDO,,2023-05-08,True,mediana causal de 8 semanas y participacion historica por descripcion,1601,YAHEL PLATANO 500GR,
SINTETICO_ENTRENAMIENTO,2023-05-08,SYN-C-20230508-093,1.0,semana,zulka glass,1.67,1.67,AZUCAR,GLASS,2023-05-08,True,mediana causal de 8 semanas y participacion historica por descripcion,1602,ZULKA GLASS,
REPOSTEARTE,2023-05-18,ND,1.0,pz,base 26 cm,10.0,10.0,BASES,,2023-05-15,False,,1603,BASE 26 CM,
REPOSTEARTE,2023-05-18,ND,1.0,pz,Transfer,45.0,45.0,TRANSFER,,2023-05-15,False,,1604,TRANSFER,
MEGA PLAST,2023-05-23,406026,1.0,kg,Tegral Satin Red Velvet Puratos,65.0,65.0,HARINA,RED VELVET,2023-05-22,False,,1605,TEGRAL SATIN RED VELVET PURATOS,
MEGA PLAST,2023-05-23,406026,1.0,pz,ferrero,15.0,15.0,CHOCOLATE,,2023-05-22,False,,1606,FERRERO,
CRAVIOTO,2023-05-24,15631,16.0,pz,ferrero rocher ,106.98,6.6863,CHOCOLATE,,2023-05-22,False,,1607,FERRERO ROCHER,
B. AURRERA,2023-05-26,,1.0,pz,Queso philadelphia 190g,36.5,36.5,QUESO CREMA,,2023-05-22,False,,1608,QUESO PHILADELPHIA 190G,
GASOLINERIA,2023-05-26,,20.0,lts,gasolina,419.8,20.99,COMBUSTIBLE,,2023-05-22,False,,1609,GASOLINA,
B. AURRERA,2023-05-26,,1.0,paq,chocolate,49.0,49.0,CHOCOLATE,,2023-05-22,False,,1610,CHOCOLATE,
B. AURRERA,2023-05-26,,1.0,paq,kisses leche,77.0,77.0,CHOCOLATE,,2023-05-22,False,,1611,KISSES LECHE,
GASOLINERIA,2023-05-26,,10.0,lts,gas LP,90.2,9.02,COMBUSTIBLE,,2023-05-22,False,,1612,GAS LP,
B. AURRERA,2023-05-26,,1.0,kg,chantilly dulce,69.0,69.0,CHANTILLY,,2023-05-22,False,,1613,CHANTILLY DULCE,
FSM Paseos del Bosque,2023-05-27,,2.0,pz,guante esteril-par (latex),30.0,15.0,CONSUMIBLES,,2023-05-22,False,,1614,GUANTE ESTERIL-PAR (LATEX),
FSM Paseos del Bosque,2023-05-27,,2.0,pz,cubreboca tricapa negro y de ,10.0,5.0,CONSUMIBLES,,2023-05-22,False,,1615,CUBREBOCA TRICAPA NEGRO Y DE,
FSM Paseos del Bosque,2023-05-27,,2.0,pz,cofia,6.0,3.0,CONSUMIBLES,,2023-05-22,False,,1616,COFIA,
MEGA PLAST,2023-05-28,406780,1.0,pz,mantequilla gloria 22,58.0,58.0,MANTEQUILLA,,2023-05-22,False,,1617,MANTEQUILLA GLORIA 22,
MEGA PLAST,2023-05-28,406780,2.0,kg,Tegral Satin Creme ca ,102.0,51.0,HARINA,VAINILLA,2023-05-22,False,,1618,TEGRAL SATIN CREME CA,
MEGA PLAST,2023-05-28,406780,1.0,pz,Crema para batir ambiante 1 lt,65.0,65.0,AMBIANTE,,2023-05-22,False,,1619,CREMA PARA BATIR AMBIANTE 1 LT,
MEGA PLAST,2023-05-28,406780,500.0,g,chips blanco alpezzi,75.0,150.0,CHOCOLATE,,2023-05-22,False,,1620,CHIPS BLANCO ALPEZZI,
MEGA PLAST,2023-05-28,406780,1.0,kg,chips chocolate semi,97.0,97.0,CHOCOLATE,,2023-05-22,False,,1621,CHIPS CHOCOLATE SEMI,
MEGA PLAST,2023-05-28,406780,100.0,g,Confitier semiamargo TURIN,22.0,220.0,CHOCOLATE,,2023-05-22,False,,1622,CONFITIER SEMIAMARGO TURIN,
MEGA PLAST,2023-05-28,406780,1.0,pz,nutella grande 650 gr,99.0,99.0,RELLENO,,2023-05-22,False,,1623,NUTELLA GRANDE 650 GR,
MEGA PLAST,2023-05-28,406780,100.0,g,chips rojo alpezzi c/,15.0,150.0,CHOCOLATE,,2023-05-22,False,,1624,CHIPS ROJO ALPEZZI C/,
REPOSTEARTE,2023-05-28,ND,2.0,kg,Foundant,166.0,83.0,FONDANT,,2023-05-22,False,,1625,FOUNDANT,
REPOSTEARTE,2023-05-28,ND,1.0,pz,base 36 doble,50.0,50.0,BASES,,2023-05-22,False,,1626,BASE 36 DOBLE,
REPOSTEARTE,2023-05-30,ND,2.0,pz,base 26 cm,20.0,10.0,BASES,,2023-05-29,False,,1627,BASE 26 CM,
ESTRELLA,2023-05-30,,100.0,g,ilegible (glatea),7.0,70.0,OTROS,,2023-05-29,False,,1628,ILEGIBLE (GLATEA),
ESTRELLA,2023-05-30,,2.0,pz,molde,60.0,30.0,HERRAMIENTA,,2023-05-29,False,,1629,MOLDE,
B. AURRERA,2023-06-09,,1.0,paq,kisses rojo,50.0,50.0,CHOCOLATE,,2023-06-05,False,,1630,KISSES ROJO,
REPOSTEARTE,2023-06-10,ND,2.0,pz,entrepisos,28.0,14.0,BASES,,2023-06-05,False,,1631,ENTREPISOS,
REPOSTEARTE,2023-06-10,ND,1.0,kg,Foundant,83.0,83.0,FONDANT,,2023-06-05,False,,1632,FOUNDANT,
REPOSTEARTE,2023-06-10,ND,2.0,pz,caja con 12 cavidades,52.0,26.0,EMPAQUE,,2023-06-05,False,,1633,CAJA CON 12 CAVIDADES,
B. AURRERA,2023-06-17,,1.0,paq,chantilly dulce,69.0,69.0,CHANTILLY,,2023-06-12,False,,1634,CHANTILLY DULCE,
SINTETICO_ENTRENAMIENTO,2023-06-19,SYN-C-20230619-001,1.0,semana,AC AU800,0.39,0.39,ACEITE,,2023-06-19,True,mediana causal de 8 semanas y participacion historica por descripcion,1635,AC AU800,
SINTETICO_ENTRENAMIENTO,2023-06-19,SYN-C-20230619-002,1.0,semana,Carlos V stk,0.45,0.45,CHOCOLATE,,2023-06-19,True,mediana causal de 8 semanas y participacion historica por descripcion,1636,CARLOS V STK,
SINTETICO_ENTRENAMIENTO,2023-06-19,SYN-C-20230619-003,1.0,semana,Confitier leche TURIN,0.98,0.98,CHOCOLATE,,2023-06-19,True,mediana causal de 8 semanas y participacion historica por descripcion,1637,CONFITIER LECHE TURIN,
SINTETICO_ENTRENAMIENTO,2023-06-19,SYN-C-20230619-004,1.0,semana,Confitier semiamargo TURIN,4.01,4.01,CHOCOLATE,,2023-06-19,True,mediana causal de 8 semanas y participacion historica por descripcion,1638,CONFITIER SEMIAMARGO TURIN,
SINTETICO_ENTRENAMIENTO,2023-06-19,SYN-C-20230619-005,1.0,semana,Crema para batir ambiante 1 lt,16.68,16.68,AMBIANTE,,2023-06-19,True,mediana causal de 8 semanas y participacion historica por descripcion,1639,CREMA PARA BATIR AMBIANTE 1 LT,
SINTETICO_ENTRENAMIENTO,2023-06-19,SYN-C-20230619-006,1.0,semana,Domo mantecada 12 cavidades,0.31,0.31,EMPAQUE,,2023-06-19,True,mediana causal de 8 semanas y participacion historica por descripcion,1640,DOMO MANTECADA 12 CAVIDADES,
SINTETICO_ENTRENAMIENTO,2023-06-19,SYN-C-20230619-007,1.0,semana,Easy pastel tres leches,1.16,1.16,HARINA,VAINILLA,2023-06-19,True,mediana causal de 8 semanas y participacion historica por descripcion,1641,EASY PASTEL TRES LECHES,
SINTETICO_ENTRENAMIENTO,2023-06-19,SYN-C-20230619-008,1.0,semana,Foundant,27.44,27.44,FONDANT,,2023-06-19,True,mediana causal de 8 semanas y participacion historica por descripcion,1642,FOUNDANT,
SINTETICO_ENTRENAMIENTO,2023-06-19,SYN-C-20230619-009,1.0,semana,Granillo Turin Semi amargo,0.02,0.02,CHOCOLATE,,2023-06-19,True,mediana causal de 8 semanas y participacion historica por descripcion,1643,GRANILLO TURIN SEMI AMARGO,
SINTETICO_ENTRENAMIENTO,2023-06-19,SYN-C-20230619-010,1.0,semana,Harina piña colada espiga mix,0.29,0.29,HARINA,PIÑA COLADA,2023-06-19,True,mediana causal de 8 semanas y participacion historica por descripcion,1644,HARINA PINA COLADA ESPIGA MIX,
SINTETICO_ENTRENAMIENTO,2023-06-19,SYN-C-20230619-011,1.0,semana,Nutella chica 350 grs,1.78,1.78,RELLENO,,2023-06-19,True,mediana causal de 8 semanas y participacion historica por descripcion,1645,NUTELLA CHICA 350 GRS,
SINTETICO_ENTRENAMIENTO,2023-06-19,SYN-C-20230619-012,1.0,semana,Philly Qso,0.07,0.07,QUESO CREMA,,2023-06-19,True,mediana causal de 8 semanas y participacion historica por descripcion,1646,PHILLY QSO,
SINTETICO_ENTRENAMIENTO,2023-06-19,SYN-C-20230619-013,1.0,semana,Queso philadelphia 190g,5.35,5.35,QUESO CREMA,,2023-06-19,True,mediana causal de 8 semanas y participacion historica por descripcion,1647,QUESO PHILADELPHIA 190G,
SINTETICO_ENTRENAMIENTO,2023-06-19,SYN-C-20230619-014,1.0,semana,Relleno durazno puratos,0.55,0.55,RELLENO,,2023-06-19,True,mediana causal de 8 semanas y participacion historica por descripcion,1648,RELLENO DURAZNO PURATOS,
SINTETICO_ENTRENAMIENTO,2023-06-19,SYN-C-20230619-015,1.0,semana,Royal Icing Deiman 50,0.44,0.44,ROYALICING,,2023-06-19,True,mediana causal de 8 semanas y participacion historica por descripcion,1649,ROYAL ICING DEIMAN 50,
SINTETICO_ENTRENAMIENTO,2023-06-19,SYN-C-20230619-016,1.0,semana,Royal Icing Enco,5.88,5.88,ROYALICING,,2023-06-19,True,mediana causal de 8 semanas y participacion historica por descripcion,1650,ROYAL ICING ENCO,
SINTETICO_ENTRENAMIENTO,2023-06-19,SYN-C-20230619-017,1.0,semana,Tegral Satin Creme ca ,25.77,25.77,HARINA,VAINILLA,2023-06-19,True,mediana causal de 8 semanas y participacion historica por descripcion,1651,TEGRAL SATIN CREME CA,
SINTETICO_ENTRENAMIENTO,2023-06-19,SYN-C-20230619-018,1.0,semana,Tegral Satin Red Velvet Puratos,4.64,4.64,HARINA,RED VELVET,2023-06-19,True,mediana causal de 8 semanas y participacion historica por descripcion,1652,TEGRAL SATIN RED VELVET PURATOS,
SINTETICO_ENTRENAMIENTO,2023-06-19,SYN-C-20230619-019,1.0,semana,Transfer,3.25,3.25,TRANSFER,,2023-06-19,True,mediana causal de 8 semanas y participacion historica por descripcion,1653,TRANSFER,
SINTETICO_ENTRENAMIENTO,2023-06-19,SYN-C-20230619-020,1.0,semana,aceite aurrera 800,0.06,0.06,ACEITE,,2023-06-19,True,mediana causal de 8 semanas y participacion historica por descripcion,1654,ACEITE AURRERA 800,
SINTETICO_ENTRENAMIENTO,2023-06-19,SYN-C-20230619-021,1.0,semana,alambre,0.05,0.05,OTROS,,2023-06-19,True,mediana causal de 8 semanas y participacion historica por descripcion,1655,ALAMBRE,
SINTETICO_ENTRENAMIENTO,2023-06-19,SYN-C-20230619-022,1.0,semana,alegria capacillo velitas cumpl 100 pz,0.35,0.35,CAPACILLOS,,2023-06-19,True,mediana causal de 8 semanas y participacion historica por descripcion,1656,ALEGRIA CAPACILLO VELITAS CUMPL 100 PZ,
SINTETICO_ENTRENAMIENTO,2023-06-19,SYN-C-20230619-023,1.0,semana,au huevo 1,0.04,0.04,HUEVO,,2023-06-19,True,mediana causal de 8 semanas y participacion historica por descripcion,1657,AU HUEVO 1,
SINTETICO_ENTRENAMIENTO,2023-06-19,SYN-C-20230619-024,1.0,semana,base,0.11,0.11,BASES,,2023-06-19,True,mediana causal de 8 semanas y participacion historica por descripcion,1658,BASE,
SINTETICO_ENTRENAMIENTO,2023-06-19,SYN-C-20230619-025,1.0,semana,base 26 cm,2.21,2.21,BASES,,2023-06-19,True,mediana causal de 8 semanas y participacion historica por descripcion,1659,BASE 26 CM,
SINTETICO_ENTRENAMIENTO,2023-06-19,SYN-C-20230619-026,1.0,semana,base 28,0.11,0.11,BASES,,2023-06-19,True,mediana causal de 8 semanas y participacion historica por descripcion,1660,BASE 28,
SINTETICO_ENTRENAMIENTO,2023-06-19,SYN-C-20230619-027,1.0,semana,base 28 cm,0.11,0.11,BASES,,2023-06-19,True,mediana causal de 8 semanas y participacion historica por descripcion,1661,BASE 28 CM,
SINTETICO_ENTRENAMIENTO,2023-06-19,SYN-C-20230619-028,1.0,semana,base 28cm,0.94,0.94,BASES,,2023-06-19,True,mediana causal de 8 semanas y participacion historica por descripcion,1662,BASE 28CM,
SINTETICO_ENTRENAMIENTO,2023-06-19,SYN-C-20230619-029,1.0,semana,base 30 cm,1.18,1.18,BASES,,2023-06-19,True,mediana causal de 8 semanas y participacion historica por descripcion,1663,BASE 30 CM,
SINTETICO_ENTRENAMIENTO,2023-06-19,SYN-C-20230619-030,1.0,semana,base 36 doble,3.52,3.52,BASES,,2023-06-19,True,mediana causal de 8 semanas y participacion historica por descripcion,1664,BASE 36 DOBLE,
SINTETICO_ENTRENAMIENTO,2023-06-19,SYN-C-20230619-031,1.0,semana,base 36cm doble,0.49,0.49,BASES,,2023-06-19,True,mediana causal de 8 semanas y participacion historica por descripcion,1665,BASE 36CM DOBLE,
SINTETICO_ENTRENAMIENTO,2023-06-19,SYN-C-20230619-032,1.0,semana,base doble 32 cm,0.03,0.03,BASES,,2023-06-19,True,mediana causal de 8 semanas y participacion historica por descripcion,1666,BASE DOBLE 32 CM,
SINTETICO_ENTRENAMIENTO,2023-06-19,SYN-C-20230619-033,1.0,semana,brillo estrella,0.09,0.09,DECORACION,,2023-06-19,True,mediana causal de 8 semanas y participacion historica por descripcion,1667,BRILLO ESTRELLA,
SINTETICO_ENTRENAMIENTO,2023-06-19,SYN-C-20230619-034,1.0,semana,caja con 12 cavidades,4.12,4.12,EMPAQUE,,2023-06-19,True,mediana causal de 8 semanas y participacion historica por descripcion,1668,CAJA CON 12 CAVIDADES,
SINTETICO_ENTRENAMIENTO,2023-06-19,SYN-C-20230619-035,1.0,semana,caja cupcakes 12,0.04,0.04,EMPAQUE,,2023-06-19,True,mediana causal de 8 semanas y participacion historica por descripcion,1669,CAJA CUPCAKES 12,
SINTETICO_ENTRENAMIENTO,2023-06-19,SYN-C-20230619-036,1.0,semana,capacillo No. 72 decorado 25 pz,0.02,0.02,CAPACILLOS,,2023-06-19,True,mediana causal de 8 semanas y participacion historica por descripcion,1670,CAPACILLO NO. 72 DECORADO 25 PZ,
SINTETICO_ENTRENAMIENTO,2023-06-19,SYN-C-20230619-037,1.0,semana,capacillo no. 4 decorado 50 pz,0.03,0.03,CAPACILLOS,,2023-06-19,True,mediana causal de 8 semanas y participacion historica por descripcion,1671,CAPACILLO NO. 4 DECORADO 50 PZ,
SINTETICO_ENTRENAMIENTO,2023-06-19,SYN-C-20230619-038,1.0,semana,cereza con rabo diana,0.37,0.37,DULCERIA,,2023-06-19,True,mediana causal de 8 semanas y participacion historica por descripcion,1672,CEREZA CON RABO DIANA,
SINTETICO_ENTRENAMIENTO,2023-06-19,SYN-C-20230619-039,1.0,semana,chantilli dull,0.59,0.59,CHANTILLY,,2023-06-19,True,mediana causal de 8 semanas y participacion historica por descripcion,1673,CHANTILLI DULL,
SINTETICO_ENTRENAMIENTO,2023-06-19,SYN-C-20230619-040,1.0,semana,chantilly dulce,15.74,15.74,CHANTILLY,,2023-06-19,True,mediana causal de 8 semanas y participacion historica por descripcion,1674,CHANTILLY DULCE,
SINTETICO_ENTRENAMIENTO,2023-06-19,SYN-C-20230619-041,1.0,semana,chips blanco alpezzi,14.88,14.88,CHOCOLATE,,2023-06-19,True,mediana causal de 8 semanas y participacion historica por descripcion,1675,CHIPS BLANCO ALPEZZI,
SINTETICO_ENTRENAMIENTO,2023-06-19,SYN-C-20230619-042,1.0,semana,chips chocolate con l,1.1,1.1,CHOCOLATE,,2023-06-19,True,mediana causal de 8 semanas y participacion historica por descripcion,1676,CHIPS CHOCOLATE CON L,
SINTETICO_ENTRENAMIENTO,2023-06-19,SYN-C-20230619-043,1.0,semana,chips chocolate semi,8.95,8.95,CHOCOLATE,,2023-06-19,True,mediana causal de 8 semanas y participacion historica por descripcion,1677,CHIPS CHOCOLATE SEMI,
SINTETICO_ENTRENAMIENTO,2023-06-19,SYN-C-20230619-044,1.0,semana,chips rojo alpezzi c/,1.48,1.48,CHOCOLATE,,2023-06-19,True,mediana causal de 8 semanas y participacion historica por descripcion,1678,CHIPS ROJO ALPEZZI C/,
SINTETICO_ENTRENAMIENTO,2023-06-19,SYN-C-20230619-045,1.0,semana,chocolate,3.45,3.45,CHOCOLATE,,2023-06-19,True,mediana causal de 8 semanas y participacion historica por descripcion,1679,CHOCOLATE,
SINTETICO_ENTRENAMIENTO,2023-06-19,SYN-C-20230619-046,1.0,semana,cofia,0.42,0.42,CONSUMIBLES,,2023-06-19,True,mediana causal de 8 semanas y participacion historica por descripcion,1680,COFIA,
SINTETICO_ENTRENAMIENTO,2023-06-19,SYN-C-20230619-047,1.0,semana,confitier blanco turin,1.96,1.96,CHOCOLATE,,2023-06-19,True,mediana causal de 8 semanas y participacion historica por descripcion,1681,CONFITIER BLANCO TURIN,
SINTETICO_ENTRENAMIENTO,2023-06-19,SYN-C-20230619-048,1.0,semana,crema cacahuate suelta,0.3,0.3,OTROS,,2023-06-19,True,mediana causal de 8 semanas y participacion historica por descripcion,1682,CREMA CACAHUATE SUELTA,
SINTETICO_ENTRENAMIENTO,2023-06-19,SYN-C-20230619-049,1.0,semana,cubreboca tricapa negro y de ,0.7,0.7,CONSUMIBLES,,2023-06-19,True,mediana causal de 8 semanas y participacion historica por descripcion,1683,CUBREBOCA TRICAPA NEGRO Y DE,
SINTETICO_ENTRENAMIENTO,2023-06-19,SYN-C-20230619-050,1.0,semana,de abeja,0.22,0.22,OTROS,,2023-06-19,True,mediana causal de 8 semanas y participacion historica por descripcion,1684,DE ABEJA,
SINTETICO_ENTRENAMIENTO,2023-06-19,SYN-C-20230619-051,1.0,semana,domo 1/4 plancha,0.44,0.44,EMPAQUE,,2023-06-19,True,mediana causal de 8 semanas y participacion historica por descripcion,1685,DOMO 1/4 PLANCHA,
SINTETICO_ENTRENAMIENTO,2023-06-19,SYN-C-20230619-052,1.0,semana,domo df12a 34cm wow,0.16,0.16,EMPAQUE,,2023-06-19,True,mediana causal de 8 semanas y participacion historica por descripcion,1686,DOMO DF12A 34CM WOW,
SINTETICO_ENTRENAMIENTO,2023-06-19,SYN-C-20230619-053,1.0,semana,entrepisos,1.97,1.97,BASES,,2023-06-19,True,mediana causal de 8 semanas y participacion historica por descripcion,1687,ENTREPISOS,
SINTETICO_ENTRENAMIENTO,2023-06-19,SYN-C-20230619-054,1.0,semana,espatulas,0.36,0.36,HERRAMIENTA,,2023-06-19,True,mediana causal de 8 semanas y participacion historica por descripcion,1688,ESPATULAS,
SINTETICO_ENTRENAMIENTO,2023-06-19,SYN-C-20230619-055,1.0,semana,extrude,0.12,0.12,OTROS,,2023-06-19,True,mediana causal de 8 semanas y participacion historica por descripcion,1689,EXTRUDE,
SINTETICO_ENTRENAMIENTO,2023-06-19,SYN-C-20230619-056,1.0,semana,ferrero,1.06,1.06,CHOCOLATE,,2023-06-19,True,mediana causal de 8 semanas y participacion historica por descripcion,1690,FERRERO,
SINTETICO_ENTRENAMIENTO,2023-06-19,SYN-C-20230619-057,1.0,semana,ferrero rocher ,7.54,7.54,CHOCOLATE,,2023-06-19,True,mediana causal de 8 semanas y participacion historica por descripcion,1691,FERRERO ROCHER,
SINTETICO_ENTRENAMIENTO,2023-06-19,SYN-C-20230619-058,1.0,semana,ferrero rocher T-16,0.09,0.09,CHOCOLATE,,2023-06-19,True,mediana causal de 8 semanas y participacion historica por descripcion,1692,FERRERO ROCHER T-16,
SINTETICO_ENTRENAMIENTO,2023-06-19,SYN-C-20230619-059,1.0,semana,gas LP,6.36,6.36,COMBUSTIBLE,,2023-06-19,True,mediana causal de 8 semanas y participacion historica por descripcion,1693,GAS LP,
SINTETICO_ENTRENAMIENTO,2023-06-19,SYN-C-20230619-060,1.0,semana,gasolina,67.27,67.27,COMBUSTIBLE,,2023-06-19,True,mediana causal de 8 semanas y participacion historica por descripcion,1694,GASOLINA,
SINTETICO_ENTRENAMIENTO,2023-06-19,SYN-C-20230619-061,1.0,semana,gloria man,0.6,0.6,MANTEQUILLA,,2023-06-19,True,mediana causal de 8 semanas y participacion historica por descripcion,1695,GLORIA MAN,
SINTETICO_ENTRENAMIENTO,2023-06-19,SYN-C-20230619-062,1.0,semana,granillo turin blanco,0.02,0.02,CHOCOLATE,,2023-06-19,True,mediana causal de 8 semanas y participacion historica por descripcion,1696,GRANILLO TURIN BLANCO,
SINTETICO_ENTRENAMIENTO,2023-06-19,SYN-C-20230619-063,1.0,semana,granillo turin leche,0.02,0.02,CHOCOLATE,,2023-06-19,True,mediana causal de 8 semanas y participacion historica por descripcion,1697,GRANILLO TURIN LECHE,
SINTETICO_ENTRENAMIENTO,2023-06-19,SYN-C-20230619-064,1.0,semana,guante esteril-par (latex),2.11,2.11,CONSUMIBLES,,2023-06-19,True,mediana causal de 8 semanas y participacion historica por descripcion,1698,GUANTE ESTERIL-PAR (LATEX),
SINTETICO_ENTRENAMIENTO,2023-06-19,SYN-C-20230619-065,1.0,semana,harina,0.22,0.22,HARINA,TRIGO,2023-06-19,True,mediana causal de 8 semanas y participacion historica por descripcion,1699,HARINA,
SINTETICO_ENTRENAMIENTO,2023-06-19,SYN-C-20230619-066,1.0,semana,harina tri,0.04,0.04,HARINA,TRIGO,2023-06-19,True,mediana causal de 8 semanas y participacion historica por descripcion,1700,HARINA TRI,
SINTETICO_ENTRENAMIENTO,2023-06-19,SYN-C-20230619-067,1.0,semana,huevo,5.72,5.72,HUEVO,,2023-06-19,True,mediana causal de 8 semanas y participacion historica por descripcion,1701,HUEVO,
SINTETICO_ENTRENAMIENTO,2023-06-19,SYN-C-20230619-068,1.0,semana,huevo blanco los altos kilo,0.75,0.75,HUEVO,,2023-06-19,True,mediana causal de 8 semanas y participacion historica por descripcion,1702,HUEVO BLANCO LOS ALTOS KILO,
SINTETICO_ENTRENAMIENTO,2023-06-19,SYN-C-20230619-069,1.0,semana,huevo blanco pz,0.0,0.0,HUEVO,,2023-06-19,True,mediana causal de 8 semanas y participacion historica por descripcion,1703,HUEVO BLANCO PZ,
SINTETICO_ENTRENAMIENTO,2023-06-19,SYN-C-20230619-070,1.0,semana,huevo blanco tepa de linea,7.73,7.73,HUEVO,,2023-06-19,True,mediana causal de 8 semanas y participacion historica por descripcion,1704,HUEVO BLANCO TEPA DE LINEA,
SINTETICO_ENTRENAMIENTO,2023-06-19,SYN-C-20230619-071,1.0,semana,huevo blanco tepa kilo,5.42,5.42,HUEVO,,2023-06-19,True,mediana causal de 8 semanas y participacion historica por descripcion,1705,HUEVO BLANCO TEPA KILO,
SINTETICO_ENTRENAMIENTO,2023-06-19,SYN-C-20230619-072,1.0,semana,iberia 90,0.13,0.13,MANTEQUILLA,,2023-06-19,True,mediana causal de 8 semanas y participacion historica por descripcion,1706,IBERIA 90,
SINTETICO_ENTRENAMIENTO,2023-06-19,SYN-C-20230619-073,1.0,semana,ilegible (glatea),0.49,0.49,OTROS,,2023-06-19,True,mediana causal de 8 semanas y participacion historica por descripcion,1707,ILEGIBLE (GLATEA),
SINTETICO_ENTRENAMIENTO,2023-06-19,SYN-C-20230619-074,1.0,semana,ilegible (roods),0.03,0.03,OTROS,,2023-06-19,True,mediana causal de 8 semanas y participacion historica por descripcion,1708,ILEGIBLE (ROODS),
SINTETICO_ENTRENAMIENTO,2023-06-19,SYN-C-20230619-075,1.0,semana,inix contenedor mantecadas 25 pz,1.59,1.59,EMPAQUE,,2023-06-19,True,mediana causal de 8 semanas y participacion historica por descripcion,1709,INIX CONTENEDOR MANTECADAS 25 PZ,
SINTETICO_ENTRENAMIENTO,2023-06-19,SYN-C-20230619-076,1.0,semana,kisses leche,5.43,5.43,CHOCOLATE,,2023-06-19,True,mediana causal de 8 semanas y participacion historica por descripcion,1710,KISSES LECHE,
SINTETICO_ENTRENAMIENTO,2023-06-19,SYN-C-20230619-077,1.0,semana,kisses leche choc bl 807 gr,0.16,0.16,CHOCOLATE,,2023-06-19,True,mediana causal de 8 semanas y participacion historica por descripcion,1711,KISSES LECHE CHOC BL 807 GR,
SINTETICO_ENTRENAMIENTO,2023-06-19,SYN-C-20230619-078,1.0,semana,kisses rojo,3.52,3.52,CHOCOLATE,,2023-06-19,True,mediana causal de 8 semanas y participacion historica por descripcion,1712,KISSES ROJO,
SINTETICO_ENTRENAMIENTO,2023-06-19,SYN-C-20230619-079,1.0,semana,lechera suelta,0.55,0.55,LECHERA,,2023-06-19,True,mediana causal de 8 semanas y participacion historica por descripcion,1713,LECHERA SUELTA,
SINTETICO_ENTRENAMIENTO,2023-06-19,SYN-C-20230619-080,1.0,semana,manga n.12,0.02,0.02,CONSUMIBLES,,2023-06-19,True,mediana causal de 8 semanas y participacion historica por descripcion,1714,MANGA N.12,
SINTETICO_ENTRENAMIENTO,2023-06-19,SYN-C-20230619-081,1.0,semana,mantequilla gloria 22,4.09,4.09,MANTEQUILLA,,2023-06-19,True,mediana causal de 8 semanas y participacion historica por descripcion,1715,MANTEQUILLA GLORIA 22,
SINTETICO_ENTRENAMIENTO,2023-06-19,SYN-C-20230619-082,1.0,semana,marg245gr,0.24,0.24,MANTEQUILLA,,2023-06-19,True,mediana causal de 8 semanas y participacion historica por descripcion,1716,MARG245GR,
SINTETICO_ENTRENAMIENTO,2023-06-19,SYN-C-20230619-083,1.0,semana,matizador,0.57,0.57,DECORACION,,2023-06-19,True,mediana causal de 8 semanas y participacion historica por descripcion,1717,MATIZADOR,
SINTETICO_ENTRENAMIENTO,2023-06-19,SYN-C-20230619-084,1.0,semana,molde,4.23,4.23,HERRAMIENTA,,2023-06-19,True,mediana causal de 8 semanas y participacion historica por descripcion,1718,MOLDE,
SINTETICO_ENTRENAMIENTO,2023-06-19,SYN-C-20230619-085,1.0,semana,molde f#18,4.71,4.71,HERRAMIENTA,,2023-06-19,True,mediana causal de 8 semanas y participacion historica por descripcion,1719,MOLDE F#18,
SINTETICO_ENTRENAMIENTO,2023-06-19,SYN-C-20230619-086,1.0,semana,molde para chocolate,0.02,0.02,HERRAMIENTA,,2023-06-19,True,mediana causal de 8 semanas y participacion historica por descripcion,1720,MOLDE PARA CHOCOLATE,
SINTETICO_ENTRENAMIENTO,2023-06-19,SYN-C-20230619-087,1.0,semana,nido f 120,0.02,0.02,LECHE EN POLVO,,2023-06-19,True,mediana causal de 8 semanas y participacion historica por descripcion,1721,NIDO F 120,
SINTETICO_ENTRENAMIENTO,2023-06-19,SYN-C-20230619-088,1.0,semana,nuez,0.46,0.46,RELLENO,,2023-06-19,True,mediana causal de 8 semanas y participacion historica por descripcion,1722,NUEZ,
SINTETICO_ENTRENAMIENTO,2023-06-19,SYN-C-20230619-089,1.0,semana,nutella grande 650 gr,14.74,14.74,RELLENO,,2023-06-19,True,mediana causal de 8 semanas y participacion historica por descripcion,1723,NUTELLA GRANDE 650 GR,
SINTETICO_ENTRENAMIENTO,2023-06-19,SYN-C-20230619-090,1.0,semana,oblea arroz,7.1,7.1,TRANSFER,,2023-06-19,True,mediana causal de 8 semanas y participacion historica por descripcion,1724,OBLEA ARROZ,
SINTETICO_ENTRENAMIENTO,2023-06-19,SYN-C-20230619-091,1.0,semana,oreo 273.6,0.02,0.02,GALLETAS,,2023-06-19,True,mediana causal de 8 semanas y participacion historica por descripcion,1725,OREO 273.6,
SINTETICO_ENTRENAMIENTO,2023-06-19,SYN-C-20230619-092,1.0,semana,peaje,0.65,0.65,CASETAS,,2023-06-19,True,mediana causal de 8 semanas y participacion historica por descripcion,1726,PEAJE,
SINTETICO_ENTRENAMIENTO,2023-06-19,SYN-C-20230619-093,1.0,semana,pegamento de fondant,5.1,5.1,DECORACION,,2023-06-19,True,mediana causal de 8 semanas y participacion historica por descripcion,1727,PEGAMENTO DE FONDANT,
SINTETICO_ENTRENAMIENTO,2023-06-19,SYN-C-20230619-094,1.0,semana,perlas,0.05,0.05,DECORACION,,2023-06-19,True,mediana causal de 8 semanas y participacion historica por descripcion,1728,PERLAS,
SINTETICO_ENTRENAMIENTO,2023-06-19,SYN-C-20230619-095,1.0,semana,perlitas,2.75,2.75,DECORACION,,2023-06-19,True,mediana causal de 8 semanas y participacion historica por descripcion,1729,PERLITAS,
SINTETICO_ENTRENAMIENTO,2023-06-19,SYN-C-20230619-096,1.0,semana,pincel,0.01,0.01,HERRAMIENTA,,2023-06-19,True,mediana causal de 8 semanas y participacion historica por descripcion,1730,PINCEL,
SINTETICO_ENTRENAMIENTO,2023-06-19,SYN-C-20230619-097,1.0,semana,pro 2 pack,0.02,0.02,OTROS,,2023-06-19,True,mediana causal de 8 semanas y participacion historica por descripcion,1731,PRO 2 PACK,
SINTETICO_ENTRENAMIENTO,2023-06-19,SYN-C-20230619-098,1.0,semana,puratos fruitfil fresa 1 kg,0.05,0.05,RELLENO,,2023-06-19,True,mediana causal de 8 semanas y participacion historica por descripcion,1732,PURATOS FRUITFIL FRESA 1 KG,
SINTETICO_ENTRENAMIENTO,2023-06-19,SYN-C-20230619-099,1.0,semana,queso crema suelto,1.37,1.37,QUESO CREMA,,2023-06-19,True,mediana causal de 8 semanas y participacion historica por descripcion,1733,QUESO CREMA SUELTO,
SINTETICO_ENTRENAMIENTO,2023-06-19,SYN-C-20230619-100,1.0,semana,raspa,0.4,0.4,HERRAMIENTA,,2023-06-19,True,mediana causal de 8 semanas y participacion historica por descripcion,1734,RASPA,
SINTETICO_ENTRENAMIENTO,2023-06-19,SYN-C-20230619-101,1.0,semana,relleno coco,0.31,0.31,RELLENO,,2023-06-19,True,mediana causal de 8 semanas y participacion historica por descripcion,1735,RELLENO COCO,
SINTETICO_ENTRENAMIENTO,2023-06-19,SYN-C-20230619-102,1.0,semana,relleno zarzamora puratos,0.05,0.05,RELLENO,,2023-06-19,True,mediana causal de 8 semanas y participacion historica por descripcion,1736,RELLENO ZARZAMORA PURATOS,
SINTETICO_ENTRENAMIENTO,2023-06-19,SYN-C-20230619-103,1.0,semana,san juan hvo,0.68,0.68,HUEVO,,2023-06-19,True,mediana causal de 8 semanas y participacion historica por descripcion,1737,SAN JUAN HVO,
SINTETICO_ENTRENAMIENTO,2023-06-19,SYN-C-20230619-104,1.0,semana,santa clar,1.14,1.14,OTROS,,2023-06-19,True,mediana causal de 8 semanas y participacion historica por descripcion,1738,SANTA CLAR,
SINTETICO_ENTRENAMIENTO,2023-06-19,SYN-C-20230619-105,1.0,semana,wyborowa,1.32,1.32,LICORES,,2023-06-19,True,mediana causal de 8 semanas y participacion historica por descripcion,1739,WYBOROWA,
SINTETICO_ENTRENAMIENTO,2023-06-19,SYN-C-20230619-106,1.0,semana,yahel platano 500gr,0.39,0.39,NO DEFINIDO,,2023-06-19,True,mediana causal de 8 semanas y participacion historica por descripcion,1740,YAHEL PLATANO 500GR,
SINTETICO_ENTRENAMIENTO,2023-06-19,SYN-C-20230619-107,1.0,semana,zulka glass,0.09999999999999999,0.09999999999999999,AZUCAR,GLASS,2023-06-19,True,mediana causal de 8 semanas y participacion historica por descripcion,1741,ZULKA GLASS,
GASOLINERIA,2023-06-30,ND,10.0,lts,gasolina (aprox),220.0,22.0,COMBUSTIBLE,,2023-06-26,False,,1742,GASOLINA (APROX),
CRAVIOTO,2023-07-01,124816,16.0,pz,ferrero rocher t-16,106.98,6.6863,CHOCOLATE,,2023-06-26,False,,1743,FERRERO ROCHER T-16,
CRAVIOTO,2023-07-01,124816,20.0,pz,nestle carlos v stick 20 pz,38.57,1.9285,CHOCOLATE,,2023-06-26,False,,1744,NESTLE CARLOS V STICK 20 PZ,
MEGA PLAST,2023-07-01,412380,1.0,kg,Tegral Satin Creme ca ,51.0,51.0,HARINA,VAINILLA,2023-06-26,False,,1745,TEGRAL SATIN CREME CA,
REPOSTEARTE,2023-07-02,ND,1.0,kg,Foundant,166.0,166.0,FONDANT,,2023-06-26,False,,1746,FOUNDANT,
MEGA PLAST,2023-07-02,,2.0,pz,Queso philadelphia 190g,74.0,37.0,QUESO CREMA,,2023-06-26,False,,1747,QUESO PHILADELPHIA 190G,
MEGA PLAST,2023-07-02,,1.0,kg,Tegral Satin Creme ca ,61.0,61.0,HARINA,CHOCOLATE,2023-06-26,False,,1748,TEGRAL SATIN CREME CA,
MEGA PLAST,2023-07-02,,1.0,kg,Tegral Satin Red Velvet Puratos,65.0,65.0,HARINA,RED VELVET,2023-06-26,False,,1749,TEGRAL SATIN RED VELVET PURATOS,
SINTETICO_ENTRENAMIENTO,2023-07-03,SYN-C-20230703-001,1.0,semana,AC AU800,0.4,0.4,ACEITE,,2023-07-03,True,mediana causal de 8 semanas y participacion historica por descripcion,1750,AC AU800,
SINTETICO_ENTRENAMIENTO,2023-07-03,SYN-C-20230703-002,1.0,semana,Carlos V stk,0.46,0.46,CHOCOLATE,,2023-07-03,True,mediana causal de 8 semanas y participacion historica por descripcion,1751,CARLOS V STK,
SINTETICO_ENTRENAMIENTO,2023-07-03,SYN-C-20230703-003,1.0,semana,Confitier leche TURIN,1.0,1.0,CHOCOLATE,,2023-07-03,True,mediana causal de 8 semanas y participacion historica por descripcion,1752,CONFITIER LECHE TURIN,
SINTETICO_ENTRENAMIENTO,2023-07-03,SYN-C-20230703-004,1.0,semana,Confitier semiamargo TURIN,2.61,2.61,CHOCOLATE,,2023-07-03,True,mediana causal de 8 semanas y participacion historica por descripcion,1753,CONFITIER SEMIAMARGO TURIN,
SINTETICO_ENTRENAMIENTO,2023-07-03,SYN-C-20230703-005,1.0,semana,Crema para batir ambiante 1 lt,8.14,8.14,AMBIANTE,,2023-07-03,True,mediana causal de 8 semanas y participacion historica por descripcion,1754,CREMA PARA BATIR AMBIANTE 1 LT,
SINTETICO_ENTRENAMIENTO,2023-07-03,SYN-C-20230703-006,1.0,semana,Domo mantecada 12 cavidades,0.32,0.32,EMPAQUE,,2023-07-03,True,mediana causal de 8 semanas y participacion historica por descripcion,1755,DOMO MANTECADA 12 CAVIDADES,
SINTETICO_ENTRENAMIENTO,2023-07-03,SYN-C-20230703-007,1.0,semana,Easy pastel tres leches,1.18,1.18,HARINA,VAINILLA,2023-07-03,True,mediana causal de 8 semanas y participacion historica por descripcion,1756,EASY PASTEL TRES LECHES,
SINTETICO_ENTRENAMIENTO,2023-07-03,SYN-C-20230703-008,1.0,semana,Foundant,33.52,33.52,FONDANT,,2023-07-03,True,mediana causal de 8 semanas y participacion historica por descripcion,1757,FOUNDANT,
SINTETICO_ENTRENAMIENTO,2023-07-03,SYN-C-20230703-009,1.0,semana,Granillo Turin Semi amargo,0.02,0.02,CHOCOLATE,,2023-07-03,True,mediana causal de 8 semanas y participacion historica por descripcion,1758,GRANILLO TURIN SEMI AMARGO,
SINTETICO_ENTRENAMIENTO,2023-07-03,SYN-C-20230703-010,1.0,semana,Harina piña colada espiga mix,0.3,0.3,HARINA,PIÑA COLADA,2023-07-03,True,mediana causal de 8 semanas y participacion historica por descripcion,1759,HARINA PINA COLADA ESPIGA MIX,
SINTETICO_ENTRENAMIENTO,2023-07-03,SYN-C-20230703-011,1.0,semana,Nutella chica 350 grs,1.81,1.81,RELLENO,,2023-07-03,True,mediana causal de 8 semanas y participacion historica por descripcion,1760,NUTELLA CHICA 350 GRS,
SINTETICO_ENTRENAMIENTO,2023-07-03,SYN-C-20230703-012,1.0,semana,Philly Qso,0.07,0.07,QUESO CREMA,,2023-07-03,True,mediana causal de 8 semanas y participacion historica por descripcion,1761,PHILLY QSO,
SINTETICO_ENTRENAMIENTO,2023-07-03,SYN-C-20230703-013,1.0,semana,Queso philadelphia 190g,8.06,8.06,QUESO CREMA,,2023-07-03,True,mediana causal de 8 semanas y participacion historica por descripcion,1762,QUESO PHILADELPHIA 190G,
SINTETICO_ENTRENAMIENTO,2023-07-03,SYN-C-20230703-014,1.0,semana,Relleno durazno puratos,0.56,0.56,RELLENO,,2023-07-03,True,mediana causal de 8 semanas y participacion historica por descripcion,1763,RELLENO DURAZNO PURATOS,
SINTETICO_ENTRENAMIENTO,2023-07-03,SYN-C-20230703-015,1.0,semana,Royal Icing Deiman 50,0.45,0.45,ROYALICING,,2023-07-03,True,mediana causal de 8 semanas y participacion historica por descripcion,1764,ROYAL ICING DEIMAN 50,
SINTETICO_ENTRENAMIENTO,2023-07-03,SYN-C-20230703-016,1.0,semana,Royal Icing Enco,0.96,0.96,ROYALICING,,2023-07-03,True,mediana causal de 8 semanas y participacion historica por descripcion,1765,ROYAL ICING ENCO,
SINTETICO_ENTRENAMIENTO,2023-07-03,SYN-C-20230703-017,1.0,semana,Tegral Satin Creme ca ,21.22,21.22,HARINA,CHOCOLATE,2023-07-03,True,mediana causal de 8 semanas y participacion historica por descripcion,1766,TEGRAL SATIN CREME CA,
SINTETICO_ENTRENAMIENTO,2023-07-03,SYN-C-20230703-018,1.0,semana,Tegral Satin Red Velvet Puratos,9.08,9.08,HARINA,RED VELVET,2023-07-03,True,mediana causal de 8 semanas y participacion historica por descripcion,1767,TEGRAL SATIN RED VELVET PURATOS,
SINTETICO_ENTRENAMIENTO,2023-07-03,SYN-C-20230703-019,1.0,semana,Transfer,3.31,3.31,TRANSFER,,2023-07-03,True,mediana causal de 8 semanas y participacion historica por descripcion,1768,TRANSFER,
SINTETICO_ENTRENAMIENTO,2023-07-03,SYN-C-20230703-020,1.0,semana,aceite aurrera 800,0.07,0.07,ACEITE,,2023-07-03,True,mediana causal de 8 semanas y participacion historica por descripcion,1769,ACEITE AURRERA 800,
SINTETICO_ENTRENAMIENTO,2023-07-03,SYN-C-20230703-021,1.0,semana,alambre,0.05,0.05,OTROS,,2023-07-03,True,mediana causal de 8 semanas y participacion historica por descripcion,1770,ALAMBRE,
SINTETICO_ENTRENAMIENTO,2023-07-03,SYN-C-20230703-022,1.0,semana,alegria capacillo velitas cumpl 100 pz,0.35,0.35,CAPACILLOS,,2023-07-03,True,mediana causal de 8 semanas y participacion historica por descripcion,1771,ALEGRIA CAPACILLO VELITAS CUMPL 100 PZ,
SINTETICO_ENTRENAMIENTO,2023-07-03,SYN-C-20230703-023,1.0,semana,au huevo 1,0.04,0.04,HUEVO,,2023-07-03,True,mediana causal de 8 semanas y participacion historica por descripcion,1772,AU HUEVO 1,
SINTETICO_ENTRENAMIENTO,2023-07-03,SYN-C-20230703-024,1.0,semana,base,0.11,0.11,BASES,,2023-07-03,True,mediana causal de 8 semanas y participacion historica por descripcion,1773,BASE,
SINTETICO_ENTRENAMIENTO,2023-07-03,SYN-C-20230703-025,1.0,semana,base 26 cm,2.25,2.25,BASES,,2023-07-03,True,mediana causal de 8 semanas y participacion historica por descripcion,1774,BASE 26 CM,
SINTETICO_ENTRENAMIENTO,2023-07-03,SYN-C-20230703-026,1.0,semana,base 28,0.11,0.11,BASES,,2023-07-03,True,mediana causal de 8 semanas y participacion historica por descripcion,1775,BASE 28,
SINTETICO_ENTRENAMIENTO,2023-07-03,SYN-C-20230703-027,1.0,semana,base 28 cm,0.11,0.11,BASES,,2023-07-03,True,mediana causal de 8 semanas y participacion historica por descripcion,1776,BASE 28 CM,
SINTETICO_ENTRENAMIENTO,2023-07-03,SYN-C-20230703-028,1.0,semana,base 28cm,0.15,0.15,BASES,,2023-07-03,True,mediana causal de 8 semanas y participacion historica por descripcion,1777,BASE 28CM,
SINTETICO_ENTRENAMIENTO,2023-07-03,SYN-C-20230703-029,1.0,semana,base 30 cm,0.4,0.4,BASES,,2023-07-03,True,mediana causal de 8 semanas y participacion historica por descripcion,1778,BASE 30 CM,
SINTETICO_ENTRENAMIENTO,2023-07-03,SYN-C-20230703-030,1.0,semana,base 36 doble,3.59,3.59,BASES,,2023-07-03,True,mediana causal de 8 semanas y participacion historica por descripcion,1779,BASE 36 DOBLE,
SINTETICO_ENTRENAMIENTO,2023-07-03,SYN-C-20230703-031,1.0,semana,base 36cm doble,0.49,0.49,BASES,,2023-07-03,True,mediana causal de 8 semanas y participacion historica por descripcion,1780,BASE 36CM DOBLE,
SINTETICO_ENTRENAMIENTO,2023-07-03,SYN-C-20230703-032,1.0,semana,base doble 32 cm,0.03,0.03,BASES,,2023-07-03,True,mediana causal de 8 semanas y participacion historica por descripcion,1781,BASE DOBLE 32 CM,
SINTETICO_ENTRENAMIENTO,2023-07-03,SYN-C-20230703-033,1.0,semana,brillo estrella,0.09,0.09,DECORACION,,2023-07-03,True,mediana causal de 8 semanas y participacion historica por descripcion,1782,BRILLO ESTRELLA,
SINTETICO_ENTRENAMIENTO,2023-07-03,SYN-C-20230703-034,1.0,semana,caja con 12 cavidades,4.2,4.2,EMPAQUE,,2023-07-03,True,mediana causal de 8 semanas y participacion historica por descripcion,1783,CAJA CON 12 CAVIDADES,
SINTETICO_ENTRENAMIENTO,2023-07-03,SYN-C-20230703-035,1.0,semana,caja cupcakes 12,0.04,0.04,EMPAQUE,,2023-07-03,True,mediana causal de 8 semanas y participacion historica por descripcion,1784,CAJA CUPCAKES 12,
SINTETICO_ENTRENAMIENTO,2023-07-03,SYN-C-20230703-036,1.0,semana,capacillo No. 72 decorado 25 pz,0.02,0.02,CAPACILLOS,,2023-07-03,True,mediana causal de 8 semanas y participacion historica por descripcion,1785,CAPACILLO NO. 72 DECORADO 25 PZ,
SINTETICO_ENTRENAMIENTO,2023-07-03,SYN-C-20230703-037,1.0,semana,capacillo no. 4 decorado 50 pz,0.03,0.03,CAPACILLOS,,2023-07-03,True,mediana causal de 8 semanas y participacion historica por descripcion,1786,CAPACILLO NO. 4 DECORADO 50 PZ,
SINTETICO_ENTRENAMIENTO,2023-07-03,SYN-C-20230703-038,1.0,semana,cereza con rabo diana,0.38,0.38,DULCERIA,,2023-07-03,True,mediana causal de 8 semanas y participacion historica por descripcion,1787,CEREZA CON RABO DIANA,
SINTETICO_ENTRENAMIENTO,2023-07-03,SYN-C-20230703-039,1.0,semana,chantilli dull,0.6,0.6,CHANTILLY,,2023-07-03,True,mediana causal de 8 semanas y participacion historica por descripcion,1788,CHANTILLI DULL,
SINTETICO_ENTRENAMIENTO,2023-07-03,SYN-C-20230703-040,1.0,semana,chantilly dulce,11.41,11.41,CHANTILLY,,2023-07-03,True,mediana causal de 8 semanas y participacion historica por descripcion,1789,CHANTILLY DULCE,
SINTETICO_ENTRENAMIENTO,2023-07-03,SYN-C-20230703-041,1.0,semana,chips blanco alpezzi,7.18,7.18,CHOCOLATE,,2023-07-03,True,mediana causal de 8 semanas y participacion historica por descripcion,1790,CHIPS BLANCO ALPEZZI,
SINTETICO_ENTRENAMIENTO,2023-07-03,SYN-C-20230703-042,1.0,semana,chips chocolate con l,1.12,1.12,CHOCOLATE,,2023-07-03,True,mediana causal de 8 semanas y participacion historica por descripcion,1791,CHIPS CHOCOLATE CON L,
SINTETICO_ENTRENAMIENTO,2023-07-03,SYN-C-20230703-043,1.0,semana,chips chocolate semi,9.11,9.11,CHOCOLATE,,2023-07-03,True,mediana causal de 8 semanas y participacion historica por descripcion,1792,CHIPS CHOCOLATE SEMI,
SINTETICO_ENTRENAMIENTO,2023-07-03,SYN-C-20230703-044,1.0,semana,chips rojo alpezzi c/,1.51,1.51,CHOCOLATE,,2023-07-03,True,mediana causal de 8 semanas y participacion historica por descripcion,1793,CHIPS ROJO ALPEZZI C/,
SINTETICO_ENTRENAMIENTO,2023-07-03,SYN-C-20230703-045,1.0,semana,chocolate,3.52,3.52,CHOCOLATE,,2023-07-03,True,mediana causal de 8 semanas y participacion historica por descripcion,1794,CHOCOLATE,
SINTETICO_ENTRENAMIENTO,2023-07-03,SYN-C-20230703-046,1.0,semana,cofia,0.43,0.43,CONSUMIBLES,,2023-07-03,True,mediana causal de 8 semanas y participacion historica por descripcion,1795,COFIA,
SINTETICO_ENTRENAMIENTO,2023-07-03,SYN-C-20230703-047,1.0,semana,confitier blanco turin,0.32,0.32,CHOCOLATE,,2023-07-03,True,mediana causal de 8 semanas y participacion historica por descripcion,1796,CONFITIER BLANCO TURIN,
SINTETICO_ENTRENAMIENTO,2023-07-03,SYN-C-20230703-048,1.0,semana,crema cacahuate suelta,0.31,0.31,OTROS,,2023-07-03,True,mediana causal de 8 semanas y participacion historica por descripcion,1797,CREMA CACAHUATE SUELTA,
SINTETICO_ENTRENAMIENTO,2023-07-03,SYN-C-20230703-049,1.0,semana,cubreboca tricapa negro y de ,0.72,0.72,CONSUMIBLES,,2023-07-03,True,mediana causal de 8 semanas y participacion historica por descripcion,1798,CUBREBOCA TRICAPA NEGRO Y DE,
SINTETICO_ENTRENAMIENTO,2023-07-03,SYN-C-20230703-050,1.0,semana,de abeja,0.23,0.23,OTROS,,2023-07-03,True,mediana causal de 8 semanas y participacion historica por descripcion,1799,DE ABEJA,
SINTETICO_ENTRENAMIENTO,2023-07-03,SYN-C-20230703-051,1.0,semana,domo 1/4 plancha,0.45,0.45,EMPAQUE,,2023-07-03,True,mediana causal de 8 semanas y participacion historica por descripcion,1800,DOMO 1/4 PLANCHA,
SINTETICO_ENTRENAMIENTO,2023-07-03,SYN-C-20230703-052,1.0,semana,domo df12a 34cm wow,0.16,0.16,EMPAQUE,,2023-07-03,True,mediana causal de 8 semanas y participacion historica por descripcion,1801,DOMO DF12A 34CM WOW,
SINTETICO_ENTRENAMIENTO,2023-07-03,SYN-C-20230703-053,1.0,semana,entrepisos,2.01,2.01,BASES,,2023-07-03,True,mediana causal de 8 semanas y participacion historica por descripcion,1802,ENTREPISOS,
SINTETICO_ENTRENAMIENTO,2023-07-03,SYN-C-20230703-054,1.0,semana,espatulas,0.37,0.37,HERRAMIENTA,,2023-07-03,True,mediana causal de 8 semanas y participacion historica por descripcion,1803,ESPATULAS,
SINTETICO_ENTRENAMIENTO,2023-07-03,SYN-C-20230703-055,1.0,semana,extrude,0.12,0.12,OTROS,,2023-07-03,True,mediana causal de 8 semanas y participacion historica por descripcion,1804,EXTRUDE,
SINTETICO_ENTRENAMIENTO,2023-07-03,SYN-C-20230703-056,1.0,semana,ferrero,1.08,1.08,CHOCOLATE,,2023-07-03,True,mediana causal de 8 semanas y participacion historica por descripcion,1805,FERRERO,
SINTETICO_ENTRENAMIENTO,2023-07-03,SYN-C-20230703-057,1.0,semana,ferrero rocher ,7.68,7.68,CHOCOLATE,,2023-07-03,True,mediana causal de 8 semanas y participacion historica por descripcion,1806,FERRERO ROCHER,
SINTETICO_ENTRENAMIENTO,2023-07-03,SYN-C-20230703-058,1.0,semana,ferrero rocher T-16,0.1,0.1,CHOCOLATE,,2023-07-03,True,mediana causal de 8 semanas y participacion historica por descripcion,1807,FERRERO ROCHER T-16,
SINTETICO_ENTRENAMIENTO,2023-07-03,SYN-C-20230703-059,1.0,semana,ferrero rocher t-16,7.17,7.17,CHOCOLATE,,2023-07-03,True,mediana causal de 8 semanas y participacion historica por descripcion,1808,FERRERO ROCHER T-16,
SINTETICO_ENTRENAMIENTO,2023-07-03,SYN-C-20230703-060,1.0,semana,gas LP,6.47,6.47,COMBUSTIBLE,,2023-07-03,True,mediana causal de 8 semanas y participacion historica por descripcion,1809,GAS LP,
SINTETICO_ENTRENAMIENTO,2023-07-03,SYN-C-20230703-061,1.0,semana,gasolina,39.55,39.55,COMBUSTIBLE,,2023-07-03,True,mediana causal de 8 semanas y participacion historica por descripcion,1810,GASOLINA,
SINTETICO_ENTRENAMIENTO,2023-07-03,SYN-C-20230703-062,1.0,semana,gasolina (aprox),14.75,14.75,COMBUSTIBLE,,2023-07-03,True,mediana causal de 8 semanas y participacion historica por descripcion,1811,GASOLINA (APROX),
SINTETICO_ENTRENAMIENTO,2023-07-03,SYN-C-20230703-063,1.0,semana,gloria man,0.61,0.61,MANTEQUILLA,,2023-07-03,True,mediana causal de 8 semanas y participacion historica por descripcion,1812,GLORIA MAN,
SINTETICO_ENTRENAMIENTO,2023-07-03,SYN-C-20230703-064,1.0,semana,granillo turin blanco,0.02,0.02,CHOCOLATE,,2023-07-03,True,mediana causal de 8 semanas y participacion historica por descripcion,1813,GRANILLO TURIN BLANCO,
SINTETICO_ENTRENAMIENTO,2023-07-03,SYN-C-20230703-065,1.0,semana,granillo turin leche,0.02,0.02,CHOCOLATE,,2023-07-03,True,mediana causal de 8 semanas y participacion historica por descripcion,1814,GRANILLO TURIN LECHE,
SINTETICO_ENTRENAMIENTO,2023-07-03,SYN-C-20230703-066,1.0,semana,guante esteril-par (latex),2.15,2.15,CONSUMIBLES,,2023-07-03,True,mediana causal de 8 semanas y participacion historica por descripcion,1815,GUANTE ESTERIL-PAR (LATEX),
SINTETICO_ENTRENAMIENTO,2023-07-03,SYN-C-20230703-067,1.0,semana,harina,0.22,0.22,HARINA,TRIGO,2023-07-03,True,mediana causal de 8 semanas y participacion historica por descripcion,1816,HARINA,
SINTETICO_ENTRENAMIENTO,2023-07-03,SYN-C-20230703-068,1.0,semana,harina tri,0.04,0.04,HARINA,TRIGO,2023-07-03,True,mediana causal de 8 semanas y participacion historica por descripcion,1817,HARINA TRI,
SINTETICO_ENTRENAMIENTO,2023-07-03,SYN-C-20230703-069,1.0,semana,huevo,0.94,0.94,HUEVO,,2023-07-03,True,mediana causal de 8 semanas y participacion historica por descripcion,1818,HUEVO,
SINTETICO_ENTRENAMIENTO,2023-07-03,SYN-C-20230703-070,1.0,semana,huevo blanco los altos kilo,0.77,0.77,HUEVO,,2023-07-03,True,mediana causal de 8 semanas y participacion historica por descripcion,1819,HUEVO BLANCO LOS ALTOS KILO,
SINTETICO_ENTRENAMIENTO,2023-07-03,SYN-C-20230703-071,1.0,semana,huevo blanco pz,0.0,0.0,HUEVO,,2023-07-03,True,mediana causal de 8 semanas y participacion historica por descripcion,1820,HUEVO BLANCO PZ,
SINTETICO_ENTRENAMIENTO,2023-07-03,SYN-C-20230703-072,1.0,semana,huevo blanco tepa de linea,2.45,2.45,HUEVO,,2023-07-03,True,mediana causal de 8 semanas y participacion historica por descripcion,1821,HUEVO BLANCO TEPA DE LINEA,
SINTETICO_ENTRENAMIENTO,2023-07-03,SYN-C-20230703-073,1.0,semana,huevo blanco tepa kilo,0.89,0.89,HUEVO,,2023-07-03,True,mediana causal de 8 semanas y participacion historica por descripcion,1822,HUEVO BLANCO TEPA KILO,
SINTETICO_ENTRENAMIENTO,2023-07-03,SYN-C-20230703-074,1.0,semana,iberia 90,0.13,0.13,MANTEQUILLA,,2023-07-03,True,mediana causal de 8 semanas y participacion historica por descripcion,1823,IBERIA 90,
SINTETICO_ENTRENAMIENTO,2023-07-03,SYN-C-20230703-075,1.0,semana,ilegible (glatea),0.5,0.5,OTROS,,2023-07-03,True,mediana causal de 8 semanas y participacion historica por descripcion,1824,ILEGIBLE (GLATEA),
SINTETICO_ENTRENAMIENTO,2023-07-03,SYN-C-20230703-076,1.0,semana,ilegible (roods),0.03,0.03,OTROS,,2023-07-03,True,mediana causal de 8 semanas y participacion historica por descripcion,1825,ILEGIBLE (ROODS),
SINTETICO_ENTRENAMIENTO,2023-07-03,SYN-C-20230703-077,1.0,semana,inix contenedor mantecadas 25 pz,1.62,1.62,EMPAQUE,,2023-07-03,True,mediana causal de 8 semanas y participacion historica por descripcion,1826,INIX CONTENEDOR MANTECADAS 25 PZ,
SINTETICO_ENTRENAMIENTO,2023-07-03,SYN-C-20230703-078,1.0,semana,kisses leche,5.53,5.53,CHOCOLATE,,2023-07-03,True,mediana causal de 8 semanas y participacion historica por descripcion,1827,KISSES LECHE,
SINTETICO_ENTRENAMIENTO,2023-07-03,SYN-C-20230703-079,1.0,semana,kisses leche choc bl 807 gr,0.17,0.17,CHOCOLATE,,2023-07-03,True,mediana causal de 8 semanas y participacion historica por descripcion,1828,KISSES LECHE CHOC BL 807 GR,
SINTETICO_ENTRENAMIENTO,2023-07-03,SYN-C-20230703-080,1.0,semana,kisses rojo,3.59,3.59,CHOCOLATE,,2023-07-03,True,mediana causal de 8 semanas y participacion historica por descripcion,1829,KISSES ROJO,
SINTETICO_ENTRENAMIENTO,2023-07-03,SYN-C-20230703-081,1.0,semana,lechera suelta,0.56,0.56,LECHERA,,2023-07-03,True,mediana causal de 8 semanas y participacion historica por descripcion,1830,LECHERA SUELTA,
SINTETICO_ENTRENAMIENTO,2023-07-03,SYN-C-20230703-082,1.0,semana,manga n.12,0.02,0.02,CONSUMIBLES,,2023-07-03,True,mediana causal de 8 semanas y participacion historica por descripcion,1831,MANGA N.12,
SINTETICO_ENTRENAMIENTO,2023-07-03,SYN-C-20230703-083,1.0,semana,mantequilla gloria 22,4.16,4.16,MANTEQUILLA,,2023-07-03,True,mediana causal de 8 semanas y participacion historica por descripcion,1832,MANTEQUILLA GLORIA 22,
SINTETICO_ENTRENAMIENTO,2023-07-03,SYN-C-20230703-084,1.0,semana,marg245gr,0.24,0.24,MANTEQUILLA,,2023-07-03,True,mediana causal de 8 semanas y participacion historica por descripcion,1833,MARG245GR,
SINTETICO_ENTRENAMIENTO,2023-07-03,SYN-C-20230703-085,1.0,semana,matizador,0.58,0.58,DECORACION,,2023-07-03,True,mediana causal de 8 semanas y participacion historica por descripcion,1834,MATIZADOR,
SINTETICO_ENTRENAMIENTO,2023-07-03,SYN-C-20230703-086,1.0,semana,molde,4.31,4.31,HERRAMIENTA,,2023-07-03,True,mediana causal de 8 semanas y participacion historica por descripcion,1835,MOLDE,
SINTETICO_ENTRENAMIENTO,2023-07-03,SYN-C-20230703-087,1.0,semana,molde f#18,0.77,0.77,HERRAMIENTA,,2023-07-03,True,mediana causal de 8 semanas y participacion historica por descripcion,1836,MOLDE F#18,
SINTETICO_ENTRENAMIENTO,2023-07-03,SYN-C-20230703-088,1.0,semana,molde para chocolate,0.02,0.02,HERRAMIENTA,,2023-07-03,True,mediana causal de 8 semanas y participacion historica por descripcion,1837,MOLDE PARA CHOCOLATE,
SINTETICO_ENTRENAMIENTO,2023-07-03,SYN-C-20230703-089,1.0,semana,nestle carlos v stick 20 pz,2.59,2.59,CHOCOLATE,,2023-07-03,True,mediana causal de 8 semanas y participacion historica por descripcion,1838,NESTLE CARLOS V STICK 20 PZ,
SINTETICO_ENTRENAMIENTO,2023-07-03,SYN-C-20230703-090,1.0,semana,nido f 120,0.02,0.02,LECHE EN POLVO,,2023-07-03,True,mediana causal de 8 semanas y participacion historica por descripcion,1839,NIDO F 120,
SINTETICO_ENTRENAMIENTO,2023-07-03,SYN-C-20230703-091,1.0,semana,nuez,0.47,0.47,RELLENO,,2023-07-03,True,mediana causal de 8 semanas y participacion historica por descripcion,1840,NUEZ,
SINTETICO_ENTRENAMIENTO,2023-07-03,SYN-C-20230703-092,1.0,semana,nutella grande 650 gr,8.38,8.38,RELLENO,,2023-07-03,True,mediana causal de 8 semanas y participacion historica por descripcion,1841,NUTELLA GRANDE 650 GR,
SINTETICO_ENTRENAMIENTO,2023-07-03,SYN-C-20230703-093,1.0,semana,oblea arroz,1.2,1.2,TRANSFER,,2023-07-03,True,mediana causal de 8 semanas y participacion historica por descripcion,1842,OBLEA ARROZ,
SINTETICO_ENTRENAMIENTO,2023-07-03,SYN-C-20230703-094,1.0,semana,oreo 273.6,0.02,0.02,GALLETAS,,2023-07-03,True,mediana causal de 8 semanas y participacion historica por descripcion,1843,OREO 273.6,
SINTETICO_ENTRENAMIENTO,2023-07-03,SYN-C-20230703-095,1.0,semana,peaje,0.67,0.67,CASETAS,,2023-07-03,True,mediana causal de 8 semanas y participacion historica por descripcion,1844,PEAJE,
SINTETICO_ENTRENAMIENTO,2023-07-03,SYN-C-20230703-096,1.0,semana,pegamento de fondant,0.83,0.83,DECORACION,,2023-07-03,True,mediana causal de 8 semanas y participacion historica por descripcion,1845,PEGAMENTO DE FONDANT,
SINTETICO_ENTRENAMIENTO,2023-07-03,SYN-C-20230703-097,1.0,semana,perlas,0.05,0.05,DECORACION,,2023-07-03,True,mediana causal de 8 semanas y participacion historica por descripcion,1846,PERLAS,
SINTETICO_ENTRENAMIENTO,2023-07-03,SYN-C-20230703-098,1.0,semana,perlitas,0.45,0.45,DECORACION,,2023-07-03,True,mediana causal de 8 semanas y participacion historica por descripcion,1847,PERLITAS,
SINTETICO_ENTRENAMIENTO,2023-07-03,SYN-C-20230703-099,1.0,semana,pincel,0.01,0.01,HERRAMIENTA,,2023-07-03,True,mediana causal de 8 semanas y participacion historica por descripcion,1848,PINCEL,
SINTETICO_ENTRENAMIENTO,2023-07-03,SYN-C-20230703-100,1.0,semana,pro 2 pack,0.02,0.02,OTROS,,2023-07-03,True,mediana causal de 8 semanas y participacion historica por descripcion,1849,PRO 2 PACK,
SINTETICO_ENTRENAMIENTO,2023-07-03,SYN-C-20230703-101,1.0,semana,puratos fruitfil fresa 1 kg,0.05,0.05,RELLENO,,2023-07-03,True,mediana causal de 8 semanas y participacion historica por descripcion,1850,PURATOS FRUITFIL FRESA 1 KG,
SINTETICO_ENTRENAMIENTO,2023-07-03,SYN-C-20230703-102,1.0,semana,queso crema suelto,1.4,1.4,QUESO CREMA,,2023-07-03,True,mediana causal de 8 semanas y participacion historica por descripcion,1851,QUESO CREMA SUELTO,
SINTETICO_ENTRENAMIENTO,2023-07-03,SYN-C-20230703-103,1.0,semana,raspa,0.4,0.4,HERRAMIENTA,,2023-07-03,True,mediana causal de 8 semanas y participacion historica por descripcion,1852,RASPA,
SINTETICO_ENTRENAMIENTO,2023-07-03,SYN-C-20230703-104,1.0,semana,relleno coco,0.32,0.32,RELLENO,,2023-07-03,True,mediana causal de 8 semanas y participacion historica por descripcion,1853,RELLENO COCO,
SINTETICO_ENTRENAMIENTO,2023-07-03,SYN-C-20230703-105,1.0,semana,relleno zarzamora puratos,0.05,0.05,RELLENO,,2023-07-03,True,mediana causal de 8 semanas y participacion historica por descripcion,1854,RELLENO ZARZAMORA PURATOS,
SINTETICO_ENTRENAMIENTO,2023-07-03,SYN-C-20230703-106,1.0,semana,san juan hvo,0.69,0.69,HUEVO,,2023-07-03,True,mediana causal de 8 semanas y participacion historica por descripcion,1855,SAN JUAN HVO,
SINTETICO_ENTRENAMIENTO,2023-07-03,SYN-C-20230703-107,1.0,semana,santa clar,1.16,1.16,OTROS,,2023-07-03,True,mediana causal de 8 semanas y participacion historica por descripcion,1856,SANTA CLAR,
SINTETICO_ENTRENAMIENTO,2023-07-03,SYN-C-20230703-108,1.0,semana,wyborowa,1.34,1.34,LICORES,,2023-07-03,True,mediana causal de 8 semanas y participacion historica por descripcion,1857,WYBOROWA,
SINTETICO_ENTRENAMIENTO,2023-07-03,SYN-C-20230703-109,1.0,semana,yahel platano 500gr,0.39,0.39,NO DEFINIDO,,2023-07-03,True,mediana causal de 8 semanas y participacion historica por descripcion,1858,YAHEL PLATANO 500GR,
SINTETICO_ENTRENAMIENTO,2023-07-03,SYN-C-20230703-110,1.0,semana,zulka glass,0.11,0.11,AZUCAR,GLASS,2023-07-03,True,mediana causal de 8 semanas y participacion historica por descripcion,1859,ZULKA GLASS,
REPOSTEARTE,2023-07-10,ND,2.0,kg,Foundant,166.0,83.0,FONDANT,,2023-07-10,False,,1860,FOUNDANT,
REPOSTEARTE,2023-07-10,ND,2.0,pz,base 28 cm,24.0,12.0,BASES,,2023-07-10,False,,1861,BASE 28 CM,
REPOSTEARTE,2023-07-10,ND,2.0,pz,caja cupcakes 6,36.0,18.0,EMPAQUE,,2023-07-10,False,,1862,CAJA CUPCAKES 6,
REPOSTEARTE,2023-07-10,ND,1.0,pz,base 26 cm,10.0,10.0,BASES,,2023-07-10,False,,1863,BASE 26 CM,
REPOSTEARTE,2023-07-10,ND,4.0,pz,Transfer,180.0,45.0,TRANSFER,,2023-07-10,False,,1864,TRANSFER,
REPOSTEARTE,2023-07-10,ND,1.0,pz,molde f 18,60.0,60.0,HERRAMIENTA,,2023-07-10,False,,1865,MOLDE F 18,
MEGA PLAST,2023-07-10,,1.0,pz,nutella grande 650 gr,99.0,99.0,RELLENO,,2023-07-10,False,,1866,NUTELLA GRANDE 650 GR,
MEGA PLAST,2023-07-10,,1.0,kg,chips chocolate semi,107.0,107.0,CHOCOLATE,,2023-07-10,False,,1867,CHIPS CHOCOLATE SEMI,
MEGA PLAST,2023-07-10,,1.0,pz,Crema para batir ambiante 1 lt,66.0,66.0,AMBIANTE,,2023-07-10,False,,1868,CREMA PARA BATIR AMBIANTE 1 LT,
MEGA PLAST,2023-07-10,,200.0,g,confitier blanco turin,50.0,250.0,CHOCOLATE,,2023-07-10,False,,1869,CONFITIER BLANCO TURIN,
MEGA PLAST,2023-07-10,,2.0,kg,Tegral Satin Creme ca ,102.0,51.0,HARINA,VAINILLA,2023-07-10,False,,1870,TEGRAL SATIN CREME CA,
EL SOL FRIJOLERO,2023-07-10,,1.51,kg,huevo blanco tepa de linea,41.53,27.5033,HUEVO,,2023-07-10,False,,1871,HUEVO BLANCO TEPA DE LINEA,
B. AURRERA,2023-07-10,,2.0,pz,philadelphia qso,68.0,34.0,QUESO CREMA,,2023-07-10,False,,1872,PHILADELPHIA QSO,
B. AURRERA,2023-07-10,,1.0,paq,kiss rosa,48.5,48.5,CHOCOLATE,,2023-07-10,False,,1873,KISS ROSA,
B. AURRERA,2023-07-10,,2.0,kg,chantilly dulce,138.0,69.0,CHANTILLY,,2023-07-10,False,,1874,CHANTILLY DULCE,
MEGA PLAST,2023-07-10,,500.0,g,chips blanco alpezzi,64.0,128.0,CHOCOLATE,,2023-07-10,False,,1875,CHIPS BLANCO ALPEZZI,
MEGA PLAST,2023-07-16,,500.0,g,Azucar glass de prime,25.0,50.0,AZUCAR,GLASS,2023-07-10,False,,1876,AZUCAR GLASS DE PRIME,
MEGA PLAST,2023-07-16,,1.0,pz,pelicula 150 ,45.0,45.0,OTROS,,2023-07-10,False,,1877,PELICULA 150,
MEGA PLAST,2023-07-16,,2.0,kg,Tegral Satin Red Velvet Puratos,130.0,65.0,HARINA,RED VELVET,2023-07-10,False,,1878,TEGRAL SATIN RED VELVET PURATOS,
MEGA PLAST,2023-07-16,,1.0,pz,Crema para batir ambiante 1 lt,66.0,66.0,AMBIANTE,,2023-07-10,False,,1879,CREMA PARA BATIR AMBIANTE 1 LT,
MEGA PLAST,2023-07-16,,1.0,pz,nutella grande 650 gr,99.0,99.0,RELLENO,,2023-07-10,False,,1880,NUTELLA GRANDE 650 GR,
MEGA PLAST,2023-07-16,,500.0,g,chips blanco alpezzi,64.0,128.0,CHOCOLATE,,2023-07-10,False,,1881,CHIPS BLANCO ALPEZZI,
MEGA PLAST,2023-07-16,,100.0,g,confitier amargo 70%,28.0,280.0,CHOCOLATE,,2023-07-10,False,,1882,CONFITIER AMARGO 70%,
MEGA PLAST,2023-07-16,,1.0,kg,Tegral Satin Creme ca ,61.0,61.0,HARINA,CHOCOLATE,2023-07-10,False,,1883,TEGRAL SATIN CREME CA,
B. AURRERA,2023-07-18,,1.0,kg,chantilly dulce,69.0,69.0,CHANTILLY,,2023-07-17,False,,1884,CHANTILLY DULCE,
B. AURRERA,2023-07-18,,1.0,paq,huevo san juan,75.0,75.0,HUEVO,,2023-07-17,False,,1885,HUEVO SAN JUAN,
REPOSTEARTE,2023-07-19,ND,2.0,pz,caja 6 cupcakes,36.0,18.0,EMPAQUE,,2023-07-17,False,,1886,CAJA 6 CUPCAKES,
REPOSTEARTE,2023-07-19,ND,1.0,pz,base 30 cm,12.0,12.0,BASES,,2023-07-17,False,,1887,BASE 30 CM,
REPOSTEARTE,2023-07-19,ND,1.0,pz,oblea arroz,45.0,45.0,TRANSFER,,2023-07-17,False,,1888,OBLEA ARROZ,
MEGA PLAST,2023-07-19,,1.0,kg,Tegral Satin Creme ca ,51.0,51.0,HARINA,VAINILLA,2023-07-17,False,,1889,TEGRAL SATIN CREME CA,
MEGA PLAST,2023-07-20,,1.0,pz,relleno fresa frutifru,52.0,52.0,RELLENO,,2023-07-17,False,,1890,RELLENO FRESA FRUTIFRU,
MEGA PLAST,2023-07-20,,100.0,g,Confitier leche TURIN,23.0,230.0,CHOCOLATE,,2023-07-17,False,,1891,CONFITIER LECHE TURIN,
MEGA PLAST,2023-07-20,,100.0,g,cereza con rabo diana,22.0,220.0,DULCERIA,,2023-07-17,False,,1892,CEREZA CON RABO DIANA,
MEGA PLAST,2023-07-20,,1.0,pz,Crema para batir ambiante 1 lt,66.0,66.0,AMBIANTE,,2023-07-17,False,,1893,CREMA PARA BATIR AMBIANTE 1 LT,
REPOSTEARTE,2023-07-22,ND,2.0,kg,Foundant,166.0,83.0,FONDANT,,2023-07-17,False,,1894,FOUNDANT,
REPOSTEARTE,2023-07-22,ND,1.0,pz,base 32cm doble,15.0,15.0,BASES,,2023-07-17,False,,1895,BASE 32CM DOBLE,
REPOSTEARTE,2023-07-22,ND,1.0,pz,base 28cm,14.0,14.0,BASES,,2023-07-17,False,,1896,BASE 28CM,
REPOSTEARTE,2023-07-22,ND,1.0,pz,panera 16cm,45.0,45.0,EMPAQUE,,2023-07-17,False,,1897,PANERA 16CM,
REPOSTEARTE,2023-07-25,ND,1.0,pz,base 28cm,12.0,12.0,BASES,,2023-07-24,False,,1898,BASE 28CM,
REPOSTEARTE,2023-07-25,ND,1.0,pz,base 30 cm,13.0,13.0,BASES,,2023-07-24,False,,1899,BASE 30 CM,
REPOSTEARTE,2023-07-25,ND,1.0,paq,capacillos,30.0,30.0,CAPACILLOS,,2023-07-24,False,,1900,CAPACILLOS,
REPOSTEARTE,2023-07-25,ND,1.0,kg,Foundant,83.0,83.0,FONDANT,,2023-07-24,False,,1901,FOUNDANT,
MEGA PLAST,2023-07-25,,1.0,pz,relleno zarzamora puratos,54.0,54.0,RELLENO,,2023-07-24,False,,1902,RELLENO ZARZAMORA PURATOS,
MEGA PLAST,2023-07-25,,500.0,g,chips blanco alpezzi,64.0,128.0,CHOCOLATE,,2023-07-24,False,,1903,CHIPS BLANCO ALPEZZI,
MEGA PLAST,2023-07-25,,1.0,kg,Tegral Satin Creme ca ,51.0,51.0,HARINA,VAINILLA,2023-07-24,False,,1904,TEGRAL SATIN CREME CA,
MEGA PLAST,2023-07-25,,1.0,kg,Tegral Satin Creme ca ,61.0,61.0,HARINA,CHOCOLATE,2023-07-24,False,,1905,TEGRAL SATIN CREME CA,
B. AURRERA,2023-07-26,,30.0,pz,huevo aurrera,52.5,1.75,HUEVO,,2023-07-24,False,,1906,HUEVO AURRERA,
CRAVIOTO,2023-07-28,166568,100.0,pz,alegria capacillo polka negro 100 pz,39.15,0.3915,CAPACILLOS,,2023-07-24,False,,1907,ALEGRIA CAPACILLO POLKA NEGRO 100 PZ,
CRAVIOTO,2023-07-28,166568,100.0,pz,alegria capacillo golosinas 100 pz,29.15,0.2915,CAPACILLOS,,2023-07-24,False,,1908,ALEGRIA CAPACILLO GOLOSINAS 100 PZ,
CRAVIOTO,2023-07-28,166568,50.0,pz,alegria capacillo met dorado 50 pz,43.5,0.87,CAPACILLOS,,2023-07-24,False,,1909,ALEGRIA CAPACILLO MET DORADO 50 PZ,
CRAVIOTO,2023-07-28,166568,25.0,pz,inix contenedor mantecadas 25 pz,179.32,7.1728,EMPAQUE,,2023-07-24,False,,1910,INIX CONTENEDOR MANTECADAS 25 PZ,
"DULCERIA Y MATERIAS PRIMAS ""EL GLOBO""",2023-07-29,,1.0,paq,minicacahuate,28.95,28.95,OTROS,,2023-07-24,False,,1911,MINICACAHUATE,
TIENDAS TRES B,2023-08-01,,2.0,paq,MariasDor,24.0,12.0,GALLETAS,,2023-07-31,False,,1912,MARIASDOR,
MEGA PLAST,2023-08-01,,2.0,pz,Queso philadelphia 190g,74.0,37.0,QUESO CREMA,,2023-07-31,False,,1913,QUESO PHILADELPHIA 190G,
MEGA PLAST,2023-08-01,,1.0,kg,chips chocolate semi,107.0,107.0,CHOCOLATE,,2023-07-31,False,,1914,CHIPS CHOCOLATE SEMI,
MEGA PLAST,2023-08-01,,1.0,pz,Crema para batir ambiante 1 lt,66.0,66.0,AMBIANTE,,2023-07-31,False,,1915,CREMA PARA BATIR AMBIANTE 1 LT,
MEGA PLAST,2023-08-01,,1.0,kg,Tegral Satin Creme ca ,61.0,61.0,HARINA,CHOCOLATE,2023-07-31,False,,1916,TEGRAL SATIN CREME CA,
TIENDAS TRES B,2023-08-01,,1.0,kg,hue12pzCR,30.0,30.0,HUEVO,,2023-07-31,False,,1917,HUE12PZCR,
REPOSTEARTE,2023-08-01,,1.0,pz,base plateada pasteloso 35x47cm,23.0,23.0,BASES,,2023-07-31,False,,1918,BASE PLATEADA PASTELOSO 35X47CM,
B. AURRERA,2023-08-02,,1.0,paq,oreo 273.6,24.0,24.0,GALLETAS,,2023-07-31,False,,1919,OREO 273.6,
B. AURRERA,2023-08-02,,1.0,kg,chantilly dulce,69.0,69.0,CHANTILLY,,2023-07-31,False,,1920,CHANTILLY DULCE,
REPOSTEARTE,2023-08-05,ND,1.0,pz,duya,65.0,65.0,HERRAMIENTA,,2023-07-31,False,,1921,DUYA,
MEGA PLAST,2023-08-05,,1.0,pz,relleno zarzamora puratos,54.0,54.0,RELLENO,,2023-07-31,False,,1922,RELLENO ZARZAMORA PURATOS,
MEGA PLAST,2023-08-05,,1.0,pz,Crema para batir ambiante 1 lt,66.0,66.0,AMBIANTE,,2023-07-31,False,,1923,CREMA PARA BATIR AMBIANTE 1 LT,
MEGA PLAST,2023-08-05,,1.0,pz,Relleno durazno puratos,62.0,62.0,RELLENO,,2023-07-31,False,,1924,RELLENO DURAZNO PURATOS,
MEGA PLAST,2023-08-05,,1.0,pz,nutella grande 650 gr,99.0,99.0,RELLENO,,2023-07-31,False,,1925,NUTELLA GRANDE 650 GR,
MEGA PLAST,2023-08-05,,100.0,g,chips rojo alpezzi c/,16.0,160.0,CHOCOLATE,,2023-07-31,False,,1926,CHIPS ROJO ALPEZZI C/,
MEGA PLAST,2023-08-05,,4.0,kg,Tegral Satin Creme ca ,204.0,51.0,HARINA,VAINILLA,2023-07-31,False,,1927,TEGRAL SATIN CREME CA,
MEGA PLAST,2023-08-05,,600.0,g,Confitier semiamargo TURIN,132.0,220.0,CHOCOLATE,,2023-07-31,False,,1928,CONFITIER SEMIAMARGO TURIN,
MEGA PLAST,2023-08-05,,1.0,kg,Tegral Satin Creme ca ,61.0,61.0,HARINA,CHOCOLATE,2023-07-31,False,,1929,TEGRAL SATIN CREME CA,
MEGA PLAST,2023-08-05,,1.0,pz,relleno queso creme p,93.0,93.0,RELLENO,,2023-07-31,False,,1930,RELLENO QUESO CREME P,
MEGA PLAST,2023-08-05,,100.0,g,cereza con rabo diana,22.0,220.0,DULCERIA,,2023-07-31,False,,1931,CEREZA CON RABO DIANA,
REPOSTEARTE,2023-08-05,,1.0,paq,capacillo metalico vencort,25.0,25.0,CAPACILLOS,,2023-07-31,False,,1932,CAPACILLO METALICO VENCORT,
REPOSTEARTE,2023-08-05,,1.0,kg,Foundant sabor nata coco blanco,166.0,166.0,FONDANT,,2023-07-31,False,,1933,FOUNDANT SABOR NATA COCO BLANCO,
REPOSTEARTE,2023-08-05,,1.0,pz,base plateada pasteloso 18 cm,5.0,5.0,BASES,,2023-07-31,False,,1934,BASE PLATEADA PASTELOSO 18 CM,
REPOSTEARTE,2023-08-05,,1.0,pz,base plateada pasteloso 30cm,12.0,12.0,BASES,,2023-07-31,False,,1935,BASE PLATEADA PASTELOSO 30CM,
REPOSTEARTE,2023-08-05,,1.0,pz,base dorada pasteloso 32cm,15.0,15.0,BASES,,2023-07-31,False,,1936,BASE DORADA PASTELOSO 32CM,
B. AURRERA,2023-08-05,,1.0,kg,chantilly dulce,69.0,69.0,CHANTILLY,,2023-07-31,False,,1937,CHANTILLY DULCE,
B. AURRERA,2023-08-05,,1.0,paq,Carlos V stk,51.0,51.0,CHOCOLATE,,2023-07-31,False,,1938,CARLOS V STK,
B. AURRERA,2023-08-06,,1.0,paq,Carlos V 8 pz,65.0,65.0,CHOCOLATE,,2023-07-31,False,,1939,CARLOS V 8 PZ,
CRAVIOTO,2023-08-08,112701,25.0,pz,capacillo No. 72 decorado 25 pz,17.37,0.6948,CAPACILLOS,,2023-08-07,False,,1940,CAPACILLO NO. 72 DECORADO 25 PZ,
CRAVIOTO,2023-08-08,112701,32.0,pz,dlr malv c/ chocolate 32 pz,62.98,1.9681,CHOCOLATE,,2023-08-07,False,,1941,DLR MALV C/ CHOCOLATE 32 PZ,
REPOSTEARTE,2023-08-08,,1.0,paq,capacillos a granel,25.0,25.0,CAPACILLOS,,2023-08-07,False,,1942,CAPACILLOS A GRANEL,
B. AURRERA,2023-08-08,,1.0,pz,calahua cre,29.5,29.5,RELLENO,,2023-08-07,False,,1943,CALAHUA CRE,
MEGA PLAST,2023-08-08,,1.0,pz,domo 1/4 plancha,25.0,25.0,EMPAQUE,,2023-08-07,False,,1944,DOMO 1/4 PLANCHA,
MEGA PLAST,2023-08-08,,1.0,pz,Crema para batir ambiante 1 lt,66.0,66.0,AMBIANTE,,2023-08-07,False,,1945,CREMA PARA BATIR AMBIANTE 1 LT,
ESTRELLA,2023-08-08,,250.0,g,Removedor 15,20.0,80.0,HERRAMIENTA,,2023-08-07,False,,1946,REMOVEDOR 15,
ESTRELLA,2023-08-08,,4.0,pz,bisagra 12 cupcakes,78.0,19.5,EMPAQUE,,2023-08-07,False,,1947,BISAGRA 12 CUPCAKES,
REPOSTEARTE,2023-08-08,,1.0,pz,hoja comestible de oro (colores),48.0,48.0,DECORACION,,2023-08-07,False,,1948,HOJA COMESTIBLE DE ORO (COLORES),
REPOSTEARTE,2023-08-08,,1.0,pz,base fansasia pasteloso 28 cm,14.0,14.0,BASES,,2023-08-07,False,,1949,BASE FANSASIA PASTELOSO 28 CM,
REPOSTEARTE,2023-08-08,,1.0,pz,caja acetato 17x11x13,42.0,42.0,EMPAQUE,,2023-08-07,False,,1950,CAJA ACETATO 17X11X13,
B. AURRERA,2023-08-08,,1.0,kg,chantilly dulce,69.0,69.0,CHANTILLY,,2023-08-07,False,,1951,CHANTILLY DULCE,
REPOSTEARTE,2023-08-08,,1.0,pz,disco dorado pasteloso 32 cm,14.0,14.0,BASES,,2023-08-07,False,,1952,DISCO DORADO PASTELOSO 32 CM,
REPOSTEARTE,2023-08-08,,1.0,pz,Transfer hoja de arroz gruesa,90.0,90.0,TRANSFER,,2023-08-07,False,,1953,TRANSFER HOJA DE ARROZ GRUESA,
MEGA PLAST,2023-08-12,,1.0,kg,Tegral Satin Creme ca ,51.0,51.0,HARINA,VAINILLA,2023-08-07,False,,1954,TEGRAL SATIN CREME CA,
MEGA PLAST,2023-08-12,,100.0,g,chips rojo alpezzi c/,16.0,160.0,CHOCOLATE,,2023-08-07,False,,1955,CHIPS ROJO ALPEZZI C/,
MEGA PLAST,2023-08-12,,200.0,g,cereza con rabo diana,44.0,220.0,DULCERIA,,2023-08-07,False,,1956,CEREZA CON RABO DIANA,
B. AURRERA,2023-08-16,,1.0,kg,chantilly dulce,69.0,69.0,CHANTILLY,,2023-08-14,False,,1957,CHANTILLY DULCE,
MEGA PLAST,2023-08-18,,300.0,g,Confitier semiamargo TURIN,66.0,220.0,CHOCOLATE,,2023-08-14,False,,1958,CONFITIER SEMIAMARGO TURIN,
MEGA PLAST,2023-08-18,,1.0,kg,Queso philadelphia 190g,37.0,37.0,QUESO CREMA,,2023-08-14,False,,1959,QUESO PHILADELPHIA 190G,
MEGA PLAST,2023-08-18,,1.0,kg,Tegral Satin Creme ca ,51.0,51.0,HARINA,VAINILLA,2023-08-14,False,,1960,TEGRAL SATIN CREME CA,
MEGA PLAST,2023-08-18,,1.0,kg,chips chocolate semi,107.0,107.0,CHOCOLATE,,2023-08-14,False,,1961,CHIPS CHOCOLATE SEMI,
REPOSTEARTE,2023-08-18,,1.0,kg,Foundant sabor nata coco blanco,83.0,83.0,FONDANT,,2023-08-14,False,,1962,FOUNDANT SABOR NATA COCO BLANCO,
MEGA PLAST,2023-08-18,,1.0,kg,Tegral Satin Red Velvet Puratos,65.0,65.0,HARINA,RED VELVET,2023-08-14,False,,1963,TEGRAL SATIN RED VELVET PURATOS,
REPOSTEARTE,2023-08-18,,1.0,pz,base fantasia pasteloso 28cm,14.0,14.0,BASES,,2023-08-14,False,,1964,BASE FANTASIA PASTELOSO 28CM,
ESTRELLA,2023-08-22,,500.0,g,alpezzi blanco,62.0,124.0,CHOCOLATE,,2023-08-21,False,,1965,ALPEZZI BLANCO,
MEGA PLAST,2023-08-22,,1.0,kg,Tegral Satin Creme cake chocolate,61.0,61.0,HARINA,CHOCOLATE,2023-08-21,False,,1966,TEGRAL SATIN CREME CAKE CHOCOLATE,
MEGA PLAST,2023-08-22,,1.0,pz,carboximetil celulosa deiman,42.0,42.0,CONSUMIBLES,,2023-08-21,False,,1967,CARBOXIMETIL CELULOSA DEIMAN,
MEGA PLAST,2023-08-22,,1.0,pz,Crema para batir ambiante 1 lt,66.0,66.0,AMBIANTE,,2023-08-21,False,,1968,CREMA PARA BATIR AMBIANTE 1 LT,
MEGA PLAST,2023-08-22,,1.0,pz,cream cheese filling puratos,93.0,93.0,RELLENO,,2023-08-21,False,,1969,CREAM CHEESE FILLING PURATOS,
MEGA PLAST,2023-08-22,,1.0,pz,relleno fresa frutifru,52.0,52.0,RELLENO,,2023-08-21,False,,1970,RELLENO FRESA FRUTIFRU,
B. AURRERA,2023-08-23,,1.0,kg,huevo calvario,76.0,76.0,HUEVO,,2023-08-21,False,,1971,HUEVO CALVARIO,
B. AURRERA,2023-08-24,,1.0,kg,chantilly dulce,69.0,69.0,CHANTILLY,,2023-08-21,False,,1972,CHANTILLY DULCE,
EXPOPAN,2023-08-28,ND,24.0,pz,cupcake 6,0.0,0.0,EMPAQUE,,2023-08-28,False,,1973,CUPCAKE 6,
EXPOPAN,2023-08-28,ND,1.0,pz,"varios articulos (domo, bases, caketopper, sprinkles)",2000.0,2000.0,DOMO,,2023-08-28,False,,1974,"VARIOS ARTICULOS (DOMO, BASES, CAKETOPPER, SPRINKLES)",
EXPOPAN,2023-08-28,ND,1.0,paq,sprinkles,50.0,50.0,DECORACION,,2023-08-28,False,,1975,SPRINKLES,
EXPOPAN,2023-08-28,ND,2.0,pz,caketopper harry potter,35.0,17.5,DECORACION,,2023-08-28,False,,1976,CAKETOPPER HARRY POTTER,
EXPOPAN,2023-08-28,ND,5.0,pz,bases para pastel 30,0.0,0.0,BASES,,2023-08-28,False,,1977,BASES PARA PASTEL 30,
EXPOPAN,2023-08-28,ND,5.0,pz,bases para pastel 28,0.0,0.0,BASES,,2023-08-28,False,,1978,BASES PARA PASTEL 28,
EXPOPAN,2023-08-28,ND,12.0,pz,pastel alto,0.0,0.0,EMPAQUE,,2023-08-28,False,,1979,PASTEL ALTO,
EXPOPAN,2023-08-28,ND,24.0,pz,cupcake 12,0.0,0.0,EMPAQUE,,2023-08-28,False,,1980,CUPCAKE 12,
GASOLINERIA,2023-08-28,ND,10.0,lts,gasolina (aprox),220.0,22.0,COMBUSTIBLE,,2023-08-28,False,,1981,GASOLINA (APROX),
GASOLINERIA,2023-08-31,ND,10.0,lts,gasolina (aprox),220.0,22.0,COMBUSTIBLE,,2023-08-28,False,,1982,GASOLINA (APROX),
MEGA PLAST,2023-09-01,,1.0,kg,tegral satin creme cake vainilla,51.0,51.0,HARINA,VAINILLA,2023-08-28,False,,1983,TEGRAL SATIN CREME CAKE VAINILLA,
B. AURRERA,2023-09-03,,1.0,kg,chantilly dulce,69.0,69.0,CHANTILLY,,2023-08-28,False,,1984,CHANTILLY DULCE,
REPOSTEARTE,2023-09-04,ND,1.0,kg,Foundant,83.0,83.0,FONDANT,,2023-09-04,False,,1985,FOUNDANT,
MEGA PLAST,2023-09-04,,1.0,kg,Tegral Satin Creme cake chocolate,68.0,68.0,HARINA,CHOCOLATE,2023-09-04,False,,1986,TEGRAL SATIN CREME CAKE CHOCOLATE,
MEGA PLAST,2023-09-04,,1.0,kg,tegral satin creme cake vainilla,51.0,51.0,HARINA,VAINILLA,2023-09-04,False,,1987,TEGRAL SATIN CREME CAKE VAINILLA,
ESTRELLA,2023-09-04,,200.0,g,turin semi trozo,44.0,220.0,CHOCOLATE,,2023-09-04,False,,1988,TURIN SEMI TROZO,
ESTRELLA,2023-09-04,,100.0,g,Granillo Turin Semi amargo,22.5,225.0,CHOCOLATE,,2023-09-04,False,,1989,GRANILLO TURIN SEMI AMARGO,
ESTRELLA,2023-09-04,,5.0,pz,domo 6 cupcakes,47.5,9.5,EMPAQUE,,2023-09-04,False,,1990,DOMO 6 CUPCAKES,
ESTRELLA,2023-09-04,,2.0,pz,alpezzi blanco 500 g,124.0,62.0,CHOCOLATE,,2023-09-04,False,,1991,ALPEZZI BLANCO 500 G,
MEGA PLAST,2023-09-04,,1.0,pz,Crema para batir ambiante 1 lt,66.0,66.0,AMBIANTE,,2023-09-04,False,,1992,CREMA PARA BATIR AMBIANTE 1 LT,
ESTRELLA,2023-09-04,,5.0,pz,bisagra 12 cupcakes,97.5,19.5,EMPAQUE,,2023-09-04,False,,1993,BISAGRA 12 CUPCAKES,
B. AURRERA,2023-09-05,,1.0,paq,Carlos V stk,54.0,54.0,CHOCOLATE,,2023-09-04,False,,1994,CARLOS V STK,
B. AURRERA,2023-09-05,,1.0,paq,huevo san juan,75.0,75.0,HUEVO,,2023-09-04,False,,1995,HUEVO SAN JUAN,
REPOSTEARTE,2023-09-06,ND,2.0,pz,Transfer,90.0,45.0,TRANSFER,,2023-09-04,False,,1996,TRANSFER,
REPOSTEARTE,2023-09-06,ND,2.0,pz,botellas jack daniels,190.0,95.0,LICORES,,2023-09-04,False,,1997,BOTELLAS JACK DANIELS,
REPOSTEARTE,2023-09-06,ND,100.0,g,perlas,40.0,400.0,DECORACION,,2023-09-04,False,,1998,PERLAS,
REPOSTEARTE,2023-09-06,ND,1.0,pz,color humedo,46.0,46.0,COLORANTES,,2023-09-04,False,,1999,COLOR HUMEDO,
REPOSTEARTE,2023-09-06,ND,1.0,kg,Foundant,83.0,83.0,FONDANT,,2023-09-04,False,,2000,FOUNDANT,
MEGA PLAST,2023-09-07,ND,1.0,pz,domo 1/4 plancha,25.0,25.0,EMPAQUE,,2023-09-04,False,,2001,DOMO 1/4 PLANCHA,
MEGA PLAST,2023-09-07,,1.0,pz,domo 1/4 plancha,25.0,25.0,EMPAQUE,,2023-09-04,False,,2002,DOMO 1/4 PLANCHA,
MEGA PLAST,2023-09-07,,1.0,kg,tegral satin creme cake vainilla,51.0,51.0,HARINA,VAINILLA,2023-09-04,False,,2003,TEGRAL SATIN CREME CAKE VAINILLA,
MEGA PLAST,2023-09-07,,200.0,g,cereza con rabo diana,44.0,220.0,DULCERIA,,2023-09-04,False,,2004,CEREZA CON RABO DIANA,
MEGA PLAST,2023-09-07,,200.0,g,chips negro alpezzi c/500g,32.0,160.0,CHOCOLATE,,2023-09-04,False,,2005,CHIPS NEGRO ALPEZZI C/500G,
MEGA PLAST,2023-09-07,,100.0,g,chips rojo alpezzi c/500g,16.0,160.0,CHOCOLATE,,2023-09-04,False,,2006,CHIPS ROJO ALPEZZI C/500G,
MEGA PLAST,2023-09-07,,1.0,pz,Crema para batir ambiante 1 lt,66.0,66.0,AMBIANTE,,2023-09-04,False,,2007,CREMA PARA BATIR AMBIANTE 1 LT,
CRAVIOTO,2023-09-09,172962,40.0,pz,2 paq nestle carlos v stick 20 pz,77.14,1.9285,CHOCOLATE,,2023-09-04,False,,2008,2 PAQ NESTLE CARLOS V STICK 20 PZ,
CRAVIOTO,2023-09-09,172962,3.0,pz,djana cereza c/ tallo 460g,136.92,45.64,DULCERIA,,2023-09-04,False,,2009,DJANA CEREZA C/ TALLO 460G,
CRAVIOTO,2023-09-09,172962,50.0,pz,2 paq inix contenedor mantecada 25 pz,358.64,7.1728,EMPAQUE,,2023-09-04,False,,2010,2 PAQ INIX CONTENEDOR MANTECADA 25 PZ,
CRAVIOTO,2023-09-09,172962,1.0,pz,nutella frasco 950 g,162.99,162.99,RELLENO,,2023-09-04,False,,2011,NUTELLA FRASCO 950 G,
CRAVIOTO,2023-09-09,172962,1.0,paq,zulka azucar glass 500 g,24.56,24.56,AZUCAR,GLASS,2023-09-04,False,,2012,ZULKA AZUCAR GLASS 500 G,
CRAVIOTO,2023-09-09,172962,1.0,paq,puratos fruitfil zarzamora 1 kg,56.47,56.47,RELLENO,,2023-09-04,False,,2013,PURATOS FRUITFIL ZARZAMORA 1 KG,
CRAVIOTO,2023-09-09,172962,16.0,pz,ferrero rocher t-16,106.98,6.6863,CHOCOLATE,,2023-09-04,False,,2014,FERRERO ROCHER T-16,
CRAVIOTO,2023-09-09,172962,100.0,pz,alegria capacillo polka negro 100 pz,39.15,0.3915,CAPACILLOS,,2023-09-04,False,,2015,ALEGRIA CAPACILLO POLKA NEGRO 100 PZ,
B. AURRERA,2023-09-11,,2.0,kg,chantilly dulce,138.0,69.0,CHANTILLY,,2023-09-11,False,,2016,CHANTILLY DULCE,
B. AURRERA,2023-09-11,,1.0,pz,philadelphia qso,41.0,41.0,QUESO CREMA,,2023-09-11,False,,2017,PHILADELPHIA QSO,
ESTRELLA,2023-09-11,,1.0,pz,bolsa g,3.0,3.0,OTROS,,2023-09-11,False,,2018,BOLSA G,
ESTRELLA,2023-09-11,,1.0,pz,molde acetato,39.5,39.5,HERRAMIENTA,,2023-09-11,False,,2019,MOLDE ACETATO,
ESTRELLA,2023-09-11,,100.0,g,kisses,35.0,350.0,CHOCOLATE,,2023-09-11,False,,2020,KISSES,
ESTRELLA,2023-09-11,,4.0,pz,bisagra 12 cupcakes,78.0,19.5,EMPAQUE,,2023-09-11,False,,2021,BISAGRA 12 CUPCAKES,
MEGA PLAST,2023-09-15,,1.0,kg,Tegral Satin Red Velvet Puratos,68.0,68.0,HARINA,RED VELVET,2023-09-11,False,,2022,TEGRAL SATIN RED VELVET PURATOS,
MEGA PLAST,2023-09-15,,200.0,g,granillo magic colors - varios,20.0,100.0,COLORANTES,,2023-09-11,False,,2023,GRANILLO MAGIC COLORS - VARIOS,
B. AURRERA,2023-09-17,,3.0,pz,philadelphia qso,99.0,33.0,QUESO CREMA,,2023-09-11,False,,2024,PHILADELPHIA QSO,
MEGA PLAST,2023-09-21,,1.0,pz,Crema para batir ambiante 1 lt,66.0,66.0,AMBIANTE,,2023-09-18,False,,2025,CREMA PARA BATIR AMBIANTE 1 LT,
MEGA PLAST,2023-09-21,,1.0,kg,tegral satin red velet cake puratos,68.0,68.0,HARINA,RED VELVET,2023-09-18,False,,2026,TEGRAL SATIN RED VELET CAKE PURATOS,
REPOSTEARTE,2023-09-21,,1.0,pz,pegamento de fondant,65.0,65.0,DECORACION,,2023-09-18,False,,2027,PEGAMENTO DE FONDANT,
REPOSTEARTE,2023-09-21,,2.0,pz,base dorada pasteloso 30cm,24.0,12.0,BASES,,2023-09-18,False,,2028,BASE DORADA PASTELOSO 30CM,
REPOSTEARTE,2023-09-21,,1.0,pz,matizador,70.0,70.0,DECORACION,,2023-09-18,False,,2029,MATIZADOR,
MEGA PLAST,2023-09-21,,0.1,pz,kisses plateados,32.0,320.0,CHOCOLATE,,2023-09-18,False,,2030,KISSES PLATEADOS,
MEGA PLAST,2023-09-21,,100.0,g,confitier chocolate semiamargo tu,22.0,220.0,CHOCOLATE,,2023-09-18,False,,2031,CONFITIER CHOCOLATE SEMIAMARGO TU,
CASETA,2023-09-22,,1.0,tick,peaje,38.0,38.0,CASETAS,,2023-09-18,False,,2032,PEAJE,
GASOLINERIA,2023-09-24,,10.0,lts,gasolina,213.9,21.39,COMBUSTIBLE,,2023-09-18,False,,2033,GASOLINA,
OXXO,2023-09-25,ND,1.0,pz,mantequilla sin sal,30.5,30.5,MANTEQUILLA,,2023-09-25,False,,2034,MANTEQUILLA SIN SAL,
OXXO,2023-09-25,ND,1.0,kg,harina selecta,21.5,21.5,HARINA,TRIGO,2023-09-25,False,,2035,HARINA SELECTA,
REPOSTEARTE,2023-09-26,,1.0,kg,Foundant sabor nata coco blanco,83.0,83.0,FONDANT,,2023-09-25,False,,2036,FOUNDANT SABOR NATA COCO BLANCO,
MEGA PLAST,2023-09-26,,500.0,g,chips blanco alpezzi,63.0,126.0,CHOCOLATE,,2023-09-25,False,,2037,CHIPS BLANCO ALPEZZI,
REPOSTEARTE,2023-09-26,,1.0,pz,Transfer hoja de arroz gruesa,45.0,45.0,TRANSFER,,2023-09-25,False,,2038,TRANSFER HOJA DE ARROZ GRUESA,
REPOSTEARTE,2023-09-26,,1.0,pz,molde de silicon girasol,45.0,45.0,HERRAMIENTA,,2023-09-25,False,,2039,MOLDE DE SILICON GIRASOL,
MEGA PLAST,2023-09-26,,1.0,kg,tegral satin creme cake vainilla,51.0,51.0,HARINA,VAINILLA,2023-09-25,False,,2040,TEGRAL SATIN CREME CAKE VAINILLA,
B. AURRERA,2023-09-28,,1.0,paq,oreo 273.6,31.5,31.5,GALLETAS,,2023-09-25,False,,2041,OREO 273.6,
B. AURRERA,2023-09-28,,1.0,paq,oreo charo,36.0,36.0,GALLETAS,,2023-09-25,False,,2042,OREO CHARO,
B. AURRERA,2023-09-28,,1.0,kg,chantilly dulce,71.0,71.0,CHANTILLY,,2023-09-25,False,,2043,CHANTILLY DULCE,
REPOSTEARTE,2023-10-01,ND,1.0,pz,molde de silicon,59.0,59.0,HERRAMIENTA,,2023-09-25,False,,2044,MOLDE DE SILICON,
REPOSTEARTE,2023-10-01,ND,1.0,pz,base 32,15.0,15.0,BASES,,2023-09-25,False,,2045,BASE 32,
REPOSTEARTE,2023-10-01,ND,1.0,kg,Foundant,83.0,83.0,FONDANT,,2023-09-25,False,,2046,FOUNDANT,
SORIANA,2023-10-05,,1.0,bot,bailey's,300.0,300.0,LICORES,,2023-10-02,False,,2047,BAILEY'S,
MEGA PLAST,2023-10-05,,1.0,kg,jarabe tres leches dulcerito puratos,45.0,45.0,RELLENO,,2023-10-02,False,,2048,JARABE TRES LECHES DULCERITO PURATOS,
MEGA PLAST,2023-10-05,,1.0,kg,tegral satin creme cake vainilla,51.0,51.0,HARINA,VAINILLA,2023-10-02,False,,2049,TEGRAL SATIN CREME CAKE VAINILLA,
MEGA PLAST,2023-10-05,,1.0,kg,relleno de baileys,95.0,95.0,RELLENO,,2023-10-02,False,,2050,RELLENO DE BAILEYS,
REPOSTEARTE,2023-10-10,,1.0,pz,base dorada pasteloso 30cm,12.0,12.0,BASES,,2023-10-09,False,,2051,BASE DORADA PASTELOSO 30CM,
MEGA PLAST,2023-10-10,,1.0,kg,tregal satin creme cake chocolate,61.0,61.0,HARINA,CHOCOLATE,2023-10-09,False,,2052,TREGAL SATIN CREME CAKE CHOCOLATE,
MEGA PLAST,2023-10-10,,1.0,pz,relleno fresa frutifil puratos,52.0,52.0,RELLENO,,2023-10-09,False,,2053,RELLENO FRESA FRUTIFIL PURATOS,
MEGA PLAST,2023-10-10,,1.0,pz,chips blanco alpezzi 500 g,126.0,126.0,CHOCOLATE,,2023-10-09,False,,2054,CHIPS BLANCO ALPEZZI 500 G,
MEGA PLAST,2023-10-10,,100.0,g,confitier chocolate semiamargo tu,22.0,220.0,CHOCOLATE,,2023-10-09,False,,2055,CONFITIER CHOCOLATE SEMIAMARGO TU,
MEGA PLAST,2023-10-10,,100.0,g,kisses plateados,32.0,320.0,CHOCOLATE,,2023-10-09,False,,2056,KISSES PLATEADOS,
MEGA PLAST,2023-10-10,,1.0,kg,Crema para batir ambiante 1 lt,66.0,66.0,AMBIANTE,,2023-10-09,False,,2057,CREMA PARA BATIR AMBIANTE 1 LT,
MEGA PLAST,2023-10-10,,100.0,g,granillo chocolate semiamargo,22.0,220.0,CHOCOLATE,,2023-10-09,False,,2058,GRANILLO CHOCOLATE SEMIAMARGO,
MEGA PLAST,2023-10-10,,5.0,pz,Domo mantecada 12 cavidades,80.0,16.0,EMPAQUE,,2023-10-09,False,,2059,DOMO MANTECADA 12 CAVIDADES,
REPOSTEARTE,2023-10-10,,70.0,g,sprinkles,45.5,650.0,DECORACION,,2023-10-09,False,,2060,SPRINKLES,
MEGA PLAST,2023-10-10,,2.0,kg,tregal satin creme cake vainilla,102.0,51.0,HARINA,VAINILLA,2023-10-09,False,,2061,TREGAL SATIN CREME CAKE VAINILLA,
REPOSTEARTE,2023-10-10,,1.0,pz,base dorada pasteloso 28 cm,12.0,12.0,BASES,,2023-10-09,False,,2062,BASE DORADA PASTELOSO 28 CM,
REPOSTEARTE,2023-10-10,,2.0,kg,Foundant sabor nata coco blanco,166.0,83.0,FONDANT,,2023-10-09,False,,2063,FOUNDANT SABOR NATA COCO BLANCO,
REPOSTEARTE,2023-10-10,,3.0,pz,Transfer hoja de arroz gruesa,135.0,45.0,TRANSFER,,2023-10-09,False,,2064,TRANSFER HOJA DE ARROZ GRUESA,
B. AURRERA,2023-10-13,,1.0,paq,huevo aurrera,30.5,30.5,HUEVO,,2023-10-09,False,,2065,HUEVO AURRERA,
CASETA,2023-10-15,,1.0,tick,peaje,37.0,37.0,CASETAS,,2023-10-09,False,,2066,PEAJE,
B. AURRERA,2023-10-16,,2.0,kg,chantilly dulce,142.0,71.0,CHANTILLY,,2023-10-16,False,,2067,CHANTILLY DULCE,
MEGA PLAST,2023-10-16,,2.0,pz,papel estrella pliego,12.0,6.0,CONSUMIBLES,,2023-10-16,False,,2068,PAPEL ESTRELLA PLIEGO,
MEGA PLAST,2023-10-16,,1.0,kg,tegral satin creme cake vainilla,51.0,51.0,HARINA,VAINILLA,2023-10-16,False,,2069,TEGRAL SATIN CREME CAKE VAINILLA,
MEGA PLAST,2023-10-16,,1.0,kg,Tegral Satin Creme cake chocolate,61.0,61.0,HARINA,CHOCOLATE,2023-10-16,False,,2070,TEGRAL SATIN CREME CAKE CHOCOLATE,
MEGA PLAST,2023-10-16,,200.0,g,confitier chocolate semiamargo tu,44.0,220.0,CHOCOLATE,,2023-10-16,False,,2071,CONFITIER CHOCOLATE SEMIAMARGO TU,
MEGA PLAST,2023-10-16,,1.0,pz,mantequilla 225 g,58.0,58.0,MANTEQUILLA,,2023-10-16,False,,2072,MANTEQUILLA 225 G,
MEGA PLAST,2023-10-16,,1.0,pz,Crema para batir ambiante 1 lt,66.0,66.0,AMBIANTE,,2023-10-16,False,,2073,CREMA PARA BATIR AMBIANTE 1 LT,
REPOSTEARTE,2023-10-16,,1.0,pz,base dorada pasteloso 30cm,12.0,12.0,BASES,,2023-10-16,False,,2074,BASE DORADA PASTELOSO 30CM,
MEGA PLAST,2023-10-16,,1.0,pz,kit kat 9 pz,23.2,23.2,CHOCOLATE,,2023-10-16,False,,2075,KIT KAT 9 PZ,
B. AURRERA,2023-10-16,,1.0,paq,huevo calvario,78.0,78.0,HUEVO,,2023-10-16,False,,2076,HUEVO CALVARIO,
REPOSTEARTE,2023-10-16,,1.0,kg,Foundant sabor nata coco blanco,83.0,83.0,FONDANT,,2023-10-16,False,,2077,FOUNDANT SABOR NATA COCO BLANCO,
HAZ IDEAS,2023-10-17,ND,1.0,pz,comision cobro con tarjea,41.52,41.52,OTROS,,2023-10-16,False,,2078,COMISION COBRO CON TARJEA,
HAZ IDEAS,2023-10-17,ND,12.0,pz,30*30*30,324.0,27.0,EMPAQUE,,2023-10-16,False,,2079,30*30*30,
HAZ IDEAS,2023-10-17,ND,12.0,pz,32*32*30,348.0,29.0,EMPAQUE,,2023-10-16,False,,2080,32*32*30,
HAZ IDEAS,2023-10-17,ND,12.0,pz,31*31*20,222.0,18.5,EMPAQUE,,2023-10-16,False,,2081,31*31*20,
HAZ IDEAS,2023-10-17,ND,1.0,pz,envio,200.0,200.0,OTROS,,2023-10-16,False,,2082,ENVIO,
HAZ IDEAS,2023-10-17,ND,12.0,pz,cupcakes  de 6 cav,144.0,12.0,EMPAQUE,,2023-10-16,False,,2083,CUPCAKES DE 6 CAV,
REPOSTEARTE,2023-10-19,,1.0,paq,capacillo blanco mini corazones ,56.0,56.0,CAPACILLOS,,2023-10-16,False,,2084,CAPACILLO BLANCO MINI CORAZONES,
REPOSTEARTE,2023-10-19,,1.0,pz,Transfer hoja de arroz gruesa,45.0,45.0,TRANSFER,,2023-10-16,False,,2085,TRANSFER HOJA DE ARROZ GRUESA,
REPOSTEARTE,2023-10-19,,1.0,kg,Foundant sabor nata coco blanco,83.0,83.0,FONDANT,,2023-10-16,False,,2086,FOUNDANT SABOR NATA COCO BLANCO,
MEGA PLAST,2023-10-19,,5.0,pz,Domo mantecada 12 cavidades,80.0,16.0,EMPAQUE,,2023-10-16,False,,2087,DOMO MANTECADA 12 CAVIDADES,
PARISINA,2023-10-21,,2.5,mt,rollo 45,37.48,14.992,OTROS,,2023-10-16,False,,2088,ROLLO 45,
PARISINA,2023-10-21,,3.0,pz,foami con diamantina carta,29.97,9.99,OTROS,,2023-10-16,False,,2089,FOAMI CON DIAMANTINA CARTA,
SINTETICO_ENTRENAMIENTO,2023-10-23,SYN-C-20231023-001,1.0,semana,2 paq inix contenedor mantecada 25 pz,27.83,27.83,EMPAQUE,,2023-10-23,True,mediana causal de 8 semanas y participacion historica por descripcion,2090,2 PAQ INIX CONTENEDOR MANTECADA 25 PZ,
SINTETICO_ENTRENAMIENTO,2023-10-23,SYN-C-20231023-002,1.0,semana,2 paq nestle carlos v stick 20 pz,5.99,5.99,CHOCOLATE,,2023-10-23,True,mediana causal de 8 semanas y participacion historica por descripcion,2091,2 PAQ NESTLE CARLOS V STICK 20 PZ,
SINTETICO_ENTRENAMIENTO,2023-10-23,SYN-C-20231023-003,1.0,semana,30*30*30,25.15,25.15,EMPAQUE,,2023-10-23,True,mediana causal de 8 semanas y participacion historica por descripcion,2092,30*30*30,
SINTETICO_ENTRENAMIENTO,2023-10-23,SYN-C-20231023-004,1.0,semana,31*31*20,17.23,17.23,EMPAQUE,,2023-10-23,True,mediana causal de 8 semanas y participacion historica por descripcion,2093,31*31*20,
SINTETICO_ENTRENAMIENTO,2023-10-23,SYN-C-20231023-005,1.0,semana,32*32*30,27.01,27.01,EMPAQUE,,2023-10-23,True,mediana causal de 8 semanas y participacion historica por descripcion,2094,32*32*30,
SINTETICO_ENTRENAMIENTO,2023-10-23,SYN-C-20231023-006,1.0,semana,Carlos V stk,4.19,4.19,CHOCOLATE,,2023-10-23,True,mediana causal de 8 semanas y participacion historica por descripcion,2095,CARLOS V STK,
SINTETICO_ENTRENAMIENTO,2023-10-23,SYN-C-20231023-007,1.0,semana,Crema para batir ambiante 1 lt,25.61,25.61,AMBIANTE,,2023-10-23,True,mediana causal de 8 semanas y participacion historica por descripcion,2096,CREMA PARA BATIR AMBIANTE 1 LT,
SINTETICO_ENTRENAMIENTO,2023-10-23,SYN-C-20231023-008,1.0,semana,Domo mantecada 12 cavidades,12.42,12.42,EMPAQUE,,2023-10-23,True,mediana causal de 8 semanas y participacion historica por descripcion,2097,DOMO MANTECADA 12 CAVIDADES,
SINTETICO_ENTRENAMIENTO,2023-10-23,SYN-C-20231023-009,1.0,semana,Foundant,19.33,19.33,FONDANT,,2023-10-23,True,mediana causal de 8 semanas y participacion historica por descripcion,2098,FOUNDANT,
SINTETICO_ENTRENAMIENTO,2023-10-23,SYN-C-20231023-010,1.0,semana,Foundant sabor nata coco blanco,32.21,32.21,FONDANT,,2023-10-23,True,mediana causal de 8 semanas y participacion historica por descripcion,2099,FOUNDANT SABOR NATA COCO BLANCO,
SINTETICO_ENTRENAMIENTO,2023-10-23,SYN-C-20231023-011,1.0,semana,Granillo Turin Semi amargo,1.75,1.75,CHOCOLATE,,2023-10-23,True,mediana causal de 8 semanas y participacion historica por descripcion,2100,GRANILLO TURIN SEMI AMARGO,
SINTETICO_ENTRENAMIENTO,2023-10-23,SYN-C-20231023-012,1.0,semana,Tegral Satin Creme cake chocolate,10.01,10.01,HARINA,CHOCOLATE,2023-10-23,True,mediana causal de 8 semanas y participacion historica por descripcion,2101,TEGRAL SATIN CREME CAKE CHOCOLATE,
SINTETICO_ENTRENAMIENTO,2023-10-23,SYN-C-20231023-013,1.0,semana,Tegral Satin Red Velvet Puratos,5.28,5.28,HARINA,RED VELVET,2023-10-23,True,mediana causal de 8 semanas y participacion historica por descripcion,2102,TEGRAL SATIN RED VELVET PURATOS,
SINTETICO_ENTRENAMIENTO,2023-10-23,SYN-C-20231023-014,1.0,semana,Transfer,6.99,6.99,TRANSFER,,2023-10-23,True,mediana causal de 8 semanas y participacion historica por descripcion,2103,TRANSFER,
SINTETICO_ENTRENAMIENTO,2023-10-23,SYN-C-20231023-015,1.0,semana,Transfer hoja de arroz gruesa,17.46,17.46,TRANSFER,,2023-10-23,True,mediana causal de 8 semanas y participacion historica por descripcion,2104,TRANSFER HOJA DE ARROZ GRUESA,
SINTETICO_ENTRENAMIENTO,2023-10-23,SYN-C-20231023-016,1.0,semana,alegria capacillo polka negro 100 pz,3.04,3.04,CAPACILLOS,,2023-10-23,True,mediana causal de 8 semanas y participacion historica por descripcion,2105,ALEGRIA CAPACILLO POLKA NEGRO 100 PZ,
SINTETICO_ENTRENAMIENTO,2023-10-23,SYN-C-20231023-017,1.0,semana,alpezzi blanco 500 g,9.62,9.62,CHOCOLATE,,2023-10-23,True,mediana causal de 8 semanas y participacion historica por descripcion,2106,ALPEZZI BLANCO 500 G,
SINTETICO_ENTRENAMIENTO,2023-10-23,SYN-C-20231023-018,1.0,semana,bailey's,23.28,23.28,LICORES,,2023-10-23,True,mediana causal de 8 semanas y participacion historica por descripcion,2107,BAILEY'S,
SINTETICO_ENTRENAMIENTO,2023-10-23,SYN-C-20231023-019,1.0,semana,base 32,1.16,1.16,BASES,,2023-10-23,True,mediana causal de 8 semanas y participacion historica por descripcion,2108,BASE 32,
SINTETICO_ENTRENAMIENTO,2023-10-23,SYN-C-20231023-020,1.0,semana,base dorada pasteloso 28 cm,0.93,0.93,BASES,,2023-10-23,True,mediana causal de 8 semanas y participacion historica por descripcion,2109,BASE DORADA PASTELOSO 28 CM,
SINTETICO_ENTRENAMIENTO,2023-10-23,SYN-C-20231023-021,1.0,semana,base dorada pasteloso 30cm,3.73,3.73,BASES,,2023-10-23,True,mediana causal de 8 semanas y participacion historica por descripcion,2110,BASE DORADA PASTELOSO 30CM,
SINTETICO_ENTRENAMIENTO,2023-10-23,SYN-C-20231023-022,1.0,semana,bisagra 12 cupcakes,13.62,13.62,EMPAQUE,,2023-10-23,True,mediana causal de 8 semanas y participacion historica por descripcion,2111,BISAGRA 12 CUPCAKES,
SINTETICO_ENTRENAMIENTO,2023-10-23,SYN-C-20231023-023,1.0,semana,bolsa g,0.23,0.23,OTROS,,2023-10-23,True,mediana causal de 8 semanas y participacion historica por descripcion,2112,BOLSA G,
SINTETICO_ENTRENAMIENTO,2023-10-23,SYN-C-20231023-024,1.0,semana,botellas jack daniels,14.75,14.75,LICORES,,2023-10-23,True,mediana causal de 8 semanas y participacion historica por descripcion,2113,BOTELLAS JACK DANIELS,
SINTETICO_ENTRENAMIENTO,2023-10-23,SYN-C-20231023-025,1.0,semana,caketopper harry potter,2.72,2.72,DECORACION,,2023-10-23,True,mediana causal de 8 semanas y participacion historica por descripcion,2114,CAKETOPPER HARRY POTTER,
SINTETICO_ENTRENAMIENTO,2023-10-23,SYN-C-20231023-026,1.0,semana,capacillo blanco mini corazones ,4.35,4.35,CAPACILLOS,,2023-10-23,True,mediana causal de 8 semanas y participacion historica por descripcion,2115,CAPACILLO BLANCO MINI CORAZONES,
SINTETICO_ENTRENAMIENTO,2023-10-23,SYN-C-20231023-027,1.0,semana,cereza con rabo diana,3.41,3.41,DULCERIA,,2023-10-23,True,mediana causal de 8 semanas y participacion historica por descripcion,2116,CEREZA CON RABO DIANA,
SINTETICO_ENTRENAMIENTO,2023-10-23,SYN-C-20231023-028,1.0,semana,chantilly dulce,32.6,32.6,CHANTILLY,,2023-10-23,True,mediana causal de 8 semanas y participacion historica por descripcion,2117,CHANTILLY DULCE,
SINTETICO_ENTRENAMIENTO,2023-10-23,SYN-C-20231023-029,1.0,semana,chips blanco alpezzi,4.89,4.89,CHOCOLATE,,2023-10-23,True,mediana causal de 8 semanas y participacion historica por descripcion,2118,CHIPS BLANCO ALPEZZI,
SINTETICO_ENTRENAMIENTO,2023-10-23,SYN-C-20231023-030,1.0,semana,chips blanco alpezzi 500 g,9.78,9.78,CHOCOLATE,,2023-10-23,True,mediana causal de 8 semanas y participacion historica por descripcion,2119,CHIPS BLANCO ALPEZZI 500 G,
SINTETICO_ENTRENAMIENTO,2023-10-23,SYN-C-20231023-031,1.0,semana,chips negro alpezzi c/500g,2.48,2.48,CHOCOLATE,,2023-10-23,True,mediana causal de 8 semanas y participacion historica por descripcion,2120,CHIPS NEGRO ALPEZZI C/500G,
SINTETICO_ENTRENAMIENTO,2023-10-23,SYN-C-20231023-032,1.0,semana,chips rojo alpezzi c/500g,1.24,1.24,CHOCOLATE,,2023-10-23,True,mediana causal de 8 semanas y participacion historica por descripcion,2121,CHIPS ROJO ALPEZZI C/500G,
SINTETICO_ENTRENAMIENTO,2023-10-23,SYN-C-20231023-033,1.0,semana,color humedo,3.57,3.57,COLORANTES,,2023-10-23,True,mediana causal de 8 semanas y participacion historica por descripcion,2122,COLOR HUMEDO,
SINTETICO_ENTRENAMIENTO,2023-10-23,SYN-C-20231023-034,1.0,semana,comision cobro con tarjea,3.22,3.22,OTROS,,2023-10-23,True,mediana causal de 8 semanas y participacion historica por descripcion,2123,COMISION COBRO CON TARJEA,
SINTETICO_ENTRENAMIENTO,2023-10-23,SYN-C-20231023-035,1.0,semana,confitier chocolate semiamargo tu,6.83,6.83,CHOCOLATE,,2023-10-23,True,mediana causal de 8 semanas y participacion historica por descripcion,2124,CONFITIER CHOCOLATE SEMIAMARGO TU,
SINTETICO_ENTRENAMIENTO,2023-10-23,SYN-C-20231023-036,1.0,semana,cupcakes  de 6 cav,11.18,11.18,EMPAQUE,,2023-10-23,True,mediana causal de 8 semanas y participacion historica por descripcion,2125,CUPCAKES DE 6 CAV,
SINTETICO_ENTRENAMIENTO,2023-10-23,SYN-C-20231023-037,1.0,semana,djana cereza c/ tallo 460g,10.63,10.63,DULCERIA,,2023-10-23,True,mediana causal de 8 semanas y participacion historica por descripcion,2126,DJANA CEREZA C/ TALLO 460G,
SINTETICO_ENTRENAMIENTO,2023-10-23,SYN-C-20231023-038,1.0,semana,domo 1/4 plancha,3.88,3.88,EMPAQUE,,2023-10-23,True,mediana causal de 8 semanas y participacion historica por descripcion,2127,DOMO 1/4 PLANCHA,
SINTETICO_ENTRENAMIENTO,2023-10-23,SYN-C-20231023-039,1.0,semana,domo 6 cupcakes,3.69,3.69,EMPAQUE,,2023-10-23,True,mediana causal de 8 semanas y participacion historica por descripcion,2128,DOMO 6 CUPCAKES,
SINTETICO_ENTRENAMIENTO,2023-10-23,SYN-C-20231023-040,1.0,semana,envio,15.52,15.52,OTROS,,2023-10-23,True,mediana causal de 8 semanas y participacion historica por descripcion,2129,ENVIO,
SINTETICO_ENTRENAMIENTO,2023-10-23,SYN-C-20231023-041,1.0,semana,ferrero rocher t-16,8.3,8.3,CHOCOLATE,,2023-10-23,True,mediana causal de 8 semanas y participacion historica por descripcion,2130,FERRERO ROCHER T-16,
SINTETICO_ENTRENAMIENTO,2023-10-23,SYN-C-20231023-042,1.0,semana,foami con diamantina carta,2.33,2.33,OTROS,,2023-10-23,True,mediana causal de 8 semanas y participacion historica por descripcion,2131,FOAMI CON DIAMANTINA CARTA,
SINTETICO_ENTRENAMIENTO,2023-10-23,SYN-C-20231023-043,1.0,semana,gasolina,16.6,16.6,COMBUSTIBLE,,2023-10-23,True,mediana causal de 8 semanas y participacion historica por descripcion,2132,GASOLINA,
SINTETICO_ENTRENAMIENTO,2023-10-23,SYN-C-20231023-044,1.0,semana,gasolina (aprox),34.15,34.15,COMBUSTIBLE,,2023-10-23,True,mediana causal de 8 semanas y participacion historica por descripcion,2133,GASOLINA (APROX),
SINTETICO_ENTRENAMIENTO,2023-10-23,SYN-C-20231023-045,1.0,semana,granillo chocolate semiamargo,1.71,1.71,CHOCOLATE,,2023-10-23,True,mediana causal de 8 semanas y participacion historica por descripcion,2134,GRANILLO CHOCOLATE SEMIAMARGO,
SINTETICO_ENTRENAMIENTO,2023-10-23,SYN-C-20231023-046,1.0,semana,granillo magic colors - varios,1.55,1.55,COLORANTES,,2023-10-23,True,mediana causal de 8 semanas y participacion historica por descripcion,2135,GRANILLO MAGIC COLORS - VARIOS,
SINTETICO_ENTRENAMIENTO,2023-10-23,SYN-C-20231023-047,1.0,semana,harina selecta,1.67,1.67,HARINA,TRIGO,2023-10-23,True,mediana causal de 8 semanas y participacion historica por descripcion,2136,HARINA SELECTA,
SINTETICO_ENTRENAMIENTO,2023-10-23,SYN-C-20231023-048,1.0,semana,huevo aurrera,2.37,2.37,HUEVO,,2023-10-23,True,mediana causal de 8 semanas y participacion historica por descripcion,2137,HUEVO AURRERA,
SINTETICO_ENTRENAMIENTO,2023-10-23,SYN-C-20231023-049,1.0,semana,huevo calvario,6.05,6.05,HUEVO,,2023-10-23,True,mediana causal de 8 semanas y participacion historica por descripcion,2138,HUEVO CALVARIO,
SINTETICO_ENTRENAMIENTO,2023-10-23,SYN-C-20231023-050,1.0,semana,huevo san juan,5.82,5.82,HUEVO,,2023-10-23,True,mediana causal de 8 semanas y participacion historica por descripcion,2139,HUEVO SAN JUAN,
SINTETICO_ENTRENAMIENTO,2023-10-23,SYN-C-20231023-051,1.0,semana,jarabe tres leches dulcerito puratos,3.49,3.49,RELLENO,,2023-10-23,True,mediana causal de 8 semanas y participacion historica por descripcion,2140,JARABE TRES LECHES DULCERITO PURATOS,
SINTETICO_ENTRENAMIENTO,2023-10-23,SYN-C-20231023-052,1.0,semana,kisses,2.72,2.72,CHOCOLATE,,2023-10-23,True,mediana causal de 8 semanas y participacion historica por descripcion,2141,KISSES,
SINTETICO_ENTRENAMIENTO,2023-10-23,SYN-C-20231023-053,1.0,semana,kisses plateados,4.97,4.97,CHOCOLATE,,2023-10-23,True,mediana causal de 8 semanas y participacion historica por descripcion,2142,KISSES PLATEADOS,
SINTETICO_ENTRENAMIENTO,2023-10-23,SYN-C-20231023-054,1.0,semana,kit kat 9 pz,1.8,1.8,CHOCOLATE,,2023-10-23,True,mediana causal de 8 semanas y participacion historica por descripcion,2143,KIT KAT 9 PZ,
SINTETICO_ENTRENAMIENTO,2023-10-23,SYN-C-20231023-055,1.0,semana,mantequilla 225 g,4.5,4.5,MANTEQUILLA,,2023-10-23,True,mediana causal de 8 semanas y participacion historica por descripcion,2144,MANTEQUILLA 225 G,
SINTETICO_ENTRENAMIENTO,2023-10-23,SYN-C-20231023-056,1.0,semana,mantequilla sin sal,2.37,2.37,MANTEQUILLA,,2023-10-23,True,mediana causal de 8 semanas y participacion historica por descripcion,2145,MANTEQUILLA SIN SAL,
SINTETICO_ENTRENAMIENTO,2023-10-23,SYN-C-20231023-057,1.0,semana,matizador,5.43,5.43,DECORACION,,2023-10-23,True,mediana causal de 8 semanas y participacion historica por descripcion,2146,MATIZADOR,
SINTETICO_ENTRENAMIENTO,2023-10-23,SYN-C-20231023-058,1.0,semana,molde acetato,3.07,3.07,HERRAMIENTA,,2023-10-23,True,mediana causal de 8 semanas y participacion historica por descripcion,2147,MOLDE ACETATO,
SINTETICO_ENTRENAMIENTO,2023-10-23,SYN-C-20231023-059,1.0,semana,molde de silicon,4.58,4.58,HERRAMIENTA,,2023-10-23,True,mediana causal de 8 semanas y participacion historica por descripcion,2148,MOLDE DE SILICON,
SINTETICO_ENTRENAMIENTO,2023-10-23,SYN-C-20231023-060,1.0,semana,molde de silicon girasol,3.49,3.49,HERRAMIENTA,,2023-10-23,True,mediana causal de 8 semanas y participacion historica por descripcion,2149,MOLDE DE SILICON GIRASOL,
SINTETICO_ENTRENAMIENTO,2023-10-23,SYN-C-20231023-061,1.0,semana,nutella frasco 950 g,12.65,12.65,RELLENO,,2023-10-23,True,mediana causal de 8 semanas y participacion historica por descripcion,2150,NUTELLA FRASCO 950 G,
SINTETICO_ENTRENAMIENTO,2023-10-23,SYN-C-20231023-062,1.0,semana,oreo 273.6,2.44,2.44,GALLETAS,,2023-10-23,True,mediana causal de 8 semanas y participacion historica por descripcion,2151,OREO 273.6,
SINTETICO_ENTRENAMIENTO,2023-10-23,SYN-C-20231023-063,1.0,semana,oreo charo,2.79,2.79,GALLETAS,,2023-10-23,True,mediana causal de 8 semanas y participacion historica por descripcion,2152,OREO CHARO,
SINTETICO_ENTRENAMIENTO,2023-10-23,SYN-C-20231023-064,1.0,semana,papel estrella pliego,0.93,0.93,CONSUMIBLES,,2023-10-23,True,mediana causal de 8 semanas y participacion historica por descripcion,2153,PAPEL ESTRELLA PLIEGO,
SINTETICO_ENTRENAMIENTO,2023-10-23,SYN-C-20231023-065,1.0,semana,peaje,5.82,5.82,CASETAS,,2023-10-23,True,mediana causal de 8 semanas y participacion historica por descripcion,2154,PEAJE,
SINTETICO_ENTRENAMIENTO,2023-10-23,SYN-C-20231023-066,1.0,semana,pegamento de fondant,5.04,5.04,DECORACION,,2023-10-23,True,mediana causal de 8 semanas y participacion historica por descripcion,2155,PEGAMENTO DE FONDANT,
SINTETICO_ENTRENAMIENTO,2023-10-23,SYN-C-20231023-067,1.0,semana,perlas,3.1,3.1,DECORACION,,2023-10-23,True,mediana causal de 8 semanas y participacion historica por descripcion,2156,PERLAS,
SINTETICO_ENTRENAMIENTO,2023-10-23,SYN-C-20231023-068,1.0,semana,philadelphia qso,10.87,10.87,QUESO CREMA,,2023-10-23,True,mediana causal de 8 semanas y participacion historica por descripcion,2157,PHILADELPHIA QSO,
SINTETICO_ENTRENAMIENTO,2023-10-23,SYN-C-20231023-069,1.0,semana,puratos fruitfil zarzamora 1 kg,4.38,4.38,RELLENO,,2023-10-23,True,mediana causal de 8 semanas y participacion historica por descripcion,2158,PURATOS FRUITFIL ZARZAMORA 1 KG,
SINTETICO_ENTRENAMIENTO,2023-10-23,SYN-C-20231023-070,1.0,semana,relleno de baileys,7.37,7.37,RELLENO,,2023-10-23,True,mediana causal de 8 semanas y participacion historica por descripcion,2159,RELLENO DE BAILEYS,
SINTETICO_ENTRENAMIENTO,2023-10-23,SYN-C-20231023-071,1.0,semana,relleno fresa frutifil puratos,4.04,4.04,RELLENO,,2023-10-23,True,mediana causal de 8 semanas y participacion historica por descripcion,2160,RELLENO FRESA FRUTIFIL PURATOS,
SINTETICO_ENTRENAMIENTO,2023-10-23,SYN-C-20231023-072,1.0,semana,rollo 45,2.91,2.91,OTROS,,2023-10-23,True,mediana causal de 8 semanas y participacion historica por descripcion,2161,ROLLO 45,
SINTETICO_ENTRENAMIENTO,2023-10-23,SYN-C-20231023-073,1.0,semana,sprinkles,7.41,7.41,DECORACION,,2023-10-23,True,mediana causal de 8 semanas y participacion historica por descripcion,2162,SPRINKLES,
SINTETICO_ENTRENAMIENTO,2023-10-23,SYN-C-20231023-074,1.0,semana,tegral satin creme cake vainilla,23.75,23.75,HARINA,VAINILLA,2023-10-23,True,mediana causal de 8 semanas y participacion historica por descripcion,2163,TEGRAL SATIN CREME CAKE VAINILLA,
SINTETICO_ENTRENAMIENTO,2023-10-23,SYN-C-20231023-075,1.0,semana,tegral satin red velet cake puratos,5.28,5.28,HARINA,RED VELVET,2023-10-23,True,mediana causal de 8 semanas y participacion historica por descripcion,2164,TEGRAL SATIN RED VELET CAKE PURATOS,
SINTETICO_ENTRENAMIENTO,2023-10-23,SYN-C-20231023-076,1.0,semana,tregal satin creme cake chocolate,4.73,4.73,HARINA,CHOCOLATE,2023-10-23,True,mediana causal de 8 semanas y participacion historica por descripcion,2165,TREGAL SATIN CREME CAKE CHOCOLATE,
SINTETICO_ENTRENAMIENTO,2023-10-23,SYN-C-20231023-077,1.0,semana,tregal satin creme cake vainilla,7.92,7.92,HARINA,VAINILLA,2023-10-23,True,mediana causal de 8 semanas y participacion historica por descripcion,2166,TREGAL SATIN CREME CAKE VAINILLA,
SINTETICO_ENTRENAMIENTO,2023-10-23,SYN-C-20231023-078,1.0,semana,turin semi trozo,3.41,3.41,CHOCOLATE,,2023-10-23,True,mediana causal de 8 semanas y participacion historica por descripcion,2167,TURIN SEMI TROZO,
SINTETICO_ENTRENAMIENTO,2023-10-23,SYN-C-20231023-079,1.0,semana,"varios articulos (domo, bases, caketopper, sprinkles)",155.22,155.22,DOMO,,2023-10-23,True,mediana causal de 8 semanas y participacion historica por descripcion,2168,"VARIOS ARTICULOS (DOMO, BASES, CAKETOPPER, SPRINKLES)",
SINTETICO_ENTRENAMIENTO,2023-10-23,SYN-C-20231023-080,1.0,semana,zulka azucar glass 500 g,1.91,1.91,AZUCAR,GLASS,2023-10-23,True,mediana causal de 8 semanas y participacion historica por descripcion,2169,ZULKA AZUCAR GLASS 500 G,
ESTRELLA,2023-10-30,0271,2.0,paq,15-14-chs,109.0,54.5,EMPAQUE,,2023-10-30,False,,2170,15-14-CHS,
GASOLINERIA,2023-10-30,ND,10.0,lts,gasolina,218.0,21.8,COMBUSTIBLE,,2023-10-30,False,,2171,GASOLINA,
MEGA PLAST,2023-10-30,,5.0,kg,chantilly 5 kg asturias,205.0,41.0,CHANTILLY,,2023-10-30,False,,2172,CHANTILLY 5 KG ASTURIAS,
REPOSTEARTE,2023-10-30,,2.0,paq,capacillo floreado alegria,166.0,83.0,CAPACILLOS,,2023-10-30,False,,2173,CAPACILLO FLOREADO ALEGRIA,
REPOSTEARTE,2023-10-30,,1.0,pz,Transfer hoja de arroz gruesa,45.0,45.0,TRANSFER,,2023-10-30,False,,2174,TRANSFER HOJA DE ARROZ GRUESA,
REPOSTEARTE,2023-10-30,,1.0,kg,Foundant sabor nata coco blanco,83.0,83.0,FONDANT,,2023-10-30,False,,2175,FOUNDANT SABOR NATA COCO BLANCO,
MEGA PLAST,2023-10-30,,1.0,kg,Tegral Satin Red Velvet Puratos,72.0,72.0,HARINA,RED VELVET,2023-10-30,False,,2176,TEGRAL SATIN RED VELVET PURATOS,
MEGA PLAST,2023-10-30,,1.0,pz,nutella 650g,99.0,99.0,RELLENO,,2023-10-30,False,,2177,NUTELLA 650G,
MEGA PLAST,2023-10-30,,500.0,g,azucar glass de primera,25.0,50.0,AZUCAR,GLASS,2023-10-30,False,,2178,AZUCAR GLASS DE PRIMERA,
MEGA PLAST,2023-10-30,,1.0,pz,relleno zarzamora fruitfill purat,57.0,57.0,RELLENO,,2023-10-30,False,,2179,RELLENO ZARZAMORA FRUITFILL PURAT,
MEGA PLAST,2023-10-30,,1.0,kg,Tegral Satin Creme cake chocolate,64.0,64.0,HARINA,CHOCOLATE,2023-10-30,False,,2180,TEGRAL SATIN CREME CAKE CHOCOLATE,
MEGA PLAST,2023-10-30,,1.0,kg,tegral satin creme cake vainilla,54.0,54.0,HARINA,VAINILLA,2023-10-30,False,,2181,TEGRAL SATIN CREME CAKE VAINILLA,
GASOLINERIA,2023-10-31,ND,10.0,lts,gasolina (aprox),220.0,22.0,COMBUSTIBLE,,2023-10-30,False,,2182,GASOLINA (APROX),
TIENDAS TRES B,2023-10-31,,1.0,paq,bolsa jumbo,21.0,21.0,OTROS,,2023-10-30,False,,2183,BOLSA JUMBO,
TIENDAS TRES B,2023-10-31,,2.0,paq,hue1pzSan,72.0,36.0,HUEVO,,2023-10-30,False,,2184,HUE1PZSAN,
CRAVIOTO,2023-11-01,,1.0,paq,ferrero rocher T-16,106.98,106.98,CHOCOLATE,,2023-10-30,False,,2185,FERRERO ROCHER T-16,
CRAVIOTO,2023-11-01,,1.0,pz,celofan 8x12,12.32,12.32,EMPAQUE,,2023-10-30,False,,2186,CELOFAN 8X12,
CASETA,2023-11-01,,1.0,tick,peaje,63.0,63.0,CASETAS,,2023-10-30,False,,2187,PEAJE,
CRAVIOTO,2023-11-01,,1.0,pz,nutella frasco 950 g,162.99,162.99,RELLENO,,2023-10-30,False,,2188,NUTELLA FRASCO 950 G,
CRAVIOTO,2023-11-01,,1.0,pz,mars m&m mini vit 215.6g,100.51,100.51,CHOCOLATE,,2023-10-30,False,,2189,MARS M&M MINI VIT 215.6G,
B. AURRERA,2023-11-02,,1.0,paq,oreo 273.6,28.5,28.5,GALLETAS,,2023-10-30,False,,2190,OREO 273.6,
B. AURRERA,2023-11-02,,1.0,paq,oreo vainilla,28.5,28.5,GALLETAS,,2023-10-30,False,,2191,OREO VAINILLA,
GASOLINERIA,2023-11-03,ND,20.0,lts,gasolina,419.6,20.98,COMBUSTIBLE,,2023-10-30,False,,2192,GASOLINA,
B. AURRERA,2023-11-05,,1.0,paq,huevo calvario,80.0,80.0,HUEVO,,2023-10-30,False,,2193,HUEVO CALVARIO,
B. AURRERA,2023-11-05,,1.0,paq,iberia 90,16.0,16.0,MANTEQUILLA,,2023-10-30,False,,2194,IBERIA 90,
REPOSTEARTE,2023-11-05,,2.0,pz,base dorada pasteloso 30cm,12.0,6.0,BASES,,2023-10-30,False,,2195,BASE DORADA PASTELOSO 30CM,
MEGA PLAST,2023-11-05,,1.0,kg,tegral satin creme cake vainilla,54.0,54.0,HARINA,VAINILLA,2023-10-30,False,,2196,TEGRAL SATIN CREME CAKE VAINILLA,
GASOLINERIA,2023-11-09,,10.0,lts,gasolina,209.7,20.97,COMBUSTIBLE,,2023-11-06,False,,2197,GASOLINA,
MEGA PLAST,2023-11-09,,1.0,kg,Tegral Satin Red Velvet Puratos,72.0,72.0,HARINA,RED VELVET,2023-11-06,False,,2198,TEGRAL SATIN RED VELVET PURATOS,
MEGA PLAST,2023-11-09,,1.0,kg,tegral satin creme cake vainilla,54.0,54.0,HARINA,VAINILLA,2023-11-06,False,,2199,TEGRAL SATIN CREME CAKE VAINILLA,
REPOSTEARTE,2023-11-09,,2.0,kg,Foundant sabor nata coco blanco,83.0,41.5,FONDANT,,2023-11-06,False,,2200,FOUNDANT SABOR NATA COCO BLANCO,
MEGA PLAST,2023-11-09,,1.0,kg,chips blanco alpezi c/500 g,126.0,126.0,CHOCOLATE,,2023-11-06,False,,2201,CHIPS BLANCO ALPEZI C/500 G,
ESTRELLA,2023-11-13,,50.0,pz,bolsa de celofan,25.0,0.5,EMPAQUE,,2023-11-13,False,,2202,BOLSA DE CELOFAN,
ESTRELLA,2023-11-13,,1.0,pz,papel encerado,6.0,6.0,CONSUMIBLES,,2023-11-13,False,,2203,PAPEL ENCERADO,
ESTRELLA,2023-11-13,,1.0,paq,palo para brocheta,20.0,20.0,CONSUMIBLES,,2023-11-13,False,,2204,PALO PARA BROCHETA,
ESTRELLA,2023-11-13,,1.0,pz,molde,18.5,18.5,HERRAMIENTA,,2023-11-13,False,,2205,MOLDE,
ESTRELLA,2023-11-13,,1.0,kg,royal icing,95.0,95.0,ROYALICING,,2023-11-13,False,,2206,ROYAL ICING,
B. AURRERA,2023-11-13,,1.0,paq,zulka glass,24.0,24.0,AZUCAR,GLASS,2023-11-13,False,,2207,ZULKA GLASS,
B. AURRERA,2023-11-13,,1.0,paq,saborizant,15.0,15.0,SABORIZANTE,,2023-11-13,False,,2208,SABORIZANT,
B. AURRERA,2023-11-13,,1.0,paq,gloria man,76.0,76.0,MANTEQUILLA,,2023-11-13,False,,2209,GLORIA MAN,
B. AURRERA,2023-11-13,,1.0,kg,chantilly dulce,71.0,71.0,CHANTILLY,,2023-11-13,False,,2210,CHANTILLY DULCE,
B. AURRERA,2023-11-13,,1.0,paq,harina tri,17.0,17.0,HARINA,TRIGO,2023-11-13,False,,2211,HARINA TRI,
MEGA PLAST,2023-11-14,,1.0,kg,Harina piña colada espiga mix,41.0,41.0,HARINA,PIÑA COLADA,2023-11-13,False,,2212,HARINA PINA COLADA ESPIGA MIX,
REPOSTEARTE,2023-11-16,,1.0,kg,Foundant sabor nata coco blanco,83.0,83.0,FONDANT,,2023-11-13,False,,2213,FOUNDANT SABOR NATA COCO BLANCO,
MEGA PLAST,2023-11-16,,1.0,kg,Tegral Satin Creme cake chocolate,64.0,64.0,HARINA,CHOCOLATE,2023-11-13,False,,2214,TEGRAL SATIN CREME CAKE CHOCOLATE,
MEGA PLAST,2023-11-16,,1.0,kg,Tegral Satin Red Velvet Puratos,72.0,72.0,HARINA,RED VELVET,2023-11-13,False,,2215,TEGRAL SATIN RED VELVET PURATOS,
REPOSTEARTE,2023-11-16,,1.0,pz,base dorada pasteloso 46x66 cm,46.0,46.0,BASES,,2023-11-13,False,,2216,BASE DORADA PASTELOSO 46X66 CM,
TUZOPRINT,2023-11-24,TC6452,1.0,pz,vinil brillante 140x50 cm,210.0,210.0,ADMINISTRACION,,2023-11-20,False,,2217,VINIL BRILLANTE 140X50 CM,
TUZOPRINT,2023-11-24,TC6452,1.0,pz,estructura,310.0,310.0,OTROS,,2023-11-20,False,,2218,ESTRUCTURA,
TUZOPRINT,2023-11-24,TC6452,1.0,pz,lona  de 80x180 cm,123.0,123.0,OTROS,,2023-11-20,False,,2219,LONA DE 80X180 CM,
SAMS,2023-11-25,,1.0,paq,kisses leche,149.0,149.0,CHOCOLATE,,2023-11-20,False,,2220,KISSES LECHE,
MEGA PLAST,2023-11-26,,1.0,kg,chips sabor chocolate semiamargo,107.0,107.0,CHOCOLATE,,2023-11-20,False,,2221,CHIPS SABOR CHOCOLATE SEMIAMARGO,
MEGA PLAST,2023-11-26,,1.0,kg,Crema para batir ambiante 1 lt,66.0,66.0,AMBIANTE,,2023-11-20,False,,2222,CREMA PARA BATIR AMBIANTE 1 LT,
MEGA PLAST,2023-11-26,,6.0,pz,Domo mantecada 12 cavidades,96.0,16.0,EMPAQUE,,2023-11-20,False,,2223,DOMO MANTECADA 12 CAVIDADES,
MEGA PLAST,2023-11-26,,1.0,kg,Tegral Satin Creme Cake Chocolate,64.0,64.0,HARINA,CHOCOLATE,2023-11-20,False,,2224,TEGRAL SATIN CREME CAKE CHOCOLATE,
B. AURRERA,2023-11-28,,1.0,pz,cortagalletas,25.0,25.0,HERRAMIENTA,,2023-11-27,False,,2225,CORTAGALLETAS,
B. AURRERA,2023-11-28,,1.0,pz,porta,22.0,22.0,NO DEFINIDO,,2023-11-27,False,,2226,PORTA,
B. AURRERA,2023-11-28,,1.0,pz,contenedor,22.0,22.0,EMPAQUE,,2023-11-27,False,,2227,CONTENEDOR,
B. AURRERA,2023-11-28,,1.0,pz,caja ic,22.0,22.0,EMPAQUE,,2023-11-27,False,,2228,CAJA IC,
B. AURRERA,2023-11-28,,1.0,pz,espatulas,35.0,35.0,HERRAMIENTA,,2023-11-27,False,,2229,ESPATULAS,
B. AURRERA,2023-11-28,,1.0,pz,150 capacillos,22.0,22.0,CAPACILLOS,,2023-11-27,False,,2230,150 CAPACILLOS,
B. AURRERA,2023-11-28,,1.0,paq,gloria man,76.0,76.0,MANTEQUILLA,,2023-11-27,False,,2231,GLORIA MAN,
B. AURRERA,2023-11-28,,1.0,pz,canister,59.0,59.0,HERRAMIENTA,,2023-11-27,False,,2232,CANISTER,
MEGA PLAST,2023-11-29,,250.0,gr,papel encerado,21.25,85.0,CONSUMIBLES,,2023-11-27,False,,2233,PAPEL ENCERADO,
MEGA PLAST,2023-11-29,,100.0,gr,nuez granillo,26.0,260.0,RELLENO,,2023-11-27,False,,2234,NUEZ GRANILLO,
REPOSTEARTE,2023-11-29,,6.0,pz,caja cupcake 2 cav,78.0,13.0,EMPAQUE,,2023-11-27,False,,2235,CAJA CUPCAKE 2 CAV,
MEGA PLAST,2023-11-30,,14.0,paq,nestle bota felices fiestas,415.94,29.71,NO DEFINIDO,,2023-11-27,False,,2236,NESTLE BOTA FELICES FIESTAS,
REPOSTEARTE,2023-12-02,,100.0,gr,perlas y granillo diamantado ma b,40.0,400.0,DECORACION,,2023-11-27,False,,2237,PERLAS Y GRANILLO DIAMANTADO MA B,
REPOSTEARTE,2023-12-02,,2.0,pz,transfer hoja de arroz gruesa,90.0,45.0,DECORACION,,2023-11-27,False,,2238,TRANSFER HOJA DE ARROZ GRUESA,
B. AURRERA,2023-12-03,,1.0,paq,gloria man,76.0,76.0,MANTEQUILLA,,2023-11-27,False,,2239,GLORIA MAN,
B. AURRERA,2023-12-03,,1.0,kg,harina trigo,17.0,17.0,HARINA,,2023-11-27,False,,2240,HARINA TRIGO,
B. AURRERA,2023-12-03,,1.0,kg,au azucar,37.0,37.0,AZUCAR,,2023-11-27,False,,2241,AU AZUCAR,
B. AURRERA,2023-12-03,,1.0,kg,zulka glass,24.0,24.0,AZUCAR,GLASS,2023-11-27,False,,2242,ZULKA GLASS,
B. AURRERA,2023-12-03,,2.0,paq,oreo,53.0,26.5,GALLETAS,,2023-11-27,False,,2243,OREO,
PARISINA,2023-12-04,,5.0,pz,cajita mini,99.95,19.99,OTROS,,2023-12-04,False,,2244,CAJITA MINI,
MEGA PLAST,2023-12-04,,1.0,paq,malv c/ chocolate 32 pz cod,66.29,66.29,DULCERIA,,2023-12-04,False,,2245,MALV C/ CHOCOLATE 32 PZ COD,
MEGA PLAST,2023-12-06,,1.0,paq,malv c/ chocolate 32 pz cod,66.29,66.29,DULCERIA,,2023-12-04,False,,2246,MALV C/ CHOCOLATE 32 PZ COD,
MEGA PLAST,2023-12-06,,1.0,paq,celofan 12x13,25.97,25.97,EMPAQUE,,2023-12-04,False,,2247,CELOFAN 12X13,
MEGA PLAST,2023-12-06,,1.0,kg,Tegral Satin Creme Cake Vainilla,54.0,54.0,HARINA,VAINILLA,2023-12-04,False,,2248,TEGRAL SATIN CREME CAKE VAINILLA,
REPOSTEARTE,2023-12-06,,2.0,pz,caja de acetato 17x11x3,42.0,21.0,EMPAQUE,,2023-12-04,False,,2249,CAJA DE ACETATO 17X11X3,
REPOSTEARTE,2023-12-06,,2.0,pz,caja de acetato corazon chico,36.0,18.0,EMPAQUE,,2023-12-04,False,,2250,CAJA DE ACETATO CORAZON CHICO,
ESTRELLA,2023-12-06,,1.0,pz,domo grande,19.0,19.0,EMPAQUE,,2023-12-04,False,,2251,DOMO GRANDE,
REPOSTEARTE,2023-12-06,,2.0,pz,transfer hoja de arroz gruesa,90.0,45.0,DECORACION,,2023-12-04,False,,2252,TRANSFER HOJA DE ARROZ GRUESA,
ESTRELLA,2023-12-06,,100.0,gr,nuez pedazo,28.5,285.0,RELLENO,,2023-12-04,False,,2253,NUEZ PEDAZO,
REPOSTEARTE,2023-12-06,,2.0,pz,manga p/ decorar color verde alegr,20.0,10.0,CONSUMIBLES,,2023-12-04,False,,2254,MANGA P/ DECORAR COLOR VERDE ALEGR,
REPOSTEARTE,2023-12-06,,1.0,pz,color azul brillante enco,42.0,42.0,COLORANTES,,2023-12-04,False,,2255,COLOR AZUL BRILLANTE ENCO,
ESTRELLA,2023-12-06,,1.0,kg,royal icing,95.0,95.0,ROYALICING,,2023-12-04,False,,2256,ROYAL ICING,
ESTRELLA,2023-12-06,,100.0,gr,luneta,20.0,200.0,RELLENO,,2023-12-04,False,,2257,LUNETA,
SAMS,2023-12-06,,2.0,kg,nutella,337.58,168.79,RELLENO,,2023-12-04,False,,2258,NUTELLA,
SAMS,2023-12-06,,4.0,kg,harina de trigo,70.59,17.6475,HARINA,,2023-12-04,False,,2259,HARINA DE TRIGO,
PARISINA,2023-12-06,,1.0,paq,pinceles,149.99,149.99,OTROS,,2023-12-04,False,,2260,PINCELES,
ESTRELLA,2023-12-06,,1.0,pz,Domo mantecada 12 cavidades,9.5,9.5,EMPAQUE,,2023-12-04,False,,2261,DOMO MANTECADA 12 CAVIDADES,
REPOSTEARTE,2023-12-07,,1.0,pz,transfer hoja de arroz gruesa,45.0,45.0,DECORACION,,2023-12-04,False,,2262,TRANSFER HOJA DE ARROZ GRUESA,
MEGA PLAST,2023-12-07,,1.0,pz,Queso philadelphia 190g,37.0,37.0,QUESO CREMA,,2023-12-04,False,,2263,QUESO PHILADELPHIA 190G,
REPOSTEARTE,2023-12-07,,100.0,gr,perlas y granillo diamantado ma b,40.0,400.0,DECORACION,,2023-12-04,False,,2264,PERLAS Y GRANILLO DIAMANTADO MA B,
REPOSTEARTE,2023-12-07,,1.0,kg,Foundant sabor nata coco blanco,83.0,83.0,FONDANT,,2023-12-04,False,,2265,FOUNDANT SABOR NATA COCO BLANCO,
MEGA PLAST,2023-12-07,,1.0,kg,Tegral Satin Red Velvet Cake Puratos,72.0,72.0,HARINA,RED VELVET,2023-12-04,False,,2266,TEGRAL SATIN RED VELVET CAKE PURATOS,
MEGA PLAST,2023-12-07,,1.0,kg,Tegral Satin Creme Cake Chocolate,64.0,64.0,HARINA,CHOCOLATE,2023-12-04,False,,2267,TEGRAL SATIN CREME CAKE CHOCOLATE,
MEGA PLAST,2023-12-07,,1.0,kg,Tegral Satin Creme Cake Vainilla,54.0,54.0,HARINA,VAINILLA,2023-12-04,False,,2268,TEGRAL SATIN CREME CAKE VAINILLA,
MEGA PLAST,2023-12-07,,1.0,kg,Mantequilla Gloria Verde,199.0,199.0,MANTEQUILLA,,2023-12-04,False,,2269,MANTEQUILLA GLORIA VERDE,
MEGA PLAST,2023-12-07,,1.0,pz,domo 1/2 de plancha inix,48.0,48.0,EMPAQUE,,2023-12-04,False,,2270,DOMO 1/2 DE PLANCHA INIX,
MEGA PLAST,2023-12-07,,1.0,pz,domo rigido 35-25 inix,38.0,38.0,EMPAQUE,,2023-12-04,False,,2271,DOMO RIGIDO 35-25 INIX,
MEGA PLAST,2023-12-07,,500.0,gr,chips blanco alpezzi c/ 500 g,63.0,126.0,CHOCOLATE,,2023-12-04,False,,2272,CHIPS BLANCO ALPEZZI C/ 500 G,
MEGA PLAST,2023-12-07,,100.0,gr,chips negro alpezzi c/500g,16.0,160.0,CHOCOLATE,,2023-12-04,False,,2273,CHIPS NEGRO ALPEZZI C/500G,
REPOSTEARTE,2023-12-07,,1.0,paq,capacillos blanco hollidays,56.0,56.0,CAPACILLOS,,2023-12-04,False,,2274,CAPACILLOS BLANCO HOLLIDAYS,
B. AURRERA,2023-12-08,,1.0,kg,chantilly dulce,71.0,71.0,CHANTILLY,,2023-12-04,False,,2275,CHANTILLY DULCE,
B. AURRERA,2023-12-08,,1.0,kg,zulka glass,22.5,22.5,AZUCAR,GLASS,2023-12-04,False,,2276,ZULKA GLASS,
B. AURRERA,2023-12-08,,1.0,kg,chantilly dulce,71.0,71.0,CHANTILLY,,2023-12-04,False,,2277,CHANTILLY DULCE,
CASETA,2023-12-08,,1.0,tick,peaje,65.0,65.0,CASETAS,,2023-12-04,False,,2278,PEAJE,
CASETA,2023-12-08,,1.0,tick,peaje,65.0,65.0,CASETAS,,2023-12-04,False,,2279,PEAJE,
GASOLINERIA,2023-12-09,,20.0,lts,gasolina,425.0,21.25,COMBUSTIBLE,,2023-12-04,False,,2280,GASOLINA,
SAMS,2023-12-10,,4.0,pz,Queso philadelphia 190g,142.2,35.55,QUESO CREMA,,2023-12-04,False,,2281,QUESO PHILADELPHIA 190G,
REPOSTEARTE,2023-12-11,,1.0,pz,color rosa brillante enco 40g,43.0,43.0,COLORANTES,,2023-12-11,False,,2282,COLOR ROSA BRILLANTE ENCO 40G,
REPOSTEARTE,2023-12-11,,1.0,pz,duya aluminio repo no. 70,40.0,40.0,HERRAMIENTA,,2023-12-11,False,,2283,DUYA ALUMINIO REPO NO. 70,
REPOSTEARTE,2023-12-11,,1.0,kg,Foundant sabor nata coco blanco,83.0,83.0,FONDANT,,2023-12-11,False,,2284,FOUNDANT SABOR NATA COCO BLANCO,
REPOSTEARTE,2023-12-11,,1.0,pz,color azul brillante enco,42.0,42.0,COLORANTES,,2023-12-11,False,,2285,COLOR AZUL BRILLANTE ENCO,
MEGA PLAST,2023-12-11,,1.0,kg,tegral satin creme cake vainilla,54.0,54.0,HARINA,VAINILLA,2023-12-11,False,,2286,TEGRAL SATIN CREME CAKE VAINILLA,
MEGA PLAST,2023-12-11,,1.0,kg,relleno zarzamora fruitfill purat,57.0,57.0,RELLENO,,2023-12-11,False,,2287,RELLENO ZARZAMORA FRUITFILL PURAT,
MEGA PLAST,2023-12-11,,1.0,kg,Crema para batir ambiante 1 lt,66.0,66.0,AMBIANTE,,2023-12-11,False,,2288,CREMA PARA BATIR AMBIANTE 1 LT,
REPOSTEARTE,2023-12-11,,2.0,pz,transfer hoja de arroz gruesa,90.0,45.0,DECORACION,,2023-12-11,False,,2289,TRANSFER HOJA DE ARROZ GRUESA,
MEGA PLAST,2023-12-11,,1.0,kg,Tegral Satin Creme Cake Chocolate,64.0,64.0,HARINA,CHOCOLATE,2023-12-11,False,,2290,TEGRAL SATIN CREME CAKE CHOCOLATE,
GASOLINERIA,2023-12-13,,10.0,lts,gasolina,212.4,21.24,COMBUSTIBLE,,2023-12-11,False,,2291,GASOLINA,
B. AURRERA,2023-12-13,,1.0,pz,bowl mezcl,199.0,199.0,HERRAMIENTA,,2023-12-11,False,,2292,BOWL MEZCL,
MEGA PLAST,2023-12-17,,100.0,gr,granillo chocolate combinado turin,25.0,250.0,CHOCOLATE,,2023-12-11,False,,2293,GRANILLO CHOCOLATE COMBINADO TURIN,
MEGA PLAST,2023-12-17,,1.0,kg,Tegral Satin Creme Cake Chocolate,64.0,64.0,HARINA,CHOCOLATE,2023-12-11,False,,2294,TEGRAL SATIN CREME CAKE CHOCOLATE,
MEGA PLAST,2023-12-17,,5.0,kg,chantilly 5 kg asturias,205.0,41.0,CHANTILLY,,2023-12-11,False,,2295,CHANTILLY 5 KG ASTURIAS,
MEGA PLAST,2023-12-17,,1.0,pz,domo rigido 35-25 inix,38.0,38.0,EMPAQUE,,2023-12-11,False,,2296,DOMO RIGIDO 35-25 INIX,
MEGA PLAST,2023-12-17,,100.0,gr,granillo chocolate semiamargo,22.0,220.0,CHOCOLATE,,2023-12-11,False,,2297,GRANILLO CHOCOLATE SEMIAMARGO,
MEGA PLAST,2023-12-17,,500.0,gr,chips blanco aplezzi c/ 500g,63.0,126.0,CHOCOLATE,,2023-12-11,False,,2298,CHIPS BLANCO APLEZZI C/ 500G,
B. AURRERA,2023-12-21,,1.0,kg,zulka glass,22.5,22.5,AZUCAR,GLASS,2023-12-18,False,,2299,ZULKA GLASS,
B. AURRERA,2023-12-21,,2.0,lts,sabrosano,82.0,41.0,ACEITE,,2023-12-18,False,,2300,SABROSANO,
B. AURRERA,2023-12-21,,2.0,paq,oreo,60.0,30.0,GALLETAS,,2023-12-18,False,,2301,OREO,
B. AURRERA,2023-12-21,,1.0,kg,azucar,37.0,37.0,AZUCAR,,2023-12-18,False,,2302,AZUCAR,
MEGA PLAST,2023-12-24,,100.0,gr,nuez pedazo,28.0,280.0,RELLENO,,2023-12-18,False,,2303,NUEZ PEDAZO,
MEGA PLAST,2023-12-24,,250.0,gr,papel encerado,21.25,85.0,CONSUMIBLES,,2023-12-18,False,,2304,PAPEL ENCERADO,
MEGA PLAST,2023-12-24,,1.0,pz,durazno mitades en almibar 820g,45.0,45.0,RELLENO,,2023-12-18,False,,2305,DURAZNO MITADES EN ALMIBAR 820G,
MEGA PLAST,2023-12-24,,1.0,pz,rebanadas de piña en almibar 800g,43.0,43.0,RELLENO,,2023-12-18,False,,2306,REBANADAS DE PINA EN ALMIBAR 800G,
MEGA PLAST,2023-12-29,,1.0,kg,Crema para batir ambiante 1 lt,66.0,66.0,AMBIANTE,,2023-12-25,False,,2307,CREMA PARA BATIR AMBIANTE 1 LT,
REPOSTEARTE,2023-12-29,,1.0,pz,charola galletera alta grande,175.0,175.0,EMPAQUE,,2023-12-25,False,,2308,CHAROLA GALLETERA ALTA GRANDE,
MEGA PLAST,2023-12-29,,500.0,gr,chips blanco alpezzi c/ 500 g,63.0,126.0,CHOCOLATE,,2023-12-25,False,,2309,CHIPS BLANCO ALPEZZI C/ 500 G,
MEGA PLAST,2023-12-29,,1.0,kg,Tegral Satin Red Velvet Cake Puratos,72.0,72.0,HARINA,RED VELVET,2023-12-25,False,,2310,TEGRAL SATIN RED VELVET CAKE PURATOS,
MEGA PLAST,2023-12-29,,100.0,gr,chips rojo alpezzi c/ 500 g,16.0,160.0,CHOCOLATE,,2023-12-25,False,,2311,CHIPS ROJO ALPEZZI C/ 500 G,
MEGA PLAST,2023-12-29,,3.0,pz,papel estrella pliego,18.0,6.0,CONSUMIBLES,,2023-12-25,False,,2312,PAPEL ESTRELLA PLIEGO,
MEGA PLAST,2023-12-29,,1.0,pz,domo rigido 35-25 inix,38.0,38.0,EMPAQUE,,2023-12-25,False,,2313,DOMO RIGIDO 35-25 INIX,
B. AURRERA,2023-12-29,,1.0,kg,chantilly dulce,71.0,71.0,CHANTILLY,,2023-12-25,False,,2314,CHANTILLY DULCE,
B. AURRERA,2023-12-29,,1.0,paq,huevo blanco,48.0,48.0,HUEVO,,2023-12-25,False,,2315,HUEVO BLANCO,
MEGA PLAST,2023-12-29,,300.0,gr,confitier chocolate semiamargo tu,66.0,220.0,CHOCOLATE,,2023-12-25,False,,2316,CONFITIER CHOCOLATE SEMIAMARGO TU,
MEGA PLAST,2023-12-29,,1.0,pz,domo 1/2 de plancha inix,48.0,48.0,EMPAQUE,,2023-12-25,False,,2317,DOMO 1/2 DE PLANCHA INIX,
B. AURRERA,2023-12-30,,1.0,paq,au huevo 1,32.0,32.0,HUEVO,,2023-12-25,False,,2318,AU HUEVO 1,
B. AURRERA,2023-12-30,,1.0,paq,cremas,56.0,56.0,NO DEFINIDO,,2023-12-25,False,,2319,CREMAS,
B. AURRERA,2023-12-30,,2.0,paq,Queso philadelphia 190g,80.0,40.0,QUESO CREMA,,2023-12-25,False,,2320,QUESO PHILADELPHIA 190G,
B. AURRERA,2023-12-30,,1.0,kg,chantilly dulce,71.0,71.0,CHANTILLY,,2023-12-25,False,,2321,CHANTILLY DULCE,
CASETA,2023-12-31,,1.0,tick,peaje,65.0,65.0,CASETAS,,2023-12-25,False,,2322,PEAJE,
CASETA,2024-01-01,,1.0,tick,peaje,65.0,65.0,CASETAS,,2024-01-01,False,,2323,PEAJE,
REPOSTEARTE,2024-01-10,,50.9,gr,perla neon y confeti ma baker,28.0,550.0982,DECORACION,,2024-01-08,False,,2324,PERLA NEON Y CONFETI MA BAKER,
REPOSTEARTE,2024-01-10,,1.0,pz,color negro enco 40g,46.0,46.0,COLORANTES,,2024-01-08,False,,2325,COLOR NEGRO ENCO 40G,
MEGA PLAST,2024-01-10,,4.0,pz,Domo mantecada 12 cavidades,64.0,16.0,EMPAQUE,,2024-01-08,False,,2326,DOMO MANTECADA 12 CAVIDADES,
MEGA PLAST,2024-01-10,,1.0,pz,mantequilla 225gr gloria,58.0,58.0,MANTEQUILLA,,2024-01-08,False,,2327,MANTEQUILLA 225GR GLORIA,
MEGA PLAST,2024-01-10,,100.0,gr,chips rojo alpezzi c/500g,16.0,160.0,CHOCOLATE,,2024-01-08,False,,2328,CHIPS ROJO ALPEZZI C/500G,
MEGA PLAST,2024-01-10,,100.0,gr,confitier chocolate semiamargo tu,22.0,220.0,CHOCOLATE,,2024-01-08,False,,2329,CONFITIER CHOCOLATE SEMIAMARGO TU,
MEGA PLAST,2024-01-10,,1.0,kg,Tegral Satin Creme Cake Vainilla,54.0,54.0,HARINA,VAINILLA,2024-01-08,False,,2330,TEGRAL SATIN CREME CAKE VAINILLA,
MEGA PLAST,2024-01-10,,1.0,kg,Tegral Satin Red Velvet Cake Puratos,72.0,72.0,HARINA,RED VELVET,2024-01-08,False,,2331,TEGRAL SATIN RED VELVET CAKE PURATOS,
REPOSTEARTE,2024-01-10,,2.0,pz,base plateada pasteloso 30 cm,24.0,12.0,BASES,,2024-01-08,False,,2332,BASE PLATEADA PASTELOSO 30 CM,
REPOSTEARTE,2024-01-10,,1.0,kg,fondant sabor nata coco blanco,83.0,83.0,FONDANT,,2024-01-08,False,,2333,FONDANT SABOR NATA COCO BLANCO,
SAMS,2024-01-13,,4.0,paq,harina de trigo,70.59,17.6475,HARINA,,2024-01-08,False,,2334,HARINA DE TRIGO,
SAMS,2024-01-13,,4.0,paq,Queso philadelphia 190g,142.2,35.55,QUESO CREMA,,2024-01-08,False,,2335,QUESO PHILADELPHIA 190G,
SAMS,2024-01-13,,30.0,pz,huevo,83.89,2.7963,HUEVO,,2024-01-08,False,,2336,HUEVO,
REPOSTEARTE,2024-01-13,,3.0,pz,transfer hoja de arroz gruesa,135.0,45.0,DECORACION,,2024-01-08,False,,2337,TRANSFER HOJA DE ARROZ GRUESA,
CASETA,2024-01-14,,1.0,tick,peaje,65.0,65.0,CASETAS,,2024-01-08,False,,2338,PEAJE,
B. AURRERA,2024-01-15,,2.0,paq,gloria man,115.0,57.5,MANTEQUILLA,,2024-01-15,False,,2339,GLORIA MAN,
MEGA PLAST,2024-01-24,,100.0,gr,chips rosa alpezzi c/500g,16.0,160.0,CHOCOLATE,,2024-01-22,False,,2340,CHIPS ROSA ALPEZZI C/500G,
MEGA PLAST,2024-01-24,,100.0,gr,chips rojo alpezzi c/500g,16.0,160.0,CHOCOLATE,,2024-01-22,False,,2341,CHIPS ROJO ALPEZZI C/500G,
MEGA PLAST,2024-01-24,,1.0,kg,Tegral Satin Creme Cake Chocolate,64.0,64.0,CHOCOLATE,,2024-01-22,False,,2342,TEGRAL SATIN CREME CAKE CHOCOLATE,
MEGA PLAST,2024-01-24,,1.0,kg,Crema para batir ambiante 1 lt,66.0,66.0,AMBIANTE,,2024-01-22,False,,2343,CREMA PARA BATIR AMBIANTE 1 LT,
MEGA PLAST,2024-01-24,,1.0,kg,Tegral Satin Red Velvet Cake Puratos,72.0,72.0,CHOCOLATE,,2024-01-22,False,,2344,TEGRAL SATIN RED VELVET CAKE PURATOS,
MEGA PLAST,2024-01-24,,1.0,paq,sprinkles,50.0,50.0,DECORACION,,2024-01-22,False,,2345,SPRINKLES,
GASOLINERIA,2024-01-24,,10.0,lts,gasolina,219.9,21.99,COMBUSTIBLE,,2024-01-22,False,,2346,GASOLINA,
MEGA PLAST,2024-01-24,,1.0,kg,mantequilla 225gr gloria,58.0,58.0,MANTEQUILLA,,2024-01-22,False,,2347,MANTEQUILLA 225GR GLORIA,
