origen,fecha_objetivo,horizonte,insumo_id,participacion,importe,total_redondeado
2024-01-01,2024-01-01,1,fondant_sin_especificacion,0.0005833708013881239,0.4,691.6700000000001
2024-01-01,2024-01-01,1,nutella,0.019272914661233147,13.33,691.6700000000001
2024-01-01,2024-01-01,1,tegral_satin_creme_cake_sabor_no_especificado,0.0001234622182883398,0.09,691.6700000000001
2024-01-01,2024-01-01,1,chantilly_sin_especificacion,4.1390263168050403e-10,0.0,691.6700000000001
2024-01-01,2024-01-01,1,crema_batir_ambiente_1_l,0.04220374672273622,29.19,691.6700000000001
2024-01-01,2024-01-01,1,queso_philadelphia,0.03731245010361849,25.81,691.6700000000001
2024-01-01,2024-01-01,1,tegral_satin_red_velvet,0.03956113844379221,27.36,691.6700000000001
2024-01-01,2024-01-01,1,easy_pastel_tres_leches_sabor_no_especificado,2.669904833302361e-08,0.0,691.6700000000001
2024-01-01,2024-01-01,1,transfer_sin_especificacion,4.683964077384137e-05,0.03,691.6700000000001
2024-01-01,2024-01-01,1,chantilly_dulce,0.06234721684539731,43.12,691.6700000000001
2024-01-01,2024-01-01,1,chantilly_asturias,0.03550030525904686,24.56,691.6700000000001
2024-01-01,2024-01-01,1,chips_blanco_alpezzi,0.04602903888131575,31.84,691.6700000000001
2024-01-01,2024-01-01,1,fondant_nata_coco_blanco,0.03144785507932252,21.75,691.6700000000001
2024-01-01,2024-01-01,1,chantilly_dull,1.5098345881568547e-08,0.0,691.6700000000001
2024-01-01,2024-01-01,1,capacillos,5.009646546528133e-06,0.0,691.6700000000001
2024-01-01,2024-01-01,1,huevo_sin_especificacion,1.1524361726328374e-07,0.0,691.6700000000001
2024-01-01,2024-01-01,1,contenedor_mantecadas_inix_25_pz,0.00018076350111625224,0.13,691.6700000000001
2024-01-01,2024-01-01,1,confitier_semiamargo_turin,0.02373856992129641,16.42,691.6700000000001
2024-01-01,2024-01-01,1,chips_chocolate_semi,9.033152681471194e-05,0.06,691.6700000000001
2024-01-01,2024-01-01,1,tegral_satin_vainilla,0.020833352222409444,14.41,691.6700000000001
2024-01-01,2024-01-01,1,transfer_hoja_de_arroz_gruesa,0.0338620603951951,23.42,691.6700000000001
2024-01-01,2024-01-01,1,tegral_satin_chocolate,0.03561226889482958,24.63,691.6700000000001
2024-01-01,2024-01-01,1,domo_cupcake_12,0.011489193040091437,7.95,691.6700000000001
2024-01-01,2024-01-01,1,mantequilla_gloria_presentacion_no_especificada,0.022504092432408047,15.57,691.6700000000001
2024-01-01,2024-01-01,1,ferrero_rocher_t16,0.0011843999132651343,0.82,691.6700000000001
2024-01-01,2024-01-01,1,huevo_san_juan,4.0667842732149854e-05,0.03,691.6700000000001
2024-01-01,2024-01-01,1,relleno_zarzamora_puratos,1.4428114096969756e-05,0.01,691.6700000000001
2024-01-01,2024-01-01,1,aceite_sin_especificacion,1.2247631908073598e-10,0.0,691.6700000000001
2024-01-01,2024-01-01,1,matizador,0.00041581692186414937,0.29,691.6700000000001
2024-01-01,2024-01-01,1,caja_de_carton_para_cupcake_6_pz,1.090546417935045e-15,0.0,691.6700000000001
2024-01-01,2024-01-01,1,carlos_v_stick,6.217833074849402e-05,0.04,691.6700000000001
2024-01-01,2024-01-01,1,kisses_leche,0.015790042730218574,10.92,691.6700000000001
2024-01-01,2024-01-01,1,empaque_32_x_32_x_30,0.001546155111171654,1.07,691.6700000000001
2024-01-01,2024-01-01,1,ferrero_sin_especificacion,5.927277908895716e-08,0.0,691.6700000000001
2024-01-01,2024-01-01,1,domo_media_plancha_inix,0.01921721076380662,13.29,691.6700000000001
2024-01-01,2024-01-01,1,deiman_plumones_magicos,2.5869920760346348e-17,0.0,691.6700000000001
2024-01-01,2024-01-01,1,empaque_30_x_30_x_30,0.0014395237241942983,1.0,691.6700000000001
2024-01-01,2024-01-01,1,queso_crema_suelto,1.3949587501306237e-08,0.0,691.6700000000001
2024-01-01,2024-01-01,1,royal_icing_deiman_50_sin_unidad,1.2577787580081332e-08,0.0,691.6700000000001
2024-01-01,2024-01-01,1,pegamento_fondant,0.0003862043238732209,0.27,691.6700000000001
2024-01-01,2024-01-01,1,base_28_cm,4.549134827684853e-06,0.0,691.6700000000001
2024-01-01,2024-01-01,1,bailey_s,0.0025701693304390687,1.78,691.6700000000001
2024-01-01,2024-01-01,1,domo_1_4_plancha,2.977937521306565e-05,0.02,691.6700000000001
2024-01-01,2024-01-01,1,colorantes_9_colores,9.069326909421377e-10,0.0,691.6700000000001
2024-01-01,2024-01-01,1,sabrosano,0.05149654387689444,35.62,691.6700000000001
2024-01-01,2024-01-01,1,huevo_blanco_tepa_de_linea,1.5864330788774184e-06,0.0,691.6700000000001
2024-01-01,2024-01-01,1,mangas,0.0009722141632644141,0.67,691.6700000000001
2024-01-01,2024-01-01,1,relleno_durazno_puratos,6.214522877616221e-06,0.0,691.6700000000001
2024-01-01,2024-01-01,1,kit_kat_9_pz,0.00010307778424620369,0.07,691.6700000000001
2024-01-01,2024-01-01,1,oblea_arroz,5.5611209809021005e-06,0.0,691.6700000000001
2024-01-01,2024-01-01,1,huevo_calvario,0.0012667506274462261,0.88,691.6700000000001
2024-01-01,2024-01-01,1,bisagra_12_cupcakes,0.00030326262855177427,0.21,691.6700000000001
2024-01-01,2024-01-01,1,chocolate_sin_especificacion,1.9362981128977172e-07,0.0,691.6700000000001
2024-01-01,2024-01-01,1,caja_cupcake_12,9.260447482166708e-09,0.0,691.6700000000001
2024-01-01,2024-01-01,1,empaque_31_x_31_x_20,0.0009863403295405377,0.68,691.6700000000001
2024-01-01,2024-01-01,1,oreo_273_6,0.0004793548999729376,0.33,691.6700000000001
2024-01-01,2024-01-01,1,perlas_sin_especificacion,1.681708852482672e-05,0.01,691.6700000000001
2024-01-01,2024-01-01,1,chips_chocolate_con_l,3.5667925179886125e-08,0.0,691.6700000000001
2024-01-01,2024-01-01,1,relleno_fresa_frutifru,5.565358530738981e-05,0.04,691.6700000000001
2024-01-01,2024-01-01,1,base_36_cm_doble,2.1166798494029462e-07,0.0,691.6700000000001
2024-01-01,2024-01-01,1,harina_red_velvet_esp,1.5087674005716569e-12,0.0,691.6700000000001
2024-01-01,2024-01-01,1,mantequilla_gloria_verde,0.009673482304417785,6.69,691.6700000000001
2024-01-01,2024-01-01,1,caja_cupcake_6,5.586205635860935e-06,0.0,691.6700000000001
2024-01-01,2024-01-01,1,botellas_jack_daniels,7.984554940739971e-05,0.06,691.6700000000001
2024-01-01,2024-01-01,1,royal_icing_sin_especificacion,0.009803797362048094,6.78,691.6700000000001
2024-01-01,2024-01-01,1,azucar_glass,0.0002658728205280186,0.18,691.6700000000001
2024-01-01,2024-01-01,1,kisses_leche_choc_bl_807_gr,3.444427435744006e-08,0.0,691.6700000000001
2024-01-01,2024-01-01,1,dlr_malvavisco_chocolate_32_pz,2.207687053369719e-05,0.02,691.6700000000001
2024-01-01,2024-01-01,1,alpezzi_blanco,0.00011100279516524714,0.08,691.6700000000001
2024-01-01,2024-01-01,1,relleno_queso_creme_p,9.314914760726225e-06,0.01,691.6700000000001
2024-01-01,2024-01-01,1,ac_au800,2.437715448733532e-08,0.0,691.6700000000001
2024-01-01,2024-01-01,1,domo_cupcake_6,1.996138735188724e-05,0.01,691.6700000000001
2024-01-01,2024-01-01,1,caja_cupcake_sin_capacidad,4.282741787520245e-13,0.0,691.6700000000001
2024-01-01,2024-01-01,1,red_velvet,1.5278045001887332e-10,0.0,691.6700000000001
2024-01-01,2024-01-01,1,cereza_con_rabo_diana,3.879749879498481e-05,0.03,691.6700000000001
2024-01-01,2024-01-01,1,charola_galletera_alta_grande,0.0615559162831578,42.58,691.6700000000001
2024-01-01,2024-01-01,1,mantequilla_gloria_22,2.308217457829179e-07,0.0,691.6700000000001
2024-01-01,2024-01-01,1,domo_cupcake_sin_capacidad,1.9462570261673827e-17,0.0,691.6700000000001
2024-01-01,2024-01-01,1,relleno_zarzamora_fruitfil_puratos,0.009894547517587267,6.84,691.6700000000001
2024-01-01,2024-01-01,1,chips_rojo_alpezzi,0.005641968658968754,3.9,691.6700000000001
2024-01-01,2024-01-01,1,capacillo_floreado_alegria,0.0017596147674328612,1.22,691.6700000000001
2024-01-01,2024-01-01,1,inix_contenedor_mantecadas,1.2345079921703279e-17,0.0,691.6700000000001
2024-01-01,2024-01-01,1,otros,0.3399787478409126,235.15,691.6700000000001
2024-01-01,2024-01-08,2,fondant_sin_especificacion,0.0005833708013881239,0.52,892.0900000000001
2024-01-01,2024-01-08,2,nutella,0.019272914661233147,17.19,892.0900000000001
2024-01-01,2024-01-08,2,tegral_satin_creme_cake_sabor_no_especificado,0.0001234622182883398,0.11,892.0900000000001
2024-01-01,2024-01-08,2,chantilly_sin_especificacion,4.1390263168050403e-10,0.0,892.0900000000001
2024-01-01,2024-01-08,2,crema_batir_ambiente_1_l,0.04220374672273622,37.65,892.0900000000001
2024-01-01,2024-01-08,2,queso_philadelphia,0.03731245010361849,33.29,892.0900000000001
2024-01-01,2024-01-08,2,tegral_satin_red_velvet,0.03956113844379221,35.29,892.0900000000001
2024-01-01,2024-01-08,2,easy_pastel_tres_leches_sabor_no_especificado,2.669904833302361e-08,0.0,892.0900000000001
2024-01-01,2024-01-08,2,transfer_sin_especificacion,4.683964077384137e-05,0.04,892.0900000000001
2024-01-01,2024-01-08,2,chantilly_dulce,0.06234721684539731,55.62,892.0900000000001
2024-01-01,2024-01-08,2,chantilly_asturias,0.03550030525904686,31.67,892.0900000000001
2024-01-01,2024-01-08,2,chips_blanco_alpezzi,0.04602903888131575,41.06,892.0900000000001
2024-01-01,2024-01-08,2,fondant_nata_coco_blanco,0.03144785507932252,28.05,892.0900000000001
2024-01-01,2024-01-08,2,chantilly_dull,1.5098345881568547e-08,0.0,892.0900000000001
2024-01-01,2024-01-08,2,capacillos,5.009646546528133e-06,0.0,892.0900000000001
2024-01-01,2024-01-08,2,huevo_sin_especificacion,1.1524361726328374e-07,0.0,892.0900000000001
2024-01-01,2024-01-08,2,contenedor_mantecadas_inix_25_pz,0.00018076350111625224,0.16,892.0900000000001
2024-01-01,2024-01-08,2,confitier_semiamargo_turin,0.02373856992129641,21.18,892.0900000000001
2024-01-01,2024-01-08,2,chips_chocolate_semi,9.033152681471194e-05,0.08,892.0900000000001
2024-01-01,2024-01-08,2,tegral_satin_vainilla,0.020833352222409444,18.59,892.0900000000001
2024-01-01,2024-01-08,2,transfer_hoja_de_arroz_gruesa,0.0338620603951951,30.21,892.0900000000001
2024-01-01,2024-01-08,2,tegral_satin_chocolate,0.03561226889482958,31.77,892.0900000000001
2024-01-01,2024-01-08,2,domo_cupcake_12,0.011489193040091437,10.25,892.0900000000001
2024-01-01,2024-01-08,2,mantequilla_gloria_presentacion_no_especificada,0.022504092432408047,20.08,892.0900000000001
2024-01-01,2024-01-08,2,ferrero_rocher_t16,0.0011843999132651343,1.06,892.0900000000001
2024-01-01,2024-01-08,2,huevo_san_juan,4.0667842732149854e-05,0.04,892.0900000000001
2024-01-01,2024-01-08,2,relleno_zarzamora_puratos,1.4428114096969756e-05,0.01,892.0900000000001
2024-01-01,2024-01-08,2,aceite_sin_especificacion,1.2247631908073598e-10,0.0,892.0900000000001
2024-01-01,2024-01-08,2,matizador,0.00041581692186414937,0.37,892.0900000000001
2024-01-01,2024-01-08,2,caja_de_carton_para_cupcake_6_pz,1.090546417935045e-15,0.0,892.0900000000001
2024-01-01,2024-01-08,2,carlos_v_stick,6.217833074849402e-05,0.06,892.0900000000001
2024-01-01,2024-01-08,2,kisses_leche,0.015790042730218574,14.09,892.0900000000001
2024-01-01,2024-01-08,2,empaque_32_x_32_x_30,0.001546155111171654,1.38,892.0900000000001
2024-01-01,2024-01-08,2,ferrero_sin_especificacion,5.927277908895716e-08,0.0,892.0900000000001
2024-01-01,2024-01-08,2,domo_media_plancha_inix,0.01921721076380662,17.14,892.0900000000001
2024-01-01,2024-01-08,2,deiman_plumones_magicos,2.5869920760346348e-17,0.0,892.0900000000001
2024-01-01,2024-01-08,2,empaque_30_x_30_x_30,0.0014395237241942983,1.28,892.0900000000001
2024-01-01,2024-01-08,2,queso_crema_suelto,1.3949587501306237e-08,0.0,892.0900000000001
2024-01-01,2024-01-08,2,royal_icing_deiman_50_sin_unidad,1.2577787580081332e-08,0.0,892.0900000000001
2024-01-01,2024-01-08,2,pegamento_fondant,0.0003862043238732209,0.34,892.0900000000001
2024-01-01,2024-01-08,2,base_28_cm,4.549134827684853e-06,0.0,892.0900000000001
2024-01-01,2024-01-08,2,bailey_s,0.0025701693304390687,2.29,892.0900000000001
2024-01-01,2024-01-08,2,domo_1_4_plancha,2.977937521306565e-05,0.03,892.0900000000001
2024-01-01,2024-01-08,2,colorantes_9_colores,9.069326909421377e-10,0.0,892.0900000000001
2024-01-01,2024-01-08,2,sabrosano,0.05149654387689444,45.94,892.0900000000001
2024-01-01,2024-01-08,2,huevo_blanco_tepa_de_linea,1.5864330788774184e-06,0.0,892.0900000000001
2024-01-01,2024-01-08,2,mangas,0.0009722141632644141,0.87,892.0900000000001
2024-01-01,2024-01-08,2,relleno_durazno_puratos,6.214522877616221e-06,0.01,892.0900000000001
2024-01-01,2024-01-08,2,kit_kat_9_pz,0.00010307778424620369,0.09,892.0900000000001
2024-01-01,2024-01-08,2,oblea_arroz,5.5611209809021005e-06,0.0,892.0900000000001
2024-01-01,2024-01-08,2,huevo_calvario,0.0012667506274462261,1.13,892.0900000000001
2024-01-01,2024-01-08,2,bisagra_12_cupcakes,0.00030326262855177427,0.27,892.0900000000001
2024-01-01,2024-01-08,2,chocolate_sin_especificacion,1.9362981128977172e-07,0.0,892.0900000000001
2024-01-01,2024-01-08,2,caja_cupcake_12,9.260447482166708e-09,0.0,892.0900000000001
2024-01-01,2024-01-08,2,empaque_31_x_31_x_20,0.0009863403295405377,0.88,892.0900000000001
2024-01-01,2024-01-08,2,oreo_273_6,0.0004793548999729376,0.43,892.0900000000001
2024-01-01,2024-01-08,2,perlas_sin_especificacion,1.681708852482672e-05,0.02,892.0900000000001
2024-01-01,2024-01-08,2,chips_chocolate_con_l,3.5667925179886125e-08,0.0,892.0900000000001
2024-01-01,2024-01-08,2,relleno_fresa_frutifru,5.565358530738981e-05,0.05,892.0900000000001
2024-01-01,2024-01-08,2,base_36_cm_doble,2.1166798494029462e-07,0.0,892.0900000000001
2024-01-01,2024-01-08,2,harina_red_velvet_esp,1.5087674005716569e-12,0.0,892.0900000000001
2024-01-01,2024-01-08,2,mantequilla_gloria_verde,0.009673482304417785,8.63,892.0900000000001
2024-01-01,2024-01-08,2,caja_cupcake_6,5.586205635860935e-06,0.0,892.0900000000001
2024-01-01,2024-01-08,2,botellas_jack_daniels,7.984554940739971e-05,0.07,892.0900000000001
2024-01-01,2024-01-08,2,royal_icing_sin_especificacion,0.009803797362048094,8.75,892.0900000000001
2024-01-01,2024-01-08,2,azucar_glass,0.0002658728205280186,0.24,892.0900000000001
2024-01-01,2024-01-08,2,kisses_leche_choc_bl_807_gr,3.444427435744006e-08,0.0,892.0900000000001
2024-01-01,2024-01-08,2,dlr_malvavisco_chocolate_32_pz,2.207687053369719e-05,0.02,892.0900000000001
2024-01-01,2024-01-08,2,alpezzi_blanco,0.00011100279516524714,0.1,892.0900000000001
2024-01-01,2024-01-08,2,relleno_queso_creme_p,9.314914760726225e-06,0.01,892.0900000000001
2024-01-01,2024-01-08,2,ac_au800,2.437715448733532e-08,0.0,892.0900000000001
2024-01-01,2024-01-08,2,domo_cupcake_6,1.996138735188724e-05,0.02,892.0900000000001
2024-01-01,2024-01-08,2,caja_cupcake_sin_capacidad,4.282741787520245e-13,0.0,892.0900000000001
2024-01-01,2024-01-08,2,red_velvet,1.5278045001887332e-10,0.0,892.0900000000001
2024-01-01,2024-01-08,2,cereza_con_rabo_diana,3.879749879498481e-05,0.03,892.0900000000001
2024-01-01,2024-01-08,2,charola_galletera_alta_grande,0.0615559162831578,54.91,892.0900000000001
2024-01-01,2024-01-08,2,mantequilla_gloria_22,2.308217457829179e-07,0.0,892.0900000000001
2024-01-01,2024-01-08,2,domo_cupcake_sin_capacidad,1.9462570261673827e-17,0.0,892.0900000000001
2024-01-01,2024-01-08,2,relleno_zarzamora_fruitfil_puratos,0.009894547517587267,8.83,892.0900000000001
2024-01-01,2024-01-08,2,chips_rojo_alpezzi,0.005641968658968754,5.03,892.0900000000001
2024-01-01,2024-01-08,2,capacillo_floreado_alegria,0.0017596147674328612,1.57,892.0900000000001
2024-01-01,2024-01-08,2,inix_contenedor_mantecadas,1.2345079921703279e-17,0.0,892.0900000000001
2024-01-01,2024-01-08,2,otros,0.3399787478409126,303.29,892.0900000000001
2024-01-01,2024-01-15,3,fondant_sin_especificacion,0.0005833708013881239,0.51,882.29
2024-01-01,2024-01-15,3,nutella,0.019272914661233147,17.0,882.29
2024-01-01,2024-01-15,3,tegral_satin_creme_cake_sabor_no_especificado,0.0001234622182883398,0.11,882.29
2024-01-01,2024-01-15,3,chantilly_sin_especificacion,4.1390263168050403e-10,0.0,882.29
2024-01-01,2024-01-15,3,crema_batir_ambiente_1_l,0.04220374672273622,37.24,882.29
2024-01-01,2024-01-15,3,queso_philadelphia,0.03731245010361849,32.92,882.29
2024-01-01,2024-01-15,3,tegral_satin_red_velvet,0.03956113844379221,34.9,882.29
2024-01-01,2024-01-15,3,easy_pastel_tres_leches_sabor_no_especificado,2.669904833302361e-08,0.0,882.29
2024-01-01,2024-01-15,3,transfer_sin_especificacion,4.683964077384137e-05,0.04,882.29
2024-01-01,2024-01-15,3,chantilly_dulce,0.06234721684539731,55.01,882.29
2024-01-01,2024-01-15,3,chantilly_asturias,0.03550030525904686,31.32,882.29
2024-01-01,2024-01-15,3,chips_blanco_alpezzi,0.04602903888131575,40.61,882.29
2024-01-01,2024-01-15,3,fondant_nata_coco_blanco,0.03144785507932252,27.75,882.29
2024-01-01,2024-01-15,3,chantilly_dull,1.5098345881568547e-08,0.0,882.29
2024-01-01,2024-01-15,3,capacillos,5.009646546528133e-06,0.0,882.29
2024-01-01,2024-01-15,3,huevo_sin_especificacion,1.1524361726328374e-07,0.0,882.29
2024-01-01,2024-01-15,3,contenedor_mantecadas_inix_25_pz,0.00018076350111625224,0.16,882.29
2024-01-01,2024-01-15,3,confitier_semiamargo_turin,0.02373856992129641,20.94,882.29
2024-01-01,2024-01-15,3,chips_chocolate_semi,9.033152681471194e-05,0.08,882.29
2024-01-01,2024-01-15,3,tegral_satin_vainilla,0.020833352222409444,18.38,882.29
2024-01-01,2024-01-15,3,transfer_hoja_de_arroz_gruesa,0.0338620603951951,29.88,882.29
2024-01-01,2024-01-15,3,tegral_satin_chocolate,0.03561226889482958,31.42,882.29
2024-01-01,2024-01-15,3,domo_cupcake_12,0.011489193040091437,10.14,882.29
2024-01-01,2024-01-15,3,mantequilla_gloria_presentacion_no_especificada,0.022504092432408047,19.86,882.29
2024-01-01,2024-01-15,3,ferrero_rocher_t16,0.0011843999132651343,1.05,882.29
2024-01-01,2024-01-15,3,huevo_san_juan,4.0667842732149854e-05,0.04,882.29
2024-01-01,2024-01-15,3,relleno_zarzamora_puratos,1.4428114096969756e-05,0.01,882.29
2024-01-01,2024-01-15,3,aceite_sin_especificacion,1.2247631908073598e-10,0.0,882.29
2024-01-01,2024-01-15,3,matizador,0.00041581692186414937,0.37,882.29
2024-01-01,2024-01-15,3,caja_de_carton_para_cupcake_6_pz,1.090546417935045e-15,0.0,882.29
2024-01-01,2024-01-15,3,carlos_v_stick,6.217833074849402e-05,0.05,882.29
2024-01-01,2024-01-15,3,kisses_leche,0.015790042730218574,13.93,882.29
2024-01-01,2024-01-15,3,empaque_32_x_32_x_30,0.001546155111171654,1.36,882.29
2024-01-01,2024-01-15,3,ferrero_sin_especificacion,5.927277908895716e-08,0.0,882.29
2024-01-01,2024-01-15,3,domo_media_plancha_inix,0.01921721076380662,16.96,882.29
2024-01-01,2024-01-15,3,deiman_plumones_magicos,2.5869920760346348e-17,0.0,882.29
2024-01-01,2024-01-15,3,empaque_30_x_30_x_30,0.0014395237241942983,1.27,882.29
2024-01-01,2024-01-15,3,queso_crema_suelto,1.3949587501306237e-08,0.0,882.29
2024-01-01,2024-01-15,3,royal_icing_deiman_50_sin_unidad,1.2577787580081332e-08,0.0,882.29
2024-01-01,2024-01-15,3,pegamento_fondant,0.0003862043238732209,0.34,882.29
2024-01-01,2024-01-15,3,base_28_cm,4.549134827684853e-06,0.0,882.29
2024-01-01,2024-01-15,3,bailey_s,0.0025701693304390687,2.27,882.29
2024-01-01,2024-01-15,3,domo_1_4_plancha,2.977937521306565e-05,0.03,882.29
2024-01-01,2024-01-15,3,colorantes_9_colores,9.069326909421377e-10,0.0,882.29
2024-01-01,2024-01-15,3,sabrosano,0.05149654387689444,45.43,882.29
2024-01-01,2024-01-15,3,huevo_blanco_tepa_de_linea,1.5864330788774184e-06,0.0,882.29
2024-01-01,2024-01-15,3,mangas,0.0009722141632644141,0.86,882.29
2024-01-01,2024-01-15,3,relleno_durazno_puratos,6.214522877616221e-06,0.01,882.29
2024-01-01,2024-01-15,3,kit_kat_9_pz,0.00010307778424620369,0.09,882.29
2024-01-01,2024-01-15,3,oblea_arroz,5.5611209809021005e-06,0.01,882.29
2024-01-01,2024-01-15,3,huevo_calvario,0.0012667506274462261,1.12,882.29
2024-01-01,2024-01-15,3,bisagra_12_cupcakes,0.00030326262855177427,0.27,882.29
2024-01-01,2024-01-15,3,chocolate_sin_especificacion,1.9362981128977172e-07,0.0,882.29
2024-01-01,2024-01-15,3,caja_cupcake_12,9.260447482166708e-09,0.0,882.29
2024-01-01,2024-01-15,3,empaque_31_x_31_x_20,0.0009863403295405377,0.87,882.29
2024-01-01,2024-01-15,3,oreo_273_6,0.0004793548999729376,0.42,882.29
2024-01-01,2024-01-15,3,perlas_sin_especificacion,1.681708852482672e-05,0.01,882.29
2024-01-01,2024-01-15,3,chips_chocolate_con_l,3.5667925179886125e-08,0.0,882.29
2024-01-01,2024-01-15,3,relleno_fresa_frutifru,5.565358530738981e-05,0.05,882.29
2024-01-01,2024-01-15,3,base_36_cm_doble,2.1166798494029462e-07,0.0,882.29
2024-01-01,2024-01-15,3,harina_red_velvet_esp,1.5087674005716569e-12,0.0,882.29
2024-01-01,2024-01-15,3,mantequilla_gloria_verde,0.009673482304417785,8.53,882.29
2024-01-01,2024-01-15,3,caja_cupcake_6,5.586205635860935e-06,0.01,882.29
2024-01-01,2024-01-15,3,botellas_jack_daniels,7.984554940739971e-05,0.07,882.29
2024-01-01,2024-01-15,3,royal_icing_sin_especificacion,0.009803797362048094,8.65,882.29
2024-01-01,2024-01-15,3,azucar_glass,0.0002658728205280186,0.23,882.29
2024-01-01,2024-01-15,3,kisses_leche_choc_bl_807_gr,3.444427435744006e-08,0.0,882.29
2024-01-01,2024-01-15,3,dlr_malvavisco_chocolate_32_pz,2.207687053369719e-05,0.02,882.29
2024-01-01,2024-01-15,3,alpezzi_blanco,0.00011100279516524714,0.1,882.29
2024-01-01,2024-01-15,3,relleno_queso_creme_p,9.314914760726225e-06,0.01,882.29
2024-01-01,2024-01-15,3,ac_au800,2.437715448733532e-08,0.0,882.29
2024-01-01,2024-01-15,3,domo_cupcake_6,1.996138735188724e-05,0.02,882.29
2024-01-01,2024-01-15,3,caja_cupcake_sin_capacidad,4.282741787520245e-13,0.0,882.29
2024-01-01,2024-01-15,3,red_velvet,1.5278045001887332e-10,0.0,882.29
2024-01-01,2024-01-15,3,cereza_con_rabo_diana,3.879749879498481e-05,0.03,882.29
2024-01-01,2024-01-15,3,charola_galletera_alta_grande,0.0615559162831578,54.31,882.29
2024-01-01,2024-01-15,3,mantequilla_gloria_22,2.308217457829179e-07,0.0,882.29
2024-01-01,2024-01-15,3,domo_cupcake_sin_capacidad,1.9462570261673827e-17,0.0,882.29
2024-01-01,2024-01-15,3,relleno_zarzamora_fruitfil_puratos,0.009894547517587267,8.73,882.29
2024-01-01,2024-01-15,3,chips_rojo_alpezzi,0.005641968658968754,4.98,882.29
2024-01-01,2024-01-15,3,capacillo_floreado_alegria,0.0017596147674328612,1.55,882.29
2024-01-01,2024-01-15,3,inix_contenedor_mantecadas,1.2345079921703279e-17,0.0,882.29
2024-01-01,2024-01-15,3,otros,0.3399787478409126,299.96,882.29
2024-01-01,2024-01-22,4,fondant_sin_especificacion,0.0005833708013881239,0.31,533.73
2024-01-01,2024-01-22,4,nutella,0.019272914661233147,10.29,533.73
2024-01-01,2024-01-22,4,tegral_satin_creme_cake_sabor_no_especificado,0.0001234622182883398,0.07,533.73
2024-01-01,2024-01-22,4,chantilly_sin_especificacion,4.1390263168050403e-10,0.0,533.73
2024-01-01,2024-01-22,4,crema_batir_ambiente_1_l,0.04220374672273622,22.53,533.73
2024-01-01,2024-01-22,4,queso_philadelphia,0.03731245010361849,19.91,533.73
2024-01-01,2024-01-22,4,tegral_satin_red_velvet,0.03956113844379221,21.11,533.73
2024-01-01,2024-01-22,4,easy_pastel_tres_leches_sabor_no_especificado,2.669904833302361e-08,0.0,533.73
2024-01-01,2024-01-22,4,transfer_sin_especificacion,4.683964077384137e-05,0.02,533.73
2024-01-01,2024-01-22,4,chantilly_dulce,0.06234721684539731,33.28,533.73
2024-01-01,2024-01-22,4,chantilly_asturias,0.03550030525904686,18.95,533.73
2024-01-01,2024-01-22,4,chips_blanco_alpezzi,0.04602903888131575,24.57,533.73
2024-01-01,2024-01-22,4,fondant_nata_coco_blanco,0.03144785507932252,16.78,533.73
2024-01-01,2024-01-22,4,chantilly_dull,1.5098345881568547e-08,0.0,533.73
2024-01-01,2024-01-22,4,capacillos,5.009646546528133e-06,0.0,533.73
2024-01-01,2024-01-22,4,huevo_sin_especificacion,1.1524361726328374e-07,0.0,533.73
2024-01-01,2024-01-22,4,contenedor_mantecadas_inix_25_pz,0.00018076350111625224,0.1,533.73
2024-01-01,2024-01-22,4,confitier_semiamargo_turin,0.02373856992129641,12.67,533.73
2024-01-01,2024-01-22,4,chips_chocolate_semi,9.033152681471194e-05,0.05,533.73
2024-01-01,2024-01-22,4,tegral_satin_vainilla,0.020833352222409444,11.12,533.73
2024-01-01,2024-01-22,4,transfer_hoja_de_arroz_gruesa,0.0338620603951951,18.07,533.73
2024-01-01,2024-01-22,4,tegral_satin_chocolate,0.03561226889482958,19.01,533.73
2024-01-01,2024-01-22,4,domo_cupcake_12,0.011489193040091437,6.13,533.73
2024-01-01,2024-01-22,4,mantequilla_gloria_presentacion_no_especificada,0.022504092432408047,12.01,533.73
2024-01-01,2024-01-22,4,ferrero_rocher_t16,0.0011843999132651343,0.63,533.73
2024-01-01,2024-01-22,4,huevo_san_juan,4.0667842732149854e-05,0.02,533.73
2024-01-01,2024-01-22,4,relleno_zarzamora_puratos,1.4428114096969756e-05,0.01,533.73
2024-01-01,2024-01-22,4,aceite_sin_especificacion,1.2247631908073598e-10,0.0,533.73
2024-01-01,2024-01-22,4,matizador,0.00041581692186414937,0.22,533.73
2024-01-01,2024-01-22,4,caja_de_carton_para_cupcake_6_pz,1.090546417935045e-15,0.0,533.73
2024-01-01,2024-01-22,4,carlos_v_stick,6.217833074849402e-05,0.03,533.73
2024-01-01,2024-01-22,4,kisses_leche,0.015790042730218574,8.43,533.73
2024-01-01,2024-01-22,4,empaque_32_x_32_x_30,0.001546155111171654,0.83,533.73
2024-01-01,2024-01-22,4,ferrero_sin_especificacion,5.927277908895716e-08,0.0,533.73
2024-01-01,2024-01-22,4,domo_media_plancha_inix,0.01921721076380662,10.26,533.73
2024-01-01,2024-01-22,4,deiman_plumones_magicos,2.5869920760346348e-17,0.0,533.73
2024-01-01,2024-01-22,4,empaque_30_x_30_x_30,0.0014395237241942983,0.77,533.73
2024-01-01,2024-01-22,4,queso_crema_suelto,1.3949587501306237e-08,0.0,533.73
2024-01-01,2024-01-22,4,royal_icing_deiman_50_sin_unidad,1.2577787580081332e-08,0.0,533.73
2024-01-01,2024-01-22,4,pegamento_fondant,0.0003862043238732209,0.21,533.73
2024-01-01,2024-01-22,4,base_28_cm,4.549134827684853e-06,0.0,533.73
2024-01-01,2024-01-22,4,bailey_s,0.0025701693304390687,1.37,533.73
2024-01-01,2024-01-22,4,domo_1_4_plancha,2.977937521306565e-05,0.02,533.73
2024-01-01,2024-01-22,4,colorantes_9_colores,9.069326909421377e-10,0.0,533.73
2024-01-01,2024-01-22,4,sabrosano,0.05149654387689444,27.49,533.73
2024-01-01,2024-01-22,4,huevo_blanco_tepa_de_linea,1.5864330788774184e-06,0.0,533.73
2024-01-01,2024-01-22,4,mangas,0.0009722141632644141,0.52,533.73
2024-01-01,2024-01-22,4,relleno_durazno_puratos,6.214522877616221e-06,0.0,533.73
2024-01-01,2024-01-22,4,kit_kat_9_pz,0.00010307778424620369,0.06,533.73
2024-01-01,2024-01-22,4,oblea_arroz,5.5611209809021005e-06,0.0,533.73
2024-01-01,2024-01-22,4,huevo_calvario,0.0012667506274462261,0.68,533.73
2024-01-01,2024-01-22,4,bisagra_12_cupcakes,0.00030326262855177427,0.16,533.73
2024-01-01,2024-01-22,4,chocolate_sin_especificacion,1.9362981128977172e-07,0.0,533.73
2024-01-01,2024-01-22,4,caja_cupcake_12,9.260447482166708e-09,0.0,533.73
2024-01-01,2024-01-22,4,empaque_31_x_31_x_20,0.0009863403295405377,0.53,533.73
2024-01-01,2024-01-22,4,oreo_273_6,0.0004793548999729376,0.26,533.73
2024-01-01,2024-01-22,4,perlas_sin_especificacion,1.681708852482672e-05,0.01,533.73
2024-01-01,2024-01-22,4,chips_chocolate_con_l,3.5667925179886125e-08,0.0,533.73
2024-01-01,2024-01-22,4,relleno_fresa_frutifru,5.565358530738981e-05,0.03,533.73
2024-01-01,2024-01-22,4,base_36_cm_doble,2.1166798494029462e-07,0.0,533.73
2024-01-01,2024-01-22,4,harina_red_velvet_esp,1.5087674005716569e-12,0.0,533.73
2024-01-01,2024-01-22,4,mantequilla_gloria_verde,0.009673482304417785,5.16,533.73
2024-01-01,2024-01-22,4,caja_cupcake_6,5.586205635860935e-06,0.0,533.73
2024-01-01,2024-01-22,4,botellas_jack_daniels,7.984554940739971e-05,0.04,533.73
2024-01-01,2024-01-22,4,royal_icing_sin_especificacion,0.009803797362048094,5.23,533.73
2024-01-01,2024-01-22,4,azucar_glass,0.0002658728205280186,0.14,533.73
2024-01-01,2024-01-22,4,kisses_leche_choc_bl_807_gr,3.444427435744006e-08,0.0,533.73
2024-01-01,2024-01-22,4,dlr_malvavisco_chocolate_32_pz,2.207687053369719e-05,0.01,533.73
2024-01-01,2024-01-22,4,alpezzi_blanco,0.00011100279516524714,0.06,533.73
2024-01-01,2024-01-22,4,relleno_queso_creme_p,9.314914760726225e-06,0.0,533.73
2024-01-01,2024-01-22,4,ac_au800,2.437715448733532e-08,0.0,533.73
2024-01-01,2024-01-22,4,domo_cupcake_6,1.996138735188724e-05,0.01,533.73
2024-01-01,2024-01-22,4,caja_cupcake_sin_capacidad,4.282741787520245e-13,0.0,533.73
2024-01-01,2024-01-22,4,red_velvet,1.5278045001887332e-10,0.0,533.73
2024-01-01,2024-01-22,4,cereza_con_rabo_diana,3.879749879498481e-05,0.02,533.73
2024-01-01,2024-01-22,4,charola_galletera_alta_grande,0.0615559162831578,32.85,533.73
2024-01-01,2024-01-22,4,mantequilla_gloria_22,2.308217457829179e-07,0.0,533.73
2024-01-01,2024-01-22,4,domo_cupcake_sin_capacidad,1.9462570261673827e-17,0.0,533.73
2024-01-01,2024-01-22,4,relleno_zarzamora_fruitfil_puratos,0.009894547517587267,5.28,533.73
2024-01-01,2024-01-22,4,chips_rojo_alpezzi,0.005641968658968754,3.01,533.73
2024-01-01,2024-01-22,4,capacillo_floreado_alegria,0.0017596147674328612,0.94,533.73
2024-01-01,2024-01-22,4,inix_contenedor_mantecadas,1.2345079921703279e-17,0.0,533.73
2024-01-01,2024-01-22,4,otros,0.3399787478409126,181.46,533.73
2024-01-08,2024-01-08,1,fondant_sin_especificacion,0.000583370801388124,0.44,747.3299999999999
2024-01-08,2024-01-08,1,nutella,0.019272914661233147,14.4,747.3299999999999
2024-01-08,2024-01-08,1,tegral_satin_creme_cake_sabor_no_especificado,0.0001234622182883398,0.09,747.3299999999999
2024-01-08,2024-01-08,1,chantilly_sin_especificacion,4.1390263168050403e-10,0.0,747.3299999999999
2024-01-08,2024-01-08,1,crema_batir_ambiente_1_l,0.04220374672273623,31.54,747.3299999999999
2024-01-08,2024-01-08,1,queso_philadelphia,0.0373124501036185,27.88,747.3299999999999
2024-01-08,2024-01-08,1,tegral_satin_red_velvet,0.039561138443792214,29.57,747.3299999999999
2024-01-08,2024-01-08,1,easy_pastel_tres_leches_sabor_no_especificado,2.669904833302362e-08,0.0,747.3299999999999
2024-01-08,2024-01-08,1,transfer_sin_especificacion,4.683964077384139e-05,0.03,747.3299999999999
2024-01-08,2024-01-08,1,chantilly_dulce,0.062347216845397326,46.59,747.3299999999999
2024-01-08,2024-01-08,1,chantilly_asturias,0.03550030525904686,26.53,747.3299999999999
2024-01-08,2024-01-08,1,chips_blanco_alpezzi,0.04602903888131576,34.4,747.3299999999999
2024-01-08,2024-01-08,1,fondant_nata_coco_blanco,0.031447855079322524,23.5,747.3299999999999
2024-01-08,2024-01-08,1,chantilly_dull,1.5098345881568547e-08,0.0,747.3299999999999
2024-01-08,2024-01-08,1,capacillos,5.009646546528135e-06,0.0,747.3299999999999
2024-01-08,2024-01-08,1,huevo_sin_especificacion,1.1524361726328376e-07,0.0,747.3299999999999
2024-01-08,2024-01-08,1,contenedor_mantecadas_inix_25_pz,0.00018076350111625222,0.14,747.3299999999999
2024-01-08,2024-01-08,1,confitier_semiamargo_turin,0.02373856992129642,17.74,747.3299999999999
2024-01-08,2024-01-08,1,chips_chocolate_semi,9.033152681471194e-05,0.07,747.3299999999999
2024-01-08,2024-01-08,1,tegral_satin_vainilla,0.020833352222409444,15.57,747.3299999999999
2024-01-08,2024-01-08,1,transfer_hoja_de_arroz_gruesa,0.0338620603951951,25.31,747.3299999999999
2024-01-08,2024-01-08,1,tegral_satin_chocolate,0.03561226889482959,26.61,747.3299999999999
2024-01-08,2024-01-08,1,domo_cupcake_12,0.01148919304009144,8.59,747.3299999999999
2024-01-08,2024-01-08,1,mantequilla_gloria_presentacion_no_especificada,0.022504092432408047,16.82,747.3299999999999
2024-01-08,2024-01-08,1,ferrero_rocher_t16,0.0011843999132651346,0.89,747.3299999999999
2024-01-08,2024-01-08,1,huevo_san_juan,4.0667842732149874e-05,0.03,747.3299999999999
2024-01-08,2024-01-08,1,relleno_zarzamora_puratos,1.4428114096969756e-05,0.01,747.3299999999999
2024-01-08,2024-01-08,1,aceite_sin_especificacion,1.2247631908073596e-10,0.0,747.3299999999999
2024-01-08,2024-01-08,1,matizador,0.00041581692186414953,0.31,747.3299999999999
2024-01-08,2024-01-08,1,caja_de_carton_para_cupcake_6_pz,1.0905464179350451e-15,0.0,747.3299999999999
2024-01-08,2024-01-08,1,carlos_v_stick,6.217833074849402e-05,0.05,747.3299999999999
2024-01-08,2024-01-08,1,kisses_leche,0.015790042730218577,11.8,747.3299999999999
2024-01-08,2024-01-08,1,empaque_32_x_32_x_30,0.0015461551111716541,1.16,747.3299999999999
2024-01-08,2024-01-08,1,ferrero_sin_especificacion,5.927277908895715e-08,0.0,747.3299999999999
2024-01-08,2024-01-08,1,domo_media_plancha_inix,0.019217210763806624,14.36,747.3299999999999
2024-01-08,2024-01-08,1,deiman_plumones_magicos,2.5869920760346355e-17,0.0,747.3299999999999
2024-01-08,2024-01-08,1,empaque_30_x_30_x_30,0.0014395237241942986,1.08,747.3299999999999
2024-01-08,2024-01-08,1,queso_crema_suelto,1.3949587501306239e-08,0.0,747.3299999999999
2024-01-08,2024-01-08,1,royal_icing_deiman_50_sin_unidad,1.2577787580081332e-08,0.0,747.3299999999999
2024-01-08,2024-01-08,1,pegamento_fondant,0.000386204323873221,0.29,747.3299999999999
2024-01-08,2024-01-08,1,base_28_cm,4.549134827684854e-06,0.0,747.3299999999999
2024-01-08,2024-01-08,1,bailey_s,0.002570169330439069,1.92,747.3299999999999
2024-01-08,2024-01-08,1,domo_1_4_plancha,2.977937521306565e-05,0.02,747.3299999999999
2024-01-08,2024-01-08,1,colorantes_9_colores,9.06932690942138e-10,0.0,747.3299999999999
2024-01-08,2024-01-08,1,sabrosano,0.05149654387689444,38.48,747.3299999999999
2024-01-08,2024-01-08,1,huevo_blanco_tepa_de_linea,1.5864330788774189e-06,0.0,747.3299999999999
2024-01-08,2024-01-08,1,mangas,0.0009722141632644142,0.73,747.3299999999999
2024-01-08,2024-01-08,1,relleno_durazno_puratos,6.214522877616222e-06,0.0,747.3299999999999
2024-01-08,2024-01-08,1,kit_kat_9_pz,0.0001030777842462037,0.08,747.3299999999999
2024-01-08,2024-01-08,1,oblea_arroz,5.5611209809021e-06,0.0,747.3299999999999
2024-01-08,2024-01-08,1,huevo_calvario,0.0012667506274462261,0.95,747.3299999999999
2024-01-08,2024-01-08,1,bisagra_12_cupcakes,0.0003032626285517743,0.23,747.3299999999999
2024-01-08,2024-01-08,1,chocolate_sin_especificacion,1.9362981128977174e-07,0.0,747.3299999999999
2024-01-08,2024-01-08,1,caja_cupcake_12,9.260447482166708e-09,0.0,747.3299999999999
2024-01-08,2024-01-08,1,empaque_31_x_31_x_20,0.000986340329540538,0.74,747.3299999999999
2024-01-08,2024-01-08,1,oreo_273_6,0.00047935489997293757,0.36,747.3299999999999
2024-01-08,2024-01-08,1,perlas_sin_especificacion,1.6817088524826726e-05,0.01,747.3299999999999
2024-01-08,2024-01-08,1,chips_chocolate_con_l,3.5667925179886125e-08,0.0,747.3299999999999
2024-01-08,2024-01-08,1,relleno_fresa_frutifru,5.565358530738982e-05,0.04,747.3299999999999
2024-01-08,2024-01-08,1,base_36_cm_doble,2.1166798494029467e-07,0.0,747.3299999999999
2024-01-08,2024-01-08,1,harina_red_velvet_esp,1.508767400571657e-12,0.0,747.3299999999999
2024-01-08,2024-01-08,1,mantequilla_gloria_verde,0.009673482304417788,7.23,747.3299999999999
2024-01-08,2024-01-08,1,caja_cupcake_6,5.5862056358609355e-06,0.0,747.3299999999999
2024-01-08,2024-01-08,1,botellas_jack_daniels,7.984554940739972e-05,0.06,747.3299999999999
2024-01-08,2024-01-08,1,royal_icing_sin_especificacion,0.009803797362048094,7.33,747.3299999999999
2024-01-08,2024-01-08,1,azucar_glass,0.00026587282052801864,0.2,747.3299999999999
2024-01-08,2024-01-08,1,kisses_leche_choc_bl_807_gr,3.4444274357440064e-08,0.0,747.3299999999999
2024-01-08,2024-01-08,1,dlr_malvavisco_chocolate_32_pz,2.207687053369719e-05,0.02,747.3299999999999
2024-01-08,2024-01-08,1,alpezzi_blanco,0.00011100279516524717,0.08,747.3299999999999
2024-01-08,2024-01-08,1,relleno_queso_creme_p,9.314914760726229e-06,0.01,747.3299999999999
2024-01-08,2024-01-08,1,ac_au800,2.4377154487335317e-08,0.0,747.3299999999999
2024-01-08,2024-01-08,1,domo_cupcake_6,1.996138735188724e-05,0.01,747.3299999999999
2024-01-08,2024-01-08,1,caja_cupcake_sin_capacidad,4.2827417875202465e-13,0.0,747.3299999999999
2024-01-08,2024-01-08,1,red_velvet,1.5278045001887334e-10,0.0,747.3299999999999
2024-01-08,2024-01-08,1,cereza_con_rabo_diana,3.8797498794984816e-05,0.03,747.3299999999999
2024-01-08,2024-01-08,1,charola_galletera_alta_grande,0.061555916283157805,46.0,747.3299999999999
2024-01-08,2024-01-08,1,mantequilla_gloria_22,2.308217457829179e-07,0.0,747.3299999999999
2024-01-08,2024-01-08,1,domo_cupcake_sin_capacidad,1.9462570261673827e-17,0.0,747.3299999999999
2024-01-08,2024-01-08,1,relleno_zarzamora_fruitfil_puratos,0.009894547517587267,7.39,747.3299999999999
2024-01-08,2024-01-08,1,chips_rojo_alpezzi,0.005641968658968755,4.22,747.3299999999999
2024-01-08,2024-01-08,1,capacillo_floreado_alegria,0.0017596147674328615,1.31,747.3299999999999
2024-01-08,2024-01-08,1,inix_contenedor_mantecadas,1.2345079921703282e-17,0.0,747.3299999999999
2024-01-08,2024-01-08,1,otros,0.3399787478409126,254.08,747.3299999999999
2024-01-08,2024-01-15,2,fondant_sin_especificacion,0.000583370801388124,0.55,949.22
2024-01-08,2024-01-15,2,nutella,0.019272914661233147,18.29,949.22
2024-01-08,2024-01-15,2,tegral_satin_creme_cake_sabor_no_especificado,0.0001234622182883398,0.12,949.22
2024-01-08,2024-01-15,2,chantilly_sin_especificacion,4.1390263168050403e-10,0.0,949.22
2024-01-08,2024-01-15,2,crema_batir_ambiente_1_l,0.04220374672273623,40.06,949.22
2024-01-08,2024-01-15,2,queso_philadelphia,0.0373124501036185,35.42,949.22
2024-01-08,2024-01-15,2,tegral_satin_red_velvet,0.039561138443792214,37.55,949.22
2024-01-08,2024-01-15,2,easy_pastel_tres_leches_sabor_no_especificado,2.669904833302362e-08,0.0,949.22
2024-01-08,2024-01-15,2,transfer_sin_especificacion,4.683964077384139e-05,0.04,949.22
2024-01-08,2024-01-15,2,chantilly_dulce,0.062347216845397326,59.18,949.22
2024-01-08,2024-01-15,2,chantilly_asturias,0.03550030525904686,33.7,949.22
2024-01-08,2024-01-15,2,chips_blanco_alpezzi,0.04602903888131576,43.69,949.22
2024-01-08,2024-01-15,2,fondant_nata_coco_blanco,0.031447855079322524,29.85,949.22
2024-01-08,2024-01-15,2,chantilly_dull,1.5098345881568547e-08,0.0,949.22
2024-01-08,2024-01-15,2,capacillos,5.009646546528135e-06,0.0,949.22
2024-01-08,2024-01-15,2,huevo_sin_especificacion,1.1524361726328376e-07,0.0,949.22
2024-01-08,2024-01-15,2,contenedor_mantecadas_inix_25_pz,0.00018076350111625222,0.17,949.22
2024-01-08,2024-01-15,2,confitier_semiamargo_turin,0.02373856992129642,22.53,949.22
2024-01-08,2024-01-15,2,chips_chocolate_semi,9.033152681471194e-05,0.09,949.22
2024-01-08,2024-01-15,2,tegral_satin_vainilla,0.020833352222409444,19.78,949.22
2024-01-08,2024-01-15,2,transfer_hoja_de_arroz_gruesa,0.0338620603951951,32.14,949.22
2024-01-08,2024-01-15,2,tegral_satin_chocolate,0.03561226889482959,33.8,949.22
2024-01-08,2024-01-15,2,domo_cupcake_12,0.01148919304009144,10.91,949.22
2024-01-08,2024-01-15,2,mantequilla_gloria_presentacion_no_especificada,0.022504092432408047,21.36,949.22
2024-01-08,2024-01-15,2,ferrero_rocher_t16,0.0011843999132651346,1.12,949.22
2024-01-08,2024-01-15,2,huevo_san_juan,4.0667842732149874e-05,0.04,949.22
2024-01-08,2024-01-15,2,relleno_zarzamora_puratos,1.4428114096969756e-05,0.01,949.22
2024-01-08,2024-01-15,2,aceite_sin_especificacion,1.2247631908073596e-10,0.0,949.22
2024-01-08,2024-01-15,2,matizador,0.00041581692186414953,0.39,949.22
2024-01-08,2024-01-15,2,caja_de_carton_para_cupcake_6_pz,1.0905464179350451e-15,0.0,949.22
2024-01-08,2024-01-15,2,carlos_v_stick,6.217833074849402e-05,0.06,949.22
2024-01-08,2024-01-15,2,kisses_leche,0.015790042730218577,14.99,949.22
2024-01-08,2024-01-15,2,empaque_32_x_32_x_30,0.0015461551111716541,1.47,949.22
2024-01-08,2024-01-15,2,ferrero_sin_especificacion,5.927277908895715e-08,0.0,949.22
2024-01-08,2024-01-15,2,domo_media_plancha_inix,0.019217210763806624,18.24,949.22
2024-01-08,2024-01-15,2,deiman_plumones_magicos,2.5869920760346355e-17,0.0,949.22
2024-01-08,2024-01-15,2,empaque_30_x_30_x_30,0.0014395237241942986,1.37,949.22
2024-01-08,2024-01-15,2,queso_crema_suelto,1.3949587501306239e-08,0.0,949.22
2024-01-08,2024-01-15,2,royal_icing_deiman_50_sin_unidad,1.2577787580081332e-08,0.0,949.22
2024-01-08,2024-01-15,2,pegamento_fondant,0.000386204323873221,0.37,949.22
2024-01-08,2024-01-15,2,base_28_cm,4.549134827684854e-06,0.0,949.22
2024-01-08,2024-01-15,2,bailey_s,0.002570169330439069,2.44,949.22
2024-01-08,2024-01-15,2,domo_1_4_plancha,2.977937521306565e-05,0.03,949.22
2024-01-08,2024-01-15,2,colorantes_9_colores,9.06932690942138e-10,0.0,949.22
2024-01-08,2024-01-15,2,sabrosano,0.05149654387689444,48.88,949.22
2024-01-08,2024-01-15,2,huevo_blanco_tepa_de_linea,1.5864330788774189e-06,0.0,949.22
2024-01-08,2024-01-15,2,mangas,0.0009722141632644142,0.92,949.22
2024-01-08,2024-01-15,2,relleno_durazno_puratos,6.214522877616222e-06,0.01,949.22
2024-01-08,2024-01-15,2,kit_kat_9_pz,0.0001030777842462037,0.1,949.22
2024-01-08,2024-01-15,2,oblea_arroz,5.5611209809021e-06,0.01,949.22
2024-01-08,2024-01-15,2,huevo_calvario,0.0012667506274462261,1.2,949.22
2024-01-08,2024-01-15,2,bisagra_12_cupcakes,0.0003032626285517743,0.29,949.22
2024-01-08,2024-01-15,2,chocolate_sin_especificacion,1.9362981128977174e-07,0.0,949.22
2024-01-08,2024-01-15,2,caja_cupcake_12,9.260447482166708e-09,0.0,949.22
2024-01-08,2024-01-15,2,empaque_31_x_31_x_20,0.000986340329540538,0.94,949.22
2024-01-08,2024-01-15,2,oreo_273_6,0.00047935489997293757,0.45,949.22
2024-01-08,2024-01-15,2,perlas_sin_especificacion,1.6817088524826726e-05,0.02,949.22
2024-01-08,2024-01-15,2,chips_chocolate_con_l,3.5667925179886125e-08,0.0,949.22
2024-01-08,2024-01-15,2,relleno_fresa_frutifru,5.565358530738982e-05,0.05,949.22
2024-01-08,2024-01-15,2,base_36_cm_doble,2.1166798494029467e-07,0.0,949.22
2024-01-08,2024-01-15,2,harina_red_velvet_esp,1.508767400571657e-12,0.0,949.22
2024-01-08,2024-01-15,2,mantequilla_gloria_verde,0.009673482304417788,9.18,949.22
2024-01-08,2024-01-15,2,caja_cupcake_6,5.5862056358609355e-06,0.01,949.22
2024-01-08,2024-01-15,2,botellas_jack_daniels,7.984554940739972e-05,0.08,949.22
2024-01-08,2024-01-15,2,royal_icing_sin_especificacion,0.009803797362048094,9.31,949.22
2024-01-08,2024-01-15,2,azucar_glass,0.00026587282052801864,0.25,949.22
2024-01-08,2024-01-15,2,kisses_leche_choc_bl_807_gr,3.4444274357440064e-08,0.0,949.22
2024-01-08,2024-01-15,2,dlr_malvavisco_chocolate_32_pz,2.207687053369719e-05,0.02,949.22
2024-01-08,2024-01-15,2,alpezzi_blanco,0.00011100279516524717,0.11,949.22
2024-01-08,2024-01-15,2,relleno_queso_creme_p,9.314914760726229e-06,0.01,949.22
2024-01-08,2024-01-15,2,ac_au800,2.4377154487335317e-08,0.0,949.22
2024-01-08,2024-01-15,2,domo_cupcake_6,1.996138735188724e-05,0.02,949.22
2024-01-08,2024-01-15,2,caja_cupcake_sin_capacidad,4.2827417875202465e-13,0.0,949.22
2024-01-08,2024-01-15,2,red_velvet,1.5278045001887334e-10,0.0,949.22
2024-01-08,2024-01-15,2,cereza_con_rabo_diana,3.8797498794984816e-05,0.04,949.22
2024-01-08,2024-01-15,2,charola_galletera_alta_grande,0.061555916283157805,58.43,949.22
2024-01-08,2024-01-15,2,mantequilla_gloria_22,2.308217457829179e-07,0.0,949.22
2024-01-08,2024-01-15,2,domo_cupcake_sin_capacidad,1.9462570261673827e-17,0.0,949.22
2024-01-08,2024-01-15,2,relleno_zarzamora_fruitfil_puratos,0.009894547517587267,9.39,949.22
2024-01-08,2024-01-15,2,chips_rojo_alpezzi,0.005641968658968755,5.36,949.22
2024-01-08,2024-01-15,2,capacillo_floreado_alegria,0.0017596147674328615,1.67,949.22
2024-01-08,2024-01-15,2,inix_contenedor_mantecadas,1.2345079921703282e-17,0.0,949.22
2024-01-08,2024-01-15,2,otros,0.3399787478409126,322.71,949.22
2024-01-08,2024-01-22,3,fondant_sin_especificacion,0.000583370801388124,0.51,866.8600000000001
2024-01-08,2024-01-22,3,nutella,0.019272914661233147,16.71,866.8600000000001
2024-01-08,2024-01-22,3,tegral_satin_creme_cake_sabor_no_especificado,0.0001234622182883398,0.11,866.8600000000001
2024-01-08,2024-01-22,3,chantilly_sin_especificacion,4.1390263168050403e-10,0.0,866.8600000000001
2024-01-08,2024-01-22,3,crema_batir_ambiente_1_l,0.04220374672273623,36.58,866.8600000000001
2024-01-08,2024-01-22,3,queso_philadelphia,0.0373124501036185,32.34,866.8600000000001
2024-01-08,2024-01-22,3,tegral_satin_red_velvet,0.039561138443792214,34.29,866.8600000000001
2024-01-08,2024-01-22,3,easy_pastel_tres_leches_sabor_no_especificado,2.669904833302362e-08,0.0,866.8600000000001
2024-01-08,2024-01-22,3,transfer_sin_especificacion,4.683964077384139e-05,0.04,866.8600000000001
2024-01-08,2024-01-22,3,chantilly_dulce,0.062347216845397326,54.05,866.8600000000001
2024-01-08,2024-01-22,3,chantilly_asturias,0.03550030525904686,30.77,866.8600000000001
2024-01-08,2024-01-22,3,chips_blanco_alpezzi,0.04602903888131576,39.9,866.8600000000001
2024-01-08,2024-01-22,3,fondant_nata_coco_blanco,0.031447855079322524,27.26,866.8600000000001
2024-01-08,2024-01-22,3,chantilly_dull,1.5098345881568547e-08,0.0,866.8600000000001
2024-01-08,2024-01-22,3,capacillos,5.009646546528135e-06,0.0,866.8600000000001
2024-01-08,2024-01-22,3,huevo_sin_especificacion,1.1524361726328376e-07,0.0,866.8600000000001
2024-01-08,2024-01-22,3,contenedor_mantecadas_inix_25_pz,0.00018076350111625222,0.16,866.8600000000001
2024-01-08,2024-01-22,3,confitier_semiamargo_turin,0.02373856992129642,20.58,866.8600000000001
2024-01-08,2024-01-22,3,chips_chocolate_semi,9.033152681471194e-05,0.08,866.8600000000001
2024-01-08,2024-01-22,3,tegral_satin_vainilla,0.020833352222409444,18.06,866.8600000000001
2024-01-08,2024-01-22,3,transfer_hoja_de_arroz_gruesa,0.0338620603951951,29.35,866.8600000000001
2024-01-08,2024-01-22,3,tegral_satin_chocolate,0.03561226889482959,30.87,866.8600000000001
2024-01-08,2024-01-22,3,domo_cupcake_12,0.01148919304009144,9.96,866.8600000000001
2024-01-08,2024-01-22,3,mantequilla_gloria_presentacion_no_especificada,0.022504092432408047,19.51,866.8600000000001
2024-01-08,2024-01-22,3,ferrero_rocher_t16,0.0011843999132651346,1.03,866.8600000000001
2024-01-08,2024-01-22,3,huevo_san_juan,4.0667842732149874e-05,0.04,866.8600000000001
2024-01-08,2024-01-22,3,relleno_zarzamora_puratos,1.4428114096969756e-05,0.01,866.8600000000001
2024-01-08,2024-01-22,3,aceite_sin_especificacion,1.2247631908073596e-10,0.0,866.8600000000001
2024-01-08,2024-01-22,3,matizador,0.00041581692186414953,0.36,866.8600000000001
2024-01-08,2024-01-22,3,caja_de_carton_para_cupcake_6_pz,1.0905464179350451e-15,0.0,866.8600000000001
2024-01-08,2024-01-22,3,carlos_v_stick,6.217833074849402e-05,0.05,866.8600000000001
2024-01-08,2024-01-22,3,kisses_leche,0.015790042730218577,13.69,866.8600000000001
2024-01-08,2024-01-22,3,empaque_32_x_32_x_30,0.0015461551111716541,1.34,866.8600000000001
2024-01-08,2024-01-22,3,ferrero_sin_especificacion,5.927277908895715e-08,0.0,866.8600000000001
2024-01-08,2024-01-22,3,domo_media_plancha_inix,0.019217210763806624,16.66,866.8600000000001
2024-01-08,2024-01-22,3,deiman_plumones_magicos,2.5869920760346355e-17,0.0,866.8600000000001
2024-01-08,2024-01-22,3,empaque_30_x_30_x_30,0.0014395237241942986,1.25,866.8600000000001
2024-01-08,2024-01-22,3,queso_crema_suelto,1.3949587501306239e-08,0.0,866.8600000000001
2024-01-08,2024-01-22,3,royal_icing_deiman_50_sin_unidad,1.2577787580081332e-08,0.0,866.8600000000001
2024-01-08,2024-01-22,3,pegamento_fondant,0.000386204323873221,0.33,866.8600000000001
2024-01-08,2024-01-22,3,base_28_cm,4.549134827684854e-06,0.0,866.8600000000001
2024-01-08,2024-01-22,3,bailey_s,0.002570169330439069,2.23,866.8600000000001
2024-01-08,2024-01-22,3,domo_1_4_plancha,2.977937521306565e-05,0.03,866.8600000000001
2024-01-08,2024-01-22,3,colorantes_9_colores,9.06932690942138e-10,0.0,866.8600000000001
2024-01-08,2024-01-22,3,sabrosano,0.05149654387689444,44.64,866.8600000000001
2024-01-08,2024-01-22,3,huevo_blanco_tepa_de_linea,1.5864330788774189e-06,0.0,866.8600000000001
2024-01-08,2024-01-22,3,mangas,0.0009722141632644142,0.84,866.8600000000001
2024-01-08,2024-01-22,3,relleno_durazno_puratos,6.214522877616222e-06,0.01,866.8600000000001
2024-01-08,2024-01-22,3,kit_kat_9_pz,0.0001030777842462037,0.09,866.8600000000001
2024-01-08,2024-01-22,3,oblea_arroz,5.5611209809021e-06,0.0,866.8600000000001
2024-01-08,2024-01-22,3,huevo_calvario,0.0012667506274462261,1.1,866.8600000000001
2024-01-08,2024-01-22,3,bisagra_12_cupcakes,0.0003032626285517743,0.26,866.8600000000001
2024-01-08,2024-01-22,3,chocolate_sin_especificacion,1.9362981128977174e-07,0.0,866.8600000000001
2024-01-08,2024-01-22,3,caja_cupcake_12,9.260447482166708e-09,0.0,866.8600000000001
2024-01-08,2024-01-22,3,empaque_31_x_31_x_20,0.000986340329540538,0.85,866.8600000000001
2024-01-08,2024-01-22,3,oreo_273_6,0.00047935489997293757,0.42,866.8600000000001
2024-01-08,2024-01-22,3,perlas_sin_especificacion,1.6817088524826726e-05,0.01,866.8600000000001
2024-01-08,2024-01-22,3,chips_chocolate_con_l,3.5667925179886125e-08,0.0,866.8600000000001
2024-01-08,2024-01-22,3,relleno_fresa_frutifru,5.565358530738982e-05,0.05,866.8600000000001
2024-01-08,2024-01-22,3,base_36_cm_doble,2.1166798494029467e-07,0.0,866.8600000000001
2024-01-08,2024-01-22,3,harina_red_velvet_esp,1.508767400571657e-12,0.0,866.8600000000001
2024-01-08,2024-01-22,3,mantequilla_gloria_verde,0.009673482304417788,8.39,866.8600000000001
2024-01-08,2024-01-22,3,caja_cupcake_6,5.5862056358609355e-06,0.0,866.8600000000001
2024-01-08,2024-01-22,3,botellas_jack_daniels,7.984554940739972e-05,0.07,866.8600000000001
2024-01-08,2024-01-22,3,royal_icing_sin_especificacion,0.009803797362048094,8.5,866.8600000000001
2024-01-08,2024-01-22,3,azucar_glass,0.00026587282052801864,0.23,866.8600000000001
2024-01-08,2024-01-22,3,kisses_leche_choc_bl_807_gr,3.4444274357440064e-08,0.0,866.8600000000001
2024-01-08,2024-01-22,3,dlr_malvavisco_chocolate_32_pz,2.207687053369719e-05,0.02,866.8600000000001
2024-01-08,2024-01-22,3,alpezzi_blanco,0.00011100279516524717,0.1,866.8600000000001
2024-01-08,2024-01-22,3,relleno_queso_creme_p,9.314914760726229e-06,0.01,866.8600000000001
2024-01-08,2024-01-22,3,ac_au800,2.4377154487335317e-08,0.0,866.8600000000001
2024-01-08,2024-01-22,3,domo_cupcake_6,1.996138735188724e-05,0.02,866.8600000000001
2024-01-08,2024-01-22,3,caja_cupcake_sin_capacidad,4.2827417875202465e-13,0.0,866.8600000000001
2024-01-08,2024-01-22,3,red_velvet,1.5278045001887334e-10,0.0,866.8600000000001
2024-01-08,2024-01-22,3,cereza_con_rabo_diana,3.8797498794984816e-05,0.03,866.8600000000001
2024-01-08,2024-01-22,3,charola_galletera_alta_grande,0.061555916283157805,53.36,866.8600000000001
2024-01-08,2024-01-22,3,mantequilla_gloria_22,2.308217457829179e-07,0.0,866.8600000000001
2024-01-08,2024-01-22,3,domo_cupcake_sin_capacidad,1.9462570261673827e-17,0.0,866.8600000000001
2024-01-08,2024-01-22,3,relleno_zarzamora_fruitfil_puratos,0.009894547517587267,8.58,866.8600000000001
2024-01-08,2024-01-22,3,chips_rojo_alpezzi,0.005641968658968755,4.89,866.8600000000001
2024-01-08,2024-01-22,3,capacillo_floreado_alegria,0.0017596147674328615,1.53,866.8600000000001
2024-01-08,2024-01-22,3,inix_contenedor_mantecadas,1.2345079921703282e-17,0.0,866.8600000000001
2024-01-08,2024-01-22,3,otros,0.3399787478409126,294.71,866.8600000000001
2024-01-08,2024-01-29,4,fondant_sin_especificacion,0.000583370801388124,0.43,734.9300000000001
2024-01-08,2024-01-29,4,nutella,0.019272914661233147,14.16,734.9300000000001
2024-01-08,2024-01-29,4,tegral_satin_creme_cake_sabor_no_especificado,0.0001234622182883398,0.09,734.9300000000001
2024-01-08,2024-01-29,4,chantilly_sin_especificacion,4.1390263168050403e-10,0.0,734.9300000000001
2024-01-08,2024-01-29,4,crema_batir_ambiente_1_l,0.04220374672273623,31.02,734.9300000000001
2024-01-08,2024-01-29,4,queso_philadelphia,0.0373124501036185,27.42,734.9300000000001
2024-01-08,2024-01-29,4,tegral_satin_red_velvet,0.039561138443792214,29.08,734.9300000000001
2024-01-08,2024-01-29,4,easy_pastel_tres_leches_sabor_no_especificado,2.669904833302362e-08,0.0,734.9300000000001
2024-01-08,2024-01-29,4,transfer_sin_especificacion,4.683964077384139e-05,0.03,734.9300000000001
2024-01-08,2024-01-29,4,chantilly_dulce,0.062347216845397326,45.82,734.9300000000001
2024-01-08,2024-01-29,4,chantilly_asturias,0.03550030525904686,26.09,734.9300000000001
2024-01-08,2024-01-29,4,chips_blanco_alpezzi,0.04602903888131576,33.83,734.9300000000001
2024-01-08,2024-01-29,4,fondant_nata_coco_blanco,0.031447855079322524,23.11,734.9300000000001
2024-01-08,2024-01-29,4,chantilly_dull,1.5098345881568547e-08,0.0,734.9300000000001
2024-01-08,2024-01-29,4,capacillos,5.009646546528135e-06,0.0,734.9300000000001
2024-01-08,2024-01-29,4,huevo_sin_especificacion,1.1524361726328376e-07,0.0,734.9300000000001
2024-01-08,2024-01-29,4,contenedor_mantecadas_inix_25_pz,0.00018076350111625222,0.13,734.9300000000001
2024-01-08,2024-01-29,4,confitier_semiamargo_turin,0.02373856992129642,17.45,734.9300000000001
2024-01-08,2024-01-29,4,chips_chocolate_semi,9.033152681471194e-05,0.07,734.9300000000001
2024-01-08,2024-01-29,4,tegral_satin_vainilla,0.020833352222409444,15.31,734.9300000000001
2024-01-08,2024-01-29,4,transfer_hoja_de_arroz_gruesa,0.0338620603951951,24.89,734.9300000000001
2024-01-08,2024-01-29,4,tegral_satin_chocolate,0.03561226889482959,26.17,734.9300000000001
2024-01-08,2024-01-29,4,domo_cupcake_12,0.01148919304009144,8.44,734.9300000000001
2024-01-08,2024-01-29,4,mantequilla_gloria_presentacion_no_especificada,0.022504092432408047,16.54,734.9300000000001
2024-01-08,2024-01-29,4,ferrero_rocher_t16,0.0011843999132651346,0.87,734.9300000000001
2024-01-08,2024-01-29,4,huevo_san_juan,4.0667842732149874e-05,0.03,734.9300000000001
2024-01-08,2024-01-29,4,relleno_zarzamora_puratos,1.4428114096969756e-05,0.01,734.9300000000001
2024-01-08,2024-01-29,4,aceite_sin_especificacion,1.2247631908073596e-10,0.0,734.9300000000001
2024-01-08,2024-01-29,4,matizador,0.00041581692186414953,0.31,734.9300000000001
2024-01-08,2024-01-29,4,caja_de_carton_para_cupcake_6_pz,1.0905464179350451e-15,0.0,734.9300000000001
2024-01-08,2024-01-29,4,carlos_v_stick,6.217833074849402e-05,0.05,734.9300000000001
2024-01-08,2024-01-29,4,kisses_leche,0.015790042730218577,11.6,734.9300000000001
2024-01-08,2024-01-29,4,empaque_32_x_32_x_30,0.0015461551111716541,1.14,734.9300000000001
2024-01-08,2024-01-29,4,ferrero_sin_especificacion,5.927277908895715e-08,0.0,734.9300000000001
2024-01-08,2024-01-29,4,domo_media_plancha_inix,0.019217210763806624,14.12,734.9300000000001
2024-01-08,2024-01-29,4,deiman_plumones_magicos,2.5869920760346355e-17,0.0,734.9300000000001
2024-01-08,2024-01-29,4,empaque_30_x_30_x_30,0.0014395237241942986,1.06,734.9300000000001
2024-01-08,2024-01-29,4,queso_crema_suelto,1.3949587501306239e-08,0.0,734.9300000000001
2024-01-08,2024-01-29,4,royal_icing_deiman_50_sin_unidad,1.2577787580081332e-08,0.0,734.9300000000001
2024-01-08,2024-01-29,4,pegamento_fondant,0.000386204323873221,0.28,734.9300000000001
2024-01-08,2024-01-29,4,base_28_cm,4.549134827684854e-06,0.0,734.9300000000001
2024-01-08,2024-01-29,4,bailey_s,0.002570169330439069,1.89,734.9300000000001
2024-01-08,2024-01-29,4,domo_1_4_plancha,2.977937521306565e-05,0.02,734.9300000000001
2024-01-08,2024-01-29,4,colorantes_9_colores,9.06932690942138e-10,0.0,734.9300000000001
2024-01-08,2024-01-29,4,sabrosano,0.05149654387689444,37.85,734.9300000000001
2024-01-08,2024-01-29,4,huevo_blanco_tepa_de_linea,1.5864330788774189e-06,0.0,734.9300000000001
2024-01-08,2024-01-29,4,mangas,0.0009722141632644142,0.71,734.9300000000001
2024-01-08,2024-01-29,4,relleno_durazno_puratos,6.214522877616222e-06,0.0,734.9300000000001
2024-01-08,2024-01-29,4,kit_kat_9_pz,0.0001030777842462037,0.08,734.9300000000001
2024-01-08,2024-01-29,4,oblea_arroz,5.5611209809021e-06,0.0,734.9300000000001
2024-01-08,2024-01-29,4,huevo_calvario,0.0012667506274462261,0.93,734.9300000000001
2024-01-08,2024-01-29,4,bisagra_12_cupcakes,0.0003032626285517743,0.22,734.9300000000001
2024-01-08,2024-01-29,4,chocolate_sin_especificacion,1.9362981128977174e-07,0.0,734.9300000000001
2024-01-08,2024-01-29,4,caja_cupcake_12,9.260447482166708e-09,0.0,734.9300000000001
2024-01-08,2024-01-29,4,empaque_31_x_31_x_20,0.000986340329540538,0.73,734.9300000000001
2024-01-08,2024-01-29,4,oreo_273_6,0.00047935489997293757,0.35,734.9300000000001
2024-01-08,2024-01-29,4,perlas_sin_especificacion,1.6817088524826726e-05,0.01,734.9300000000001
2024-01-08,2024-01-29,4,chips_chocolate_con_l,3.5667925179886125e-08,0.0,734.9300000000001
2024-01-08,2024-01-29,4,relleno_fresa_frutifru,5.565358530738982e-05,0.04,734.9300000000001
2024-01-08,2024-01-29,4,base_36_cm_doble,2.1166798494029467e-07,0.0,734.9300000000001
2024-01-08,2024-01-29,4,harina_red_velvet_esp,1.508767400571657e-12,0.0,734.9300000000001
2024-01-08,2024-01-29,4,mantequilla_gloria_verde,0.009673482304417788,7.11,734.9300000000001
2024-01-08,2024-01-29,4,caja_cupcake_6,5.5862056358609355e-06,0.0,734.9300000000001
2024-01-08,2024-01-29,4,botellas_jack_daniels,7.984554940739972e-05,0.06,734.9300000000001
2024-01-08,2024-01-29,4,royal_icing_sin_especificacion,0.009803797362048094,7.21,734.9300000000001
2024-01-08,2024-01-29,4,azucar_glass,0.00026587282052801864,0.2,734.9300000000001
2024-01-08,2024-01-29,4,kisses_leche_choc_bl_807_gr,3.4444274357440064e-08,0.0,734.9300000000001
2024-01-08,2024-01-29,4,dlr_malvavisco_chocolate_32_pz,2.207687053369719e-05,0.02,734.9300000000001
2024-01-08,2024-01-29,4,alpezzi_blanco,0.00011100279516524717,0.08,734.9300000000001
2024-01-08,2024-01-29,4,relleno_queso_creme_p,9.314914760726229e-06,0.01,734.9300000000001
2024-01-08,2024-01-29,4,ac_au800,2.4377154487335317e-08,0.0,734.9300000000001
2024-01-08,2024-01-29,4,domo_cupcake_6,1.996138735188724e-05,0.02,734.9300000000001
2024-01-08,2024-01-29,4,caja_cupcake_sin_capacidad,4.2827417875202465e-13,0.0,734.9300000000001
2024-01-08,2024-01-29,4,red_velvet,1.5278045001887334e-10,0.0,734.9300000000001
2024-01-08,2024-01-29,4,cereza_con_rabo_diana,3.8797498794984816e-05,0.03,734.9300000000001
2024-01-08,2024-01-29,4,charola_galletera_alta_grande,0.061555916283157805,45.24,734.9300000000001
2024-01-08,2024-01-29,4,mantequilla_gloria_22,2.308217457829179e-07,0.0,734.9300000000001
2024-01-08,2024-01-29,4,domo_cupcake_sin_capacidad,1.9462570261673827e-17,0.0,734.9300000000001
2024-01-08,2024-01-29,4,relleno_zarzamora_fruitfil_puratos,0.009894547517587267,7.27,734.9300000000001
2024-01-08,2024-01-29,4,chips_rojo_alpezzi,0.005641968658968755,4.15,734.9300000000001
2024-01-08,2024-01-29,4,capacillo_floreado_alegria,0.0017596147674328615,1.29,734.9300000000001
2024-01-08,2024-01-29,4,inix_contenedor_mantecadas,1.2345079921703282e-17,0.0,734.9300000000001
2024-01-08,2024-01-29,4,otros,0.3399787478409126,249.86,734.9300000000001
2024-01-15,2024-01-15,1,fondant_sin_especificacion,0.0003600553788205796,0.3,819.8900000000001
2024-01-15,2024-01-15,1,nutella,0.011895207255513952,9.75,819.8900000000001
2024-01-15,2024-01-15,1,tegral_satin_creme_cake_sabor_no_especificado,7.620065260390356e-05,0.06,819.8900000000001
2024-01-15,2024-01-15,1,chantilly_sin_especificacion,2.55459938155884e-10,0.0,819.8900000000001
2024-01-15,2024-01-15,1,crema_batir_ambiente_1_l,0.026048074359814762,21.36,819.8900000000001
2024-01-15,2024-01-15,1,queso_philadelphia,0.08360070583683404,68.54,819.8900000000001
2024-01-15,2024-01-15,1,tegral_satin_red_velvet,0.0550861908881188,45.17,819.8900000000001
2024-01-15,2024-01-15,1,easy_pastel_tres_leches_sabor_no_especificado,1.6478603212264717e-08,0.0,819.8900000000001
2024-01-15,2024-01-15,1,transfer_sin_especificacion,2.890933958730121e-05,0.02,819.8900000000001
2024-01-15,2024-01-15,1,chantilly_dulce,0.03848058683475848,31.55,819.8900000000001
2024-01-15,2024-01-15,1,chantilly_asturias,0.021910722696229446,17.96,819.8900000000001
2024-01-15,2024-01-15,1,chips_blanco_alpezzi,0.028409037599626284,23.29,819.8900000000001
2024-01-15,2024-01-15,1,fondant_nata_coco_blanco,0.054764248859235407,44.9,819.8900000000001
2024-01-15,2024-01-15,1,chantilly_dull,9.318671131665878e-09,0.0,819.8900000000001
2024-01-15,2024-01-15,1,capacillos,3.091944575860487e-06,0.0,819.8900000000001
2024-01-15,2024-01-15,1,huevo_sin_especificacion,0.03573386655817384,29.3,819.8900000000001
2024-01-15,2024-01-15,1,contenedor_mantecadas_inix_25_pz,0.00011156689830289375,0.09,819.8900000000001
2024-01-15,2024-01-15,1,confitier_semiamargo_turin,0.024022524308878995,19.7,819.8900000000001
2024-01-15,2024-01-15,1,chips_chocolate_semi,5.575245114997379e-05,0.05,819.8900000000001
2024-01-15,2024-01-15,1,tegral_satin_vainilla,0.03586015352999307,29.4,819.8900000000001
2024-01-15,2024-01-15,1,transfer_hoja_de_arroz_gruesa,0.07840421874865884,64.28,819.8900000000001
2024-01-15,2024-01-15,1,tegral_satin_chocolate,0.021979826444994303,18.02,819.8900000000001
2024-01-15,2024-01-15,1,domo_cupcake_12,0.03435255709315391,28.17,819.8900000000001
2024-01-15,2024-01-15,1,mantequilla_gloria_presentacion_no_especificada,0.013889484195101456,11.39,819.8900000000001
2024-01-15,2024-01-15,1,ferrero_rocher_t16,0.0007310094341900688,0.6,819.8900000000001
2024-01-15,2024-01-15,1,huevo_san_juan,2.5100117259722115e-05,0.02,819.8900000000001
2024-01-15,2024-01-15,1,relleno_zarzamora_puratos,8.905005314783905e-06,0.01,819.8900000000001
2024-01-15,2024-01-15,1,aceite_sin_especificacion,7.559215743783075e-11,0.0,819.8900000000001
2024-01-15,2024-01-15,1,matizador,0.000256641434513955,0.21,819.8900000000001
2024-01-15,2024-01-15,1,caja_de_carton_para_cupcake_6_pz,6.730832305914278e-16,0.0,819.8900000000001
2024-01-15,2024-01-15,1,carlos_v_stick,3.837635064835123e-05,0.03,819.8900000000001
2024-01-15,2024-01-15,1,kisses_leche,0.009745585146349298,7.99,819.8900000000001
2024-01-15,2024-01-15,1,empaque_32_x_32_x_30,0.0009542840727434773,0.78,819.8900000000001
2024-01-15,2024-01-15,1,ferrero_sin_especificacion,3.6583049542145724e-08,0.0,819.8900000000001
2024-01-15,2024-01-15,1,domo_media_plancha_inix,0.011860826913128005,9.72,819.8900000000001
2024-01-15,2024-01-15,1,deiman_plumones_magicos,1.5966867209090495e-17,0.0,819.8900000000001
2024-01-15,2024-01-15,1,empaque_30_x_30_x_30,0.0008884713780715133,0.73,819.8900000000001
2024-01-15,2024-01-15,1,queso_crema_suelto,8.609659585674093e-09,0.0,819.8900000000001
2024-01-15,2024-01-15,1,royal_icing_deiman_50_sin_unidad,7.762987213441219e-09,0.0,819.8900000000001
2024-01-15,2024-01-15,1,pegamento_fondant,0.00023836459384569598,0.2,819.8900000000001
2024-01-15,2024-01-15,1,base_28_cm,2.807717595379305e-06,0.0,819.8900000000001
2024-01-15,2024-01-15,1,bailey_s,0.0015863037534656996,1.3,819.8900000000001
2024-01-15,2024-01-15,1,domo_1_4_plancha,1.8379775261064013e-05,0.02,819.8900000000001
2024-01-15,2024-01-15,1,colorantes_9_colores,5.597571781531174e-10,0.0,819.8900000000001
2024-01-15,2024-01-15,1,sabrosano,0.03178357156276297,26.06,819.8900000000001
2024-01-15,2024-01-15,1,huevo_blanco_tepa_de_linea,9.791435598585577e-07,0.0,819.8900000000001
2024-01-15,2024-01-15,1,mangas,0.0006000487820370153,0.49,819.8900000000001
2024-01-15,2024-01-15,1,relleno_durazno_puratos,3.835592017229847e-06,0.0,819.8900000000001
2024-01-15,2024-01-15,1,kit_kat_9_pz,6.361941764387452e-05,0.05,819.8900000000001
2024-01-15,2024-01-15,1,oblea_arroz,3.4323135759988365e-06,0.0,819.8900000000001
2024-01-15,2024-01-15,1,huevo_calvario,0.0007818361425547393,0.64,819.8900000000001
2024-01-15,2024-01-15,1,bisagra_12_cupcakes,0.0001871731330150811,0.15,819.8900000000001
2024-01-15,2024-01-15,1,chocolate_sin_especificacion,1.1950796112696114e-07,0.0,819.8900000000001
2024-01-15,2024-01-15,1,caja_cupcake_12,5.715531045273007e-09,0.0,819.8900000000001
2024-01-15,2024-01-15,1,empaque_31_x_31_x_20,0.0006087674257156665,0.5,819.8900000000001
2024-01-15,2024-01-15,1,oreo_273_6,0.0002958569569964265,0.24,819.8900000000001
2024-01-15,2024-01-15,1,perlas_sin_especificacion,1.0379475909760493e-05,0.01,819.8900000000001
2024-01-15,2024-01-15,1,chips_chocolate_con_l,2.2014177401113625e-08,0.0,819.8900000000001
2024-01-15,2024-01-15,1,relleno_fresa_frutifru,3.434928983914623e-05,0.03,819.8900000000001
2024-01-15,2024-01-15,1,base_36_cm_doble,1.3064108851612128e-07,0.0,819.8900000000001
2024-01-15,2024-01-15,1,harina_red_velvet_esp,9.312084469643257e-13,0.0,819.8900000000001
2024-01-15,2024-01-15,1,mantequilla_gloria_verde,0.005970455373055331,4.9,819.8900000000001
2024-01-15,2024-01-15,1,caja_cupcake_6,3.447795778608729e-06,0.0,819.8900000000001
2024-01-15,2024-01-15,1,botellas_jack_daniels,4.928052530330816e-05,0.04,819.8900000000001
2024-01-15,2024-01-15,1,royal_icing_sin_especificacion,0.0060508855854167634,4.96,819.8900000000001
2024-01-15,2024-01-15,1,azucar_glass,0.0001640962127098679,0.13,819.8900000000001
2024-01-15,2024-01-15,1,kisses_leche_choc_bl_807_gr,2.1258942378428966e-08,0.0,819.8900000000001
2024-01-15,2024-01-15,1,dlr_malvavisco_chocolate_32_pz,1.3625803629987869e-05,0.01,819.8900000000001
2024-01-15,2024-01-15,1,alpezzi_blanco,6.851071971422788e-05,0.06,819.8900000000001
2024-01-15,2024-01-15,1,relleno_queso_creme_p,5.749148148783175e-06,0.01,819.8900000000001
2024-01-15,2024-01-15,1,ac_au800,1.5045534628439133e-08,0.0,819.8900000000001
2024-01-15,2024-01-15,1,domo_cupcake_6,1.2320131325850065e-05,0.01,819.8900000000001
2024-01-15,2024-01-15,1,caja_cupcake_sin_capacidad,2.64330030407264e-13,0.0,819.8900000000001
2024-01-15,2024-01-15,1,red_velvet,9.429581096110705e-11,0.0,819.8900000000001
2024-01-15,2024-01-15,1,cereza_con_rabo_diana,2.3945744443636146e-05,0.02,819.8900000000001
2024-01-15,2024-01-15,1,charola_galletera_alta_grande,0.03799219759241014,31.15,819.8900000000001
2024-01-15,2024-01-15,1,mantequilla_gloria_22,1.4246275425533817e-07,0.0,819.8900000000001
2024-01-15,2024-01-15,1,domo_cupcake_sin_capacidad,1.201226234106096e-17,0.0,819.8900000000001
2024-01-15,2024-01-15,1,relleno_zarzamora_fruitfil_puratos,0.0061068964134406096,5.01,819.8900000000001
2024-01-15,2024-01-15,1,chips_rojo_alpezzi,0.01029757471696804,8.44,819.8900000000001
2024-01-15,2024-01-15,1,capacillo_floreado_alegria,0.0010860309774825534,0.89,819.8900000000001
2024-01-15,2024-01-15,1,inix_contenedor_mantecadas,7.619360477422915e-18,0.0,819.8900000000001
2024-01-15,2024-01-15,1,otros,0.3063525600727702,251.18,819.8900000000001
2024-01-15,2024-01-22,2,fondant_sin_especificacion,0.0003600553788205796,0.34,942.65
2024-01-15,2024-01-22,2,nutella,0.011895207255513952,11.21,942.65
2024-01-15,2024-01-22,2,tegral_satin_creme_cake_sabor_no_especificado,7.620065260390356e-05,0.07,942.65
2024-01-15,2024-01-22,2,chantilly_sin_especificacion,2.55459938155884e-10,0.0,942.65
2024-01-15,2024-01-22,2,crema_batir_ambiente_1_l,0.026048074359814762,24.55,942.65
2024-01-15,2024-01-22,2,queso_philadelphia,0.08360070583683404,78.81,942.65
2024-01-15,2024-01-22,2,tegral_satin_red_velvet,0.0550861908881188,51.93,942.65
2024-01-15,2024-01-22,2,easy_pastel_tres_leches_sabor_no_especificado,1.6478603212264717e-08,0.0,942.65
2024-01-15,2024-01-22,2,transfer_sin_especificacion,2.890933958730121e-05,0.03,942.65
2024-01-15,2024-01-22,2,chantilly_dulce,0.03848058683475848,36.27,942.65
2024-01-15,2024-01-22,2,chantilly_asturias,0.021910722696229446,20.65,942.65
2024-01-15,2024-01-22,2,chips_blanco_alpezzi,0.028409037599626284,26.78,942.65
2024-01-15,2024-01-22,2,fondant_nata_coco_blanco,0.054764248859235407,51.62,942.65
2024-01-15,2024-01-22,2,chantilly_dull,9.318671131665878e-09,0.0,942.65
2024-01-15,2024-01-22,2,capacillos,3.091944575860487e-06,0.0,942.65
2024-01-15,2024-01-22,2,huevo_sin_especificacion,0.03573386655817384,33.68,942.65
2024-01-15,2024-01-22,2,contenedor_mantecadas_inix_25_pz,0.00011156689830289375,0.11,942.65
2024-01-15,2024-01-22,2,confitier_semiamargo_turin,0.024022524308878995,22.65,942.65
2024-01-15,2024-01-22,2,chips_chocolate_semi,5.575245114997379e-05,0.05,942.65
2024-01-15,2024-01-22,2,tegral_satin_vainilla,0.03586015352999307,33.8,942.65
2024-01-15,2024-01-22,2,transfer_hoja_de_arroz_gruesa,0.07840421874865884,73.91,942.65
2024-01-15,2024-01-22,2,tegral_satin_chocolate,0.021979826444994303,20.72,942.65
2024-01-15,2024-01-22,2,domo_cupcake_12,0.03435255709315391,32.38,942.65
2024-01-15,2024-01-22,2,mantequilla_gloria_presentacion_no_especificada,0.013889484195101456,13.09,942.65
2024-01-15,2024-01-22,2,ferrero_rocher_t16,0.0007310094341900688,0.69,942.65
2024-01-15,2024-01-22,2,huevo_san_juan,2.5100117259722115e-05,0.02,942.65
2024-01-15,2024-01-22,2,relleno_zarzamora_puratos,8.905005314783905e-06,0.01,942.65
2024-01-15,2024-01-22,2,aceite_sin_especificacion,7.559215743783075e-11,0.0,942.65
2024-01-15,2024-01-22,2,matizador,0.000256641434513955,0.24,942.65
2024-01-15,2024-01-22,2,caja_de_carton_para_cupcake_6_pz,6.730832305914278e-16,0.0,942.65
2024-01-15,2024-01-22,2,carlos_v_stick,3.837635064835123e-05,0.04,942.65
2024-01-15,2024-01-22,2,kisses_leche,0.009745585146349298,9.19,942.65
2024-01-15,2024-01-22,2,empaque_32_x_32_x_30,0.0009542840727434773,0.9,942.65
2024-01-15,2024-01-22,2,ferrero_sin_especificacion,3.6583049542145724e-08,0.0,942.65
2024-01-15,2024-01-22,2,domo_media_plancha_inix,0.011860826913128005,11.18,942.65
2024-01-15,2024-01-22,2,deiman_plumones_magicos,1.5966867209090495e-17,0.0,942.65
2024-01-15,2024-01-22,2,empaque_30_x_30_x_30,0.0008884713780715133,0.84,942.65
2024-01-15,2024-01-22,2,queso_crema_suelto,8.609659585674093e-09,0.0,942.65
2024-01-15,2024-01-22,2,royal_icing_deiman_50_sin_unidad,7.762987213441219e-09,0.0,942.65
2024-01-15,2024-01-22,2,pegamento_fondant,0.00023836459384569598,0.23,942.65
2024-01-15,2024-01-22,2,base_28_cm,2.807717595379305e-06,0.0,942.65
2024-01-15,2024-01-22,2,bailey_s,0.0015863037534656996,1.5,942.65
2024-01-15,2024-01-22,2,domo_1_4_plancha,1.8379775261064013e-05,0.02,942.65
2024-01-15,2024-01-22,2,colorantes_9_colores,5.597571781531174e-10,0.0,942.65
2024-01-15,2024-01-22,2,sabrosano,0.03178357156276297,29.96,942.65
2024-01-15,2024-01-22,2,huevo_blanco_tepa_de_linea,9.791435598585577e-07,0.0,942.65
2024-01-15,2024-01-22,2,mangas,0.0006000487820370153,0.57,942.65
2024-01-15,2024-01-22,2,relleno_durazno_puratos,3.835592017229847e-06,0.0,942.65
2024-01-15,2024-01-22,2,kit_kat_9_pz,6.361941764387452e-05,0.06,942.65
2024-01-15,2024-01-22,2,oblea_arroz,3.4323135759988365e-06,0.0,942.65
2024-01-15,2024-01-22,2,huevo_calvario,0.0007818361425547393,0.74,942.65
2024-01-15,2024-01-22,2,bisagra_12_cupcakes,0.0001871731330150811,0.18,942.65
2024-01-15,2024-01-22,2,chocolate_sin_especificacion,1.1950796112696114e-07,0.0,942.65
2024-01-15,2024-01-22,2,caja_cupcake_12,5.715531045273007e-09,0.0,942.65
2024-01-15,2024-01-22,2,empaque_31_x_31_x_20,0.0006087674257156665,0.57,942.65
2024-01-15,2024-01-22,2,oreo_273_6,0.0002958569569964265,0.28,942.65
2024-01-15,2024-01-22,2,perlas_sin_especificacion,1.0379475909760493e-05,0.01,942.65
2024-01-15,2024-01-22,2,chips_chocolate_con_l,2.2014177401113625e-08,0.0,942.65
2024-01-15,2024-01-22,2,relleno_fresa_frutifru,3.434928983914623e-05,0.03,942.65
2024-01-15,2024-01-22,2,base_36_cm_doble,1.3064108851612128e-07,0.0,942.65
2024-01-15,2024-01-22,2,harina_red_velvet_esp,9.312084469643257e-13,0.0,942.65
2024-01-15,2024-01-22,2,mantequilla_gloria_verde,0.005970455373055331,5.63,942.65
2024-01-15,2024-01-22,2,caja_cupcake_6,3.447795778608729e-06,0.0,942.65
2024-01-15,2024-01-22,2,botellas_jack_daniels,4.928052530330816e-05,0.05,942.65
2024-01-15,2024-01-22,2,royal_icing_sin_especificacion,0.0060508855854167634,5.7,942.65
2024-01-15,2024-01-22,2,azucar_glass,0.0001640962127098679,0.16,942.65
2024-01-15,2024-01-22,2,kisses_leche_choc_bl_807_gr,2.1258942378428966e-08,0.0,942.65
2024-01-15,2024-01-22,2,dlr_malvavisco_chocolate_32_pz,1.3625803629987869e-05,0.01,942.65
2024-01-15,2024-01-22,2,alpezzi_blanco,6.851071971422788e-05,0.07,942.65
2024-01-15,2024-01-22,2,relleno_queso_creme_p,5.749148148783175e-06,0.01,942.65
2024-01-15,2024-01-22,2,ac_au800,1.5045534628439133e-08,0.0,942.65
2024-01-15,2024-01-22,2,domo_cupcake_6,1.2320131325850065e-05,0.01,942.65
2024-01-15,2024-01-22,2,caja_cupcake_sin_capacidad,2.64330030407264e-13,0.0,942.65
2024-01-15,2024-01-22,2,red_velvet,9.429581096110705e-11,0.0,942.65
2024-01-15,2024-01-22,2,cereza_con_rabo_diana,2.3945744443636146e-05,0.02,942.65
2024-01-15,2024-01-22,2,charola_galletera_alta_grande,0.03799219759241014,35.81,942.65
2024-01-15,2024-01-22,2,mantequilla_gloria_22,1.4246275425533817e-07,0.0,942.65
2024-01-15,2024-01-22,2,domo_cupcake_sin_capacidad,1.201226234106096e-17,0.0,942.65
2024-01-15,2024-01-22,2,relleno_zarzamora_fruitfil_puratos,0.0061068964134406096,5.76,942.65
2024-01-15,2024-01-22,2,chips_rojo_alpezzi,0.01029757471696804,9.71,942.65
2024-01-15,2024-01-22,2,capacillo_floreado_alegria,0.0010860309774825534,1.02,942.65
2024-01-15,2024-01-22,2,inix_contenedor_mantecadas,7.619360477422915e-18,0.0,942.65
2024-01-15,2024-01-22,2,otros,0.3063525600727702,288.78,942.65
2024-01-15,2024-01-29,3,fondant_sin_especificacion,0.0003600553788205796,0.31,860.3599999999999
2024-01-15,2024-01-29,3,nutella,0.011895207255513952,10.23,860.3599999999999
2024-01-15,2024-01-29,3,tegral_satin_creme_cake_sabor_no_especificado,7.620065260390356e-05,0.07,860.3599999999999
2024-01-15,2024-01-29,3,chantilly_sin_especificacion,2.55459938155884e-10,0.0,860.3599999999999
2024-01-15,2024-01-29,3,crema_batir_ambiente_1_l,0.026048074359814762,22.41,860.3599999999999
2024-01-15,2024-01-29,3,queso_philadelphia,0.08360070583683404,71.93,860.3599999999999
2024-01-15,2024-01-29,3,tegral_satin_red_velvet,0.0550861908881188,47.39,860.3599999999999
2024-01-15,2024-01-29,3,easy_pastel_tres_leches_sabor_no_especificado,1.6478603212264717e-08,0.0,860.3599999999999
2024-01-15,2024-01-29,3,transfer_sin_especificacion,2.890933958730121e-05,0.03,860.3599999999999
2024-01-15,2024-01-29,3,chantilly_dulce,0.03848058683475848,33.11,860.3599999999999
2024-01-15,2024-01-29,3,chantilly_asturias,0.021910722696229446,18.85,860.3599999999999
2024-01-15,2024-01-29,3,chips_blanco_alpezzi,0.028409037599626284,24.44,860.3599999999999
2024-01-15,2024-01-29,3,fondant_nata_coco_blanco,0.054764248859235407,47.12,860.3599999999999
2024-01-15,2024-01-29,3,chantilly_dull,9.318671131665878e-09,0.0,860.3599999999999
2024-01-15,2024-01-29,3,capacillos,3.091944575860487e-06,0.0,860.3599999999999
2024-01-15,2024-01-29,3,huevo_sin_especificacion,0.03573386655817384,30.74,860.3599999999999
2024-01-15,2024-01-29,3,contenedor_mantecadas_inix_25_pz,0.00011156689830289375,0.1,860.3599999999999
2024-01-15,2024-01-29,3,confitier_semiamargo_turin,0.024022524308878995,20.67,860.3599999999999
2024-01-15,2024-01-29,3,chips_chocolate_semi,5.575245114997379e-05,0.05,860.3599999999999
2024-01-15,2024-01-29,3,tegral_satin_vainilla,0.03586015352999307,30.85,860.3599999999999
2024-01-15,2024-01-29,3,transfer_hoja_de_arroz_gruesa,0.07840421874865884,67.46,860.3599999999999
2024-01-15,2024-01-29,3,tegral_satin_chocolate,0.021979826444994303,18.91,860.3599999999999
2024-01-15,2024-01-29,3,domo_cupcake_12,0.03435255709315391,29.56,860.3599999999999
2024-01-15,2024-01-29,3,mantequilla_gloria_presentacion_no_especificada,0.013889484195101456,11.95,860.3599999999999
2024-01-15,2024-01-29,3,ferrero_rocher_t16,0.0007310094341900688,0.63,860.3599999999999
2024-01-15,2024-01-29,3,huevo_san_juan,2.5100117259722115e-05,0.02,860.3599999999999
2024-01-15,2024-01-29,3,relleno_zarzamora_puratos,8.905005314783905e-06,0.01,860.3599999999999
2024-01-15,2024-01-29,3,aceite_sin_especificacion,7.559215743783075e-11,0.0,860.3599999999999
2024-01-15,2024-01-29,3,matizador,0.000256641434513955,0.22,860.3599999999999
2024-01-15,2024-01-29,3,caja_de_carton_para_cupcake_6_pz,6.730832305914278e-16,0.0,860.3599999999999
2024-01-15,2024-01-29,3,carlos_v_stick,3.837635064835123e-05,0.03,860.3599999999999
2024-01-15,2024-01-29,3,kisses_leche,0.009745585146349298,8.38,860.3599999999999
2024-01-15,2024-01-29,3,empaque_32_x_32_x_30,0.0009542840727434773,0.82,860.3599999999999
2024-01-15,2024-01-29,3,ferrero_sin_especificacion,3.6583049542145724e-08,0.0,860.3599999999999
2024-01-15,2024-01-29,3,domo_media_plancha_inix,0.011860826913128005,10.2,860.3599999999999
2024-01-15,2024-01-29,3,deiman_plumones_magicos,1.5966867209090495e-17,0.0,860.3599999999999
2024-01-15,2024-01-29,3,empaque_30_x_30_x_30,0.0008884713780715133,0.76,860.3599999999999
2024-01-15,2024-01-29,3,queso_crema_suelto,8.609659585674093e-09,0.0,860.3599999999999
2024-01-15,2024-01-29,3,royal_icing_deiman_50_sin_unidad,7.762987213441219e-09,0.0,860.3599999999999
2024-01-15,2024-01-29,3,pegamento_fondant,0.00023836459384569598,0.21,860.3599999999999
2024-01-15,2024-01-29,3,base_28_cm,2.807717595379305e-06,0.0,860.3599999999999
2024-01-15,2024-01-29,3,bailey_s,0.0015863037534656996,1.37,860.3599999999999
2024-01-15,2024-01-29,3,domo_1_4_plancha,1.8379775261064013e-05,0.02,860.3599999999999
2024-01-15,2024-01-29,3,colorantes_9_colores,5.597571781531174e-10,0.0,860.3599999999999
2024-01-15,2024-01-29,3,sabrosano,0.03178357156276297,27.35,860.3599999999999
2024-01-15,2024-01-29,3,huevo_blanco_tepa_de_linea,9.791435598585577e-07,0.0,860.3599999999999
2024-01-15,2024-01-29,3,mangas,0.0006000487820370153,0.52,860.3599999999999
2024-01-15,2024-01-29,3,relleno_durazno_puratos,3.835592017229847e-06,0.0,860.3599999999999
2024-01-15,2024-01-29,3,kit_kat_9_pz,6.361941764387452e-05,0.06,860.3599999999999
2024-01-15,2024-01-29,3,oblea_arroz,3.4323135759988365e-06,0.0,860.3599999999999
2024-01-15,2024-01-29,3,huevo_calvario,0.0007818361425547393,0.67,860.3599999999999
2024-01-15,2024-01-29,3,bisagra_12_cupcakes,0.0001871731330150811,0.16,860.3599999999999
2024-01-15,2024-01-29,3,chocolate_sin_especificacion,1.1950796112696114e-07,0.0,860.3599999999999
2024-01-15,2024-01-29,3,caja_cupcake_12,5.715531045273007e-09,0.0,860.3599999999999
2024-01-15,2024-01-29,3,empaque_31_x_31_x_20,0.0006087674257156665,0.52,860.3599999999999
2024-01-15,2024-01-29,3,oreo_273_6,0.0002958569569964265,0.25,860.3599999999999
2024-01-15,2024-01-29,3,perlas_sin_especificacion,1.0379475909760493e-05,0.01,860.3599999999999
2024-01-15,2024-01-29,3,chips_chocolate_con_l,2.2014177401113625e-08,0.0,860.3599999999999
2024-01-15,2024-01-29,3,relleno_fresa_frutifru,3.434928983914623e-05,0.03,860.3599999999999
2024-01-15,2024-01-29,3,base_36_cm_doble,1.3064108851612128e-07,0.0,860.3599999999999
2024-01-15,2024-01-29,3,harina_red_velvet_esp,9.312084469643257e-13,0.0,860.3599999999999
2024-01-15,2024-01-29,3,mantequilla_gloria_verde,0.005970455373055331,5.14,860.3599999999999
2024-01-15,2024-01-29,3,caja_cupcake_6,3.447795778608729e-06,0.0,860.3599999999999
2024-01-15,2024-01-29,3,botellas_jack_daniels,4.928052530330816e-05,0.04,860.3599999999999
2024-01-15,2024-01-29,3,royal_icing_sin_especificacion,0.0060508855854167634,5.21,860.3599999999999
2024-01-15,2024-01-29,3,azucar_glass,0.0001640962127098679,0.14,860.3599999999999
2024-01-15,2024-01-29,3,kisses_leche_choc_bl_807_gr,2.1258942378428966e-08,0.0,860.3599999999999
2024-01-15,2024-01-29,3,dlr_malvavisco_chocolate_32_pz,1.3625803629987869e-05,0.01,860.3599999999999
2024-01-15,2024-01-29,3,alpezzi_blanco,6.851071971422788e-05,0.06,860.3599999999999
2024-01-15,2024-01-29,3,relleno_queso_creme_p,5.749148148783175e-06,0.01,860.3599999999999
2024-01-15,2024-01-29,3,ac_au800,1.5045534628439133e-08,0.0,860.3599999999999
2024-01-15,2024-01-29,3,domo_cupcake_6,1.2320131325850065e-05,0.01,860.3599999999999
2024-01-15,2024-01-29,3,caja_cupcake_sin_capacidad,2.64330030407264e-13,0.0,860.3599999999999
2024-01-15,2024-01-29,3,red_velvet,9.429581096110705e-11,0.0,860.3599999999999
2024-01-15,2024-01-29,3,cereza_con_rabo_diana,2.3945744443636146e-05,0.02,860.3599999999999
2024-01-15,2024-01-29,3,charola_galletera_alta_grande,0.03799219759241014,32.69,860.3599999999999
2024-01-15,2024-01-29,3,mantequilla_gloria_22,1.4246275425533817e-07,0.0,860.3599999999999
2024-01-15,2024-01-29,3,domo_cupcake_sin_capacidad,1.201226234106096e-17,0.0,860.3599999999999
2024-01-15,2024-01-29,3,relleno_zarzamora_fruitfil_puratos,0.0061068964134406096,5.25,860.3599999999999
2024-01-15,2024-01-29,3,chips_rojo_alpezzi,0.01029757471696804,8.86,860.3599999999999
2024-01-15,2024-01-29,3,capacillo_floreado_alegria,0.0010860309774825534,0.93,860.3599999999999
2024-01-15,2024-01-29,3,inix_contenedor_mantecadas,7.619360477422915e-18,0.0,860.3599999999999
2024-01-15,2024-01-29,3,otros,0.3063525600727702,263.57,860.3599999999999
2024-01-15,2024-02-05,4,fondant_sin_especificacion,0.0003600553788205796,0.23,630.1500000000001
2024-01-15,2024-02-05,4,nutella,0.011895207255513952,7.5,630.1500000000001
2024-01-15,2024-02-05,4,tegral_satin_creme_cake_sabor_no_especificado,7.620065260390356e-05,0.05,630.1500000000001
2024-01-15,2024-02-05,4,chantilly_sin_especificacion,2.55459938155884e-10,0.0,630.1500000000001
2024-01-15,2024-02-05,4,crema_batir_ambiente_1_l,0.026048074359814762,16.41,630.1500000000001
2024-01-15,2024-02-05,4,queso_philadelphia,0.08360070583683404,52.68,630.1500000000001
2024-01-15,2024-02-05,4,tegral_satin_red_velvet,0.0550861908881188,34.71,630.1500000000001
2024-01-15,2024-02-05,4,easy_pastel_tres_leches_sabor_no_especificado,1.6478603212264717e-08,0.0,630.1500000000001
2024-01-15,2024-02-05,4,transfer_sin_especificacion,2.890933958730121e-05,0.02,630.1500000000001
2024-01-15,2024-02-05,4,chantilly_dulce,0.03848058683475848,24.25,630.1500000000001
2024-01-15,2024-02-05,4,chantilly_asturias,0.021910722696229446,13.81,630.1500000000001
2024-01-15,2024-02-05,4,chips_blanco_alpezzi,0.028409037599626284,17.9,630.1500000000001
2024-01-15,2024-02-05,4,fondant_nata_coco_blanco,0.054764248859235407,34.51,630.1500000000001
2024-01-15,2024-02-05,4,chantilly_dull,9.318671131665878e-09,0.0,630.1500000000001
2024-01-15,2024-02-05,4,capacillos,3.091944575860487e-06,0.0,630.1500000000001
2024-01-15,2024-02-05,4,huevo_sin_especificacion,0.03573386655817384,22.52,630.1500000000001
2024-01-15,2024-02-05,4,contenedor_mantecadas_inix_25_pz,0.00011156689830289375,0.07,630.1500000000001
2024-01-15,2024-02-05,4,confitier_semiamargo_turin,0.024022524308878995,15.14,630.1500000000001
2024-01-15,2024-02-05,4,chips_chocolate_semi,5.575245114997379e-05,0.04,630.1500000000001
2024-01-15,2024-02-05,4,tegral_satin_vainilla,0.03586015352999307,22.6,630.1500000000001
2024-01-15,2024-02-05,4,transfer_hoja_de_arroz_gruesa,0.07840421874865884,49.41,630.1500000000001
2024-01-15,2024-02-05,4,tegral_satin_chocolate,0.021979826444994303,13.85,630.1500000000001
2024-01-15,2024-02-05,4,domo_cupcake_12,0.03435255709315391,21.65,630.1500000000001
2024-01-15,2024-02-05,4,mantequilla_gloria_presentacion_no_especificada,0.013889484195101456,8.75,630.1500000000001
2024-01-15,2024-02-05,4,ferrero_rocher_t16,0.0007310094341900688,0.46,630.1500000000001
2024-01-15,2024-02-05,4,huevo_san_juan,2.5100117259722115e-05,0.02,630.1500000000001
2024-01-15,2024-02-05,4,relleno_zarzamora_puratos,8.905005314783905e-06,0.01,630.1500000000001
2024-01-15,2024-02-05,4,aceite_sin_especificacion,7.559215743783075e-11,0.0,630.1500000000001
2024-01-15,2024-02-05,4,matizador,0.000256641434513955,0.16,630.1500000000001
2024-01-15,2024-02-05,4,caja_de_carton_para_cupcake_6_pz,6.730832305914278e-16,0.0,630.1500000000001
2024-01-15,2024-02-05,4,carlos_v_stick,3.837635064835123e-05,0.02,630.1500000000001
2024-01-15,2024-02-05,4,kisses_leche,0.009745585146349298,6.14,630.1500000000001
2024-01-15,2024-02-05,4,empaque_32_x_32_x_30,0.0009542840727434773,0.6,630.1500000000001
2024-01-15,2024-02-05,4,ferrero_sin_especificacion,3.6583049542145724e-08,0.0,630.1500000000001
2024-01-15,2024-02-05,4,domo_media_plancha_inix,0.011860826913128005,7.47,630.1500000000001
2024-01-15,2024-02-05,4,deiman_plumones_magicos,1.5966867209090495e-17,0.0,630.1500000000001
2024-01-15,2024-02-05,4,empaque_30_x_30_x_30,0.0008884713780715133,0.56,630.1500000000001
2024-01-15,2024-02-05,4,queso_crema_suelto,8.609659585674093e-09,0.0,630.1500000000001
2024-01-15,2024-02-05,4,royal_icing_deiman_50_sin_unidad,7.762987213441219e-09,0.0,630.1500000000001
2024-01-15,2024-02-05,4,pegamento_fondant,0.00023836459384569598,0.15,630.1500000000001
2024-01-15,2024-02-05,4,base_28_cm,2.807717595379305e-06,0.0,630.1500000000001
2024-01-15,2024-02-05,4,bailey_s,0.0015863037534656996,1.0,630.1500000000001
2024-01-15,2024-02-05,4,domo_1_4_plancha,1.8379775261064013e-05,0.01,630.1500000000001
2024-01-15,2024-02-05,4,colorantes_9_colores,5.597571781531174e-10,0.0,630.1500000000001
2024-01-15,2024-02-05,4,sabrosano,0.03178357156276297,20.03,630.1500000000001
2024-01-15,2024-02-05,4,huevo_blanco_tepa_de_linea,9.791435598585577e-07,0.0,630.1500000000001
2024-01-15,2024-02-05,4,mangas,0.0006000487820370153,0.38,630.1500000000001
2024-01-15,2024-02-05,4,relleno_durazno_puratos,3.835592017229847e-06,0.0,630.1500000000001
2024-01-15,2024-02-05,4,kit_kat_9_pz,6.361941764387452e-05,0.04,630.1500000000001
2024-01-15,2024-02-05,4,oblea_arroz,3.4323135759988365e-06,0.0,630.1500000000001
2024-01-15,2024-02-05,4,huevo_calvario,0.0007818361425547393,0.49,630.1500000000001
2024-01-15,2024-02-05,4,bisagra_12_cupcakes,0.0001871731330150811,0.12,630.1500000000001
2024-01-15,2024-02-05,4,chocolate_sin_especificacion,1.1950796112696114e-07,0.0,630.1500000000001
2024-01-15,2024-02-05,4,caja_cupcake_12,5.715531045273007e-09,0.0,630.1500000000001
2024-01-15,2024-02-05,4,empaque_31_x_31_x_20,0.0006087674257156665,0.38,630.1500000000001
2024-01-15,2024-02-05,4,oreo_273_6,0.0002958569569964265,0.19,630.1500000000001
2024-01-15,2024-02-05,4,perlas_sin_especificacion,1.0379475909760493e-05,0.01,630.1500000000001
2024-01-15,2024-02-05,4,chips_chocolate_con_l,2.2014177401113625e-08,0.0,630.1500000000001
2024-01-15,2024-02-05,4,relleno_fresa_frutifru,3.434928983914623e-05,0.02,630.1500000000001
2024-01-15,2024-02-05,4,base_36_cm_doble,1.3064108851612128e-07,0.0,630.1500000000001
2024-01-15,2024-02-05,4,harina_red_velvet_esp,9.312084469643257e-13,0.0,630.1500000000001
2024-01-15,2024-02-05,4,mantequilla_gloria_verde,0.005970455373055331,3.76,630.1500000000001
2024-01-15,2024-02-05,4,caja_cupcake_6,3.447795778608729e-06,0.0,630.1500000000001
2024-01-15,2024-02-05,4,botellas_jack_daniels,4.928052530330816e-05,0.03,630.1500000000001
2024-01-15,2024-02-05,4,royal_icing_sin_especificacion,0.0060508855854167634,3.81,630.1500000000001
2024-01-15,2024-02-05,4,azucar_glass,0.0001640962127098679,0.1,630.1500000000001
2024-01-15,2024-02-05,4,kisses_leche_choc_bl_807_gr,2.1258942378428966e-08,0.0,630.1500000000001
2024-01-15,2024-02-05,4,dlr_malvavisco_chocolate_32_pz,1.3625803629987869e-05,0.01,630.1500000000001
2024-01-15,2024-02-05,4,alpezzi_blanco,6.851071971422788e-05,0.04,630.1500000000001
2024-01-15,2024-02-05,4,relleno_queso_creme_p,5.749148148783175e-06,0.0,630.1500000000001
2024-01-15,2024-02-05,4,ac_au800,1.5045534628439133e-08,0.0,630.1500000000001
2024-01-15,2024-02-05,4,domo_cupcake_6,1.2320131325850065e-05,0.01,630.1500000000001
2024-01-15,2024-02-05,4,caja_cupcake_sin_capacidad,2.64330030407264e-13,0.0,630.1500000000001
2024-01-15,2024-02-05,4,red_velvet,9.429581096110705e-11,0.0,630.1500000000001
2024-01-15,2024-02-05,4,cereza_con_rabo_diana,2.3945744443636146e-05,0.02,630.1500000000001
2024-01-15,2024-02-05,4,charola_galletera_alta_grande,0.03799219759241014,23.94,630.1500000000001
2024-01-15,2024-02-05,4,mantequilla_gloria_22,1.4246275425533817e-07,0.0,630.1500000000001
2024-01-15,2024-02-05,4,domo_cupcake_sin_capacidad,1.201226234106096e-17,0.0,630.1500000000001
2024-01-15,2024-02-05,4,relleno_zarzamora_fruitfil_puratos,0.0061068964134406096,3.85,630.1500000000001
2024-01-15,2024-02-05,4,chips_rojo_alpezzi,0.01029757471696804,6.49,630.1500000000001
2024-01-15,2024-02-05,4,capacillo_floreado_alegria,0.0010860309774825534,0.68,630.1500000000001
2024-01-15,2024-02-05,4,inix_contenedor_mantecadas,7.619360477422915e-18,0.0,630.1500000000001
2024-01-15,2024-02-05,4,otros,0.3063525600727702,193.05,630.1500000000001
2024-01-22,2024-01-22,1,fondant_sin_especificacion,0.00023276536233373646,0.23,1009.4200000000002
2024-01-22,2024-01-22,1,nutella,0.007689906580299479,7.76,1009.4200000000002
2024-01-22,2024-01-22,1,tegral_satin_creme_cake_sabor_no_especificado,4.9261512413770427e-05,0.05,1009.4200000000002
2024-01-22,2024-01-22,1,chantilly_sin_especificacion,1.6514744276668365e-10,0.0,1009.4200000000002
2024-01-22,2024-01-22,1,crema_batir_ambiente_1_l,0.016839324790311534,17.0,1009.4200000000002
2024-01-22,2024-01-22,1,queso_philadelphia,0.0540454322588072,54.55,1009.4200000000002
2024-01-22,2024-01-22,1,tegral_satin_red_velvet,0.035611625144052625,35.95,1009.4200000000002
2024-01-22,2024-01-22,1,easy_pastel_tres_leches_sabor_no_especificado,1.0652939167360768e-08,0.0,1009.4200000000002
2024-01-22,2024-01-22,1,transfer_sin_especificacion,1.8689049795366053e-05,0.02,1009.4200000000002
2024-01-22,2024-01-22,1,chantilly_dulce,0.024876583615407493,25.11,1009.4200000000002
2024-01-22,2024-01-22,1,chantilly_asturias,0.014164646905395345,14.3,1009.4200000000002
2024-01-22,2024-01-22,1,chips_blanco_alpezzi,0.01836561906696281,18.54,1009.4200000000002
2024-01-22,2024-01-22,1,fondant_nata_coco_blanco,0.035403498957328326,35.74,1009.4200000000002
2024-01-22,2024-01-22,1,chantilly_dull,6.024250684814828e-09,0.0,1009.4200000000002
2024-01-22,2024-01-22,1,capacillos,1.998852515058892e-06,0.0,1009.4200000000002
2024-01-22,2024-01-22,1,huevo_sin_especificacion,0.02310090859979486,23.32,1009.4200000000002
2024-01-22,2024-01-22,1,contenedor_mantecadas_inix_25_pz,7.212476478754356e-05,0.07,1009.4200000000002
2024-01-22,2024-01-22,1,confitier_semiamargo_turin,0.015529865414713295,15.68,1009.4200000000002
2024-01-22,2024-01-22,1,chips_chocolate_semi,3.6042343084629565e-05,0.04,1009.4200000000002
2024-01-22,2024-01-22,1,tegral_satin_vainilla,0.02318254946529123,23.4,1009.4200000000002
2024-01-22,2024-01-22,1,transfer_hoja_de_arroz_gruesa,0.050686054032313806,51.16,1009.4200000000002
2024-01-22,2024-01-22,1,tegral_satin_chocolate,0.014209320475257184,14.34,1009.4200000000002
2024-01-22,2024-01-22,1,domo_cupcake_12,0.02220793208275579,22.42,1009.4200000000002
2024-01-22,2024-01-22,1,mantequilla_gloria_presentacion_no_especificada,0.3625081445406927,365.92,1009.4200000000002
2024-01-22,2024-01-22,1,ferrero_rocher_t16,0.00047257640304110255,0.48,1009.4200000000002
2024-01-22,2024-01-22,1,huevo_san_juan,1.6226498011823498e-05,0.02,1009.4200000000002
2024-01-22,2024-01-22,1,relleno_zarzamora_puratos,5.756827728748964e-06,0.01,1009.4200000000002
2024-01-22,2024-01-22,1,aceite_sin_especificacion,4.886813793267471e-11,0.0,1009.4200000000002
2024-01-22,2024-01-22,1,matizador,0.00016591124590381,0.17,1009.4200000000002
2024-01-22,2024-01-22,1,caja_de_carton_para_cupcake_6_pz,4.3512879202798025e-16,0.0,1009.4200000000002
2024-01-22,2024-01-22,1,carlos_v_stick,2.4809197943301035e-05,0.02,1009.4200000000002
2024-01-22,2024-01-22,1,kisses_leche,0.006300238216617967,6.36,1009.4200000000002
2024-01-22,2024-01-22,1,empaque_32_x_32_x_30,0.0006169169828515095,0.62,1009.4200000000002
2024-01-22,2024-01-22,1,ferrero_sin_especificacion,2.364988077623985e-08,0.0,1009.4200000000002
2024-01-22,2024-01-22,1,domo_media_plancha_inix,0.007667680685830586,7.74,1009.4200000000002
2024-01-22,2024-01-22,1,deiman_plumones_magicos,1.0322116679475028e-17,0.0,1009.4200000000002
2024-01-22,2024-01-22,1,empaque_30_x_30_x_30,0.0005743709840341639,0.58,1009.4200000000002
2024-01-22,2024-01-22,1,queso_crema_suelto,5.565895278648771e-09,0.0,1009.4200000000002
2024-01-22,2024-01-22,1,royal_icing_deiman_50_sin_unidad,5.018546139895993e-09,0.0,1009.4200000000002
2024-01-22,2024-01-22,1,pegamento_fondant,0.00015409579836238272,0.16,1009.4200000000002
2024-01-22,2024-01-22,1,base_28_cm,1.8151080135507115e-06,0.0,1009.4200000000002
2024-01-22,2024-01-22,1,bailey_s,0.0010254993805572485,1.04,1009.4200000000002
2024-01-22,2024-01-22,1,domo_1_4_plancha,1.1881991771010547e-05,0.01,1009.4200000000002
2024-01-22,2024-01-22,1,colorantes_9_colores,3.6186678509987364e-10,0.0,1009.4200000000002
2024-01-22,2024-01-22,1,sabrosano,0.020547157427006104,20.74,1009.4200000000002
2024-01-22,2024-01-22,1,huevo_blanco_tepa_de_linea,6.329879204520723e-07,0.0,1009.4200000000002
2024-01-22,2024-01-22,1,mangas,0.00038791413872576227,0.39,1009.4200000000002
2024-01-22,2024-01-22,1,relleno_durazno_puratos,2.479599023292979e-06,0.0,1009.4200000000002
2024-01-22,2024-01-22,1,kit_kat_9_pz,4.112810881438598e-05,0.04,1009.4200000000002
2024-01-22,2024-01-22,1,oblea_arroz,2.2188912043957722e-06,0.0,1009.4200000000002
2024-01-22,2024-01-22,1,huevo_calvario,0.0005054343962406127,0.51,1009.4200000000002
2024-01-22,2024-01-22,1,bisagra_12_cupcakes,0.00012100200326990876,0.12,1009.4200000000002
2024-01-22,2024-01-22,1,chocolate_sin_especificacion,7.725843164627446e-08,0.0,1009.4200000000002
2024-01-22,2024-01-22,1,caja_cupcake_12,3.6949250946911592e-09,0.0,1009.4200000000002
2024-01-22,2024-01-22,1,empaque_31_x_31_x_20,0.0003935504890604456,0.4,1009.4200000000002
2024-01-22,2024-01-22,1,oreo_273_6,0.00019126294410545772,0.19,1009.4200000000002
2024-01-22,2024-01-22,1,perlas_sin_especificacion,6.7100302150286925e-06,0.01,1009.4200000000002
2024-01-22,2024-01-22,1,chips_chocolate_con_l,1.4231527372356778e-08,0.0,1009.4200000000002
2024-01-22,2024-01-22,1,relleno_fresa_frutifru,2.2205819897776288e-05,0.02,1009.4200000000002
2024-01-22,2024-01-22,1,base_36_cm_doble,8.445567569004928e-08,0.0,1009.4200000000002
2024-01-22,2024-01-22,1,harina_red_velvet_esp,6.019992598802371e-13,0.0,1009.4200000000002
2024-01-22,2024-01-22,1,mantequilla_gloria_verde,0.003859726280881758,3.9,1009.4200000000002
2024-01-22,2024-01-22,1,caja_cupcake_6,2.228899999465077e-06,0.0,1009.4200000000002
2024-01-22,2024-01-22,1,botellas_jack_daniels,3.185843068306847e-05,0.03,1009.4200000000002
2024-01-22,2024-01-22,1,royal_icing_sin_especificacion,0.0039117220810395365,3.95,1009.4200000000002
2024-01-22,2024-01-22,1,azucar_glass,0.0001060834434250733,0.11,1009.4200000000002
2024-01-22,2024-01-22,1,kisses_leche_choc_bl_807_gr,1.3743289828792896e-08,0.0,1009.4200000000002
2024-01-22,2024-01-22,1,dlr_malvavisco_chocolate_32_pz,8.80868695646657e-06,0.01,1009.4200000000002
2024-01-22,2024-01-22,1,alpezzi_blanco,4.429019377592435e-05,0.04,1009.4200000000002
2024-01-22,2024-01-22,1,relleno_queso_creme_p,3.716657577357538e-06,0.0,1009.4200000000002
2024-01-22,2024-01-22,1,ac_au800,9.726501880808028e-09,0.0,1009.4200000000002
2024-01-22,2024-01-22,1,domo_cupcake_6,7.964607670782004e-06,0.01,1009.4200000000002
2024-01-22,2024-01-22,1,caja_cupcake_sin_capacidad,1.7088170021227227e-13,0.0,1009.4200000000002
2024-01-22,2024-01-22,1,red_velvet,6.095950760911416e-11,0.0,1009.4200000000002
2024-01-22,2024-01-22,1,cereza_con_rabo_diana,1.5480229458123147e-05,0.02,1009.4200000000002
2024-01-22,2024-01-22,1,charola_galletera_alta_grande,0.024560854131438978,24.79,1009.4200000000002
2024-01-22,2024-01-22,1,mantequilla_gloria_22,9.209803981245374e-08,0.0,1009.4200000000002
2024-01-22,2024-01-22,1,domo_cupcake_sin_capacidad,7.765579299006267e-18,0.0,1009.4200000000002
2024-01-22,2024-01-22,1,relleno_zarzamora_fruitfil_puratos,0.003947931457281294,3.99,1009.4200000000002
2024-01-22,2024-01-22,1,chips_rojo_alpezzi,0.006657083468674429,6.72,1009.4200000000002
2024-01-22,2024-01-22,1,capacillo_floreado_alegria,0.0007020875366657345,0.71,1009.4200000000002
2024-01-22,2024-01-22,1,inix_contenedor_mantecadas,4.925695619624299e-18,0.0,1009.4200000000002
2024-01-22,2024-01-22,1,otros,0.1980480471664888,199.91,1009.4200000000002
2024-01-22,2024-01-29,2,fondant_sin_especificacion,0.00023276536233373646,0.18,766.05
2024-01-22,2024-01-29,2,nutella,0.007689906580299479,5.89,766.05
2024-01-22,2024-01-29,2,tegral_satin_creme_cake_sabor_no_especificado,4.9261512413770427e-05,0.04,766.05
2024-01-22,2024-01-29,2,chantilly_sin_especificacion,1.6514744276668365e-10,0.0,766.05
2024-01-22,2024-01-29,2,crema_batir_ambiente_1_l,0.016839324790311534,12.9,766.05
2024-01-22,2024-01-29,2,queso_philadelphia,0.0540454322588072,41.4,766.05
2024-01-22,2024-01-29,2,tegral_satin_red_velvet,0.035611625144052625,27.28,766.05
2024-01-22,2024-01-29,2,easy_pastel_tres_leches_sabor_no_especificado,1.0652939167360768e-08,0.0,766.05
2024-01-22,2024-01-29,2,transfer_sin_especificacion,1.8689049795366053e-05,0.01,766.05
2024-01-22,2024-01-29,2,chantilly_dulce,0.024876583615407493,19.06,766.05
2024-01-22,2024-01-29,2,chantilly_asturias,0.014164646905395345,10.85,766.05
2024-01-22,2024-01-29,2,chips_blanco_alpezzi,0.01836561906696281,14.07,766.05
2024-01-22,2024-01-29,2,fondant_nata_coco_blanco,0.035403498957328326,27.12,766.05
2024-01-22,2024-01-29,2,chantilly_dull,6.024250684814828e-09,0.0,766.05
2024-01-22,2024-01-29,2,capacillos,1.998852515058892e-06,0.0,766.05
2024-01-22,2024-01-29,2,huevo_sin_especificacion,0.02310090859979486,17.7,766.05
2024-01-22,2024-01-29,2,contenedor_mantecadas_inix_25_pz,7.212476478754356e-05,0.06,766.05
2024-01-22,2024-01-29,2,confitier_semiamargo_turin,0.015529865414713295,11.9,766.05
2024-01-22,2024-01-29,2,chips_chocolate_semi,3.6042343084629565e-05,0.03,766.05
2024-01-22,2024-01-29,2,tegral_satin_vainilla,0.02318254946529123,17.76,766.05
2024-01-22,2024-01-29,2,transfer_hoja_de_arroz_gruesa,0.050686054032313806,38.83,766.05
2024-01-22,2024-01-29,2,tegral_satin_chocolate,0.014209320475257184,10.88,766.05
2024-01-22,2024-01-29,2,domo_cupcake_12,0.02220793208275579,17.01,766.05
2024-01-22,2024-01-29,2,mantequilla_gloria_presentacion_no_especificada,0.3625081445406927,277.7,766.05
2024-01-22,2024-01-29,2,ferrero_rocher_t16,0.00047257640304110255,0.36,766.05
2024-01-22,2024-01-29,2,huevo_san_juan,1.6226498011823498e-05,0.01,766.05
2024-01-22,2024-01-29,2,relleno_zarzamora_puratos,5.756827728748964e-06,0.0,766.05
2024-01-22,2024-01-29,2,aceite_sin_especificacion,4.886813793267471e-11,0.0,766.05
2024-01-22,2024-01-29,2,matizador,0.00016591124590381,0.13,766.05
2024-01-22,2024-01-29,2,caja_de_carton_para_cupcake_6_pz,4.3512879202798025e-16,0.0,766.05
2024-01-22,2024-01-29,2,carlos_v_stick,2.4809197943301035e-05,0.02,766.05
2024-01-22,2024-01-29,2,kisses_leche,0.006300238216617967,4.83,766.05
2024-01-22,2024-01-29,2,empaque_32_x_32_x_30,0.0006169169828515095,0.47,766.05
2024-01-22,2024-01-29,2,ferrero_sin_especificacion,2.364988077623985e-08,0.0,766.05
2024-01-22,2024-01-29,2,domo_media_plancha_inix,0.007667680685830586,5.87,766.05
2024-01-22,2024-01-29,2,deiman_plumones_magicos,1.0322116679475028e-17,0.0,766.05
2024-01-22,2024-01-29,2,empaque_30_x_30_x_30,0.0005743709840341639,0.44,766.05
2024-01-22,2024-01-29,2,queso_crema_suelto,5.565895278648771e-09,0.0,766.05
2024-01-22,2024-01-29,2,royal_icing_deiman_50_sin_unidad,5.018546139895993e-09,0.0,766.05
2024-01-22,2024-01-29,2,pegamento_fondant,0.00015409579836238272,0.12,766.05
2024-01-22,2024-01-29,2,base_28_cm,1.8151080135507115e-06,0.0,766.05
2024-01-22,2024-01-29,2,bailey_s,0.0010254993805572485,0.79,766.05
2024-01-22,2024-01-29,2,domo_1_4_plancha,1.1881991771010547e-05,0.01,766.05
2024-01-22,2024-01-29,2,colorantes_9_colores,3.6186678509987364e-10,0.0,766.05
2024-01-22,2024-01-29,2,sabrosano,0.020547157427006104,15.74,766.05
2024-01-22,2024-01-29,2,huevo_blanco_tepa_de_linea,6.329879204520723e-07,0.0,766.05
2024-01-22,2024-01-29,2,mangas,0.00038791413872576227,0.3,766.05
2024-01-22,2024-01-29,2,relleno_durazno_puratos,2.479599023292979e-06,0.0,766.05
2024-01-22,2024-01-29,2,kit_kat_9_pz,4.112810881438598e-05,0.03,766.05
2024-01-22,2024-01-29,2,oblea_arroz,2.2188912043957722e-06,0.0,766.05
2024-01-22,2024-01-29,2,huevo_calvario,0.0005054343962406127,0.39,766.05
2024-01-22,2024-01-29,2,bisagra_12_cupcakes,0.00012100200326990876,0.09,766.05
2024-01-22,2024-01-29,2,chocolate_sin_especificacion,7.725843164627446e-08,0.0,766.05
2024-01-22,2024-01-29,2,caja_cupcake_12,3.6949250946911592e-09,0.0,766.05
2024-01-22,2024-01-29,2,empaque_31_x_31_x_20,0.0003935504890604456,0.3,766.05
2024-01-22,2024-01-29,2,oreo_273_6,0.00019126294410545772,0.15,766.05
2024-01-22,2024-01-29,2,perlas_sin_especificacion,6.7100302150286925e-06,0.01,766.05
2024-01-22,2024-01-29,2,chips_chocolate_con_l,1.4231527372356778e-08,0.0,766.05
2024-01-22,2024-01-29,2,relleno_fresa_frutifru,2.2205819897776288e-05,0.02,766.05
2024-01-22,2024-01-29,2,base_36_cm_doble,8.445567569004928e-08,0.0,766.05
2024-01-22,2024-01-29,2,harina_red_velvet_esp,6.019992598802371e-13,0.0,766.05
2024-01-22,2024-01-29,2,mantequilla_gloria_verde,0.003859726280881758,2.96,766.05
2024-01-22,2024-01-29,2,caja_cupcake_6,2.228899999465077e-06,0.0,766.05
2024-01-22,2024-01-29,2,botellas_jack_daniels,3.185843068306847e-05,0.02,766.05
2024-01-22,2024-01-29,2,royal_icing_sin_especificacion,0.0039117220810395365,3.0,766.05
2024-01-22,2024-01-29,2,azucar_glass,0.0001060834434250733,0.08,766.05
2024-01-22,2024-01-29,2,kisses_leche_choc_bl_807_gr,1.3743289828792896e-08,0.0,766.05
2024-01-22,2024-01-29,2,dlr_malvavisco_chocolate_32_pz,8.80868695646657e-06,0.01,766.05
2024-01-22,2024-01-29,2,alpezzi_blanco,4.429019377592435e-05,0.03,766.05
2024-01-22,2024-01-29,2,relleno_queso_creme_p,3.716657577357538e-06,0.0,766.05
2024-01-22,2024-01-29,2,ac_au800,9.726501880808028e-09,0.0,766.05
2024-01-22,2024-01-29,2,domo_cupcake_6,7.964607670782004e-06,0.01,766.05
2024-01-22,2024-01-29,2,caja_cupcake_sin_capacidad,1.7088170021227227e-13,0.0,766.05
2024-01-22,2024-01-29,2,red_velvet,6.095950760911416e-11,0.0,766.05
2024-01-22,2024-01-29,2,cereza_con_rabo_diana,1.5480229458123147e-05,0.01,766.05
2024-01-22,2024-01-29,2,charola_galletera_alta_grande,0.024560854131438978,18.81,766.05
2024-01-22,2024-01-29,2,mantequilla_gloria_22,9.209803981245374e-08,0.0,766.05
2024-01-22,2024-01-29,2,domo_cupcake_sin_capacidad,7.765579299006267e-18,0.0,766.05
2024-01-22,2024-01-29,2,relleno_zarzamora_fruitfil_puratos,0.003947931457281294,3.02,766.05
2024-01-22,2024-01-29,2,chips_rojo_alpezzi,0.006657083468674429,5.1,766.05
2024-01-22,2024-01-29,2,capacillo_floreado_alegria,0.0007020875366657345,0.54,766.05
2024-01-22,2024-01-29,2,inix_contenedor_mantecadas,4.925695619624299e-18,0.0,766.05
2024-01-22,2024-01-29,2,otros,0.1980480471664888,151.71,766.05
2024-01-22,2024-02-05,3,fondant_sin_especificacion,0.00023276536233373646,0.19,817.02
2024-01-22,2024-02-05,3,nutella,0.007689906580299479,6.28,817.02
2024-01-22,2024-02-05,3,tegral_satin_creme_cake_sabor_no_especificado,4.9261512413770427e-05,0.04,817.02
2024-01-22,2024-02-05,3,chantilly_sin_especificacion,1.6514744276668365e-10,0.0,817.02
2024-01-22,2024-02-05,3,crema_batir_ambiente_1_l,0.016839324790311534,13.76,817.02
2024-01-22,2024-02-05,3,queso_philadelphia,0.0540454322588072,44.16,817.02
2024-01-22,2024-02-05,3,tegral_satin_red_velvet,0.035611625144052625,29.1,817.02
2024-01-22,2024-02-05,3,easy_pastel_tres_leches_sabor_no_especificado,1.0652939167360768e-08,0.0,817.02
2024-01-22,2024-02-05,3,transfer_sin_especificacion,1.8689049795366053e-05,0.01,817.02
2024-01-22,2024-02-05,3,chantilly_dulce,0.024876583615407493,20.32,817.02
2024-01-22,2024-02-05,3,chantilly_asturias,0.014164646905395345,11.57,817.02
2024-01-22,2024-02-05,3,chips_blanco_alpezzi,0.01836561906696281,15.0,817.02
2024-01-22,2024-02-05,3,fondant_nata_coco_blanco,0.035403498957328326,28.92,817.02
2024-01-22,2024-02-05,3,chantilly_dull,6.024250684814828e-09,0.0,817.02
2024-01-22,2024-02-05,3,capacillos,1.998852515058892e-06,0.0,817.02
2024-01-22,2024-02-05,3,huevo_sin_especificacion,0.02310090859979486,18.87,817.02
2024-01-22,2024-02-05,3,contenedor_mantecadas_inix_25_pz,7.212476478754356e-05,0.06,817.02
2024-01-22,2024-02-05,3,confitier_semiamargo_turin,0.015529865414713295,12.69,817.02
2024-01-22,2024-02-05,3,chips_chocolate_semi,3.6042343084629565e-05,0.03,817.02
2024-01-22,2024-02-05,3,tegral_satin_vainilla,0.02318254946529123,18.94,817.02
2024-01-22,2024-02-05,3,transfer_hoja_de_arroz_gruesa,0.050686054032313806,41.41,817.02
2024-01-22,2024-02-05,3,tegral_satin_chocolate,0.014209320475257184,11.61,817.02
2024-01-22,2024-02-05,3,domo_cupcake_12,0.02220793208275579,18.14,817.02
2024-01-22,2024-02-05,3,mantequilla_gloria_presentacion_no_especificada,0.3625081445406927,296.18,817.02
2024-01-22,2024-02-05,3,ferrero_rocher_t16,0.00047257640304110255,0.39,817.02
2024-01-22,2024-02-05,3,huevo_san_juan,1.6226498011823498e-05,0.01,817.02
2024-01-22,2024-02-05,3,relleno_zarzamora_puratos,5.756827728748964e-06,0.0,817.02
2024-01-22,2024-02-05,3,aceite_sin_especificacion,4.886813793267471e-11,0.0,817.02
2024-01-22,2024-02-05,3,matizador,0.00016591124590381,0.14,817.02
2024-01-22,2024-02-05,3,caja_de_carton_para_cupcake_6_pz,4.3512879202798025e-16,0.0,817.02
2024-01-22,2024-02-05,3,carlos_v_stick,2.4809197943301035e-05,0.02,817.02
2024-01-22,2024-02-05,3,kisses_leche,0.006300238216617967,5.15,817.02
2024-01-22,2024-02-05,3,empaque_32_x_32_x_30,0.0006169169828515095,0.5,817.02
2024-01-22,2024-02-05,3,ferrero_sin_especificacion,2.364988077623985e-08,0.0,817.02
2024-01-22,2024-02-05,3,domo_media_plancha_inix,0.007667680685830586,6.26,817.02
2024-01-22,2024-02-05,3,deiman_plumones_magicos,1.0322116679475028e-17,0.0,817.02
2024-01-22,2024-02-05,3,empaque_30_x_30_x_30,0.0005743709840341639,0.47,817.02
2024-01-22,2024-02-05,3,queso_crema_suelto,5.565895278648771e-09,0.0,817.02
2024-01-22,2024-02-05,3,royal_icing_deiman_50_sin_unidad,5.018546139895993e-09,0.0,817.02
2024-01-22,2024-02-05,3,pegamento_fondant,0.00015409579836238272,0.13,817.02
2024-01-22,2024-02-05,3,base_28_cm,1.8151080135507115e-06,0.0,817.02
2024-01-22,2024-02-05,3,bailey_s,0.0010254993805572485,0.84,817.02
2024-01-22,2024-02-05,3,domo_1_4_plancha,1.1881991771010547e-05,0.01,817.02
2024-01-22,2024-02-05,3,colorantes_9_colores,3.6186678509987364e-10,0.0,817.02
2024-01-22,2024-02-05,3,sabrosano,0.020547157427006104,16.79,817.02
2024-01-22,2024-02-05,3,huevo_blanco_tepa_de_linea,6.329879204520723e-07,0.0,817.02
2024-01-22,2024-02-05,3,mangas,0.00038791413872576227,0.32,817.02
2024-01-22,2024-02-05,3,relleno_durazno_puratos,2.479599023292979e-06,0.0,817.02
2024-01-22,2024-02-05,3,kit_kat_9_pz,4.112810881438598e-05,0.03,817.02
2024-01-22,2024-02-05,3,oblea_arroz,2.2188912043957722e-06,0.0,817.02
2024-01-22,2024-02-05,3,huevo_calvario,0.0005054343962406127,0.41,817.02
2024-01-22,2024-02-05,3,bisagra_12_cupcakes,0.00012100200326990876,0.1,817.02
2024-01-22,2024-02-05,3,chocolate_sin_especificacion,7.725843164627446e-08,0.0,817.02
2024-01-22,2024-02-05,3,caja_cupcake_12,3.6949250946911592e-09,0.0,817.02
2024-01-22,2024-02-05,3,empaque_31_x_31_x_20,0.0003935504890604456,0.32,817.02
2024-01-22,2024-02-05,3,oreo_273_6,0.00019126294410545772,0.16,817.02
2024-01-22,2024-02-05,3,perlas_sin_especificacion,6.7100302150286925e-06,0.01,817.02
2024-01-22,2024-02-05,3,chips_chocolate_con_l,1.4231527372356778e-08,0.0,817.02
2024-01-22,2024-02-05,3,relleno_fresa_frutifru,2.2205819897776288e-05,0.02,817.02
2024-01-22,2024-02-05,3,base_36_cm_doble,8.445567569004928e-08,0.0,817.02
2024-01-22,2024-02-05,3,harina_red_velvet_esp,6.019992598802371e-13,0.0,817.02
2024-01-22,2024-02-05,3,mantequilla_gloria_verde,0.003859726280881758,3.15,817.02
2024-01-22,2024-02-05,3,caja_cupcake_6,2.228899999465077e-06,0.0,817.02
2024-01-22,2024-02-05,3,botellas_jack_daniels,3.185843068306847e-05,0.03,817.02
2024-01-22,2024-02-05,3,royal_icing_sin_especificacion,0.0039117220810395365,3.2,817.02
2024-01-22,2024-02-05,3,azucar_glass,0.0001060834434250733,0.09,817.02
2024-01-22,2024-02-05,3,kisses_leche_choc_bl_807_gr,1.3743289828792896e-08,0.0,817.02
2024-01-22,2024-02-05,3,dlr_malvavisco_chocolate_32_pz,8.80868695646657e-06,0.01,817.02
2024-01-22,2024-02-05,3,alpezzi_blanco,4.429019377592435e-05,0.04,817.02
2024-01-22,2024-02-05,3,relleno_queso_creme_p,3.716657577357538e-06,0.0,817.02
2024-01-22,2024-02-05,3,ac_au800,9.726501880808028e-09,0.0,817.02
2024-01-22,2024-02-05,3,domo_cupcake_6,7.964607670782004e-06,0.01,817.02
2024-01-22,2024-02-05,3,caja_cupcake_sin_capacidad,1.7088170021227227e-13,0.0,817.02
2024-01-22,2024-02-05,3,red_velvet,6.095950760911416e-11,0.0,817.02
2024-01-22,2024-02-05,3,cereza_con_rabo_diana,1.5480229458123147e-05,0.01,817.02
2024-01-22,2024-02-05,3,charola_galletera_alta_grande,0.024560854131438978,20.07,817.02
2024-01-22,2024-02-05,3,mantequilla_gloria_22,9.209803981245374e-08,0.0,817.02
2024-01-22,2024-02-05,3,domo_cupcake_sin_capacidad,7.765579299006267e-18,0.0,817.02
2024-01-22,2024-02-05,3,relleno_zarzamora_fruitfil_puratos,0.003947931457281294,3.23,817.02
2024-01-22,2024-02-05,3,chips_rojo_alpezzi,0.006657083468674429,5.44,817.02
2024-01-22,2024-02-05,3,capacillo_floreado_alegria,0.0007020875366657345,0.57,817.02
2024-01-22,2024-02-05,3,inix_contenedor_mantecadas,4.925695619624299e-18,0.0,817.02
2024-01-22,2024-02-05,3,otros,0.1980480471664888,161.81,817.02
2024-01-22,2024-02-12,4,fondant_sin_especificacion,0.00023276536233373646,0.14,580.01
2024-01-22,2024-02-12,4,nutella,0.007689906580299479,4.46,580.01
2024-01-22,2024-02-12,4,tegral_satin_creme_cake_sabor_no_especificado,4.9261512413770427e-05,0.03,580.01
2024-01-22,2024-02-12,4,chantilly_sin_especificacion,1.6514744276668365e-10,0.0,580.01
2024-01-22,2024-02-12,4,crema_batir_ambiente_1_l,0.016839324790311534,9.77,580.01
2024-01-22,2024-02-12,4,queso_philadelphia,0.0540454322588072,31.35,580.01
2024-01-22,2024-02-12,4,tegral_satin_red_velvet,0.035611625144052625,20.66,580.01
2024-01-22,2024-02-12,4,easy_pastel_tres_leches_sabor_no_especificado,1.0652939167360768e-08,0.0,580.01
2024-01-22,2024-02-12,4,transfer_sin_especificacion,1.8689049795366053e-05,0.01,580.01
2024-01-22,2024-02-12,4,chantilly_dulce,0.024876583615407493,14.43,580.01
2024-01-22,2024-02-12,4,chantilly_asturias,0.014164646905395345,8.22,580.01
2024-01-22,2024-02-12,4,chips_blanco_alpezzi,0.01836561906696281,10.65,580.01
2024-01-22,2024-02-12,4,fondant_nata_coco_blanco,0.035403498957328326,20.53,580.01
2024-01-22,2024-02-12,4,chantilly_dull,6.024250684814828e-09,0.0,580.01
2024-01-22,2024-02-12,4,capacillos,1.998852515058892e-06,0.0,580.01
2024-01-22,2024-02-12,4,huevo_sin_especificacion,0.02310090859979486,13.4,580.01
2024-01-22,2024-02-12,4,contenedor_mantecadas_inix_25_pz,7.212476478754356e-05,0.04,580.01
2024-01-22,2024-02-12,4,confitier_semiamargo_turin,0.015529865414713295,9.01,580.01
2024-01-22,2024-02-12,4,chips_chocolate_semi,3.6042343084629565e-05,0.02,580.01
2024-01-22,2024-02-12,4,tegral_satin_vainilla,0.02318254946529123,13.45,580.01
2024-01-22,2024-02-12,4,transfer_hoja_de_arroz_gruesa,0.050686054032313806,29.4,580.01
2024-01-22,2024-02-12,4,tegral_satin_chocolate,0.014209320475257184,8.24,580.01
2024-01-22,2024-02-12,4,domo_cupcake_12,0.02220793208275579,12.88,580.01
2024-01-22,2024-02-12,4,mantequilla_gloria_presentacion_no_especificada,0.3625081445406927,210.26,580.01
2024-01-22,2024-02-12,4,ferrero_rocher_t16,0.00047257640304110255,0.27,580.01
2024-01-22,2024-02-12,4,huevo_san_juan,1.6226498011823498e-05,0.01,580.01
2024-01-22,2024-02-12,4,relleno_zarzamora_puratos,5.756827728748964e-06,0.0,580.01
2024-01-22,2024-02-12,4,aceite_sin_especificacion,4.886813793267471e-11,0.0,580.01
2024-01-22,2024-02-12,4,matizador,0.00016591124590381,0.1,580.01
2024-01-22,2024-02-12,4,caja_de_carton_para_cupcake_6_pz,4.3512879202798025e-16,0.0,580.01
2024-01-22,2024-02-12,4,carlos_v_stick,2.4809197943301035e-05,0.01,580.01
2024-01-22,2024-02-12,4,kisses_leche,0.006300238216617967,3.65,580.01
2024-01-22,2024-02-12,4,empaque_32_x_32_x_30,0.0006169169828515095,0.36,580.01
2024-01-22,2024-02-12,4,ferrero_sin_especificacion,2.364988077623985e-08,0.0,580.01
2024-01-22,2024-02-12,4,domo_media_plancha_inix,0.007667680685830586,4.45,580.01
2024-01-22,2024-02-12,4,deiman_plumones_magicos,1.0322116679475028e-17,0.0,580.01
2024-01-22,2024-02-12,4,empaque_30_x_30_x_30,0.0005743709840341639,0.33,580.01
2024-01-22,2024-02-12,4,queso_crema_suelto,5.565895278648771e-09,0.0,580.01
2024-01-22,2024-02-12,4,royal_icing_deiman_50_sin_unidad,5.018546139895993e-09,0.0,580.01
2024-01-22,2024-02-12,4,pegamento_fondant,0.00015409579836238272,0.09,580.01
2024-01-22,2024-02-12,4,base_28_cm,1.8151080135507115e-06,0.0,580.01
2024-01-22,2024-02-12,4,bailey_s,0.0010254993805572485,0.59,580.01
2024-01-22,2024-02-12,4,domo_1_4_plancha,1.1881991771010547e-05,0.01,580.01
2024-01-22,2024-02-12,4,colorantes_9_colores,3.6186678509987364e-10,0.0,580.01
2024-01-22,2024-02-12,4,sabrosano,0.020547157427006104,11.92,580.01
2024-01-22,2024-02-12,4,huevo_blanco_tepa_de_linea,6.329879204520723e-07,0.0,580.01
2024-01-22,2024-02-12,4,mangas,0.00038791413872576227,0.22,580.01
2024-01-22,2024-02-12,4,relleno_durazno_puratos,2.479599023292979e-06,0.0,580.01
2024-01-22,2024-02-12,4,kit_kat_9_pz,4.112810881438598e-05,0.02,580.01
2024-01-22,2024-02-12,4,oblea_arroz,2.2188912043957722e-06,0.0,580.01
2024-01-22,2024-02-12,4,huevo_calvario,0.0005054343962406127,0.29,580.01
2024-01-22,2024-02-12,4,bisagra_12_cupcakes,0.00012100200326990876,0.07,580.01
2024-01-22,2024-02-12,4,chocolate_sin_especificacion,7.725843164627446e-08,0.0,580.01
2024-01-22,2024-02-12,4,caja_cupcake_12,3.6949250946911592e-09,0.0,580.01
2024-01-22,2024-02-12,4,empaque_31_x_31_x_20,0.0003935504890604456,0.23,580.01
2024-01-22,2024-02-12,4,oreo_273_6,0.00019126294410545772,0.11,580.01
2024-01-22,2024-02-12,4,perlas_sin_especificacion,6.7100302150286925e-06,0.0,580.01
2024-01-22,2024-02-12,4,chips_chocolate_con_l,1.4231527372356778e-08,0.0,580.01
2024-01-22,2024-02-12,4,relleno_fresa_frutifru,2.2205819897776288e-05,0.01,580.01
2024-01-22,2024-02-12,4,base_36_cm_doble,8.445567569004928e-08,0.0,580.01
2024-01-22,2024-02-12,4,harina_red_velvet_esp,6.019992598802371e-13,0.0,580.01
2024-01-22,2024-02-12,4,mantequilla_gloria_verde,0.003859726280881758,2.24,580.01
2024-01-22,2024-02-12,4,caja_cupcake_6,2.228899999465077e-06,0.0,580.01
2024-01-22,2024-02-12,4,botellas_jack_daniels,3.185843068306847e-05,0.02,580.01
2024-01-22,2024-02-12,4,royal_icing_sin_especificacion,0.0039117220810395365,2.27,580.01
2024-01-22,2024-02-12,4,azucar_glass,0.0001060834434250733,0.06,580.01
2024-01-22,2024-02-12,4,kisses_leche_choc_bl_807_gr,1.3743289828792896e-08,0.0,580.01
2024-01-22,2024-02-12,4,dlr_malvavisco_chocolate_32_pz,8.80868695646657e-06,0.01,580.01
2024-01-22,2024-02-12,4,alpezzi_blanco,4.429019377592435e-05,0.03,580.01
2024-01-22,2024-02-12,4,relleno_queso_creme_p,3.716657577357538e-06,0.0,580.01
2024-01-22,2024-02-12,4,ac_au800,9.726501880808028e-09,0.0,580.01
2024-01-22,2024-02-12,4,domo_cupcake_6,7.964607670782004e-06,0.0,580.01
2024-01-22,2024-02-12,4,caja_cupcake_sin_capacidad,1.7088170021227227e-13,0.0,580.01
2024-01-22,2024-02-12,4,red_velvet,6.095950760911416e-11,0.0,580.01
2024-01-22,2024-02-12,4,cereza_con_rabo_diana,1.5480229458123147e-05,0.01,580.01
2024-01-22,2024-02-12,4,charola_galletera_alta_grande,0.024560854131438978,14.25,580.01
2024-01-22,2024-02-12,4,mantequilla_gloria_22,9.209803981245374e-08,0.0,580.01
2024-01-22,2024-02-12,4,domo_cupcake_sin_capacidad,7.765579299006267e-18,0.0,580.01
2024-01-22,2024-02-12,4,relleno_zarzamora_fruitfil_puratos,0.003947931457281294,2.29,580.01
2024-01-22,2024-02-12,4,chips_rojo_alpezzi,0.006657083468674429,3.86,580.01
2024-01-22,2024-02-12,4,capacillo_floreado_alegria,0.0007020875366657345,0.41,580.01
2024-01-22,2024-02-12,4,inix_contenedor_mantecadas,4.925695619624299e-18,0.0,580.01
2024-01-22,2024-02-12,4,otros,0.1980480471664888,114.87,580.01
2024-01-29,2024-01-29,1,fondant_sin_especificacion,0.00015465711365492523,0.14,931.82
2024-01-29,2024-01-29,1,nutella,0.005109431850431123,4.76,931.82
2024-01-29,2024-01-29,1,tegral_satin_creme_cake_sabor_no_especificado,3.273100107251557e-05,0.03,931.82
2024-01-29,2024-01-29,1,chantilly_sin_especificacion,1.0972949999822792e-10,0.0,931.82
2024-01-29,2024-01-29,1,crema_batir_ambiente_1_l,0.07594705185335703,70.77,931.82
2024-01-29,2024-01-29,1,queso_philadelphia,0.03590959786961587,33.46,931.82
2024-01-29,2024-01-29,1,tegral_satin_red_velvet,0.09430712870837187,87.88,931.82
2024-01-29,2024-01-29,1,easy_pastel_tres_leches_sabor_no_especificado,7.078170081007479e-09,0.0,931.82
2024-01-29,2024-01-29,1,transfer_sin_especificacion,1.2417631512373682e-05,0.01,931.82
2024-01-29,2024-01-29,1,chantilly_dulce,0.01652883651149973,15.4,931.82
2024-01-29,2024-01-29,1,chantilly_asturias,0.009411466484384663,8.77,931.82
2024-01-29,2024-01-29,1,chips_blanco_alpezzi,0.012202733288597436,11.37,931.82
2024-01-29,2024-01-29,1,fondant_nata_coco_blanco,0.02352327213606198,21.92,931.82
2024-01-29,2024-01-29,1,chantilly_dull,4.002714207586076e-09,0.0,931.82
2024-01-29,2024-01-29,1,capacillos,1.3281046522620455e-06,0.0,931.82
2024-01-29,2024-01-29,1,huevo_sin_especificacion,0.015349018475214478,14.3,931.82
2024-01-29,2024-01-29,1,contenedor_mantecadas_inix_25_pz,4.792211278020188e-05,0.04,931.82
2024-01-29,2024-01-29,1,confitier_semiamargo_turin,0.010318563451229164,9.62,931.82
2024-01-29,2024-01-29,1,chips_chocolate_semi,2.3947741600990998e-05,0.02,931.82
2024-01-29,2024-01-29,1,tegral_satin_vainilla,0.015403263404474421,14.35,931.82
2024-01-29,2024-01-29,1,transfer_hoja_de_arroz_gruesa,0.03367751430281892,31.38,931.82
2024-01-29,2024-01-29,1,tegral_satin_chocolate,0.07223721181661302,67.31,931.82
2024-01-29,2024-01-29,1,domo_cupcake_12,0.0147556949269759,13.75,931.82
2024-01-29,2024-01-29,1,mantequilla_gloria_presentacion_no_especificada,0.2408625697094972,224.44,931.82
2024-01-29,2024-01-29,1,ferrero_rocher_t16,0.00031399561233243873,0.29,931.82
2024-01-29,2024-01-29,1,huevo_san_juan,1.0781429513717116e-05,0.01,931.82
2024-01-29,2024-01-29,1,relleno_zarzamora_puratos,3.825029426244279e-06,0.0,931.82
2024-01-29,2024-01-29,1,aceite_sin_especificacion,3.246962987354595e-11,0.0,931.82
2024-01-29,2024-01-29,1,matizador,0.00011023699642039387,0.1,931.82
2024-01-29,2024-01-29,1,caja_de_carton_para_cupcake_6_pz,2.8911416358725116e-16,0.0,931.82
2024-01-29,2024-01-29,1,carlos_v_stick,1.6484063210845402e-05,0.02,931.82
2024-01-29,2024-01-29,1,kisses_leche,0.004186089580302492,3.9,931.82
2024-01-29,2024-01-29,1,empaque_32_x_32_x_30,0.0004099003347230022,0.38,931.82
2024-01-29,2024-01-29,1,ferrero_sin_especificacion,1.57137740017009e-08,0.0,931.82
2024-01-29,2024-01-29,1,domo_media_plancha_inix,0.005094664220692342,4.75,931.82
2024-01-29,2024-01-29,1,deiman_plumones_magicos,6.858360524312393e-18,0.0,931.82
2024-01-29,2024-01-29,1,empaque_30_x_30_x_30,0.00038163134612141577,0.36,931.82
2024-01-29,2024-01-29,1,queso_crema_suelto,3.6981675025478287e-09,0.0,931.82
2024-01-29,2024-01-29,1,royal_icing_deiman_50_sin_unidad,3.334490376740591e-09,0.0,931.82
2024-01-29,2024-01-29,1,pegamento_fondant,0.00010238641678527489,0.1,931.82
2024-01-29,2024-01-29,1,base_28_cm,1.2060186426930037e-06,0.0,931.82
2024-01-29,2024-01-29,1,bailey_s,0.0006813761835598963,0.64,931.82
2024-01-29,2024-01-29,1,domo_1_4_plancha,7.89479385313904e-06,0.01,931.82
2024-01-29,2024-01-29,1,colorantes_9_colores,2.404364289859037e-10,0.0,931.82
2024-01-29,2024-01-29,1,sabrosano,0.013652220543526916,12.72,931.82
2024-01-29,2024-01-29,1,huevo_blanco_tepa_de_linea,4.2057840468200155e-07,0.0,931.82
2024-01-29,2024-01-29,1,mangas,0.00025774316435984296,0.24,931.82
2024-01-29,2024-01-29,1,relleno_durazno_puratos,1.6475287565089838e-06,0.0,931.82
2024-01-29,2024-01-29,1,kit_kat_9_pz,2.732689492777127e-05,0.03,931.82
2024-01-29,2024-01-29,1,oblea_arroz,1.4743057375268807e-06,0.0,931.82
2024-01-29,2024-01-29,1,huevo_calvario,0.0003358275650670698,0.31,931.82
2024-01-29,2024-01-29,1,bisagra_12_cupcakes,8.039778936419346e-05,0.08,931.82
2024-01-29,2024-01-29,1,chocolate_sin_especificacion,5.1333093223670525e-08,0.0,931.82
2024-01-29,2024-01-29,1,caja_cupcake_12,2.4550321602264527e-09,0.0,931.82
2024-01-29,2024-01-29,1,empaque_31_x_31_x_20,0.0002614881445646738,0.24,931.82
2024-01-29,2024-01-29,1,oreo_273_6,0.0001270815149982739,0.12,931.82
2024-01-29,2024-01-29,1,perlas_sin_especificacion,4.4583691284176315e-06,0.0,931.82
2024-01-29,2024-01-29,1,chips_chocolate_con_l,9.455904109796121e-09,0.0,931.82
2024-01-29,2024-01-29,1,relleno_fresa_frutifru,1.4754291520433107e-05,0.01,931.82
2024-01-29,2024-01-29,1,base_36_cm_doble,5.61151835609964e-08,0.0,931.82
2024-01-29,2024-01-29,1,harina_red_velvet_esp,3.9998849924237424e-13,0.0,931.82
2024-01-29,2024-01-29,1,mantequilla_gloria_verde,0.0025645315957421285,2.39,931.82
2024-01-29,2024-01-29,1,caja_cupcake_6,1.4809559166646291e-06,0.0,931.82
2024-01-29,2024-01-29,1,botellas_jack_daniels,2.1167809873508614e-05,0.02,931.82
2024-01-29,2024-01-29,1,royal_icing_sin_especificacion,0.002599079349299423,2.42,931.82
2024-01-29,2024-01-29,1,azucar_glass,7.048539783670153e-05,0.07,931.82
2024-01-29,2024-01-29,1,kisses_leche_choc_bl_807_gr,9.131502710427702e-09,0.0,931.82
2024-01-29,2024-01-29,1,dlr_malvavisco_chocolate_32_pz,5.8527870561068225e-06,0.01,931.82
2024-01-29,2024-01-29,1,alpezzi_blanco,2.94278902321413e-05,0.03,931.82
2024-01-29,2024-01-29,1,relleno_queso_creme_p,2.4694719506146756e-06,0.0,931.82
2024-01-29,2024-01-29,1,ac_au800,6.462614075234102e-09,0.0,931.82
2024-01-29,2024-01-29,1,domo_cupcake_6,5.291952468387044e-06,0.01,931.82
2024-01-29,2024-01-29,1,caja_cupcake_sin_capacidad,1.1353953297133604e-13,0.0,931.82
2024-01-29,2024-01-29,1,red_velvet,4.0503541429560034e-11,0.0,931.82
2024-01-29,2024-01-29,1,cereza_con_rabo_diana,1.0285583656887053e-05,0.01,931.82
2024-01-29,2024-01-29,1,charola_galletera_alta_grande,0.016319055252824666,15.21,931.82
2024-01-29,2024-01-29,1,mantequilla_gloria_22,6.119302660783412e-08,0.0,931.82
2024-01-29,2024-01-29,1,domo_cupcake_sin_capacidad,5.159711342793191e-18,0.0,931.82
2024-01-29,2024-01-29,1,relleno_zarzamora_fruitfil_puratos,0.0026231380733322813,2.44,931.82
2024-01-29,2024-01-29,1,chips_rojo_alpezzi,0.02012220521282937,18.75,931.82
2024-01-29,2024-01-29,1,capacillo_floreado_alegria,0.0004664905072866215,0.44,931.82
2024-01-29,2024-01-29,1,inix_contenedor_mantecadas,3.272797376877539e-18,0.0,931.82
2024-01-29,2024-01-29,1,otros,0.25325713655201265,235.99,931.82
2024-01-29,2024-02-05,2,fondant_sin_especificacion,0.00015465711365492523,0.12,765.47
2024-01-29,2024-02-05,2,nutella,0.005109431850431123,3.91,765.47
2024-01-29,2024-02-05,2,tegral_satin_creme_cake_sabor_no_especificado,3.273100107251557e-05,0.03,765.47
2024-01-29,2024-02-05,2,chantilly_sin_especificacion,1.0972949999822792e-10,0.0,765.47
2024-01-29,2024-02-05,2,crema_batir_ambiente_1_l,0.07594705185335703,58.14,765.47
2024-01-29,2024-02-05,2,queso_philadelphia,0.03590959786961587,27.49,765.47
2024-01-29,2024-02-05,2,tegral_satin_red_velvet,0.09430712870837187,72.19,765.47
2024-01-29,2024-02-05,2,easy_pastel_tres_leches_sabor_no_especificado,7.078170081007479e-09,0.0,765.47
2024-01-29,2024-02-05,2,transfer_sin_especificacion,1.2417631512373682e-05,0.01,765.47
2024-01-29,2024-02-05,2,chantilly_dulce,0.01652883651149973,12.65,765.47
2024-01-29,2024-02-05,2,chantilly_asturias,0.009411466484384663,7.2,765.47
2024-01-29,2024-02-05,2,chips_blanco_alpezzi,0.012202733288597436,9.34,765.47
2024-01-29,2024-02-05,2,fondant_nata_coco_blanco,0.02352327213606198,18.01,765.47
2024-01-29,2024-02-05,2,chantilly_dull,4.002714207586076e-09,0.0,765.47
2024-01-29,2024-02-05,2,capacillos,1.3281046522620455e-06,0.0,765.47
2024-01-29,2024-02-05,2,huevo_sin_especificacion,0.015349018475214478,11.75,765.47
2024-01-29,2024-02-05,2,contenedor_mantecadas_inix_25_pz,4.792211278020188e-05,0.04,765.47
2024-01-29,2024-02-05,2,confitier_semiamargo_turin,0.010318563451229164,7.9,765.47
2024-01-29,2024-02-05,2,chips_chocolate_semi,2.3947741600990998e-05,0.02,765.47
2024-01-29,2024-02-05,2,tegral_satin_vainilla,0.015403263404474421,11.79,765.47
2024-01-29,2024-02-05,2,transfer_hoja_de_arroz_gruesa,0.03367751430281892,25.78,765.47
2024-01-29,2024-02-05,2,tegral_satin_chocolate,0.07223721181661302,55.3,765.47
2024-01-29,2024-02-05,2,domo_cupcake_12,0.0147556949269759,11.3,765.47
2024-01-29,2024-02-05,2,mantequilla_gloria_presentacion_no_especificada,0.2408625697094972,184.37,765.47
2024-01-29,2024-02-05,2,ferrero_rocher_t16,0.00031399561233243873,0.24,765.47
2024-01-29,2024-02-05,2,huevo_san_juan,1.0781429513717116e-05,0.01,765.47
2024-01-29,2024-02-05,2,relleno_zarzamora_puratos,3.825029426244279e-06,0.0,765.47
2024-01-29,2024-02-05,2,aceite_sin_especificacion,3.246962987354595e-11,0.0,765.47
2024-01-29,2024-02-05,2,matizador,0.00011023699642039387,0.08,765.47
2024-01-29,2024-02-05,2,caja_de_carton_para_cupcake_6_pz,2.8911416358725116e-16,0.0,765.47
2024-01-29,2024-02-05,2,carlos_v_stick,1.6484063210845402e-05,0.01,765.47
2024-01-29,2024-02-05,2,kisses_leche,0.004186089580302492,3.2,765.47
2024-01-29,2024-02-05,2,empaque_32_x_32_x_30,0.0004099003347230022,0.31,765.47
2024-01-29,2024-02-05,2,ferrero_sin_especificacion,1.57137740017009e-08,0.0,765.47
2024-01-29,2024-02-05,2,domo_media_plancha_inix,0.005094664220692342,3.9,765.47
2024-01-29,2024-02-05,2,deiman_plumones_magicos,6.858360524312393e-18,0.0,765.47
2024-01-29,2024-02-05,2,empaque_30_x_30_x_30,0.00038163134612141577,0.29,765.47
2024-01-29,2024-02-05,2,queso_crema_suelto,3.6981675025478287e-09,0.0,765.47
2024-01-29,2024-02-05,2,royal_icing_deiman_50_sin_unidad,3.334490376740591e-09,0.0,765.47
2024-01-29,2024-02-05,2,pegamento_fondant,0.00010238641678527489,0.08,765.47
2024-01-29,2024-02-05,2,base_28_cm,1.2060186426930037e-06,0.0,765.47
2024-01-29,2024-02-05,2,bailey_s,0.0006813761835598963,0.52,765.47
2024-01-29,2024-02-05,2,domo_1_4_plancha,7.89479385313904e-06,0.01,765.47
2024-01-29,2024-02-05,2,colorantes_9_colores,2.404364289859037e-10,0.0,765.47
2024-01-29,2024-02-05,2,sabrosano,0.013652220543526916,10.45,765.47
2024-01-29,2024-02-05,2,huevo_blanco_tepa_de_linea,4.2057840468200155e-07,0.0,765.47
2024-01-29,2024-02-05,2,mangas,0.00025774316435984296,0.2,765.47
2024-01-29,2024-02-05,2,relleno_durazno_puratos,1.6475287565089838e-06,0.0,765.47
2024-01-29,2024-02-05,2,kit_kat_9_pz,2.732689492777127e-05,0.02,765.47
2024-01-29,2024-02-05,2,oblea_arroz,1.4743057375268807e-06,0.0,765.47
2024-01-29,2024-02-05,2,huevo_calvario,0.0003358275650670698,0.26,765.47
2024-01-29,2024-02-05,2,bisagra_12_cupcakes,8.039778936419346e-05,0.06,765.47
2024-01-29,2024-02-05,2,chocolate_sin_especificacion,5.1333093223670525e-08,0.0,765.47
2024-01-29,2024-02-05,2,caja_cupcake_12,2.4550321602264527e-09,0.0,765.47
2024-01-29,2024-02-05,2,empaque_31_x_31_x_20,0.0002614881445646738,0.2,765.47
2024-01-29,2024-02-05,2,oreo_273_6,0.0001270815149982739,0.1,765.47
2024-01-29,2024-02-05,2,perlas_sin_especificacion,4.4583691284176315e-06,0.0,765.47
2024-01-29,2024-02-05,2,chips_chocolate_con_l,9.455904109796121e-09,0.0,765.47
2024-01-29,2024-02-05,2,relleno_fresa_frutifru,1.4754291520433107e-05,0.01,765.47
2024-01-29,2024-02-05,2,base_36_cm_doble,5.61151835609964e-08,0.0,765.47
2024-01-29,2024-02-05,2,harina_red_velvet_esp,3.9998849924237424e-13,0.0,765.47
2024-01-29,2024-02-05,2,mantequilla_gloria_verde,0.0025645315957421285,1.96,765.47
2024-01-29,2024-02-05,2,caja_cupcake_6,1.4809559166646291e-06,0.0,765.47
2024-01-29,2024-02-05,2,botellas_jack_daniels,2.1167809873508614e-05,0.02,765.47
2024-01-29,2024-02-05,2,royal_icing_sin_especificacion,0.002599079349299423,1.99,765.47
2024-01-29,2024-02-05,2,azucar_glass,7.048539783670153e-05,0.05,765.47
2024-01-29,2024-02-05,2,kisses_leche_choc_bl_807_gr,9.131502710427702e-09,0.0,765.47
2024-01-29,2024-02-05,2,dlr_malvavisco_chocolate_32_pz,5.8527870561068225e-06,0.01,765.47
2024-01-29,2024-02-05,2,alpezzi_blanco,2.94278902321413e-05,0.02,765.47
2024-01-29,2024-02-05,2,relleno_queso_creme_p,2.4694719506146756e-06,0.0,765.47
2024-01-29,2024-02-05,2,ac_au800,6.462614075234102e-09,0.0,765.47
2024-01-29,2024-02-05,2,domo_cupcake_6,5.291952468387044e-06,0.0,765.47
2024-01-29,2024-02-05,2,caja_cupcake_sin_capacidad,1.1353953297133604e-13,0.0,765.47
2024-01-29,2024-02-05,2,red_velvet,4.0503541429560034e-11,0.0,765.47
2024-01-29,2024-02-05,2,cereza_con_rabo_diana,1.0285583656887053e-05,0.01,765.47
2024-01-29,2024-02-05,2,charola_galletera_alta_grande,0.016319055252824666,12.49,765.47
2024-01-29,2024-02-05,2,mantequilla_gloria_22,6.119302660783412e-08,0.0,765.47
2024-01-29,2024-02-05,2,domo_cupcake_sin_capacidad,5.159711342793191e-18,0.0,765.47
2024-01-29,2024-02-05,2,relleno_zarzamora_fruitfil_puratos,0.0026231380733322813,2.01,765.47
2024-01-29,2024-02-05,2,chips_rojo_alpezzi,0.02012220521282937,15.4,765.47
2024-01-29,2024-02-05,2,capacillo_floreado_alegria,0.0004664905072866215,0.36,765.47
2024-01-29,2024-02-05,2,inix_contenedor_mantecadas,3.272797376877539e-18,0.0,765.47
2024-01-29,2024-02-05,2,otros,0.25325713655201265,193.86,765.47
2024-01-29,2024-02-12,3,fondant_sin_especificacion,0.00015465711365492523,0.12,760.6600000000001
2024-01-29,2024-02-12,3,nutella,0.005109431850431123,3.89,760.6600000000001
2024-01-29,2024-02-12,3,tegral_satin_creme_cake_sabor_no_especificado,3.273100107251557e-05,0.02,760.6600000000001
2024-01-29,2024-02-12,3,chantilly_sin_especificacion,1.0972949999822792e-10,0.0,760.6600000000001
2024-01-29,2024-02-12,3,crema_batir_ambiente_1_l,0.07594705185335703,57.77,760.6600000000001
2024-01-29,2024-02-12,3,queso_philadelphia,0.03590959786961587,27.32,760.6600000000001
2024-01-29,2024-02-12,3,tegral_satin_red_velvet,0.09430712870837187,71.74,760.6600000000001
2024-01-29,2024-02-12,3,easy_pastel_tres_leches_sabor_no_especificado,7.078170081007479e-09,0.0,760.6600000000001
2024-01-29,2024-02-12,3,transfer_sin_especificacion,1.2417631512373682e-05,0.01,760.6600000000001
2024-01-29,2024-02-12,3,chantilly_dulce,0.01652883651149973,12.57,760.6600000000001
2024-01-29,2024-02-12,3,chantilly_asturias,0.009411466484384663,7.16,760.6600000000001
2024-01-29,2024-02-12,3,chips_blanco_alpezzi,0.012202733288597436,9.28,760.6600000000001
2024-01-29,2024-02-12,3,fondant_nata_coco_blanco,0.02352327213606198,17.89,760.6600000000001
2024-01-29,2024-02-12,3,chantilly_dull,4.002714207586076e-09,0.0,760.6600000000001
2024-01-29,2024-02-12,3,capacillos,1.3281046522620455e-06,0.0,760.6600000000001
2024-01-29,2024-02-12,3,huevo_sin_especificacion,0.015349018475214478,11.68,760.6600000000001
2024-01-29,2024-02-12,3,contenedor_mantecadas_inix_25_pz,4.792211278020188e-05,0.04,760.6600000000001
2024-01-29,2024-02-12,3,confitier_semiamargo_turin,0.010318563451229164,7.85,760.6600000000001
2024-01-29,2024-02-12,3,chips_chocolate_semi,2.3947741600990998e-05,0.02,760.6600000000001
2024-01-29,2024-02-12,3,tegral_satin_vainilla,0.015403263404474421,11.72,760.6600000000001
2024-01-29,2024-02-12,3,transfer_hoja_de_arroz_gruesa,0.03367751430281892,25.62,760.6600000000001
2024-01-29,2024-02-12,3,tegral_satin_chocolate,0.07223721181661302,54.95,760.6600000000001
2024-01-29,2024-02-12,3,domo_cupcake_12,0.0147556949269759,11.22,760.6600000000001
2024-01-29,2024-02-12,3,mantequilla_gloria_presentacion_no_especificada,0.2408625697094972,183.21,760.6600000000001
2024-01-29,2024-02-12,3,ferrero_rocher_t16,0.00031399561233243873,0.24,760.6600000000001
2024-01-29,2024-02-12,3,huevo_san_juan,1.0781429513717116e-05,0.01,760.6600000000001
2024-01-29,2024-02-12,3,relleno_zarzamora_puratos,3.825029426244279e-06,0.0,760.6600000000001
2024-01-29,2024-02-12,3,aceite_sin_especificacion,3.246962987354595e-11,0.0,760.6600000000001
2024-01-29,2024-02-12,3,matizador,0.00011023699642039387,0.08,760.6600000000001
2024-01-29,2024-02-12,3,caja_de_carton_para_cupcake_6_pz,2.8911416358725116e-16,0.0,760.6600000000001
2024-01-29,2024-02-12,3,carlos_v_stick,1.6484063210845402e-05,0.01,760.6600000000001
2024-01-29,2024-02-12,3,kisses_leche,0.004186089580302492,3.18,760.6600000000001
2024-01-29,2024-02-12,3,empaque_32_x_32_x_30,0.0004099003347230022,0.31,760.6600000000001
2024-01-29,2024-02-12,3,ferrero_sin_especificacion,1.57137740017009e-08,0.0,760.6600000000001
2024-01-29,2024-02-12,3,domo_media_plancha_inix,0.005094664220692342,3.88,760.6600000000001
2024-01-29,2024-02-12,3,deiman_plumones_magicos,6.858360524312393e-18,0.0,760.6600000000001
2024-01-29,2024-02-12,3,empaque_30_x_30_x_30,0.00038163134612141577,0.29,760.6600000000001
2024-01-29,2024-02-12,3,queso_crema_suelto,3.6981675025478287e-09,0.0,760.6600000000001
2024-01-29,2024-02-12,3,royal_icing_deiman_50_sin_unidad,3.334490376740591e-09,0.0,760.6600000000001
2024-01-29,2024-02-12,3,pegamento_fondant,0.00010238641678527489,0.08,760.6600000000001
2024-01-29,2024-02-12,3,base_28_cm,1.2060186426930037e-06,0.0,760.6600000000001
2024-01-29,2024-02-12,3,bailey_s,0.0006813761835598963,0.52,760.6600000000001
2024-01-29,2024-02-12,3,domo_1_4_plancha,7.89479385313904e-06,0.01,760.6600000000001
2024-01-29,2024-02-12,3,colorantes_9_colores,2.404364289859037e-10,0.0,760.6600000000001
2024-01-29,2024-02-12,3,sabrosano,0.013652220543526916,10.38,760.6600000000001
2024-01-29,2024-02-12,3,huevo_blanco_tepa_de_linea,4.2057840468200155e-07,0.0,760.6600000000001
2024-01-29,2024-02-12,3,mangas,0.00025774316435984296,0.2,760.6600000000001
2024-01-29,2024-02-12,3,relleno_durazno_puratos,1.6475287565089838e-06,0.0,760.6600000000001
2024-01-29,2024-02-12,3,kit_kat_9_pz,2.732689492777127e-05,0.02,760.6600000000001
2024-01-29,2024-02-12,3,oblea_arroz,1.4743057375268807e-06,0.0,760.6600000000001
2024-01-29,2024-02-12,3,huevo_calvario,0.0003358275650670698,0.26,760.6600000000001
2024-01-29,2024-02-12,3,bisagra_12_cupcakes,8.039778936419346e-05,0.06,760.6600000000001
2024-01-29,2024-02-12,3,chocolate_sin_especificacion,5.1333093223670525e-08,0.0,760.6600000000001
2024-01-29,2024-02-12,3,caja_cupcake_12,2.4550321602264527e-09,0.0,760.6600000000001
2024-01-29,2024-02-12,3,empaque_31_x_31_x_20,0.0002614881445646738,0.2,760.6600000000001
2024-01-29,2024-02-12,3,oreo_273_6,0.0001270815149982739,0.1,760.6600000000001
2024-01-29,2024-02-12,3,perlas_sin_especificacion,4.4583691284176315e-06,0.0,760.6600000000001
2024-01-29,2024-02-12,3,chips_chocolate_con_l,9.455904109796121e-09,0.0,760.6600000000001
2024-01-29,2024-02-12,3,relleno_fresa_frutifru,1.4754291520433107e-05,0.01,760.6600000000001
2024-01-29,2024-02-12,3,base_36_cm_doble,5.61151835609964e-08,0.0,760.6600000000001
2024-01-29,2024-02-12,3,harina_red_velvet_esp,3.9998849924237424e-13,0.0,760.6600000000001
2024-01-29,2024-02-12,3,mantequilla_gloria_verde,0.0025645315957421285,1.95,760.6600000000001
2024-01-29,2024-02-12,3,caja_cupcake_6,1.4809559166646291e-06,0.0,760.6600000000001
2024-01-29,2024-02-12,3,botellas_jack_daniels,2.1167809873508614e-05,0.02,760.6600000000001
2024-01-29,2024-02-12,3,royal_icing_sin_especificacion,0.002599079349299423,1.98,760.6600000000001
2024-01-29,2024-02-12,3,azucar_glass,7.048539783670153e-05,0.05,760.6600000000001
2024-01-29,2024-02-12,3,kisses_leche_choc_bl_807_gr,9.131502710427702e-09,0.0,760.6600000000001
2024-01-29,2024-02-12,3,dlr_malvavisco_chocolate_32_pz,5.8527870561068225e-06,0.0,760.6600000000001
2024-01-29,2024-02-12,3,alpezzi_blanco,2.94278902321413e-05,0.02,760.6600000000001
2024-01-29,2024-02-12,3,relleno_queso_creme_p,2.4694719506146756e-06,0.0,760.6600000000001
2024-01-29,2024-02-12,3,ac_au800,6.462614075234102e-09,0.0,760.6600000000001
2024-01-29,2024-02-12,3,domo_cupcake_6,5.291952468387044e-06,0.0,760.6600000000001
2024-01-29,2024-02-12,3,caja_cupcake_sin_capacidad,1.1353953297133604e-13,0.0,760.6600000000001
2024-01-29,2024-02-12,3,red_velvet,4.0503541429560034e-11,0.0,760.6600000000001
2024-01-29,2024-02-12,3,cereza_con_rabo_diana,1.0285583656887053e-05,0.01,760.6600000000001
2024-01-29,2024-02-12,3,charola_galletera_alta_grande,0.016319055252824666,12.41,760.6600000000001
2024-01-29,2024-02-12,3,mantequilla_gloria_22,6.119302660783412e-08,0.0,760.6600000000001
2024-01-29,2024-02-12,3,domo_cupcake_sin_capacidad,5.159711342793191e-18,0.0,760.6600000000001
2024-01-29,2024-02-12,3,relleno_zarzamora_fruitfil_puratos,0.0026231380733322813,2.0,760.6600000000001
2024-01-29,2024-02-12,3,chips_rojo_alpezzi,0.02012220521282937,15.31,760.6600000000001
2024-01-29,2024-02-12,3,capacillo_floreado_alegria,0.0004664905072866215,0.35,760.6600000000001
2024-01-29,2024-02-12,3,inix_contenedor_mantecadas,3.272797376877539e-18,0.0,760.6600000000001
2024-01-29,2024-02-12,3,otros,0.25325713655201265,192.64,760.6600000000001
2024-01-29,2024-02-19,4,fondant_sin_especificacion,0.00015465711365492523,0.09,574.53
2024-01-29,2024-02-19,4,nutella,0.005109431850431123,2.94,574.53
2024-01-29,2024-02-19,4,tegral_satin_creme_cake_sabor_no_especificado,3.273100107251557e-05,0.02,574.53
2024-01-29,2024-02-19,4,chantilly_sin_especificacion,1.0972949999822792e-10,0.0,574.53
2024-01-29,2024-02-19,4,crema_batir_ambiente_1_l,0.07594705185335703,43.63,574.53
2024-01-29,2024-02-19,4,queso_philadelphia,0.03590959786961587,20.63,574.53
2024-01-29,2024-02-19,4,tegral_satin_red_velvet,0.09430712870837187,54.18,574.53
2024-01-29,2024-02-19,4,easy_pastel_tres_leches_sabor_no_especificado,7.078170081007479e-09,0.0,574.53
2024-01-29,2024-02-19,4,transfer_sin_especificacion,1.2417631512373682e-05,0.01,574.53
2024-01-29,2024-02-19,4,chantilly_dulce,0.01652883651149973,9.5,574.53
2024-01-29,2024-02-19,4,chantilly_asturias,0.009411466484384663,5.41,574.53
2024-01-29,2024-02-19,4,chips_blanco_alpezzi,0.012202733288597436,7.01,574.53
2024-01-29,2024-02-19,4,fondant_nata_coco_blanco,0.02352327213606198,13.51,574.53
2024-01-29,2024-02-19,4,chantilly_dull,4.002714207586076e-09,0.0,574.53
2024-01-29,2024-02-19,4,capacillos,1.3281046522620455e-06,0.0,574.53
2024-01-29,2024-02-19,4,huevo_sin_especificacion,0.015349018475214478,8.82,574.53
2024-01-29,2024-02-19,4,contenedor_mantecadas_inix_25_pz,4.792211278020188e-05,0.03,574.53
2024-01-29,2024-02-19,4,confitier_semiamargo_turin,0.010318563451229164,5.93,574.53
2024-01-29,2024-02-19,4,chips_chocolate_semi,2.3947741600990998e-05,0.01,574.53
2024-01-29,2024-02-19,4,tegral_satin_vainilla,0.015403263404474421,8.85,574.53
2024-01-29,2024-02-19,4,transfer_hoja_de_arroz_gruesa,0.03367751430281892,19.35,574.53
2024-01-29,2024-02-19,4,tegral_satin_chocolate,0.07223721181661302,41.5,574.53
2024-01-29,2024-02-19,4,domo_cupcake_12,0.0147556949269759,8.48,574.53
2024-01-29,2024-02-19,4,mantequilla_gloria_presentacion_no_especificada,0.2408625697094972,138.38,574.53
2024-01-29,2024-02-19,4,ferrero_rocher_t16,0.00031399561233243873,0.18,574.53
2024-01-29,2024-02-19,4,huevo_san_juan,1.0781429513717116e-05,0.01,574.53
2024-01-29,2024-02-19,4,relleno_zarzamora_puratos,3.825029426244279e-06,0.0,574.53
2024-01-29,2024-02-19,4,aceite_sin_especificacion,3.246962987354595e-11,0.0,574.53
2024-01-29,2024-02-19,4,matizador,0.00011023699642039387,0.06,574.53
2024-01-29,2024-02-19,4,caja_de_carton_para_cupcake_6_pz,2.8911416358725116e-16,0.0,574.53
2024-01-29,2024-02-19,4,carlos_v_stick,1.6484063210845402e-05,0.01,574.53
2024-01-29,2024-02-19,4,kisses_leche,0.004186089580302492,2.41,574.53
2024-01-29,2024-02-19,4,empaque_32_x_32_x_30,0.0004099003347230022,0.24,574.53
2024-01-29,2024-02-19,4,ferrero_sin_especificacion,1.57137740017009e-08,0.0,574.53
2024-01-29,2024-02-19,4,domo_media_plancha_inix,0.005094664220692342,2.93,574.53
2024-01-29,2024-02-19,4,deiman_plumones_magicos,6.858360524312393e-18,0.0,574.53
2024-01-29,2024-02-19,4,empaque_30_x_30_x_30,0.00038163134612141577,0.22,574.53
2024-01-29,2024-02-19,4,queso_crema_suelto,3.6981675025478287e-09,0.0,574.53
2024-01-29,2024-02-19,4,royal_icing_deiman_50_sin_unidad,3.334490376740591e-09,0.0,574.53
2024-01-29,2024-02-19,4,pegamento_fondant,0.00010238641678527489,0.06,574.53
2024-01-29,2024-02-19,4,base_28_cm,1.2060186426930037e-06,0.0,574.53
2024-01-29,2024-02-19,4,bailey_s,0.0006813761835598963,0.39,574.53
2024-01-29,2024-02-19,4,domo_1_4_plancha,7.89479385313904e-06,0.0,574.53
2024-01-29,2024-02-19,4,colorantes_9_colores,2.404364289859037e-10,0.0,574.53
2024-01-29,2024-02-19,4,sabrosano,0.013652220543526916,7.84,574.53
2024-01-29,2024-02-19,4,huevo_blanco_tepa_de_linea,4.2057840468200155e-07,0.0,574.53
2024-01-29,2024-02-19,4,mangas,0.00025774316435984296,0.15,574.53
2024-01-29,2024-02-19,4,relleno_durazno_puratos,1.6475287565089838e-06,0.0,574.53
2024-01-29,2024-02-19,4,kit_kat_9_pz,2.732689492777127e-05,0.02,574.53
2024-01-29,2024-02-19,4,oblea_arroz,1.4743057375268807e-06,0.0,574.53
2024-01-29,2024-02-19,4,huevo_calvario,0.0003358275650670698,0.19,574.53
2024-01-29,2024-02-19,4,bisagra_12_cupcakes,8.039778936419346e-05,0.05,574.53
2024-01-29,2024-02-19,4,chocolate_sin_especificacion,5.1333093223670525e-08,0.0,574.53
2024-01-29,2024-02-19,4,caja_cupcake_12,2.4550321602264527e-09,0.0,574.53
2024-01-29,2024-02-19,4,empaque_31_x_31_x_20,0.0002614881445646738,0.15,574.53
2024-01-29,2024-02-19,4,oreo_273_6,0.0001270815149982739,0.07,574.53
2024-01-29,2024-02-19,4,perlas_sin_especificacion,4.4583691284176315e-06,0.0,574.53
2024-01-29,2024-02-19,4,chips_chocolate_con_l,9.455904109796121e-09,0.0,574.53
2024-01-29,2024-02-19,4,relleno_fresa_frutifru,1.4754291520433107e-05,0.01,574.53
2024-01-29,2024-02-19,4,base_36_cm_doble,5.61151835609964e-08,0.0,574.53
2024-01-29,2024-02-19,4,harina_red_velvet_esp,3.9998849924237424e-13,0.0,574.53
2024-01-29,2024-02-19,4,mantequilla_gloria_verde,0.0025645315957421285,1.47,574.53
2024-01-29,2024-02-19,4,caja_cupcake_6,1.4809559166646291e-06,0.0,574.53
2024-01-29,2024-02-19,4,botellas_jack_daniels,2.1167809873508614e-05,0.01,574.53
2024-01-29,2024-02-19,4,royal_icing_sin_especificacion,0.002599079349299423,1.49,574.53
2024-01-29,2024-02-19,4,azucar_glass,7.048539783670153e-05,0.04,574.53
2024-01-29,2024-02-19,4,kisses_leche_choc_bl_807_gr,9.131502710427702e-09,0.0,574.53
2024-01-29,2024-02-19,4,dlr_malvavisco_chocolate_32_pz,5.8527870561068225e-06,0.0,574.53
2024-01-29,2024-02-19,4,alpezzi_blanco,2.94278902321413e-05,0.02,574.53
2024-01-29,2024-02-19,4,relleno_queso_creme_p,2.4694719506146756e-06,0.0,574.53
2024-01-29,2024-02-19,4,ac_au800,6.462614075234102e-09,0.0,574.53
2024-01-29,2024-02-19,4,domo_cupcake_6,5.291952468387044e-06,0.0,574.53
2024-01-29,2024-02-19,4,caja_cupcake_sin_capacidad,1.1353953297133604e-13,0.0,574.53
2024-01-29,2024-02-19,4,red_velvet,4.0503541429560034e-11,0.0,574.53
2024-01-29,2024-02-19,4,cereza_con_rabo_diana,1.0285583656887053e-05,0.01,574.53
2024-01-29,2024-02-19,4,charola_galletera_alta_grande,0.016319055252824666,9.38,574.53
2024-01-29,2024-02-19,4,mantequilla_gloria_22,6.119302660783412e-08,0.0,574.53
2024-01-29,2024-02-19,4,domo_cupcake_sin_capacidad,5.159711342793191e-18,0.0,574.53
2024-01-29,2024-02-19,4,relleno_zarzamora_fruitfil_puratos,0.0026231380733322813,1.51,574.53
2024-01-29,2024-02-19,4,chips_rojo_alpezzi,0.02012220521282937,11.56,574.53
2024-01-29,2024-02-19,4,capacillo_floreado_alegria,0.0004664905072866215,0.27,574.53
2024-01-29,2024-02-19,4,inix_contenedor_mantecadas,3.272797376877539e-18,0.0,574.53
2024-01-29,2024-02-19,4,otros,0.25325713655201265,145.5,574.53
2024-02-05,2024-02-05,1,fondant_sin_especificacion,0.00015465711365492523,0.14,935.83
2024-02-05,2024-02-05,1,nutella,0.005109431850431123,4.78,935.83
2024-02-05,2024-02-05,1,tegral_satin_creme_cake_sabor_no_especificado,3.273100107251557e-05,0.03,935.83
2024-02-05,2024-02-05,1,chantilly_sin_especificacion,1.097294999982279e-10,0.0,935.83
2024-02-05,2024-02-05,1,crema_batir_ambiente_1_l,0.07594705185335703,71.07,935.83
2024-02-05,2024-02-05,1,queso_philadelphia,0.03590959786961587,33.61,935.83
2024-02-05,2024-02-05,1,tegral_satin_red_velvet,0.09430712870837185,88.26,935.83
2024-02-05,2024-02-05,1,easy_pastel_tres_leches_sabor_no_especificado,7.078170081007479e-09,0.0,935.83
2024-02-05,2024-02-05,1,transfer_sin_especificacion,1.2417631512373682e-05,0.01,935.83
2024-02-05,2024-02-05,1,chantilly_dulce,0.01652883651149973,15.47,935.83
2024-02-05,2024-02-05,1,chantilly_asturias,0.009411466484384661,8.81,935.83
2024-02-05,2024-02-05,1,chips_blanco_alpezzi,0.012202733288597434,11.42,935.83
2024-02-05,2024-02-05,1,fondant_nata_coco_blanco,0.02352327213606198,22.01,935.83
2024-02-05,2024-02-05,1,chantilly_dull,4.002714207586076e-09,0.0,935.83
2024-02-05,2024-02-05,1,capacillos,1.3281046522620457e-06,0.0,935.83
2024-02-05,2024-02-05,1,huevo_sin_especificacion,0.01534901847521448,14.36,935.83
2024-02-05,2024-02-05,1,contenedor_mantecadas_inix_25_pz,4.792211278020187e-05,0.04,935.83
2024-02-05,2024-02-05,1,confitier_semiamargo_turin,0.010318563451229164,9.66,935.83
2024-02-05,2024-02-05,1,chips_chocolate_semi,2.3947741600990998e-05,0.02,935.83
2024-02-05,2024-02-05,1,tegral_satin_vainilla,0.01540326340447442,14.41,935.83
2024-02-05,2024-02-05,1,transfer_hoja_de_arroz_gruesa,0.033677514302818914,31.52,935.83
2024-02-05,2024-02-05,1,tegral_satin_chocolate,0.07223721181661302,67.6,935.83
2024-02-05,2024-02-05,1,domo_cupcake_12,0.014755694926975902,13.81,935.83
2024-02-05,2024-02-05,1,mantequilla_gloria_presentacion_no_especificada,0.24086256970949715,225.41,935.83
2024-02-05,2024-02-05,1,ferrero_rocher_t16,0.00031399561233243873,0.29,935.83
2024-02-05,2024-02-05,1,huevo_san_juan,1.0781429513717118e-05,0.01,935.83
2024-02-05,2024-02-05,1,relleno_zarzamora_puratos,3.825029426244278e-06,0.0,935.83
2024-02-05,2024-02-05,1,aceite_sin_especificacion,3.2469629873545945e-11,0.0,935.83
2024-02-05,2024-02-05,1,matizador,0.00011023699642039389,0.1,935.83
2024-02-05,2024-02-05,1,caja_de_carton_para_cupcake_6_pz,2.891141635872511e-16,0.0,935.83
2024-02-05,2024-02-05,1,carlos_v_stick,1.64840632108454e-05,0.02,935.83
2024-02-05,2024-02-05,1,kisses_leche,0.004186089580302491,3.92,935.83
2024-02-05,2024-02-05,1,empaque_32_x_32_x_30,0.0004099003347230022,0.38,935.83
2024-02-05,2024-02-05,1,ferrero_sin_especificacion,1.5713774001700897e-08,0.0,935.83
2024-02-05,2024-02-05,1,domo_media_plancha_inix,0.005094664220692342,4.77,935.83
2024-02-05,2024-02-05,1,deiman_plumones_magicos,6.858360524312393e-18,0.0,935.83
2024-02-05,2024-02-05,1,empaque_30_x_30_x_30,0.00038163134612141577,0.36,935.83
2024-02-05,2024-02-05,1,queso_crema_suelto,3.6981675025478283e-09,0.0,935.83
2024-02-05,2024-02-05,1,royal_icing_deiman_50_sin_unidad,3.3344903767405897e-09,0.0,935.83
2024-02-05,2024-02-05,1,pegamento_fondant,0.00010238641678527489,0.1,935.83
2024-02-05,2024-02-05,1,base_28_cm,1.2060186426930034e-06,0.0,935.83
2024-02-05,2024-02-05,1,bailey_s,0.0006813761835598962,0.64,935.83
2024-02-05,2024-02-05,1,domo_1_4_plancha,7.894793853139042e-06,0.01,935.83
2024-02-05,2024-02-05,1,colorantes_9_colores,2.404364289859037e-10,0.0,935.83
2024-02-05,2024-02-05,1,sabrosano,0.013652220543526918,12.78,935.83
2024-02-05,2024-02-05,1,huevo_blanco_tepa_de_linea,4.2057840468200145e-07,0.0,935.83
2024-02-05,2024-02-05,1,mangas,0.00025774316435984296,0.24,935.83
2024-02-05,2024-02-05,1,relleno_durazno_puratos,1.6475287565089834e-06,0.0,935.83
2024-02-05,2024-02-05,1,kit_kat_9_pz,2.7326894927771272e-05,0.03,935.83
2024-02-05,2024-02-05,1,oblea_arroz,1.4743057375268805e-06,0.0,935.83
2024-02-05,2024-02-05,1,huevo_calvario,0.00033582756506706976,0.31,935.83
2024-02-05,2024-02-05,1,bisagra_12_cupcakes,8.039778936419346e-05,0.08,935.83
2024-02-05,2024-02-05,1,chocolate_sin_especificacion,5.133309322367051e-08,0.0,935.83
2024-02-05,2024-02-05,1,caja_cupcake_12,2.4550321602264523e-09,0.0,935.83
2024-02-05,2024-02-05,1,empaque_31_x_31_x_20,0.00026148814456467375,0.24,935.83
2024-02-05,2024-02-05,1,oreo_273_6,0.00012708151499827387,0.12,935.83
2024-02-05,2024-02-05,1,perlas_sin_especificacion,4.458369128417632e-06,0.0,935.83
2024-02-05,2024-02-05,1,chips_chocolate_con_l,9.455904109796121e-09,0.0,935.83
2024-02-05,2024-02-05,1,relleno_fresa_frutifru,1.4754291520433107e-05,0.01,935.83
2024-02-05,2024-02-05,1,base_36_cm_doble,5.61151835609964e-08,0.0,935.83
2024-02-05,2024-02-05,1,harina_red_velvet_esp,3.999884992423742e-13,0.0,935.83
2024-02-05,2024-02-05,1,mantequilla_gloria_verde,0.0025645315957421285,2.4,935.83
2024-02-05,2024-02-05,1,caja_cupcake_6,1.480955916664629e-06,0.0,935.83
2024-02-05,2024-02-05,1,botellas_jack_daniels,2.1167809873508618e-05,0.02,935.83
2024-02-05,2024-02-05,1,royal_icing_sin_especificacion,0.002599079349299423,2.43,935.83
2024-02-05,2024-02-05,1,azucar_glass,7.048539783670152e-05,0.07,935.83
2024-02-05,2024-02-05,1,kisses_leche_choc_bl_807_gr,9.131502710427702e-09,0.0,935.83
2024-02-05,2024-02-05,1,dlr_malvavisco_chocolate_32_pz,5.852787056106823e-06,0.01,935.83
2024-02-05,2024-02-05,1,alpezzi_blanco,2.9427890232141305e-05,0.03,935.83
2024-02-05,2024-02-05,1,relleno_queso_creme_p,2.4694719506146752e-06,0.0,935.83
2024-02-05,2024-02-05,1,ac_au800,6.462614075234102e-09,0.0,935.83
2024-02-05,2024-02-05,1,domo_cupcake_6,5.291952468387045e-06,0.01,935.83
2024-02-05,2024-02-05,1,caja_cupcake_sin_capacidad,1.1353953297133605e-13,0.0,935.83
2024-02-05,2024-02-05,1,red_velvet,4.050354142956003e-11,0.0,935.83
2024-02-05,2024-02-05,1,cereza_con_rabo_diana,1.0285583656887053e-05,0.01,935.83
2024-02-05,2024-02-05,1,charola_galletera_alta_grande,0.016319055252824663,15.27,935.83
2024-02-05,2024-02-05,1,mantequilla_gloria_22,6.119302660783412e-08,0.0,935.83
2024-02-05,2024-02-05,1,domo_cupcake_sin_capacidad,5.1597113427931905e-18,0.0,935.83
2024-02-05,2024-02-05,1,relleno_zarzamora_fruitfil_puratos,0.002623138073332281,2.45,935.83
2024-02-05,2024-02-05,1,chips_rojo_alpezzi,0.020122205212829366,18.83,935.83
2024-02-05,2024-02-05,1,capacillo_floreado_alegria,0.00046649050728662147,0.44,935.83
2024-02-05,2024-02-05,1,inix_contenedor_mantecadas,3.2727973768775386e-18,0.0,935.83
2024-02-05,2024-02-05,1,otros,0.25325713655201265,237.01,935.83
2024-02-05,2024-02-12,2,fondant_sin_especificacion,0.00015465711365492523,0.12,778.3199999999999
2024-02-05,2024-02-12,2,nutella,0.005109431850431123,3.98,778.3199999999999
2024-02-05,2024-02-12,2,tegral_satin_creme_cake_sabor_no_especificado,3.273100107251557e-05,0.03,778.3199999999999
2024-02-05,2024-02-12,2,chantilly_sin_especificacion,1.097294999982279e-10,0.0,778.3199999999999
2024-02-05,2024-02-12,2,crema_batir_ambiente_1_l,0.07594705185335703,59.11,778.3199999999999
2024-02-05,2024-02-12,2,queso_philadelphia,0.03590959786961587,27.95,778.3199999999999
2024-02-05,2024-02-12,2,tegral_satin_red_velvet,0.09430712870837185,73.4,778.3199999999999
2024-02-05,2024-02-12,2,easy_pastel_tres_leches_sabor_no_especificado,7.078170081007479e-09,0.0,778.3199999999999
2024-02-05,2024-02-12,2,transfer_sin_especificacion,1.2417631512373682e-05,0.01,778.3199999999999
2024-02-05,2024-02-12,2,chantilly_dulce,0.01652883651149973,12.86,778.3199999999999
2024-02-05,2024-02-12,2,chantilly_asturias,0.009411466484384661,7.33,778.3199999999999
2024-02-05,2024-02-12,2,chips_blanco_alpezzi,0.012202733288597434,9.5,778.3199999999999
2024-02-05,2024-02-12,2,fondant_nata_coco_blanco,0.02352327213606198,18.31,778.3199999999999
2024-02-05,2024-02-12,2,chantilly_dull,4.002714207586076e-09,0.0,778.3199999999999
2024-02-05,2024-02-12,2,capacillos,1.3281046522620457e-06,0.0,778.3199999999999
2024-02-05,2024-02-12,2,huevo_sin_especificacion,0.01534901847521448,11.95,778.3199999999999
2024-02-05,2024-02-12,2,contenedor_mantecadas_inix_25_pz,4.792211278020187e-05,0.04,778.3199999999999
2024-02-05,2024-02-12,2,confitier_semiamargo_turin,0.010318563451229164,8.03,778.3199999999999
2024-02-05,2024-02-12,2,chips_chocolate_semi,2.3947741600990998e-05,0.02,778.3199999999999
2024-02-05,2024-02-12,2,tegral_satin_vainilla,0.01540326340447442,11.99,778.3199999999999
2024-02-05,2024-02-12,2,transfer_hoja_de_arroz_gruesa,0.033677514302818914,26.21,778.3199999999999
2024-02-05,2024-02-12,2,tegral_satin_chocolate,0.07223721181661302,56.22,778.3199999999999
2024-02-05,2024-02-12,2,domo_cupcake_12,0.014755694926975902,11.48,778.3199999999999
2024-02-05,2024-02-12,2,mantequilla_gloria_presentacion_no_especificada,0.24086256970949715,187.47,778.3199999999999
2024-02-05,2024-02-12,2,ferrero_rocher_t16,0.00031399561233243873,0.24,778.3199999999999
2024-02-05,2024-02-12,2,huevo_san_juan,1.0781429513717118e-05,0.01,778.3199999999999
2024-02-05,2024-02-12,2,relleno_zarzamora_puratos,3.825029426244278e-06,0.0,778.3199999999999
2024-02-05,2024-02-12,2,aceite_sin_especificacion,3.2469629873545945e-11,0.0,778.3199999999999
2024-02-05,2024-02-12,2,matizador,0.00011023699642039389,0.09,778.3199999999999
2024-02-05,2024-02-12,2,caja_de_carton_para_cupcake_6_pz,2.891141635872511e-16,0.0,778.3199999999999
2024-02-05,2024-02-12,2,carlos_v_stick,1.64840632108454e-05,0.01,778.3199999999999
2024-02-05,2024-02-12,2,kisses_leche,0.004186089580302491,3.26,778.3199999999999
2024-02-05,2024-02-12,2,empaque_32_x_32_x_30,0.0004099003347230022,0.32,778.3199999999999
2024-02-05,2024-02-12,2,ferrero_sin_especificacion,1.5713774001700897e-08,0.0,778.3199999999999
2024-02-05,2024-02-12,2,domo_media_plancha_inix,0.005094664220692342,3.97,778.3199999999999
2024-02-05,2024-02-12,2,deiman_plumones_magicos,6.858360524312393e-18,0.0,778.3199999999999
2024-02-05,2024-02-12,2,empaque_30_x_30_x_30,0.00038163134612141577,0.3,778.3199999999999
2024-02-05,2024-02-12,2,queso_crema_suelto,3.6981675025478283e-09,0.0,778.3199999999999
2024-02-05,2024-02-12,2,royal_icing_deiman_50_sin_unidad,3.3344903767405897e-09,0.0,778.3199999999999
2024-02-05,2024-02-12,2,pegamento_fondant,0.00010238641678527489,0.08,778.3199999999999
2024-02-05,2024-02-12,2,base_28_cm,1.2060186426930034e-06,0.0,778.3199999999999
2024-02-05,2024-02-12,2,bailey_s,0.0006813761835598962,0.53,778.3199999999999
2024-02-05,2024-02-12,2,domo_1_4_plancha,7.894793853139042e-06,0.01,778.3199999999999
2024-02-05,2024-02-12,2,colorantes_9_colores,2.404364289859037e-10,0.0,778.3199999999999
2024-02-05,2024-02-12,2,sabrosano,0.013652220543526918,10.63,778.3199999999999
2024-02-05,2024-02-12,2,huevo_blanco_tepa_de_linea,4.2057840468200145e-07,0.0,778.3199999999999
2024-02-05,2024-02-12,2,mangas,0.00025774316435984296,0.2,778.3199999999999
2024-02-05,2024-02-12,2,relleno_durazno_puratos,1.6475287565089834e-06,0.0,778.3199999999999
2024-02-05,2024-02-12,2,kit_kat_9_pz,2.7326894927771272e-05,0.02,778.3199999999999
2024-02-05,2024-02-12,2,oblea_arroz,1.4743057375268805e-06,0.0,778.3199999999999
2024-02-05,2024-02-12,2,huevo_calvario,0.00033582756506706976,0.26,778.3199999999999
2024-02-05,2024-02-12,2,bisagra_12_cupcakes,8.039778936419346e-05,0.06,778.3199999999999
2024-02-05,2024-02-12,2,chocolate_sin_especificacion,5.133309322367051e-08,0.0,778.3199999999999
2024-02-05,2024-02-12,2,caja_cupcake_12,2.4550321602264523e-09,0.0,778.3199999999999
2024-02-05,2024-02-12,2,empaque_31_x_31_x_20,0.00026148814456467375,0.2,778.3199999999999
2024-02-05,2024-02-12,2,oreo_273_6,0.00012708151499827387,0.1,778.3199999999999
2024-02-05,2024-02-12,2,perlas_sin_especificacion,4.458369128417632e-06,0.0,778.3199999999999
2024-02-05,2024-02-12,2,chips_chocolate_con_l,9.455904109796121e-09,0.0,778.3199999999999
2024-02-05,2024-02-12,2,relleno_fresa_frutifru,1.4754291520433107e-05,0.01,778.3199999999999
2024-02-05,2024-02-12,2,base_36_cm_doble,5.61151835609964e-08,0.0,778.3199999999999
2024-02-05,2024-02-12,2,harina_red_velvet_esp,3.999884992423742e-13,0.0,778.3199999999999
2024-02-05,2024-02-12,2,mantequilla_gloria_verde,0.0025645315957421285,2.0,778.3199999999999
2024-02-05,2024-02-12,2,caja_cupcake_6,1.480955916664629e-06,0.0,778.3199999999999
2024-02-05,2024-02-12,2,botellas_jack_daniels,2.1167809873508618e-05,0.02,778.3199999999999
2024-02-05,2024-02-12,2,royal_icing_sin_especificacion,0.002599079349299423,2.02,778.3199999999999
2024-02-05,2024-02-12,2,azucar_glass,7.048539783670152e-05,0.06,778.3199999999999
2024-02-05,2024-02-12,2,kisses_leche_choc_bl_807_gr,9.131502710427702e-09,0.0,778.3199999999999
2024-02-05,2024-02-12,2,dlr_malvavisco_chocolate_32_pz,5.852787056106823e-06,0.0,778.3199999999999
2024-02-05,2024-02-12,2,alpezzi_blanco,2.9427890232141305e-05,0.02,778.3199999999999
2024-02-05,2024-02-12,2,relleno_queso_creme_p,2.4694719506146752e-06,0.0,778.3199999999999
2024-02-05,2024-02-12,2,ac_au800,6.462614075234102e-09,0.0,778.3199999999999
2024-02-05,2024-02-12,2,domo_cupcake_6,5.291952468387045e-06,0.0,778.3199999999999
2024-02-05,2024-02-12,2,caja_cupcake_sin_capacidad,1.1353953297133605e-13,0.0,778.3199999999999
2024-02-05,2024-02-12,2,red_velvet,4.050354142956003e-11,0.0,778.3199999999999
2024-02-05,2024-02-12,2,cereza_con_rabo_diana,1.0285583656887053e-05,0.01,778.3199999999999
2024-02-05,2024-02-12,2,charola_galletera_alta_grande,0.016319055252824663,12.7,778.3199999999999
2024-02-05,2024-02-12,2,mantequilla_gloria_22,6.119302660783412e-08,0.0,778.3199999999999
2024-02-05,2024-02-12,2,domo_cupcake_sin_capacidad,5.1597113427931905e-18,0.0,778.3199999999999
2024-02-05,2024-02-12,2,relleno_zarzamora_fruitfil_puratos,0.002623138073332281,2.04,778.3199999999999
2024-02-05,2024-02-12,2,chips_rojo_alpezzi,0.020122205212829366,15.66,778.3199999999999
2024-02-05,2024-02-12,2,capacillo_floreado_alegria,0.00046649050728662147,0.36,778.3199999999999
2024-02-05,2024-02-12,2,inix_contenedor_mantecadas,3.2727973768775386e-18,0.0,778.3199999999999
2024-02-05,2024-02-12,2,otros,0.25325713655201265,197.12,778.3199999999999
2024-02-05,2024-02-19,3,fondant_sin_especificacion,0.00015465711365492523,0.11,739.0300000000001
2024-02-05,2024-02-19,3,nutella,0.005109431850431123,3.78,739.0300000000001
2024-02-05,2024-02-19,3,tegral_satin_creme_cake_sabor_no_especificado,3.273100107251557e-05,0.02,739.0300000000001
2024-02-05,2024-02-19,3,chantilly_sin_especificacion,1.097294999982279e-10,0.0,739.0300000000001
2024-02-05,2024-02-19,3,crema_batir_ambiente_1_l,0.07594705185335703,56.13,739.0300000000001
2024-02-05,2024-02-19,3,queso_philadelphia,0.03590959786961587,26.54,739.0300000000001
2024-02-05,2024-02-19,3,tegral_satin_red_velvet,0.09430712870837185,69.7,739.0300000000001
2024-02-05,2024-02-19,3,easy_pastel_tres_leches_sabor_no_especificado,7.078170081007479e-09,0.0,739.0300000000001
2024-02-05,2024-02-19,3,transfer_sin_especificacion,1.2417631512373682e-05,0.01,739.0300000000001
2024-02-05,2024-02-19,3,chantilly_dulce,0.01652883651149973,12.22,739.0300000000001
2024-02-05,2024-02-19,3,chantilly_asturias,0.009411466484384661,6.96,739.0300000000001
2024-02-05,2024-02-19,3,chips_blanco_alpezzi,0.012202733288597434,9.02,739.0300000000001
2024-02-05,2024-02-19,3,fondant_nata_coco_blanco,0.02352327213606198,17.38,739.0300000000001
2024-02-05,2024-02-19,3,chantilly_dull,4.002714207586076e-09,0.0,739.0300000000001
2024-02-05,2024-02-19,3,capacillos,1.3281046522620457e-06,0.0,739.0300000000001
2024-02-05,2024-02-19,3,huevo_sin_especificacion,0.01534901847521448,11.34,739.0300000000001
2024-02-05,2024-02-19,3,contenedor_mantecadas_inix_25_pz,4.792211278020187e-05,0.04,739.0300000000001
2024-02-05,2024-02-19,3,confitier_semiamargo_turin,0.010318563451229164,7.63,739.0300000000001
2024-02-05,2024-02-19,3,chips_chocolate_semi,2.3947741600990998e-05,0.02,739.0300000000001
2024-02-05,2024-02-19,3,tegral_satin_vainilla,0.01540326340447442,11.38,739.0300000000001
2024-02-05,2024-02-19,3,transfer_hoja_de_arroz_gruesa,0.033677514302818914,24.89,739.0300000000001
2024-02-05,2024-02-19,3,tegral_satin_chocolate,0.07223721181661302,53.39,739.0300000000001
2024-02-05,2024-02-19,3,domo_cupcake_12,0.014755694926975902,10.91,739.0300000000001
2024-02-05,2024-02-19,3,mantequilla_gloria_presentacion_no_especificada,0.24086256970949715,178.0,739.0300000000001
2024-02-05,2024-02-19,3,ferrero_rocher_t16,0.00031399561233243873,0.23,739.0300000000001
2024-02-05,2024-02-19,3,huevo_san_juan,1.0781429513717118e-05,0.01,739.0300000000001
2024-02-05,2024-02-19,3,relleno_zarzamora_puratos,3.825029426244278e-06,0.0,739.0300000000001
2024-02-05,2024-02-19,3,aceite_sin_especificacion,3.2469629873545945e-11,0.0,739.0300000000001
2024-02-05,2024-02-19,3,matizador,0.00011023699642039389,0.08,739.0300000000001
2024-02-05,2024-02-19,3,caja_de_carton_para_cupcake_6_pz,2.891141635872511e-16,0.0,739.0300000000001
2024-02-05,2024-02-19,3,carlos_v_stick,1.64840632108454e-05,0.01,739.0300000000001
2024-02-05,2024-02-19,3,kisses_leche,0.004186089580302491,3.09,739.0300000000001
2024-02-05,2024-02-19,3,empaque_32_x_32_x_30,0.0004099003347230022,0.3,739.0300000000001
2024-02-05,2024-02-19,3,ferrero_sin_especificacion,1.5713774001700897e-08,0.0,739.0300000000001
2024-02-05,2024-02-19,3,domo_media_plancha_inix,0.005094664220692342,3.77,739.0300000000001
2024-02-05,2024-02-19,3,deiman_plumones_magicos,6.858360524312393e-18,0.0,739.0300000000001
2024-02-05,2024-02-19,3,empaque_30_x_30_x_30,0.00038163134612141577,0.28,739.0300000000001
2024-02-05,2024-02-19,3,queso_crema_suelto,3.6981675025478283e-09,0.0,739.0300000000001
2024-02-05,2024-02-19,3,royal_icing_deiman_50_sin_unidad,3.3344903767405897e-09,0.0,739.0300000000001
2024-02-05,2024-02-19,3,pegamento_fondant,0.00010238641678527489,0.08,739.0300000000001
2024-02-05,2024-02-19,3,base_28_cm,1.2060186426930034e-06,0.0,739.0300000000001
2024-02-05,2024-02-19,3,bailey_s,0.0006813761835598962,0.5,739.0300000000001
2024-02-05,2024-02-19,3,domo_1_4_plancha,7.894793853139042e-06,0.01,739.0300000000001
2024-02-05,2024-02-19,3,colorantes_9_colores,2.404364289859037e-10,0.0,739.0300000000001
2024-02-05,2024-02-19,3,sabrosano,0.013652220543526918,10.09,739.0300000000001
2024-02-05,2024-02-19,3,huevo_blanco_tepa_de_linea,4.2057840468200145e-07,0.0,739.0300000000001
2024-02-05,2024-02-19,3,mangas,0.00025774316435984296,0.19,739.0300000000001
2024-02-05,2024-02-19,3,relleno_durazno_puratos,1.6475287565089834e-06,0.0,739.0300000000001
2024-02-05,2024-02-19,3,kit_kat_9_pz,2.7326894927771272e-05,0.02,739.0300000000001
2024-02-05,2024-02-19,3,oblea_arroz,1.4743057375268805e-06,0.0,739.0300000000001
2024-02-05,2024-02-19,3,huevo_calvario,0.00033582756506706976,0.25,739.0300000000001
2024-02-05,2024-02-19,3,bisagra_12_cupcakes,8.039778936419346e-05,0.06,739.0300000000001
2024-02-05,2024-02-19,3,chocolate_sin_especificacion,5.133309322367051e-08,0.0,739.0300000000001
2024-02-05,2024-02-19,3,caja_cupcake_12,2.4550321602264523e-09,0.0,739.0300000000001
2024-02-05,2024-02-19,3,empaque_31_x_31_x_20,0.00026148814456467375,0.19,739.0300000000001
2024-02-05,2024-02-19,3,oreo_273_6,0.00012708151499827387,0.09,739.0300000000001
2024-02-05,2024-02-19,3,perlas_sin_especificacion,4.458369128417632e-06,0.0,739.0300000000001
2024-02-05,2024-02-19,3,chips_chocolate_con_l,9.455904109796121e-09,0.0,739.0300000000001
2024-02-05,2024-02-19,3,relleno_fresa_frutifru,1.4754291520433107e-05,0.01,739.0300000000001
2024-02-05,2024-02-19,3,base_36_cm_doble,5.61151835609964e-08,0.0,739.0300000000001
2024-02-05,2024-02-19,3,harina_red_velvet_esp,3.999884992423742e-13,0.0,739.0300000000001
2024-02-05,2024-02-19,3,mantequilla_gloria_verde,0.0025645315957421285,1.9,739.0300000000001
2024-02-05,2024-02-19,3,caja_cupcake_6,1.480955916664629e-06,0.0,739.0300000000001
2024-02-05,2024-02-19,3,botellas_jack_daniels,2.1167809873508618e-05,0.02,739.0300000000001
2024-02-05,2024-02-19,3,royal_icing_sin_especificacion,0.002599079349299423,1.92,739.0300000000001
2024-02-05,2024-02-19,3,azucar_glass,7.048539783670152e-05,0.05,739.0300000000001
2024-02-05,2024-02-19,3,kisses_leche_choc_bl_807_gr,9.131502710427702e-09,0.0,739.0300000000001
2024-02-05,2024-02-19,3,dlr_malvavisco_chocolate_32_pz,5.852787056106823e-06,0.0,739.0300000000001
2024-02-05,2024-02-19,3,alpezzi_blanco,2.9427890232141305e-05,0.02,739.0300000000001
2024-02-05,2024-02-19,3,relleno_queso_creme_p,2.4694719506146752e-06,0.0,739.0300000000001
2024-02-05,2024-02-19,3,ac_au800,6.462614075234102e-09,0.0,739.0300000000001
2024-02-05,2024-02-19,3,domo_cupcake_6,5.291952468387045e-06,0.0,739.0300000000001
2024-02-05,2024-02-19,3,caja_cupcake_sin_capacidad,1.1353953297133605e-13,0.0,739.0300000000001
2024-02-05,2024-02-19,3,red_velvet,4.050354142956003e-11,0.0,739.0300000000001
2024-02-05,2024-02-19,3,cereza_con_rabo_diana,1.0285583656887053e-05,0.01,739.0300000000001
2024-02-05,2024-02-19,3,charola_galletera_alta_grande,0.016319055252824663,12.06,739.0300000000001
2024-02-05,2024-02-19,3,mantequilla_gloria_22,6.119302660783412e-08,0.0,739.0300000000001
2024-02-05,2024-02-19,3,domo_cupcake_sin_capacidad,5.1597113427931905e-18,0.0,739.0300000000001
2024-02-05,2024-02-19,3,relleno_zarzamora_fruitfil_puratos,0.002623138073332281,1.94,739.0300000000001
2024-02-05,2024-02-19,3,chips_rojo_alpezzi,0.020122205212829366,14.87,739.0300000000001
2024-02-05,2024-02-19,3,capacillo_floreado_alegria,0.00046649050728662147,0.35,739.0300000000001
2024-02-05,2024-02-19,3,inix_contenedor_mantecadas,3.2727973768775386e-18,0.0,739.0300000000001
2024-02-05,2024-02-19,3,otros,0.25325713655201265,187.16,739.0300000000001
2024-02-05,2024-02-26,4,fondant_sin_especificacion,0.00015465711365492523,0.09,592.23
2024-02-05,2024-02-26,4,nutella,0.005109431850431123,3.03,592.23
2024-02-05,2024-02-26,4,tegral_satin_creme_cake_sabor_no_especificado,3.273100107251557e-05,0.02,592.23
2024-02-05,2024-02-26,4,chantilly_sin_especificacion,1.097294999982279e-10,0.0,592.23
2024-02-05,2024-02-26,4,crema_batir_ambiente_1_l,0.07594705185335703,44.98,592.23
2024-02-05,2024-02-26,4,queso_philadelphia,0.03590959786961587,21.27,592.23
2024-02-05,2024-02-26,4,tegral_satin_red_velvet,0.09430712870837185,55.85,592.23
2024-02-05,2024-02-26,4,easy_pastel_tres_leches_sabor_no_especificado,7.078170081007479e-09,0.0,592.23
2024-02-05,2024-02-26,4,transfer_sin_especificacion,1.2417631512373682e-05,0.01,592.23
2024-02-05,2024-02-26,4,chantilly_dulce,0.01652883651149973,9.79,592.23
2024-02-05,2024-02-26,4,chantilly_asturias,0.009411466484384661,5.57,592.23
2024-02-05,2024-02-26,4,chips_blanco_alpezzi,0.012202733288597434,7.23,592.23
2024-02-05,2024-02-26,4,fondant_nata_coco_blanco,0.02352327213606198,13.93,592.23
2024-02-05,2024-02-26,4,chantilly_dull,4.002714207586076e-09,0.0,592.23
2024-02-05,2024-02-26,4,capacillos,1.3281046522620457e-06,0.0,592.23
2024-02-05,2024-02-26,4,huevo_sin_especificacion,0.01534901847521448,9.09,592.23
2024-02-05,2024-02-26,4,contenedor_mantecadas_inix_25_pz,4.792211278020187e-05,0.03,592.23
2024-02-05,2024-02-26,4,confitier_semiamargo_turin,0.010318563451229164,6.11,592.23
2024-02-05,2024-02-26,4,chips_chocolate_semi,2.3947741600990998e-05,0.01,592.23
2024-02-05,2024-02-26,4,tegral_satin_vainilla,0.01540326340447442,9.12,592.23
2024-02-05,2024-02-26,4,transfer_hoja_de_arroz_gruesa,0.033677514302818914,19.94,592.23
2024-02-05,2024-02-26,4,tegral_satin_chocolate,0.07223721181661302,42.78,592.23
2024-02-05,2024-02-26,4,domo_cupcake_12,0.014755694926975902,8.74,592.23
2024-02-05,2024-02-26,4,mantequilla_gloria_presentacion_no_especificada,0.24086256970949715,142.65,592.23
2024-02-05,2024-02-26,4,ferrero_rocher_t16,0.00031399561233243873,0.19,592.23
2024-02-05,2024-02-26,4,huevo_san_juan,1.0781429513717118e-05,0.01,592.23
2024-02-05,2024-02-26,4,relleno_zarzamora_puratos,3.825029426244278e-06,0.0,592.23
2024-02-05,2024-02-26,4,aceite_sin_especificacion,3.2469629873545945e-11,0.0,592.23
2024-02-05,2024-02-26,4,matizador,0.00011023699642039389,0.07,592.23
2024-02-05,2024-02-26,4,caja_de_carton_para_cupcake_6_pz,2.891141635872511e-16,0.0,592.23
2024-02-05,2024-02-26,4,carlos_v_stick,1.64840632108454e-05,0.01,592.23
2024-02-05,2024-02-26,4,kisses_leche,0.004186089580302491,2.48,592.23
2024-02-05,2024-02-26,4,empaque_32_x_32_x_30,0.0004099003347230022,0.24,592.23
2024-02-05,2024-02-26,4,ferrero_sin_especificacion,1.5713774001700897e-08,0.0,592.23
2024-02-05,2024-02-26,4,domo_media_plancha_inix,0.005094664220692342,3.02,592.23
2024-02-05,2024-02-26,4,deiman_plumones_magicos,6.858360524312393e-18,0.0,592.23
2024-02-05,2024-02-26,4,empaque_30_x_30_x_30,0.00038163134612141577,0.23,592.23
2024-02-05,2024-02-26,4,queso_crema_suelto,3.6981675025478283e-09,0.0,592.23
2024-02-05,2024-02-26,4,royal_icing_deiman_50_sin_unidad,3.3344903767405897e-09,0.0,592.23
2024-02-05,2024-02-26,4,pegamento_fondant,0.00010238641678527489,0.06,592.23
2024-02-05,2024-02-26,4,base_28_cm,1.2060186426930034e-06,0.0,592.23
2024-02-05,2024-02-26,4,bailey_s,0.0006813761835598962,0.4,592.23
2024-02-05,2024-02-26,4,domo_1_4_plancha,7.894793853139042e-06,0.0,592.23
2024-02-05,2024-02-26,4,colorantes_9_colores,2.404364289859037e-10,0.0,592.23
2024-02-05,2024-02-26,4,sabrosano,0.013652220543526918,8.08,592.23
2024-02-05,2024-02-26,4,huevo_blanco_tepa_de_linea,4.2057840468200145e-07,0.0,592.23
2024-02-05,2024-02-26,4,mangas,0.00025774316435984296,0.15,592.23
2024-02-05,2024-02-26,4,relleno_durazno_puratos,1.6475287565089834e-06,0.0,592.23
2024-02-05,2024-02-26,4,kit_kat_9_pz,2.7326894927771272e-05,0.02,592.23
2024-02-05,2024-02-26,4,oblea_arroz,1.4743057375268805e-06,0.0,592.23
2024-02-05,2024-02-26,4,huevo_calvario,0.00033582756506706976,0.2,592.23
2024-02-05,2024-02-26,4,bisagra_12_cupcakes,8.039778936419346e-05,0.05,592.23
2024-02-05,2024-02-26,4,chocolate_sin_especificacion,5.133309322367051e-08,0.0,592.23
2024-02-05,2024-02-26,4,caja_cupcake_12,2.4550321602264523e-09,0.0,592.23
2024-02-05,2024-02-26,4,empaque_31_x_31_x_20,0.00026148814456467375,0.15,592.23
2024-02-05,2024-02-26,4,oreo_273_6,0.00012708151499827387,0.08,592.23
2024-02-05,2024-02-26,4,perlas_sin_especificacion,4.458369128417632e-06,0.0,592.23
2024-02-05,2024-02-26,4,chips_chocolate_con_l,9.455904109796121e-09,0.0,592.23
2024-02-05,2024-02-26,4,relleno_fresa_frutifru,1.4754291520433107e-05,0.01,592.23
2024-02-05,2024-02-26,4,base_36_cm_doble,5.61151835609964e-08,0.0,592.23
2024-02-05,2024-02-26,4,harina_red_velvet_esp,3.999884992423742e-13,0.0,592.23
2024-02-05,2024-02-26,4,mantequilla_gloria_verde,0.0025645315957421285,1.52,592.23
2024-02-05,2024-02-26,4,caja_cupcake_6,1.480955916664629e-06,0.0,592.23
2024-02-05,2024-02-26,4,botellas_jack_daniels,2.1167809873508618e-05,0.01,592.23
2024-02-05,2024-02-26,4,royal_icing_sin_especificacion,0.002599079349299423,1.54,592.23
2024-02-05,2024-02-26,4,azucar_glass,7.048539783670152e-05,0.04,592.23
2024-02-05,2024-02-26,4,kisses_leche_choc_bl_807_gr,9.131502710427702e-09,0.0,592.23
2024-02-05,2024-02-26,4,dlr_malvavisco_chocolate_32_pz,5.852787056106823e-06,0.0,592.23
2024-02-05,2024-02-26,4,alpezzi_blanco,2.9427890232141305e-05,0.02,592.23
2024-02-05,2024-02-26,4,relleno_queso_creme_p,2.4694719506146752e-06,0.0,592.23
2024-02-05,2024-02-26,4,ac_au800,6.462614075234102e-09,0.0,592.23
2024-02-05,2024-02-26,4,domo_cupcake_6,5.291952468387045e-06,0.0,592.23
2024-02-05,2024-02-26,4,caja_cupcake_sin_capacidad,1.1353953297133605e-13,0.0,592.23
2024-02-05,2024-02-26,4,red_velvet,4.050354142956003e-11,0.0,592.23
2024-02-05,2024-02-26,4,cereza_con_rabo_diana,1.0285583656887053e-05,0.01,592.23
2024-02-05,2024-02-26,4,charola_galletera_alta_grande,0.016319055252824663,9.66,592.23
2024-02-05,2024-02-26,4,mantequilla_gloria_22,6.119302660783412e-08,0.0,592.23
2024-02-05,2024-02-26,4,domo_cupcake_sin_capacidad,5.1597113427931905e-18,0.0,592.23
2024-02-05,2024-02-26,4,relleno_zarzamora_fruitfil_puratos,0.002623138073332281,1.55,592.23
2024-02-05,2024-02-26,4,chips_rojo_alpezzi,0.020122205212829366,11.92,592.23
2024-02-05,2024-02-26,4,capacillo_floreado_alegria,0.00046649050728662147,0.28,592.23
2024-02-05,2024-02-26,4,inix_contenedor_mantecadas,3.2727973768775386e-18,0.0,592.23
2024-02-05,2024-02-26,4,otros,0.25325713655201265,149.99,592.23
2024-02-12,2024-02-12,1,fondant_sin_especificacion,9.179392496048949e-05,0.11,1149.75
2024-02-12,2024-02-12,1,nutella,0.0030326106105645215,3.49,1149.75
2024-02-12,2024-02-12,1,tegral_satin_creme_cake_sabor_no_especificado,1.9426892079700417e-05,0.02,1149.75
2024-02-12,2024-02-12,1,chantilly_sin_especificacion,6.512795467826572e-11,0.0,1149.75
2024-02-12,2024-02-12,1,crema_batir_ambiente_1_l,0.04507699525773118,51.83,1149.75
2024-02-12,2024-02-12,1,queso_philadelphia,0.021313490561834868,24.5,1149.75
2024-02-12,2024-02-12,1,tegral_satin_red_velvet,0.05597428589809856,64.36,1149.75
2024-02-12,2024-02-12,1,easy_pastel_tres_leches_sabor_no_especificado,4.201119482439602e-09,0.0,1149.75
2024-02-12,2024-02-12,1,transfer_sin_especificacion,7.370259978969542e-06,0.01,1149.75
2024-02-12,2024-02-12,1,chantilly_dulce,0.009810391145706516,11.28,1149.75
2024-02-12,2024-02-12,1,chantilly_asturias,0.00558600524618193,6.42,1149.75
2024-02-12,2024-02-12,1,chips_blanco_alpezzi,0.012568900328978073,14.45,1149.75
2024-02-12,2024-02-12,1,fondant_nata_coco_blanco,0.09685063243793758,111.35,1149.75
2024-02-12,2024-02-12,1,chantilly_dull,2.375738424998987e-09,0.0,1149.75
2024-02-12,2024-02-12,1,capacillos,7.882724299474004e-07,0.0,1149.75
2024-02-12,2024-02-12,1,huevo_sin_especificacion,0.0091101315473576,10.47,1149.75
2024-02-12,2024-02-12,1,contenedor_mantecadas_inix_25_pz,0.11085312702238068,127.45,1149.75
2024-02-12,2024-02-12,1,confitier_semiamargo_turin,0.006124396199812404,7.04,1149.75
2024-02-12,2024-02-12,1,chips_chocolate_semi,1.421374771288804e-05,0.02,1149.75
2024-02-12,2024-02-12,1,tegral_satin_vainilla,0.04509410537147374,51.85,1149.75
2024-02-12,2024-02-12,1,transfer_hoja_de_arroz_gruesa,0.019988677841656602,22.98,1149.75
2024-02-12,2024-02-12,1,tegral_satin_chocolate,0.06417984415870608,73.79,1149.75
2024-02-12,2024-02-12,1,domo_cupcake_12,0.008757975115770344,10.07,1149.75
2024-02-12,2024-02-12,1,mantequilla_gloria_presentacion_no_especificada,0.14295960998623058,164.37,1149.75
2024-02-12,2024-02-12,1,ferrero_rocher_t16,0.00018636640109990135,0.21,1149.75
2024-02-12,2024-02-12,1,huevo_san_juan,6.399121956699199e-06,0.01,1149.75
2024-02-12,2024-02-12,1,relleno_zarzamora_puratos,2.270276845510945e-06,0.0,1149.75
2024-02-12,2024-02-12,1,aceite_sin_especificacion,1.9271759944759748e-11,0.0,1149.75
2024-02-12,2024-02-12,1,matizador,6.542916997572666e-05,0.08,1149.75
2024-02-12,2024-02-12,1,caja_de_carton_para_cupcake_6_pz,1.715984684452156e-16,0.0,1149.75
2024-02-12,2024-02-12,1,carlos_v_stick,9.78381676510824e-06,0.01,1149.75
2024-02-12,2024-02-12,1,kisses_leche,0.00248457755179331,2.86,1149.75
2024-02-12,2024-02-12,1,empaque_32_x_32_x_30,0.00024328890975422985,0.28,1149.75
2024-02-12,2024-02-12,1,ferrero_sin_especificacion,9.32662557492574e-09,0.0,1149.75
2024-02-12,2024-02-12,1,domo_media_plancha_inix,0.003023845551757653,3.48,1149.75
2024-02-12,2024-02-12,1,deiman_plumones_magicos,4.0706555065122675e-18,0.0,1149.75
2024-02-12,2024-02-12,1,empaque_30_x_30_x_30,0.00022651036425393815,0.26,1149.75
2024-02-12,2024-02-12,1,queso_crema_suelto,2.1949802514589037e-09,0.0,1149.75
2024-02-12,2024-02-12,1,royal_icing_deiman_50_sin_unidad,1.9791262890561023e-09,0.0,1149.75
2024-02-12,2024-02-12,1,pegamento_fondant,6.076960081080381e-05,0.07,1149.75
2024-02-12,2024-02-12,1,base_28_cm,7.15810493110075e-07,0.0,1149.75
2024-02-12,2024-02-12,1,bailey_s,0.0004044184763664763,0.46,1149.75
2024-02-12,2024-02-12,1,domo_1_4_plancha,4.685811712163037e-06,0.01,1149.75
2024-02-12,2024-02-12,1,colorantes_9_colores,1.4270668188819672e-10,0.0,1149.75
2024-02-12,2024-02-12,1,sabrosano,0.008103027907999842,9.32,1149.75
2024-02-12,2024-02-12,1,huevo_blanco_tepa_de_linea,2.496266845217472e-07,0.0,1149.75
2024-02-12,2024-02-12,1,mangas,0.00015297878079579094,0.18,1149.75
2024-02-12,2024-02-12,1,relleno_durazno_puratos,9.77860813972445e-07,0.0,1149.75
2024-02-12,2024-02-12,1,kit_kat_9_pz,1.6219382885936408e-05,0.02,1149.75
2024-02-12,2024-02-12,1,oblea_arroz,8.750474326148251e-07,0.0,1149.75
2024-02-12,2024-02-12,1,huevo_calvario,0.00019932436070294388,0.23,1149.75
2024-02-12,2024-02-12,1,bisagra_12_cupcakes,4.771864978905862e-05,0.05,1149.75
2024-02-12,2024-02-12,1,chocolate_sin_especificacion,3.046782650992117e-08,0.0,1149.75
2024-02-12,2024-02-12,1,caja_cupcake_12,1.457139814429988e-09,0.0,1149.75
2024-02-12,2024-02-12,1,empaque_31_x_31_x_20,0.00015520154587769834,0.18,1149.75
2024-02-12,2024-02-12,1,oreo_273_6,7.542692848674777e-05,0.09,1149.75
2024-02-12,2024-02-12,1,perlas_sin_especificacion,2.646184139536331e-06,0.0,1149.75
2024-02-12,2024-02-12,1,chips_chocolate_con_l,5.612380392827582e-09,0.0,1149.75
2024-02-12,2024-02-12,1,relleno_fresa_frutifru,8.757142149268941e-06,0.01,1149.75
2024-02-12,2024-02-12,1,base_36_cm_doble,3.330614950202231e-08,0.0,1149.75
2024-02-12,2024-02-12,1,harina_red_velvet_esp,2.3740591956498087e-13,0.0,1149.75
2024-02-12,2024-02-12,1,mantequilla_gloria_verde,0.0015221312185070667,1.75,1149.75
2024-02-12,2024-02-12,1,caja_cupcake_6,8.789945258349042e-07,0.0,1149.75
2024-02-12,2024-02-12,1,botellas_jack_daniels,1.2563769652666596e-05,0.01,1149.75
2024-02-12,2024-02-12,1,royal_icing_sin_especificacion,0.001542636411075626,1.77,1149.75
2024-02-12,2024-02-12,1,azucar_glass,4.183532956827801e-05,0.05,1149.75
2024-02-12,2024-02-12,1,kisses_leche_choc_bl_807_gr,5.419837825551018e-09,0.0,1149.75
2024-02-12,2024-02-12,1,dlr_malvavisco_chocolate_32_pz,3.4738156114611058e-06,0.0,1149.75
2024-02-12,2024-02-12,1,alpezzi_blanco,1.7466390545357713e-05,0.02,1149.75
2024-02-12,2024-02-12,1,relleno_queso_creme_p,1.4657102901360018e-06,0.0,1149.75
2024-02-12,2024-02-12,1,ac_au800,3.835767378888686e-09,0.0,1149.75
2024-02-12,2024-02-12,1,domo_cupcake_6,3.14094241317252e-06,0.0,1149.75
2024-02-12,2024-02-12,1,caja_cupcake_sin_capacidad,6.738933065099221e-14,0.0,1149.75
2024-02-12,2024-02-12,1,red_velvet,2.404014244643642e-11,0.0,1149.75
2024-02-12,2024-02-12,1,cereza_con_rabo_diana,6.10482164099963e-06,0.01,1149.75
2024-02-12,2024-02-12,1,charola_galletera_alta_grande,0.00968587928419653,11.14,1149.75
2024-02-12,2024-02-12,1,mantequilla_gloria_22,3.6320011151106056e-08,0.0,1149.75
2024-02-12,2024-02-12,1,domo_cupcake_sin_capacidad,3.0624530913910615e-18,0.0,1149.75
2024-02-12,2024-02-12,1,relleno_zarzamora_fruitfil_puratos,0.0015569160303981798,1.79,1149.75
2024-02-12,2024-02-12,1,chips_rojo_alpezzi,0.011943169969325276,13.73,1149.75
2024-02-12,2024-02-12,1,capacillo_floreado_alegria,0.0002768769803643954,0.32,1149.75
2024-02-12,2024-02-12,1,inix_contenedor_mantecadas,1.942509527846838e-18,0.0,1149.75
2024-02-12,2024-02-12,1,otros,0.30048808747480515,345.49,1149.75
2024-02-12,2024-02-19,2,fondant_sin_especificacion,9.179392496048949e-05,0.07,765.19
2024-02-12,2024-02-19,2,nutella,0.0030326106105645215,2.32,765.19
2024-02-12,2024-02-19,2,tegral_satin_creme_cake_sabor_no_especificado,1.9426892079700417e-05,0.02,765.19
2024-02-12,2024-02-19,2,chantilly_sin_especificacion,6.512795467826572e-11,0.0,765.19
2024-02-12,2024-02-19,2,crema_batir_ambiente_1_l,0.04507699525773118,34.49,765.19
2024-02-12,2024-02-19,2,queso_philadelphia,0.021313490561834868,16.31,765.19
2024-02-12,2024-02-19,2,tegral_satin_red_velvet,0.05597428589809856,42.83,765.19
2024-02-12,2024-02-19,2,easy_pastel_tres_leches_sabor_no_especificado,4.201119482439602e-09,0.0,765.19
2024-02-12,2024-02-19,2,transfer_sin_especificacion,7.370259978969542e-06,0.01,765.19
2024-02-12,2024-02-19,2,chantilly_dulce,0.009810391145706516,7.51,765.19
2024-02-12,2024-02-19,2,chantilly_asturias,0.00558600524618193,4.27,765.19
2024-02-12,2024-02-19,2,chips_blanco_alpezzi,0.012568900328978073,9.62,765.19
2024-02-12,2024-02-19,2,fondant_nata_coco_blanco,0.09685063243793758,74.11,765.19
2024-02-12,2024-02-19,2,chantilly_dull,2.375738424998987e-09,0.0,765.19
2024-02-12,2024-02-19,2,capacillos,7.882724299474004e-07,0.0,765.19
2024-02-12,2024-02-19,2,huevo_sin_especificacion,0.0091101315473576,6.97,765.19
2024-02-12,2024-02-19,2,contenedor_mantecadas_inix_25_pz,0.11085312702238068,84.82,765.19
2024-02-12,2024-02-19,2,confitier_semiamargo_turin,0.006124396199812404,4.69,765.19
2024-02-12,2024-02-19,2,chips_chocolate_semi,1.421374771288804e-05,0.01,765.19
2024-02-12,2024-02-19,2,tegral_satin_vainilla,0.04509410537147374,34.51,765.19
2024-02-12,2024-02-19,2,transfer_hoja_de_arroz_gruesa,0.019988677841656602,15.3,765.19
2024-02-12,2024-02-19,2,tegral_satin_chocolate,0.06417984415870608,49.11,765.19
2024-02-12,2024-02-19,2,domo_cupcake_12,0.008757975115770344,6.7,765.19
2024-02-12,2024-02-19,2,mantequilla_gloria_presentacion_no_especificada,0.14295960998623058,109.39,765.19
2024-02-12,2024-02-19,2,ferrero_rocher_t16,0.00018636640109990135,0.14,765.19
2024-02-12,2024-02-19,2,huevo_san_juan,6.399121956699199e-06,0.01,765.19
2024-02-12,2024-02-19,2,relleno_zarzamora_puratos,2.270276845510945e-06,0.0,765.19
2024-02-12,2024-02-19,2,aceite_sin_especificacion,1.9271759944759748e-11,0.0,765.19
2024-02-12,2024-02-19,2,matizador,6.542916997572666e-05,0.05,765.19
2024-02-12,2024-02-19,2,caja_de_carton_para_cupcake_6_pz,1.715984684452156e-16,0.0,765.19
2024-02-12,2024-02-19,2,carlos_v_stick,9.78381676510824e-06,0.01,765.19
2024-02-12,2024-02-19,2,kisses_leche,0.00248457755179331,1.9,765.19
2024-02-12,2024-02-19,2,empaque_32_x_32_x_30,0.00024328890975422985,0.19,765.19
2024-02-12,2024-02-19,2,ferrero_sin_especificacion,9.32662557492574e-09,0.0,765.19
2024-02-12,2024-02-19,2,domo_media_plancha_inix,0.003023845551757653,2.31,765.19
2024-02-12,2024-02-19,2,deiman_plumones_magicos,4.0706555065122675e-18,0.0,765.19
2024-02-12,2024-02-19,2,empaque_30_x_30_x_30,0.00022651036425393815,0.17,765.19
2024-02-12,2024-02-19,2,queso_crema_suelto,2.1949802514589037e-09,0.0,765.19
2024-02-12,2024-02-19,2,royal_icing_deiman_50_sin_unidad,1.9791262890561023e-09,0.0,765.19
2024-02-12,2024-02-19,2,pegamento_fondant,6.076960081080381e-05,0.05,765.19
2024-02-12,2024-02-19,2,base_28_cm,7.15810493110075e-07,0.0,765.19
2024-02-12,2024-02-19,2,bailey_s,0.0004044184763664763,0.31,765.19
2024-02-12,2024-02-19,2,domo_1_4_plancha,4.685811712163037e-06,0.0,765.19
2024-02-12,2024-02-19,2,colorantes_9_colores,1.4270668188819672e-10,0.0,765.19
2024-02-12,2024-02-19,2,sabrosano,0.008103027907999842,6.2,765.19
2024-02-12,2024-02-19,2,huevo_blanco_tepa_de_linea,2.496266845217472e-07,0.0,765.19
2024-02-12,2024-02-19,2,mangas,0.00015297878079579094,0.12,765.19
2024-02-12,2024-02-19,2,relleno_durazno_puratos,9.77860813972445e-07,0.0,765.19
2024-02-12,2024-02-19,2,kit_kat_9_pz,1.6219382885936408e-05,0.01,765.19
2024-02-12,2024-02-19,2,oblea_arroz,8.750474326148251e-07,0.0,765.19
2024-02-12,2024-02-19,2,huevo_calvario,0.00019932436070294388,0.15,765.19
2024-02-12,2024-02-19,2,bisagra_12_cupcakes,4.771864978905862e-05,0.04,765.19
2024-02-12,2024-02-19,2,chocolate_sin_especificacion,3.046782650992117e-08,0.0,765.19
2024-02-12,2024-02-19,2,caja_cupcake_12,1.457139814429988e-09,0.0,765.19
2024-02-12,2024-02-19,2,empaque_31_x_31_x_20,0.00015520154587769834,0.12,765.19
2024-02-12,2024-02-19,2,oreo_273_6,7.542692848674777e-05,0.06,765.19
2024-02-12,2024-02-19,2,perlas_sin_especificacion,2.646184139536331e-06,0.0,765.19
2024-02-12,2024-02-19,2,chips_chocolate_con_l,5.612380392827582e-09,0.0,765.19
2024-02-12,2024-02-19,2,relleno_fresa_frutifru,8.757142149268941e-06,0.01,765.19
2024-02-12,2024-02-19,2,base_36_cm_doble,3.330614950202231e-08,0.0,765.19
2024-02-12,2024-02-19,2,harina_red_velvet_esp,2.3740591956498087e-13,0.0,765.19
2024-02-12,2024-02-19,2,mantequilla_gloria_verde,0.0015221312185070667,1.17,765.19
2024-02-12,2024-02-19,2,caja_cupcake_6,8.789945258349042e-07,0.0,765.19
2024-02-12,2024-02-19,2,botellas_jack_daniels,1.2563769652666596e-05,0.01,765.19
2024-02-12,2024-02-19,2,royal_icing_sin_especificacion,0.001542636411075626,1.18,765.19
2024-02-12,2024-02-19,2,azucar_glass,4.183532956827801e-05,0.03,765.19
2024-02-12,2024-02-19,2,kisses_leche_choc_bl_807_gr,5.419837825551018e-09,0.0,765.19
2024-02-12,2024-02-19,2,dlr_malvavisco_chocolate_32_pz,3.4738156114611058e-06,0.0,765.19
2024-02-12,2024-02-19,2,alpezzi_blanco,1.7466390545357713e-05,0.01,765.19
2024-02-12,2024-02-19,2,relleno_queso_creme_p,1.4657102901360018e-06,0.0,765.19
2024-02-12,2024-02-19,2,ac_au800,3.835767378888686e-09,0.0,765.19
2024-02-12,2024-02-19,2,domo_cupcake_6,3.14094241317252e-06,0.0,765.19
2024-02-12,2024-02-19,2,caja_cupcake_sin_capacidad,6.738933065099221e-14,0.0,765.19
2024-02-12,2024-02-19,2,red_velvet,2.404014244643642e-11,0.0,765.19
2024-02-12,2024-02-19,2,cereza_con_rabo_diana,6.10482164099963e-06,0.0,765.19
2024-02-12,2024-02-19,2,charola_galletera_alta_grande,0.00968587928419653,7.41,765.19
2024-02-12,2024-02-19,2,mantequilla_gloria_22,3.6320011151106056e-08,0.0,765.19
2024-02-12,2024-02-19,2,domo_cupcake_sin_capacidad,3.0624530913910615e-18,0.0,765.19
2024-02-12,2024-02-19,2,relleno_zarzamora_fruitfil_puratos,0.0015569160303981798,1.19,765.19
2024-02-12,2024-02-19,2,chips_rojo_alpezzi,0.011943169969325276,9.14,765.19
2024-02-12,2024-02-19,2,capacillo_floreado_alegria,0.0002768769803643954,0.21,765.19
2024-02-12,2024-02-19,2,inix_contenedor_mantecadas,1.942509527846838e-18,0.0,765.19
2024-02-12,2024-02-19,2,otros,0.30048808747480515,229.93,765.19
2024-02-12,2024-02-26,3,fondant_sin_especificacion,9.179392496048949e-05,0.07,779.2799999999999
2024-02-12,2024-02-26,3,nutella,0.0030326106105645215,2.36,779.2799999999999
2024-02-12,2024-02-26,3,tegral_satin_creme_cake_sabor_no_especificado,1.9426892079700417e-05,0.02,779.2799999999999
2024-02-12,2024-02-26,3,chantilly_sin_especificacion,6.512795467826572e-11,0.0,779.2799999999999
2024-02-12,2024-02-26,3,crema_batir_ambiente_1_l,0.04507699525773118,35.13,779.2799999999999
2024-02-12,2024-02-26,3,queso_philadelphia,0.021313490561834868,16.61,779.2799999999999
2024-02-12,2024-02-26,3,tegral_satin_red_velvet,0.05597428589809856,43.62,779.2799999999999
2024-02-12,2024-02-26,3,easy_pastel_tres_leches_sabor_no_especificado,4.201119482439602e-09,0.0,779.2799999999999
2024-02-12,2024-02-26,3,transfer_sin_especificacion,7.370259978969542e-06,0.01,779.2799999999999
2024-02-12,2024-02-26,3,chantilly_dulce,0.009810391145706516,7.65,779.2799999999999
2024-02-12,2024-02-26,3,chantilly_asturias,0.00558600524618193,4.35,779.2799999999999
2024-02-12,2024-02-26,3,chips_blanco_alpezzi,0.012568900328978073,9.79,779.2799999999999
2024-02-12,2024-02-26,3,fondant_nata_coco_blanco,0.09685063243793758,75.47,779.2799999999999
2024-02-12,2024-02-26,3,chantilly_dull,2.375738424998987e-09,0.0,779.2799999999999
2024-02-12,2024-02-26,3,capacillos,7.882724299474004e-07,0.0,779.2799999999999
2024-02-12,2024-02-26,3,huevo_sin_especificacion,0.0091101315473576,7.1,779.2799999999999
2024-02-12,2024-02-26,3,contenedor_mantecadas_inix_25_pz,0.11085312702238068,86.39,779.2799999999999
2024-02-12,2024-02-26,3,confitier_semiamargo_turin,0.006124396199812404,4.77,779.2799999999999
2024-02-12,2024-02-26,3,chips_chocolate_semi,1.421374771288804e-05,0.01,779.2799999999999
2024-02-12,2024-02-26,3,tegral_satin_vainilla,0.04509410537147374,35.14,779.2799999999999
2024-02-12,2024-02-26,3,transfer_hoja_de_arroz_gruesa,0.019988677841656602,15.58,779.2799999999999
2024-02-12,2024-02-26,3,tegral_satin_chocolate,0.06417984415870608,50.01,779.2799999999999
2024-02-12,2024-02-26,3,domo_cupcake_12,0.008757975115770344,6.82,779.2799999999999
2024-02-12,2024-02-26,3,mantequilla_gloria_presentacion_no_especificada,0.14295960998623058,111.41,779.2799999999999
2024-02-12,2024-02-26,3,ferrero_rocher_t16,0.00018636640109990135,0.15,779.2799999999999
2024-02-12,2024-02-26,3,huevo_san_juan,6.399121956699199e-06,0.0,779.2799999999999
2024-02-12,2024-02-26,3,relleno_zarzamora_puratos,2.270276845510945e-06,0.0,779.2799999999999
2024-02-12,2024-02-26,3,aceite_sin_especificacion,1.9271759944759748e-11,0.0,779.2799999999999
2024-02-12,2024-02-26,3,matizador,6.542916997572666e-05,0.05,779.2799999999999
2024-02-12,2024-02-26,3,caja_de_carton_para_cupcake_6_pz,1.715984684452156e-16,0.0,779.2799999999999
2024-02-12,2024-02-26,3,carlos_v_stick,9.78381676510824e-06,0.01,779.2799999999999
2024-02-12,2024-02-26,3,kisses_leche,0.00248457755179331,1.94,779.2799999999999
2024-02-12,2024-02-26,3,empaque_32_x_32_x_30,0.00024328890975422985,0.19,779.2799999999999
2024-02-12,2024-02-26,3,ferrero_sin_especificacion,9.32662557492574e-09,0.0,779.2799999999999
2024-02-12,2024-02-26,3,domo_media_plancha_inix,0.003023845551757653,2.36,779.2799999999999
2024-02-12,2024-02-26,3,deiman_plumones_magicos,4.0706555065122675e-18,0.0,779.2799999999999
2024-02-12,2024-02-26,3,empaque_30_x_30_x_30,0.00022651036425393815,0.18,779.2799999999999
2024-02-12,2024-02-26,3,queso_crema_suelto,2.1949802514589037e-09,0.0,779.2799999999999
2024-02-12,2024-02-26,3,royal_icing_deiman_50_sin_unidad,1.9791262890561023e-09,0.0,779.2799999999999
2024-02-12,2024-02-26,3,pegamento_fondant,6.076960081080381e-05,0.05,779.2799999999999
2024-02-12,2024-02-26,3,base_28_cm,7.15810493110075e-07,0.0,779.2799999999999
2024-02-12,2024-02-26,3,bailey_s,0.0004044184763664763,0.32,779.2799999999999
2024-02-12,2024-02-26,3,domo_1_4_plancha,4.685811712163037e-06,0.0,779.2799999999999
2024-02-12,2024-02-26,3,colorantes_9_colores,1.4270668188819672e-10,0.0,779.2799999999999
2024-02-12,2024-02-26,3,sabrosano,0.008103027907999842,6.31,779.2799999999999
2024-02-12,2024-02-26,3,huevo_blanco_tepa_de_linea,2.496266845217472e-07,0.0,779.2799999999999
2024-02-12,2024-02-26,3,mangas,0.00015297878079579094,0.12,779.2799999999999
2024-02-12,2024-02-26,3,relleno_durazno_puratos,9.77860813972445e-07,0.0,779.2799999999999
2024-02-12,2024-02-26,3,kit_kat_9_pz,1.6219382885936408e-05,0.01,779.2799999999999
2024-02-12,2024-02-26,3,oblea_arroz,8.750474326148251e-07,0.0,779.2799999999999
2024-02-12,2024-02-26,3,huevo_calvario,0.00019932436070294388,0.16,779.2799999999999
2024-02-12,2024-02-26,3,bisagra_12_cupcakes,4.771864978905862e-05,0.04,779.2799999999999
2024-02-12,2024-02-26,3,chocolate_sin_especificacion,3.046782650992117e-08,0.0,779.2799999999999
2024-02-12,2024-02-26,3,caja_cupcake_12,1.457139814429988e-09,0.0,779.2799999999999
2024-02-12,2024-02-26,3,empaque_31_x_31_x_20,0.00015520154587769834,0.12,779.2799999999999
2024-02-12,2024-02-26,3,oreo_273_6,7.542692848674777e-05,0.06,779.2799999999999
2024-02-12,2024-02-26,3,perlas_sin_especificacion,2.646184139536331e-06,0.0,779.2799999999999
2024-02-12,2024-02-26,3,chips_chocolate_con_l,5.612380392827582e-09,0.0,779.2799999999999
2024-02-12,2024-02-26,3,relleno_fresa_frutifru,8.757142149268941e-06,0.01,779.2799999999999
2024-02-12,2024-02-26,3,base_36_cm_doble,3.330614950202231e-08,0.0,779.2799999999999
2024-02-12,2024-02-26,3,harina_red_velvet_esp,2.3740591956498087e-13,0.0,779.2799999999999
2024-02-12,2024-02-26,3,mantequilla_gloria_verde,0.0015221312185070667,1.19,779.2799999999999
2024-02-12,2024-02-26,3,caja_cupcake_6,8.789945258349042e-07,0.0,779.2799999999999
2024-02-12,2024-02-26,3,botellas_jack_daniels,1.2563769652666596e-05,0.01,779.2799999999999
2024-02-12,2024-02-26,3,royal_icing_sin_especificacion,0.001542636411075626,1.2,779.2799999999999
2024-02-12,2024-02-26,3,azucar_glass,4.183532956827801e-05,0.03,779.2799999999999
2024-02-12,2024-02-26,3,kisses_leche_choc_bl_807_gr,5.419837825551018e-09,0.0,779.2799999999999
2024-02-12,2024-02-26,3,dlr_malvavisco_chocolate_32_pz,3.4738156114611058e-06,0.0,779.2799999999999
2024-02-12,2024-02-26,3,alpezzi_blanco,1.7466390545357713e-05,0.01,779.2799999999999
2024-02-12,2024-02-26,3,relleno_queso_creme_p,1.4657102901360018e-06,0.0,779.2799999999999
2024-02-12,2024-02-26,3,ac_au800,3.835767378888686e-09,0.0,779.2799999999999
2024-02-12,2024-02-26,3,domo_cupcake_6,3.14094241317252e-06,0.0,779.2799999999999
2024-02-12,2024-02-26,3,caja_cupcake_sin_capacidad,6.738933065099221e-14,0.0,779.2799999999999
2024-02-12,2024-02-26,3,red_velvet,2.404014244643642e-11,0.0,779.2799999999999
2024-02-12,2024-02-26,3,cereza_con_rabo_diana,6.10482164099963e-06,0.0,779.2799999999999
2024-02-12,2024-02-26,3,charola_galletera_alta_grande,0.00968587928419653,7.55,779.2799999999999
2024-02-12,2024-02-26,3,mantequilla_gloria_22,3.6320011151106056e-08,0.0,779.2799999999999
2024-02-12,2024-02-26,3,domo_cupcake_sin_capacidad,3.0624530913910615e-18,0.0,779.2799999999999
2024-02-12,2024-02-26,3,relleno_zarzamora_fruitfil_puratos,0.0015569160303981798,1.21,779.2799999999999
2024-02-12,2024-02-26,3,chips_rojo_alpezzi,0.011943169969325276,9.31,779.2799999999999
2024-02-12,2024-02-26,3,capacillo_floreado_alegria,0.0002768769803643954,0.22,779.2799999999999
2024-02-12,2024-02-26,3,inix_contenedor_mantecadas,1.942509527846838e-18,0.0,779.2799999999999
2024-02-12,2024-02-26,3,otros,0.30048808747480515,234.16,779.2799999999999
2024-02-12,2024-03-04,4,fondant_sin_especificacion,9.179392496048949e-05,0.05,539.67
2024-02-12,2024-03-04,4,nutella,0.0030326106105645215,1.64,539.67
2024-02-12,2024-03-04,4,tegral_satin_creme_cake_sabor_no_especificado,1.9426892079700417e-05,0.01,539.67
2024-02-12,2024-03-04,4,chantilly_sin_especificacion,6.512795467826572e-11,0.0,539.67
2024-02-12,2024-03-04,4,crema_batir_ambiente_1_l,0.04507699525773118,24.33,539.67
2024-02-12,2024-03-04,4,queso_philadelphia,0.021313490561834868,11.5,539.67
2024-02-12,2024-03-04,4,tegral_satin_red_velvet,0.05597428589809856,30.21,539.67
2024-02-12,2024-03-04,4,easy_pastel_tres_leches_sabor_no_especificado,4.201119482439602e-09,0.0,539.67
2024-02-12,2024-03-04,4,transfer_sin_especificacion,7.370259978969542e-06,0.0,539.67
2024-02-12,2024-03-04,4,chantilly_dulce,0.009810391145706516,5.29,539.67
2024-02-12,2024-03-04,4,chantilly_asturias,0.00558600524618193,3.01,539.67
2024-02-12,2024-03-04,4,chips_blanco_alpezzi,0.012568900328978073,6.78,539.67
2024-02-12,2024-03-04,4,fondant_nata_coco_blanco,0.09685063243793758,52.27,539.67
2024-02-12,2024-03-04,4,chantilly_dull,2.375738424998987e-09,0.0,539.67
2024-02-12,2024-03-04,4,capacillos,7.882724299474004e-07,0.0,539.67
2024-02-12,2024-03-04,4,huevo_sin_especificacion,0.0091101315473576,4.92,539.67
2024-02-12,2024-03-04,4,contenedor_mantecadas_inix_25_pz,0.11085312702238068,59.82,539.67
2024-02-12,2024-03-04,4,confitier_semiamargo_turin,0.006124396199812404,3.31,539.67
2024-02-12,2024-03-04,4,chips_chocolate_semi,1.421374771288804e-05,0.01,539.67
2024-02-12,2024-03-04,4,tegral_satin_vainilla,0.04509410537147374,24.34,539.67
2024-02-12,2024-03-04,4,transfer_hoja_de_arroz_gruesa,0.019988677841656602,10.79,539.67
2024-02-12,2024-03-04,4,tegral_satin_chocolate,0.06417984415870608,34.64,539.67
2024-02-12,2024-03-04,4,domo_cupcake_12,0.008757975115770344,4.73,539.67
2024-02-12,2024-03-04,4,mantequilla_gloria_presentacion_no_especificada,0.14295960998623058,77.15,539.67
2024-02-12,2024-03-04,4,ferrero_rocher_t16,0.00018636640109990135,0.1,539.67
2024-02-12,2024-03-04,4,huevo_san_juan,6.399121956699199e-06,0.0,539.67
2024-02-12,2024-03-04,4,relleno_zarzamora_puratos,2.270276845510945e-06,0.0,539.67
2024-02-12,2024-03-04,4,aceite_sin_especificacion,1.9271759944759748e-11,0.0,539.67
2024-02-12,2024-03-04,4,matizador,6.542916997572666e-05,0.04,539.67
2024-02-12,2024-03-04,4,caja_de_carton_para_cupcake_6_pz,1.715984684452156e-16,0.0,539.67
2024-02-12,2024-03-04,4,carlos_v_stick,9.78381676510824e-06,0.01,539.67
2024-02-12,2024-03-04,4,kisses_leche,0.00248457755179331,1.34,539.67
2024-02-12,2024-03-04,4,empaque_32_x_32_x_30,0.00024328890975422985,0.13,539.67
2024-02-12,2024-03-04,4,ferrero_sin_especificacion,9.32662557492574e-09,0.0,539.67
2024-02-12,2024-03-04,4,domo_media_plancha_inix,0.003023845551757653,1.63,539.67
2024-02-12,2024-03-04,4,deiman_plumones_magicos,4.0706555065122675e-18,0.0,539.67
2024-02-12,2024-03-04,4,empaque_30_x_30_x_30,0.00022651036425393815,0.12,539.67
2024-02-12,2024-03-04,4,queso_crema_suelto,2.1949802514589037e-09,0.0,539.67
2024-02-12,2024-03-04,4,royal_icing_deiman_50_sin_unidad,1.9791262890561023e-09,0.0,539.67
2024-02-12,2024-03-04,4,pegamento_fondant,6.076960081080381e-05,0.03,539.67
2024-02-12,2024-03-04,4,base_28_cm,7.15810493110075e-07,0.0,539.67
2024-02-12,2024-03-04,4,bailey_s,0.0004044184763664763,0.22,539.67
2024-02-12,2024-03-04,4,domo_1_4_plancha,4.685811712163037e-06,0.0,539.67
2024-02-12,2024-03-04,4,colorantes_9_colores,1.4270668188819672e-10,0.0,539.67
2024-02-12,2024-03-04,4,sabrosano,0.008103027907999842,4.37,539.67
2024-02-12,2024-03-04,4,huevo_blanco_tepa_de_linea,2.496266845217472e-07,0.0,539.67
2024-02-12,2024-03-04,4,mangas,0.00015297878079579094,0.08,539.67
2024-02-12,2024-03-04,4,relleno_durazno_puratos,9.77860813972445e-07,0.0,539.67
2024-02-12,2024-03-04,4,kit_kat_9_pz,1.6219382885936408e-05,0.01,539.67
2024-02-12,2024-03-04,4,oblea_arroz,8.750474326148251e-07,0.0,539.67
2024-02-12,2024-03-04,4,huevo_calvario,0.00019932436070294388,0.11,539.67
2024-02-12,2024-03-04,4,bisagra_12_cupcakes,4.771864978905862e-05,0.03,539.67
2024-02-12,2024-03-04,4,chocolate_sin_especificacion,3.046782650992117e-08,0.0,539.67
2024-02-12,2024-03-04,4,caja_cupcake_12,1.457139814429988e-09,0.0,539.67
2024-02-12,2024-03-04,4,empaque_31_x_31_x_20,0.00015520154587769834,0.08,539.67
2024-02-12,2024-03-04,4,oreo_273_6,7.542692848674777e-05,0.04,539.67
2024-02-12,2024-03-04,4,perlas_sin_especificacion,2.646184139536331e-06,0.0,539.67
2024-02-12,2024-03-04,4,chips_chocolate_con_l,5.612380392827582e-09,0.0,539.67
2024-02-12,2024-03-04,4,relleno_fresa_frutifru,8.757142149268941e-06,0.01,539.67
2024-02-12,2024-03-04,4,base_36_cm_doble,3.330614950202231e-08,0.0,539.67
2024-02-12,2024-03-04,4,harina_red_velvet_esp,2.3740591956498087e-13,0.0,539.67
2024-02-12,2024-03-04,4,mantequilla_gloria_verde,0.0015221312185070667,0.82,539.67
2024-02-12,2024-03-04,4,caja_cupcake_6,8.789945258349042e-07,0.0,539.67
2024-02-12,2024-03-04,4,botellas_jack_daniels,1.2563769652666596e-05,0.01,539.67
2024-02-12,2024-03-04,4,royal_icing_sin_especificacion,0.001542636411075626,0.83,539.67
2024-02-12,2024-03-04,4,azucar_glass,4.183532956827801e-05,0.02,539.67
2024-02-12,2024-03-04,4,kisses_leche_choc_bl_807_gr,5.419837825551018e-09,0.0,539.67
2024-02-12,2024-03-04,4,dlr_malvavisco_chocolate_32_pz,3.4738156114611058e-06,0.0,539.67
2024-02-12,2024-03-04,4,alpezzi_blanco,1.7466390545357713e-05,0.01,539.67
2024-02-12,2024-03-04,4,relleno_queso_creme_p,1.4657102901360018e-06,0.0,539.67
2024-02-12,2024-03-04,4,ac_au800,3.835767378888686e-09,0.0,539.67
2024-02-12,2024-03-04,4,domo_cupcake_6,3.14094241317252e-06,0.0,539.67
2024-02-12,2024-03-04,4,caja_cupcake_sin_capacidad,6.738933065099221e-14,0.0,539.67
2024-02-12,2024-03-04,4,red_velvet,2.404014244643642e-11,0.0,539.67
2024-02-12,2024-03-04,4,cereza_con_rabo_diana,6.10482164099963e-06,0.0,539.67
2024-02-12,2024-03-04,4,charola_galletera_alta_grande,0.00968587928419653,5.23,539.67
2024-02-12,2024-03-04,4,mantequilla_gloria_22,3.6320011151106056e-08,0.0,539.67
2024-02-12,2024-03-04,4,domo_cupcake_sin_capacidad,3.0624530913910615e-18,0.0,539.67
2024-02-12,2024-03-04,4,relleno_zarzamora_fruitfil_puratos,0.0015569160303981798,0.84,539.67
2024-02-12,2024-03-04,4,chips_rojo_alpezzi,0.011943169969325276,6.45,539.67
2024-02-12,2024-03-04,4,capacillo_floreado_alegria,0.0002768769803643954,0.15,539.67
2024-02-12,2024-03-04,4,inix_contenedor_mantecadas,1.942509527846838e-18,0.0,539.67
2024-02-12,2024-03-04,4,otros,0.30048808747480515,162.16,539.67
2024-02-19,2024-02-19,1,fondant_sin_especificacion,5.80728404065463e-05,0.04,747.0400000000001
2024-02-19,2024-02-19,1,nutella,0.0019185617357392202,1.43,747.0400000000001
2024-02-19,2024-02-19,1,tegral_satin_creme_cake_sabor_no_especificado,1.2290299209073334e-05,0.01,747.0400000000001
2024-02-19,2024-02-19,1,chantilly_sin_especificacion,4.120278460326922e-11,0.0,747.0400000000001
2024-02-19,2024-02-19,1,crema_batir_ambiente_1_l,0.05042274705135294,37.67,747.0400000000001
2024-02-19,2024-02-19,1,queso_philadelphia,0.025100170745351546,18.75,747.0400000000001
2024-02-19,2024-02-19,1,tegral_satin_red_velvet,0.047359996620760125,35.38,747.0400000000001
2024-02-19,2024-02-19,1,easy_pastel_tres_leches_sabor_no_especificado,2.657811411131607e-09,0.0,747.0400000000001
2024-02-19,2024-02-19,1,transfer_sin_especificacion,4.6627479073117425e-06,0.0,747.0400000000001
2024-02-19,2024-02-19,1,chantilly_dulce,0.04155330505928839,31.04,747.0400000000001
2024-02-19,2024-02-19,1,chantilly_asturias,0.03755319406313207,28.05,747.0400000000001
2024-02-19,2024-02-19,1,chips_blanco_alpezzi,0.028861023223634638,21.56,747.0400000000001
2024-02-19,2024-02-19,1,fondant_nata_coco_blanco,0.08881922397167004,66.35,747.0400000000001
2024-02-19,2024-02-19,1,chantilly_dull,1.5029957424965758e-09,0.0,747.0400000000001
2024-02-19,2024-02-19,1,capacillos,4.986955186949413e-07,0.0,747.0400000000001
2024-02-19,2024-02-19,1,huevo_sin_especificacion,0.005763466543783352,4.31,747.0400000000001
2024-02-19,2024-02-19,1,contenedor_mantecadas_inix_25_pz,0.07013052287401603,52.39,747.0400000000001
2024-02-19,2024-02-19,1,confitier_semiamargo_turin,0.003874560143835774,2.89,747.0400000000001
2024-02-19,2024-02-19,1,chips_chocolate_semi,8.992236717895522e-06,0.01,747.0400000000001
2024-02-19,2024-02-19,1,tegral_satin_vainilla,0.046450830951018825,34.7,747.0400000000001
2024-02-19,2024-02-19,1,transfer_hoja_de_arroz_gruesa,0.012645709383665975,9.45,747.0400000000001
2024-02-19,2024-02-19,1,tegral_satin_chocolate,0.05122361041667839,38.27,747.0400000000001
2024-02-19,2024-02-19,1,domo_cupcake_12,0.005540677026301577,4.14,747.0400000000001
2024-02-19,2024-02-19,1,mantequilla_gloria_presentacion_no_especificada,0.09044248428080509,67.56,747.0400000000001
2024-02-19,2024-02-19,1,ferrero_rocher_t16,0.00011790351347189255,0.09,747.0400000000001
2024-02-19,2024-02-19,1,huevo_san_juan,4.048363639460583e-06,0.0,747.0400000000001
2024-02-19,2024-02-19,1,relleno_zarzamora_puratos,1.4362761477383445e-06,0.0,747.0400000000001
2024-02-19,2024-02-19,1,aceite_sin_especificacion,1.219215585461699e-11,0.0,747.0400000000001
2024-02-19,2024-02-19,1,matizador,4.139334653756922e-05,0.03,747.0400000000001
2024-02-19,2024-02-19,1,caja_de_carton_para_cupcake_6_pz,1.0856067518973683e-16,0.0,747.0400000000001
2024-02-19,2024-02-19,1,carlos_v_stick,6.189669194465537e-06,0.01,747.0400000000001
2024-02-19,2024-02-19,1,kisses_leche,0.0015718521209882367,1.17,747.0400000000001
2024-02-19,2024-02-19,1,empaque_32_x_32_x_30,0.00015391517505021498,0.12,747.0400000000001
2024-02-19,2024-02-19,1,ferrero_sin_especificacion,5.900430107737574e-09,0.0,747.0400000000001
2024-02-19,2024-02-19,1,domo_media_plancha_inix,0.0019130165772609827,1.43,747.0400000000001
2024-02-19,2024-02-19,1,deiman_plumones_magicos,2.575274209937817e-18,0.0,747.0400000000001
2024-02-19,2024-02-19,1,empaque_30_x_30_x_30,0.00014330033539157946,0.11,747.0400000000001
2024-02-19,2024-02-19,1,queso_crema_suelto,1.3886402383748127e-09,0.0,747.0400000000001
2024-02-19,2024-02-19,1,royal_icing_deiman_50_sin_unidad,1.252081607559821e-09,0.0,747.0400000000001
2024-02-19,2024-02-19,1,pegamento_fondant,3.844549986259264e-05,0.03,747.0400000000001
2024-02-19,2024-02-19,1,base_28_cm,4.5285293711544683e-07,0.0,747.0400000000001
2024-02-19,2024-02-19,1,bailey_s,0.0002558527663524342,0.19,747.0400000000001
2024-02-19,2024-02-19,1,domo_1_4_plancha,2.964448854896405e-06,0.0,747.0400000000001
2024-02-19,2024-02-19,1,colorantes_9_colores,9.028247093484808e-11,0.0,747.0400000000001
2024-02-19,2024-02-19,1,sabrosano,0.005126328857967556,3.83,747.0400000000001
2024-02-19,2024-02-19,1,huevo_blanco_tepa_de_linea,1.5792472778221862e-07,0.0,747.0400000000001
2024-02-19,2024-02-19,1,mangas,0.002420046459680644,1.81,747.0400000000001
2024-02-19,2024-02-19,1,relleno_durazno_puratos,0.010289365457418756,7.69,747.0400000000001
2024-02-19,2024-02-19,1,kit_kat_9_pz,0.007477899909983637,5.59,747.0400000000001
2024-02-19,2024-02-19,1,oblea_arroz,5.535931699649141e-07,0.0,747.0400000000001
2024-02-19,2024-02-19,1,huevo_calvario,0.013401903632274356,10.01,747.0400000000001
2024-02-19,2024-02-19,1,bisagra_12_cupcakes,3.0188899045428707e-05,0.02,747.0400000000001
2024-02-19,2024-02-19,1,chocolate_sin_especificacion,1.9275275866094286e-08,0.0,747.0400000000001
2024-02-19,2024-02-19,1,caja_cupcake_12,9.218501979280215e-10,0.0,747.0400000000001
2024-02-19,2024-02-19,1,empaque_31_x_31_x_20,9.818726684237852e-05,0.07,747.0400000000001
2024-02-19,2024-02-19,1,oreo_273_6,4.7718364611299296e-05,0.04,747.0400000000001
2024-02-19,2024-02-19,1,perlas_sin_especificacion,1.6740914966624607e-06,0.0,747.0400000000001
2024-02-19,2024-02-19,1,chips_chocolate_con_l,3.5506366134119803e-09,0.0,747.0400000000001
2024-02-19,2024-02-19,1,relleno_fresa_frutifru,5.5401500553640045e-06,0.0,747.0400000000001
2024-02-19,2024-02-19,1,base_36_cm_doble,2.1070922780783545e-08,0.0,747.0400000000001
2024-02-19,2024-02-19,1,harina_red_velvet_esp,1.5019333887728109e-13,0.0,747.0400000000001
2024-02-19,2024-02-19,1,mantequilla_gloria_verde,0.0009629665946654971,0.72,747.0400000000001
2024-02-19,2024-02-19,1,caja_cupcake_6,5.560902732834404e-07,0.0,747.0400000000001
2024-02-19,2024-02-19,1,botellas_jack_daniels,7.948388635282365e-06,0.01,747.0400000000001
2024-02-19,2024-02-19,1,royal_icing_sin_especificacion,0.0009759390737925417,0.73,747.0400000000001
2024-02-19,2024-02-19,1,azucar_glass,2.6466854080153945e-05,0.02,747.0400000000001
2024-02-19,2024-02-19,1,kisses_leche_choc_bl_807_gr,3.4288257878510142e-09,0.0,747.0400000000001
2024-02-19,2024-02-19,1,dlr_malvavisco_chocolate_32_pz,2.1976872619073823e-06,0.0,747.0400000000001
2024-02-19,2024-02-19,1,alpezzi_blanco,1.1050000433640451e-05,0.01,747.0400000000001
2024-02-19,2024-02-19,1,relleno_queso_creme_p,9.272722546501601e-07,0.0,747.0400000000001
2024-02-19,2024-02-19,1,ac_au800,2.426673736052993e-09,0.0,747.0400000000001
2024-02-19,2024-02-19,1,domo_cupcake_6,1.987097158824305e-06,0.0,747.0400000000001
2024-02-19,2024-02-19,1,caja_cupcake_sin_capacidad,4.263342967068375e-14,0.0,747.0400000000001
2024-02-19,2024-02-19,1,red_velvet,1.5208842592180813e-11,0.0,747.0400000000001
2024-02-19,2024-02-19,1,cereza_con_rabo_diana,3.86217642421106e-06,0.0,747.0400000000001
2024-02-19,2024-02-19,1,charola_galletera_alta_grande,0.006127709672620787,4.58,747.0400000000001
2024-02-19,2024-02-19,1,mantequilla_gloria_22,2.297762310577766e-08,0.0,747.0400000000001
2024-02-19,2024-02-19,1,domo_cupcake_sin_capacidad,1.9374413906523418e-18,0.0,747.0400000000001
2024-02-19,2024-02-19,1,relleno_zarzamora_fruitfil_puratos,0.0009849729837636192,0.74,747.0400000000001
2024-02-19,2024-02-19,1,chips_rojo_alpezzi,0.007555770208926306,5.64,747.0400000000001
2024-02-19,2024-02-19,1,capacillo_floreado_alegria,0.00017516445341964434,0.13,747.0400000000001
2024-02-19,2024-02-19,1,inix_contenedor_mantecadas,1.228916247424872e-18,0.0,747.0400000000001
2024-02-19,2024-02-19,1,otros,0.3322674584696868,248.22,747.0400000000001
2024-02-19,2024-02-26,2,fondant_sin_especificacion,5.80728404065463e-05,0.04,703.49
2024-02-19,2024-02-26,2,nutella,0.0019185617357392202,1.35,703.49
2024-02-19,2024-02-26,2,tegral_satin_creme_cake_sabor_no_especificado,1.2290299209073334e-05,0.01,703.49
2024-02-19,2024-02-26,2,chantilly_sin_especificacion,4.120278460326922e-11,0.0,703.49
2024-02-19,2024-02-26,2,crema_batir_ambiente_1_l,0.05042274705135294,35.47,703.49
2024-02-19,2024-02-26,2,queso_philadelphia,0.025100170745351546,17.66,703.49
2024-02-19,2024-02-26,2,tegral_satin_red_velvet,0.047359996620760125,33.32,703.49
2024-02-19,2024-02-26,2,easy_pastel_tres_leches_sabor_no_especificado,2.657811411131607e-09,0.0,703.49
2024-02-19,2024-02-26,2,transfer_sin_especificacion,4.6627479073117425e-06,0.0,703.49
2024-02-19,2024-02-26,2,chantilly_dulce,0.04155330505928839,29.23,703.49
2024-02-19,2024-02-26,2,chantilly_asturias,0.03755319406313207,26.42,703.49
2024-02-19,2024-02-26,2,chips_blanco_alpezzi,0.028861023223634638,20.3,703.49
2024-02-19,2024-02-26,2,fondant_nata_coco_blanco,0.08881922397167004,62.48,703.49
2024-02-19,2024-02-26,2,chantilly_dull,1.5029957424965758e-09,0.0,703.49
2024-02-19,2024-02-26,2,capacillos,4.986955186949413e-07,0.0,703.49
2024-02-19,2024-02-26,2,huevo_sin_especificacion,0.005763466543783352,4.05,703.49
2024-02-19,2024-02-26,2,contenedor_mantecadas_inix_25_pz,0.07013052287401603,49.34,703.49
2024-02-19,2024-02-26,2,confitier_semiamargo_turin,0.003874560143835774,2.73,703.49
2024-02-19,2024-02-26,2,chips_chocolate_semi,8.992236717895522e-06,0.01,703.49
2024-02-19,2024-02-26,2,tegral_satin_vainilla,0.046450830951018825,32.68,703.49
2024-02-19,2024-02-26,2,transfer_hoja_de_arroz_gruesa,0.012645709383665975,8.9,703.49
2024-02-19,2024-02-26,2,tegral_satin_chocolate,0.05122361041667839,36.03,703.49
2024-02-19,2024-02-26,2,domo_cupcake_12,0.005540677026301577,3.9,703.49
2024-02-19,2024-02-26,2,mantequilla_gloria_presentacion_no_especificada,0.09044248428080509,63.62,703.49
2024-02-19,2024-02-26,2,ferrero_rocher_t16,0.00011790351347189255,0.08,703.49
2024-02-19,2024-02-26,2,huevo_san_juan,4.048363639460583e-06,0.0,703.49
2024-02-19,2024-02-26,2,relleno_zarzamora_puratos,1.4362761477383445e-06,0.0,703.49
2024-02-19,2024-02-26,2,aceite_sin_especificacion,1.219215585461699e-11,0.0,703.49
2024-02-19,2024-02-26,2,matizador,4.139334653756922e-05,0.03,703.49
2024-02-19,2024-02-26,2,caja_de_carton_para_cupcake_6_pz,1.0856067518973683e-16,0.0,703.49
2024-02-19,2024-02-26,2,carlos_v_stick,6.189669194465537e-06,0.0,703.49
2024-02-19,2024-02-26,2,kisses_leche,0.0015718521209882367,1.11,703.49
2024-02-19,2024-02-26,2,empaque_32_x_32_x_30,0.00015391517505021498,0.11,703.49
2024-02-19,2024-02-26,2,ferrero_sin_especificacion,5.900430107737574e-09,0.0,703.49
2024-02-19,2024-02-26,2,domo_media_plancha_inix,0.0019130165772609827,1.35,703.49
2024-02-19,2024-02-26,2,deiman_plumones_magicos,2.575274209937817e-18,0.0,703.49
2024-02-19,2024-02-26,2,empaque_30_x_30_x_30,0.00014330033539157946,0.1,703.49
2024-02-19,2024-02-26,2,queso_crema_suelto,1.3886402383748127e-09,0.0,703.49
2024-02-19,2024-02-26,2,royal_icing_deiman_50_sin_unidad,1.252081607559821e-09,0.0,703.49
2024-02-19,2024-02-26,2,pegamento_fondant,3.844549986259264e-05,0.03,703.49
2024-02-19,2024-02-26,2,base_28_cm,4.5285293711544683e-07,0.0,703.49
2024-02-19,2024-02-26,2,bailey_s,0.0002558527663524342,0.18,703.49
2024-02-19,2024-02-26,2,domo_1_4_plancha,2.964448854896405e-06,0.0,703.49
2024-02-19,2024-02-26,2,colorantes_9_colores,9.028247093484808e-11,0.0,703.49
2024-02-19,2024-02-26,2,sabrosano,0.005126328857967556,3.61,703.49
2024-02-19,2024-02-26,2,huevo_blanco_tepa_de_linea,1.5792472778221862e-07,0.0,703.49
2024-02-19,2024-02-26,2,mangas,0.002420046459680644,1.7,703.49
2024-02-19,2024-02-26,2,relleno_durazno_puratos,0.010289365457418756,7.24,703.49
2024-02-19,2024-02-26,2,kit_kat_9_pz,0.007477899909983637,5.26,703.49
2024-02-19,2024-02-26,2,oblea_arroz,5.535931699649141e-07,0.0,703.49
2024-02-19,2024-02-26,2,huevo_calvario,0.013401903632274356,9.43,703.49
2024-02-19,2024-02-26,2,bisagra_12_cupcakes,3.0188899045428707e-05,0.02,703.49
2024-02-19,2024-02-26,2,chocolate_sin_especificacion,1.9275275866094286e-08,0.0,703.49
2024-02-19,2024-02-26,2,caja_cupcake_12,9.218501979280215e-10,0.0,703.49
2024-02-19,2024-02-26,2,empaque_31_x_31_x_20,9.818726684237852e-05,0.07,703.49
2024-02-19,2024-02-26,2,oreo_273_6,4.7718364611299296e-05,0.03,703.49
2024-02-19,2024-02-26,2,perlas_sin_especificacion,1.6740914966624607e-06,0.0,703.49
2024-02-19,2024-02-26,2,chips_chocolate_con_l,3.5506366134119803e-09,0.0,703.49
2024-02-19,2024-02-26,2,relleno_fresa_frutifru,5.5401500553640045e-06,0.0,703.49
2024-02-19,2024-02-26,2,base_36_cm_doble,2.1070922780783545e-08,0.0,703.49
2024-02-19,2024-02-26,2,harina_red_velvet_esp,1.5019333887728109e-13,0.0,703.49
2024-02-19,2024-02-26,2,mantequilla_gloria_verde,0.0009629665946654971,0.68,703.49
2024-02-19,2024-02-26,2,caja_cupcake_6,5.560902732834404e-07,0.0,703.49
2024-02-19,2024-02-26,2,botellas_jack_daniels,7.948388635282365e-06,0.01,703.49
2024-02-19,2024-02-26,2,royal_icing_sin_especificacion,0.0009759390737925417,0.69,703.49
2024-02-19,2024-02-26,2,azucar_glass,2.6466854080153945e-05,0.02,703.49
2024-02-19,2024-02-26,2,kisses_leche_choc_bl_807_gr,3.4288257878510142e-09,0.0,703.49
2024-02-19,2024-02-26,2,dlr_malvavisco_chocolate_32_pz,2.1976872619073823e-06,0.0,703.49
2024-02-19,2024-02-26,2,alpezzi_blanco,1.1050000433640451e-05,0.01,703.49
2024-02-19,2024-02-26,2,relleno_queso_creme_p,9.272722546501601e-07,0.0,703.49
2024-02-19,2024-02-26,2,ac_au800,2.426673736052993e-09,0.0,703.49
2024-02-19,2024-02-26,2,domo_cupcake_6,1.987097158824305e-06,0.0,703.49
2024-02-19,2024-02-26,2,caja_cupcake_sin_capacidad,4.263342967068375e-14,0.0,703.49
2024-02-19,2024-02-26,2,red_velvet,1.5208842592180813e-11,0.0,703.49
2024-02-19,2024-02-26,2,cereza_con_rabo_diana,3.86217642421106e-06,0.0,703.49
2024-02-19,2024-02-26,2,charola_galletera_alta_grande,0.006127709672620787,4.31,703.49
2024-02-19,2024-02-26,2,mantequilla_gloria_22,2.297762310577766e-08,0.0,703.49
2024-02-19,2024-02-26,2,domo_cupcake_sin_capacidad,1.9374413906523418e-18,0.0,703.49
2024-02-19,2024-02-26,2,relleno_zarzamora_fruitfil_puratos,0.0009849729837636192,0.69,703.49
2024-02-19,2024-02-26,2,chips_rojo_alpezzi,0.007555770208926306,5.32,703.49
2024-02-19,2024-02-26,2,capacillo_floreado_alegria,0.00017516445341964434,0.12,703.49
2024-02-19,2024-02-26,2,inix_contenedor_mantecadas,1.228916247424872e-18,0.0,703.49
2024-02-19,2024-02-26,2,otros,0.3322674584696868,233.75,703.49
2024-02-19,2024-03-04,3,fondant_sin_especificacion,5.80728404065463e-05,0.05,889.55
2024-02-19,2024-03-04,3,nutella,0.0019185617357392202,1.71,889.55
2024-02-19,2024-03-04,3,tegral_satin_creme_cake_sabor_no_especificado,1.2290299209073334e-05,0.01,889.55
2024-02-19,2024-03-04,3,chantilly_sin_especificacion,4.120278460326922e-11,0.0,889.55
2024-02-19,2024-03-04,3,crema_batir_ambiente_1_l,0.05042274705135294,44.85,889.55
2024-02-19,2024-03-04,3,queso_philadelphia,0.025100170745351546,22.33,889.55
2024-02-19,2024-03-04,3,tegral_satin_red_velvet,0.047359996620760125,42.13,889.55
2024-02-19,2024-03-04,3,easy_pastel_tres_leches_sabor_no_especificado,2.657811411131607e-09,0.0,889.55
2024-02-19,2024-03-04,3,transfer_sin_especificacion,4.6627479073117425e-06,0.0,889.55
2024-02-19,2024-03-04,3,chantilly_dulce,0.04155330505928839,36.96,889.55
2024-02-19,2024-03-04,3,chantilly_asturias,0.03755319406313207,33.41,889.55
2024-02-19,2024-03-04,3,chips_blanco_alpezzi,0.028861023223634638,25.67,889.55
2024-02-19,2024-03-04,3,fondant_nata_coco_blanco,0.08881922397167004,79.01,889.55
2024-02-19,2024-03-04,3,chantilly_dull,1.5029957424965758e-09,0.0,889.55
2024-02-19,2024-03-04,3,capacillos,4.986955186949413e-07,0.0,889.55
2024-02-19,2024-03-04,3,huevo_sin_especificacion,0.005763466543783352,5.13,889.55
2024-02-19,2024-03-04,3,contenedor_mantecadas_inix_25_pz,0.07013052287401603,62.38,889.55
2024-02-19,2024-03-04,3,confitier_semiamargo_turin,0.003874560143835774,3.45,889.55
2024-02-19,2024-03-04,3,chips_chocolate_semi,8.992236717895522e-06,0.01,889.55
2024-02-19,2024-03-04,3,tegral_satin_vainilla,0.046450830951018825,41.32,889.55
2024-02-19,2024-03-04,3,transfer_hoja_de_arroz_gruesa,0.012645709383665975,11.25,889.55
2024-02-19,2024-03-04,3,tegral_satin_chocolate,0.05122361041667839,45.57,889.55
2024-02-19,2024-03-04,3,domo_cupcake_12,0.005540677026301577,4.93,889.55
2024-02-19,2024-03-04,3,mantequilla_gloria_presentacion_no_especificada,0.09044248428080509,80.45,889.55
2024-02-19,2024-03-04,3,ferrero_rocher_t16,0.00011790351347189255,0.1,889.55
2024-02-19,2024-03-04,3,huevo_san_juan,4.048363639460583e-06,0.0,889.55
2024-02-19,2024-03-04,3,relleno_zarzamora_puratos,1.4362761477383445e-06,0.0,889.55
2024-02-19,2024-03-04,3,aceite_sin_especificacion,1.219215585461699e-11,0.0,889.55
2024-02-19,2024-03-04,3,matizador,4.139334653756922e-05,0.04,889.55
2024-02-19,2024-03-04,3,caja_de_carton_para_cupcake_6_pz,1.0856067518973683e-16,0.0,889.55
2024-02-19,2024-03-04,3,carlos_v_stick,6.189669194465537e-06,0.01,889.55
2024-02-19,2024-03-04,3,kisses_leche,0.0015718521209882367,1.4,889.55
2024-02-19,2024-03-04,3,empaque_32_x_32_x_30,0.00015391517505021498,0.14,889.55
2024-02-19,2024-03-04,3,ferrero_sin_especificacion,5.900430107737574e-09,0.0,889.55
2024-02-19,2024-03-04,3,domo_media_plancha_inix,0.0019130165772609827,1.7,889.55
2024-02-19,2024-03-04,3,deiman_plumones_magicos,2.575274209937817e-18,0.0,889.55
2024-02-19,2024-03-04,3,empaque_30_x_30_x_30,0.00014330033539157946,0.13,889.55
2024-02-19,2024-03-04,3,queso_crema_suelto,1.3886402383748127e-09,0.0,889.55
2024-02-19,2024-03-04,3,royal_icing_deiman_50_sin_unidad,1.252081607559821e-09,0.0,889.55
2024-02-19,2024-03-04,3,pegamento_fondant,3.844549986259264e-05,0.03,889.55
2024-02-19,2024-03-04,3,base_28_cm,4.5285293711544683e-07,0.0,889.55
2024-02-19,2024-03-04,3,bailey_s,0.0002558527663524342,0.23,889.55
2024-02-19,2024-03-04,3,domo_1_4_plancha,2.964448854896405e-06,0.0,889.55
2024-02-19,2024-03-04,3,colorantes_9_colores,9.028247093484808e-11,0.0,889.55
2024-02-19,2024-03-04,3,sabrosano,0.005126328857967556,4.56,889.55
2024-02-19,2024-03-04,3,huevo_blanco_tepa_de_linea,1.5792472778221862e-07,0.0,889.55
2024-02-19,2024-03-04,3,mangas,0.002420046459680644,2.15,889.55
2024-02-19,2024-03-04,3,relleno_durazno_puratos,0.010289365457418756,9.15,889.55
2024-02-19,2024-03-04,3,kit_kat_9_pz,0.007477899909983637,6.65,889.55
2024-02-19,2024-03-04,3,oblea_arroz,5.535931699649141e-07,0.0,889.55
2024-02-19,2024-03-04,3,huevo_calvario,0.013401903632274356,11.92,889.55
2024-02-19,2024-03-04,3,bisagra_12_cupcakes,3.0188899045428707e-05,0.03,889.55
2024-02-19,2024-03-04,3,chocolate_sin_especificacion,1.9275275866094286e-08,0.0,889.55
2024-02-19,2024-03-04,3,caja_cupcake_12,9.218501979280215e-10,0.0,889.55
2024-02-19,2024-03-04,3,empaque_31_x_31_x_20,9.818726684237852e-05,0.09,889.55
2024-02-19,2024-03-04,3,oreo_273_6,4.7718364611299296e-05,0.04,889.55
2024-02-19,2024-03-04,3,perlas_sin_especificacion,1.6740914966624607e-06,0.0,889.55
2024-02-19,2024-03-04,3,chips_chocolate_con_l,3.5506366134119803e-09,0.0,889.55
2024-02-19,2024-03-04,3,relleno_fresa_frutifru,5.5401500553640045e-06,0.01,889.55
2024-02-19,2024-03-04,3,base_36_cm_doble,2.1070922780783545e-08,0.0,889.55
2024-02-19,2024-03-04,3,harina_red_velvet_esp,1.5019333887728109e-13,0.0,889.55
2024-02-19,2024-03-04,3,mantequilla_gloria_verde,0.0009629665946654971,0.86,889.55
2024-02-19,2024-03-04,3,caja_cupcake_6,5.560902732834404e-07,0.0,889.55
2024-02-19,2024-03-04,3,botellas_jack_daniels,7.948388635282365e-06,0.01,889.55
2024-02-19,2024-03-04,3,royal_icing_sin_especificacion,0.0009759390737925417,0.87,889.55
2024-02-19,2024-03-04,3,azucar_glass,2.6466854080153945e-05,0.02,889.55
2024-02-19,2024-03-04,3,kisses_leche_choc_bl_807_gr,3.4288257878510142e-09,0.0,889.55
2024-02-19,2024-03-04,3,dlr_malvavisco_chocolate_32_pz,2.1976872619073823e-06,0.0,889.55
2024-02-19,2024-03-04,3,alpezzi_blanco,1.1050000433640451e-05,0.01,889.55
2024-02-19,2024-03-04,3,relleno_queso_creme_p,9.272722546501601e-07,0.0,889.55
2024-02-19,2024-03-04,3,ac_au800,2.426673736052993e-09,0.0,889.55
2024-02-19,2024-03-04,3,domo_cupcake_6,1.987097158824305e-06,0.0,889.55
2024-02-19,2024-03-04,3,caja_cupcake_sin_capacidad,4.263342967068375e-14,0.0,889.55
2024-02-19,2024-03-04,3,red_velvet,1.5208842592180813e-11,0.0,889.55
2024-02-19,2024-03-04,3,cereza_con_rabo_diana,3.86217642421106e-06,0.0,889.55
2024-02-19,2024-03-04,3,charola_galletera_alta_grande,0.006127709672620787,5.45,889.55
2024-02-19,2024-03-04,3,mantequilla_gloria_22,2.297762310577766e-08,0.0,889.55
2024-02-19,2024-03-04,3,domo_cupcake_sin_capacidad,1.9374413906523418e-18,0.0,889.55
2024-02-19,2024-03-04,3,relleno_zarzamora_fruitfil_puratos,0.0009849729837636192,0.88,889.55
2024-02-19,2024-03-04,3,chips_rojo_alpezzi,0.007555770208926306,6.72,889.55
2024-02-19,2024-03-04,3,capacillo_floreado_alegria,0.00017516445341964434,0.16,889.55
2024-02-19,2024-03-04,3,inix_contenedor_mantecadas,1.228916247424872e-18,0.0,889.55
2024-02-19,2024-03-04,3,otros,0.3322674584696868,295.57,889.55
2024-02-19,2024-03-11,4,fondant_sin_especificacion,5.80728404065463e-05,0.04,684.9300000000001
2024-02-19,2024-03-11,4,nutella,0.0019185617357392202,1.31,684.9300000000001
2024-02-19,2024-03-11,4,tegral_satin_creme_cake_sabor_no_especificado,1.2290299209073334e-05,0.01,684.9300000000001
2024-02-19,2024-03-11,4,chantilly_sin_especificacion,4.120278460326922e-11,0.0,684.9300000000001
2024-02-19,2024-03-11,4,crema_batir_ambiente_1_l,0.05042274705135294,34.54,684.9300000000001
2024-02-19,2024-03-11,4,queso_philadelphia,0.025100170745351546,17.19,684.9300000000001
2024-02-19,2024-03-11,4,tegral_satin_red_velvet,0.047359996620760125,32.44,684.9300000000001
2024-02-19,2024-03-11,4,easy_pastel_tres_leches_sabor_no_especificado,2.657811411131607e-09,0.0,684.9300000000001
2024-02-19,2024-03-11,4,transfer_sin_especificacion,4.6627479073117425e-06,0.0,684.9300000000001
2024-02-19,2024-03-11,4,chantilly_dulce,0.04155330505928839,28.46,684.9300000000001
2024-02-19,2024-03-11,4,chantilly_asturias,0.03755319406313207,25.72,684.9300000000001
2024-02-19,2024-03-11,4,chips_blanco_alpezzi,0.028861023223634638,19.77,684.9300000000001
2024-02-19,2024-03-11,4,fondant_nata_coco_blanco,0.08881922397167004,60.83,684.9300000000001
2024-02-19,2024-03-11,4,chantilly_dull,1.5029957424965758e-09,0.0,684.9300000000001
2024-02-19,2024-03-11,4,capacillos,4.986955186949413e-07,0.0,684.9300000000001
2024-02-19,2024-03-11,4,huevo_sin_especificacion,0.005763466543783352,3.95,684.9300000000001
2024-02-19,2024-03-11,4,contenedor_mantecadas_inix_25_pz,0.07013052287401603,48.03,684.9300000000001
2024-02-19,2024-03-11,4,confitier_semiamargo_turin,0.003874560143835774,2.65,684.9300000000001
2024-02-19,2024-03-11,4,chips_chocolate_semi,8.992236717895522e-06,0.01,684.9300000000001
2024-02-19,2024-03-11,4,tegral_satin_vainilla,0.046450830951018825,31.82,684.9300000000001
2024-02-19,2024-03-11,4,transfer_hoja_de_arroz_gruesa,0.012645709383665975,8.66,684.9300000000001
2024-02-19,2024-03-11,4,tegral_satin_chocolate,0.05122361041667839,35.08,684.9300000000001
2024-02-19,2024-03-11,4,domo_cupcake_12,0.005540677026301577,3.79,684.9300000000001
2024-02-19,2024-03-11,4,mantequilla_gloria_presentacion_no_especificada,0.09044248428080509,61.95,684.9300000000001
2024-02-19,2024-03-11,4,ferrero_rocher_t16,0.00011790351347189255,0.08,684.9300000000001
2024-02-19,2024-03-11,4,huevo_san_juan,4.048363639460583e-06,0.0,684.9300000000001
2024-02-19,2024-03-11,4,relleno_zarzamora_puratos,1.4362761477383445e-06,0.0,684.9300000000001
2024-02-19,2024-03-11,4,aceite_sin_especificacion,1.219215585461699e-11,0.0,684.9300000000001
2024-02-19,2024-03-11,4,matizador,4.139334653756922e-05,0.03,684.9300000000001
2024-02-19,2024-03-11,4,caja_de_carton_para_cupcake_6_pz,1.0856067518973683e-16,0.0,684.9300000000001
2024-02-19,2024-03-11,4,carlos_v_stick,6.189669194465537e-06,0.0,684.9300000000001
2024-02-19,2024-03-11,4,kisses_leche,0.0015718521209882367,1.08,684.9300000000001
2024-02-19,2024-03-11,4,empaque_32_x_32_x_30,0.00015391517505021498,0.11,684.9300000000001
2024-02-19,2024-03-11,4,ferrero_sin_especificacion,5.900430107737574e-09,0.0,684.9300000000001
2024-02-19,2024-03-11,4,domo_media_plancha_inix,0.0019130165772609827,1.31,684.9300000000001
2024-02-19,2024-03-11,4,deiman_plumones_magicos,2.575274209937817e-18,0.0,684.9300000000001
2024-02-19,2024-03-11,4,empaque_30_x_30_x_30,0.00014330033539157946,0.1,684.9300000000001
2024-02-19,2024-03-11,4,queso_crema_suelto,1.3886402383748127e-09,0.0,684.9300000000001
2024-02-19,2024-03-11,4,royal_icing_deiman_50_sin_unidad,1.252081607559821e-09,0.0,684.9300000000001
2024-02-19,2024-03-11,4,pegamento_fondant,3.844549986259264e-05,0.03,684.9300000000001
2024-02-19,2024-03-11,4,base_28_cm,4.5285293711544683e-07,0.0,684.9300000000001
2024-02-19,2024-03-11,4,bailey_s,0.0002558527663524342,0.18,684.9300000000001
2024-02-19,2024-03-11,4,domo_1_4_plancha,2.964448854896405e-06,0.0,684.9300000000001
2024-02-19,2024-03-11,4,colorantes_9_colores,9.028247093484808e-11,0.0,684.9300000000001
2024-02-19,2024-03-11,4,sabrosano,0.005126328857967556,3.51,684.9300000000001
2024-02-19,2024-03-11,4,huevo_blanco_tepa_de_linea,1.5792472778221862e-07,0.0,684.9300000000001
2024-02-19,2024-03-11,4,mangas,0.002420046459680644,1.66,684.9300000000001
2024-02-19,2024-03-11,4,relleno_durazno_puratos,0.010289365457418756,7.05,684.9300000000001
2024-02-19,2024-03-11,4,kit_kat_9_pz,0.007477899909983637,5.12,684.9300000000001
2024-02-19,2024-03-11,4,oblea_arroz,5.535931699649141e-07,0.0,684.9300000000001
2024-02-19,2024-03-11,4,huevo_calvario,0.013401903632274356,9.18,684.9300000000001
2024-02-19,2024-03-11,4,bisagra_12_cupcakes,3.0188899045428707e-05,0.02,684.9300000000001
2024-02-19,2024-03-11,4,chocolate_sin_especificacion,1.9275275866094286e-08,0.0,684.9300000000001
2024-02-19,2024-03-11,4,caja_cupcake_12,9.218501979280215e-10,0.0,684.9300000000001
2024-02-19,2024-03-11,4,empaque_31_x_31_x_20,9.818726684237852e-05,0.07,684.9300000000001
2024-02-19,2024-03-11,4,oreo_273_6,4.7718364611299296e-05,0.03,684.9300000000001
2024-02-19,2024-03-11,4,perlas_sin_especificacion,1.6740914966624607e-06,0.0,684.9300000000001
2024-02-19,2024-03-11,4,chips_chocolate_con_l,3.5506366134119803e-09,0.0,684.9300000000001
2024-02-19,2024-03-11,4,relleno_fresa_frutifru,5.5401500553640045e-06,0.0,684.9300000000001
2024-02-19,2024-03-11,4,base_36_cm_doble,2.1070922780783545e-08,0.0,684.9300000000001
2024-02-19,2024-03-11,4,harina_red_velvet_esp,1.5019333887728109e-13,0.0,684.9300000000001
2024-02-19,2024-03-11,4,mantequilla_gloria_verde,0.0009629665946654971,0.66,684.9300000000001
2024-02-19,2024-03-11,4,caja_cupcake_6,5.560902732834404e-07,0.0,684.9300000000001
2024-02-19,2024-03-11,4,botellas_jack_daniels,7.948388635282365e-06,0.01,684.9300000000001
2024-02-19,2024-03-11,4,royal_icing_sin_especificacion,0.0009759390737925417,0.67,684.9300000000001
2024-02-19,2024-03-11,4,azucar_glass,2.6466854080153945e-05,0.02,684.9300000000001
2024-02-19,2024-03-11,4,kisses_leche_choc_bl_807_gr,3.4288257878510142e-09,0.0,684.9300000000001
2024-02-19,2024-03-11,4,dlr_malvavisco_chocolate_32_pz,2.1976872619073823e-06,0.0,684.9300000000001
2024-02-19,2024-03-11,4,alpezzi_blanco,1.1050000433640451e-05,0.01,684.9300000000001
2024-02-19,2024-03-11,4,relleno_queso_creme_p,9.272722546501601e-07,0.0,684.9300000000001
2024-02-19,2024-03-11,4,ac_au800,2.426673736052993e-09,0.0,684.9300000000001
2024-02-19,2024-03-11,4,domo_cupcake_6,1.987097158824305e-06,0.0,684.9300000000001
2024-02-19,2024-03-11,4,caja_cupcake_sin_capacidad,4.263342967068375e-14,0.0,684.9300000000001
2024-02-19,2024-03-11,4,red_velvet,1.5208842592180813e-11,0.0,684.9300000000001
2024-02-19,2024-03-11,4,cereza_con_rabo_diana,3.86217642421106e-06,0.0,684.9300000000001
2024-02-19,2024-03-11,4,charola_galletera_alta_grande,0.006127709672620787,4.2,684.9300000000001
2024-02-19,2024-03-11,4,mantequilla_gloria_22,2.297762310577766e-08,0.0,684.9300000000001
2024-02-19,2024-03-11,4,domo_cupcake_sin_capacidad,1.9374413906523418e-18,0.0,684.9300000000001
2024-02-19,2024-03-11,4,relleno_zarzamora_fruitfil_puratos,0.0009849729837636192,0.67,684.9300000000001
2024-02-19,2024-03-11,4,chips_rojo_alpezzi,0.007555770208926306,5.18,684.9300000000001
2024-02-19,2024-03-11,4,capacillo_floreado_alegria,0.00017516445341964434,0.12,684.9300000000001
2024-02-19,2024-03-11,4,inix_contenedor_mantecadas,1.228916247424872e-18,0.0,684.9300000000001
2024-02-19,2024-03-11,4,otros,0.3322674584696868,227.58,684.9300000000001
2024-02-26,2024-02-26,1,fondant_sin_especificacion,5.807284040654629e-05,0.05,798.8399999999999
2024-02-26,2024-02-26,1,nutella,0.0019185617357392194,1.53,798.8399999999999
2024-02-26,2024-02-26,1,tegral_satin_creme_cake_sabor_no_especificado,1.2290299209073333e-05,0.01,798.8399999999999
2024-02-26,2024-02-26,1,chantilly_sin_especificacion,4.1202784603269214e-11,0.0,798.8399999999999
2024-02-26,2024-02-26,1,crema_batir_ambiente_1_l,0.05042274705135294,40.28,798.8399999999999
2024-02-26,2024-02-26,1,queso_philadelphia,0.02510017074535155,20.05,798.8399999999999
2024-02-26,2024-02-26,1,tegral_satin_red_velvet,0.04735999662076013,37.83,798.8399999999999
2024-02-26,2024-02-26,1,easy_pastel_tres_leches_sabor_no_especificado,2.657811411131607e-09,0.0,798.8399999999999
2024-02-26,2024-02-26,1,transfer_sin_especificacion,4.662747907311742e-06,0.0,798.8399999999999
2024-02-26,2024-02-26,1,chantilly_dulce,0.04155330505928838,33.19,798.8399999999999
2024-02-26,2024-02-26,1,chantilly_asturias,0.03755319406313206,30.0,798.8399999999999
2024-02-26,2024-02-26,1,chips_blanco_alpezzi,0.028861023223634635,23.06,798.8399999999999
2024-02-26,2024-02-26,1,fondant_nata_coco_blanco,0.08881922397167004,70.95,798.8399999999999
2024-02-26,2024-02-26,1,chantilly_dull,1.5029957424965754e-09,0.0,798.8399999999999
2024-02-26,2024-02-26,1,capacillos,4.986955186949413e-07,0.0,798.8399999999999
2024-02-26,2024-02-26,1,huevo_sin_especificacion,0.005763466543783352,4.6,798.8399999999999
2024-02-26,2024-02-26,1,contenedor_mantecadas_inix_25_pz,0.07013052287401601,56.02,798.8399999999999
2024-02-26,2024-02-26,1,confitier_semiamargo_turin,0.003874560143835774,3.1,798.8399999999999
2024-02-26,2024-02-26,1,chips_chocolate_semi,8.99223671789552e-06,0.01,798.8399999999999
2024-02-26,2024-02-26,1,tegral_satin_vainilla,0.04645083095101882,37.11,798.8399999999999
2024-02-26,2024-02-26,1,transfer_hoja_de_arroz_gruesa,0.012645709383665974,10.1,798.8399999999999
2024-02-26,2024-02-26,1,tegral_satin_chocolate,0.05122361041667838,40.92,798.8399999999999
2024-02-26,2024-02-26,1,domo_cupcake_12,0.005540677026301578,4.43,798.8399999999999
2024-02-26,2024-02-26,1,mantequilla_gloria_presentacion_no_especificada,0.09044248428080508,72.25,798.8399999999999
2024-02-26,2024-02-26,1,ferrero_rocher_t16,0.00011790351347189253,0.09,798.8399999999999
2024-02-26,2024-02-26,1,huevo_san_juan,4.048363639460583e-06,0.0,798.8399999999999
2024-02-26,2024-02-26,1,relleno_zarzamora_puratos,1.4362761477383441e-06,0.0,798.8399999999999
2024-02-26,2024-02-26,1,aceite_sin_especificacion,1.2192155854616987e-11,0.0,798.8399999999999
2024-02-26,2024-02-26,1,matizador,4.139334653756921e-05,0.03,798.8399999999999
2024-02-26,2024-02-26,1,caja_de_carton_para_cupcake_6_pz,1.0856067518973682e-16,0.0,798.8399999999999
2024-02-26,2024-02-26,1,carlos_v_stick,6.189669194465535e-06,0.01,798.8399999999999
2024-02-26,2024-02-26,1,kisses_leche,0.0015718521209882362,1.26,798.8399999999999
2024-02-26,2024-02-26,1,empaque_32_x_32_x_30,0.00015391517505021498,0.12,798.8399999999999
2024-02-26,2024-02-26,1,ferrero_sin_especificacion,5.9004301077375745e-09,0.0,798.8399999999999
2024-02-26,2024-02-26,1,domo_media_plancha_inix,0.0019130165772609825,1.53,798.8399999999999
2024-02-26,2024-02-26,1,deiman_plumones_magicos,2.575274209937817e-18,0.0,798.8399999999999
2024-02-26,2024-02-26,1,empaque_30_x_30_x_30,0.00014330033539157943,0.12,798.8399999999999
2024-02-26,2024-02-26,1,queso_crema_suelto,1.3886402383748127e-09,0.0,798.8399999999999
2024-02-26,2024-02-26,1,royal_icing_deiman_50_sin_unidad,1.2520816075598207e-09,0.0,798.8399999999999
2024-02-26,2024-02-26,1,pegamento_fondant,3.844549986259263e-05,0.03,798.8399999999999
2024-02-26,2024-02-26,1,base_28_cm,4.5285293711544683e-07,0.0,798.8399999999999
2024-02-26,2024-02-26,1,bailey_s,0.0002558527663524342,0.2,798.8399999999999
2024-02-26,2024-02-26,1,domo_1_4_plancha,2.9644488548964043e-06,0.0,798.8399999999999
2024-02-26,2024-02-26,1,colorantes_9_colores,9.028247093484808e-11,0.0,798.8399999999999
2024-02-26,2024-02-26,1,sabrosano,0.005126328857967556,4.1,798.8399999999999
2024-02-26,2024-02-26,1,huevo_blanco_tepa_de_linea,1.5792472778221862e-07,0.0,798.8399999999999
2024-02-26,2024-02-26,1,mangas,0.002420046459680644,1.93,798.8399999999999
2024-02-26,2024-02-26,1,relleno_durazno_puratos,0.010289365457418754,8.22,798.8399999999999
2024-02-26,2024-02-26,1,kit_kat_9_pz,0.007477899909983637,5.97,798.8399999999999
2024-02-26,2024-02-26,1,oblea_arroz,5.535931699649141e-07,0.0,798.8399999999999
2024-02-26,2024-02-26,1,huevo_calvario,0.013401903632274354,10.71,798.8399999999999
2024-02-26,2024-02-26,1,bisagra_12_cupcakes,3.0188899045428707e-05,0.02,798.8399999999999
2024-02-26,2024-02-26,1,chocolate_sin_especificacion,1.9275275866094283e-08,0.0,798.8399999999999
2024-02-26,2024-02-26,1,caja_cupcake_12,9.218501979280214e-10,0.0,798.8399999999999
2024-02-26,2024-02-26,1,empaque_31_x_31_x_20,9.81872668423785e-05,0.08,798.8399999999999
2024-02-26,2024-02-26,1,oreo_273_6,4.7718364611299296e-05,0.04,798.8399999999999
2024-02-26,2024-02-26,1,perlas_sin_especificacion,1.6740914966624603e-06,0.0,798.8399999999999
2024-02-26,2024-02-26,1,chips_chocolate_con_l,3.5506366134119786e-09,0.0,798.8399999999999
2024-02-26,2024-02-26,1,relleno_fresa_frutifru,5.540150055364004e-06,0.0,798.8399999999999
2024-02-26,2024-02-26,1,base_36_cm_doble,2.1070922780783545e-08,0.0,798.8399999999999
2024-02-26,2024-02-26,1,harina_red_velvet_esp,1.5019333887728106e-13,0.0,798.8399999999999
2024-02-26,2024-02-26,1,mantequilla_gloria_verde,0.0009629665946654971,0.77,798.8399999999999
2024-02-26,2024-02-26,1,caja_cupcake_6,5.560902732834403e-07,0.0,798.8399999999999
2024-02-26,2024-02-26,1,botellas_jack_daniels,7.948388635282365e-06,0.01,798.8399999999999
2024-02-26,2024-02-26,1,royal_icing_sin_especificacion,0.0009759390737925416,0.78,798.8399999999999
2024-02-26,2024-02-26,1,azucar_glass,2.646685408015394e-05,0.02,798.8399999999999
2024-02-26,2024-02-26,1,kisses_leche_choc_bl_807_gr,3.428825787851014e-09,0.0,798.8399999999999
2024-02-26,2024-02-26,1,dlr_malvavisco_chocolate_32_pz,2.197687261907382e-06,0.0,798.8399999999999
2024-02-26,2024-02-26,1,alpezzi_blanco,1.105000043364045e-05,0.01,798.8399999999999
2024-02-26,2024-02-26,1,relleno_queso_creme_p,9.272722546501601e-07,0.0,798.8399999999999
2024-02-26,2024-02-26,1,ac_au800,2.4266737360529935e-09,0.0,798.8399999999999
2024-02-26,2024-02-26,1,domo_cupcake_6,1.987097158824305e-06,0.0,798.8399999999999
2024-02-26,2024-02-26,1,caja_cupcake_sin_capacidad,4.263342967068374e-14,0.0,798.8399999999999
2024-02-26,2024-02-26,1,red_velvet,1.520884259218081e-11,0.0,798.8399999999999
2024-02-26,2024-02-26,1,cereza_con_rabo_diana,3.8621764242110595e-06,0.0,798.8399999999999
2024-02-26,2024-02-26,1,charola_galletera_alta_grande,0.006127709672620786,4.9,798.8399999999999
2024-02-26,2024-02-26,1,mantequilla_gloria_22,2.2977623105777664e-08,0.0,798.8399999999999
2024-02-26,2024-02-26,1,domo_cupcake_sin_capacidad,1.9374413906523414e-18,0.0,798.8399999999999
2024-02-26,2024-02-26,1,relleno_zarzamora_fruitfil_puratos,0.000984972983763619,0.79,798.8399999999999
2024-02-26,2024-02-26,1,chips_rojo_alpezzi,0.007555770208926305,6.04,798.8399999999999
2024-02-26,2024-02-26,1,capacillo_floreado_alegria,0.0001751644534196443,0.14,798.8399999999999
2024-02-26,2024-02-26,1,inix_contenedor_mantecadas,1.2289162474248718e-18,0.0,798.8399999999999
2024-02-26,2024-02-26,1,otros,0.3322674584696868,265.43,798.8399999999999
2024-02-26,2024-03-04,2,fondant_sin_especificacion,5.807284040654629e-05,0.04,667.89
2024-02-26,2024-03-04,2,nutella,0.0019185617357392194,1.28,667.89
2024-02-26,2024-03-04,2,tegral_satin_creme_cake_sabor_no_especificado,1.2290299209073333e-05,0.01,667.89
2024-02-26,2024-03-04,2,chantilly_sin_especificacion,4.1202784603269214e-11,0.0,667.89
2024-02-26,2024-03-04,2,crema_batir_ambiente_1_l,0.05042274705135294,33.68,667.89
2024-02-26,2024-03-04,2,queso_philadelphia,0.02510017074535155,16.76,667.89
2024-02-26,2024-03-04,2,tegral_satin_red_velvet,0.04735999662076013,31.63,667.89
2024-02-26,2024-03-04,2,easy_pastel_tres_leches_sabor_no_especificado,2.657811411131607e-09,0.0,667.89
2024-02-26,2024-03-04,2,transfer_sin_especificacion,4.662747907311742e-06,0.0,667.89
2024-02-26,2024-03-04,2,chantilly_dulce,0.04155330505928838,27.75,667.89
2024-02-26,2024-03-04,2,chantilly_asturias,0.03755319406313206,25.08,667.89
2024-02-26,2024-03-04,2,chips_blanco_alpezzi,0.028861023223634635,19.28,667.89
2024-02-26,2024-03-04,2,fondant_nata_coco_blanco,0.08881922397167004,59.32,667.89
2024-02-26,2024-03-04,2,chantilly_dull,1.5029957424965754e-09,0.0,667.89
2024-02-26,2024-03-04,2,capacillos,4.986955186949413e-07,0.0,667.89
2024-02-26,2024-03-04,2,huevo_sin_especificacion,0.005763466543783352,3.85,667.89
2024-02-26,2024-03-04,2,contenedor_mantecadas_inix_25_pz,0.07013052287401601,46.84,667.89
2024-02-26,2024-03-04,2,confitier_semiamargo_turin,0.003874560143835774,2.59,667.89
2024-02-26,2024-03-04,2,chips_chocolate_semi,8.99223671789552e-06,0.01,667.89
2024-02-26,2024-03-04,2,tegral_satin_vainilla,0.04645083095101882,31.02,667.89
2024-02-26,2024-03-04,2,transfer_hoja_de_arroz_gruesa,0.012645709383665974,8.45,667.89
2024-02-26,2024-03-04,2,tegral_satin_chocolate,0.05122361041667838,34.21,667.89
2024-02-26,2024-03-04,2,domo_cupcake_12,0.005540677026301578,3.7,667.89
2024-02-26,2024-03-04,2,mantequilla_gloria_presentacion_no_especificada,0.09044248428080508,60.41,667.89
2024-02-26,2024-03-04,2,ferrero_rocher_t16,0.00011790351347189253,0.08,667.89
2024-02-26,2024-03-04,2,huevo_san_juan,4.048363639460583e-06,0.0,667.89
2024-02-26,2024-03-04,2,relleno_zarzamora_puratos,1.4362761477383441e-06,0.0,667.89
2024-02-26,2024-03-04,2,aceite_sin_especificacion,1.2192155854616987e-11,0.0,667.89
2024-02-26,2024-03-04,2,matizador,4.139334653756921e-05,0.03,667.89
2024-02-26,2024-03-04,2,caja_de_carton_para_cupcake_6_pz,1.0856067518973682e-16,0.0,667.89
2024-02-26,2024-03-04,2,carlos_v_stick,6.189669194465535e-06,0.0,667.89
2024-02-26,2024-03-04,2,kisses_leche,0.0015718521209882362,1.05,667.89
2024-02-26,2024-03-04,2,empaque_32_x_32_x_30,0.00015391517505021498,0.1,667.89
2024-02-26,2024-03-04,2,ferrero_sin_especificacion,5.9004301077375745e-09,0.0,667.89
2024-02-26,2024-03-04,2,domo_media_plancha_inix,0.0019130165772609825,1.28,667.89
2024-02-26,2024-03-04,2,deiman_plumones_magicos,2.575274209937817e-18,0.0,667.89
2024-02-26,2024-03-04,2,empaque_30_x_30_x_30,0.00014330033539157943,0.1,667.89
2024-02-26,2024-03-04,2,queso_crema_suelto,1.3886402383748127e-09,0.0,667.89
2024-02-26,2024-03-04,2,royal_icing_deiman_50_sin_unidad,1.2520816075598207e-09,0.0,667.89
2024-02-26,2024-03-04,2,pegamento_fondant,3.844549986259263e-05,0.03,667.89
2024-02-26,2024-03-04,2,base_28_cm,4.5285293711544683e-07,0.0,667.89
2024-02-26,2024-03-04,2,bailey_s,0.0002558527663524342,0.17,667.89
2024-02-26,2024-03-04,2,domo_1_4_plancha,2.9644488548964043e-06,0.0,667.89
2024-02-26,2024-03-04,2,colorantes_9_colores,9.028247093484808e-11,0.0,667.89
2024-02-26,2024-03-04,2,sabrosano,0.005126328857967556,3.42,667.89
2024-02-26,2024-03-04,2,huevo_blanco_tepa_de_linea,1.5792472778221862e-07,0.0,667.89
2024-02-26,2024-03-04,2,mangas,0.002420046459680644,1.62,667.89
2024-02-26,2024-03-04,2,relleno_durazno_puratos,0.010289365457418754,6.87,667.89
2024-02-26,2024-03-04,2,kit_kat_9_pz,0.007477899909983637,4.99,667.89
2024-02-26,2024-03-04,2,oblea_arroz,5.535931699649141e-07,0.0,667.89
2024-02-26,2024-03-04,2,huevo_calvario,0.013401903632274354,8.95,667.89
2024-02-26,2024-03-04,2,bisagra_12_cupcakes,3.0188899045428707e-05,0.02,667.89
2024-02-26,2024-03-04,2,chocolate_sin_especificacion,1.9275275866094283e-08,0.0,667.89
2024-02-26,2024-03-04,2,caja_cupcake_12,9.218501979280214e-10,0.0,667.89
2024-02-26,2024-03-04,2,empaque_31_x_31_x_20,9.81872668423785e-05,0.07,667.89
2024-02-26,2024-03-04,2,oreo_273_6,4.7718364611299296e-05,0.03,667.89
2024-02-26,2024-03-04,2,perlas_sin_especificacion,1.6740914966624603e-06,0.0,667.89
2024-02-26,2024-03-04,2,chips_chocolate_con_l,3.5506366134119786e-09,0.0,667.89
2024-02-26,2024-03-04,2,relleno_fresa_frutifru,5.540150055364004e-06,0.0,667.89
2024-02-26,2024-03-04,2,base_36_cm_doble,2.1070922780783545e-08,0.0,667.89
2024-02-26,2024-03-04,2,harina_red_velvet_esp,1.5019333887728106e-13,0.0,667.89
2024-02-26,2024-03-04,2,mantequilla_gloria_verde,0.0009629665946654971,0.64,667.89
2024-02-26,2024-03-04,2,caja_cupcake_6,5.560902732834403e-07,0.0,667.89
2024-02-26,2024-03-04,2,botellas_jack_daniels,7.948388635282365e-06,0.01,667.89
2024-02-26,2024-03-04,2,royal_icing_sin_especificacion,0.0009759390737925416,0.65,667.89
2024-02-26,2024-03-04,2,azucar_glass,2.646685408015394e-05,0.02,667.89
2024-02-26,2024-03-04,2,kisses_leche_choc_bl_807_gr,3.428825787851014e-09,0.0,667.89
2024-02-26,2024-03-04,2,dlr_malvavisco_chocolate_32_pz,2.197687261907382e-06,0.0,667.89
2024-02-26,2024-03-04,2,alpezzi_blanco,1.105000043364045e-05,0.01,667.89
2024-02-26,2024-03-04,2,relleno_queso_creme_p,9.272722546501601e-07,0.0,667.89
2024-02-26,2024-03-04,2,ac_au800,2.4266737360529935e-09,0.0,667.89
2024-02-26,2024-03-04,2,domo_cupcake_6,1.987097158824305e-06,0.0,667.89
2024-02-26,2024-03-04,2,caja_cupcake_sin_capacidad,4.263342967068374e-14,0.0,667.89
2024-02-26,2024-03-04,2,red_velvet,1.520884259218081e-11,0.0,667.89
2024-02-26,2024-03-04,2,cereza_con_rabo_diana,3.8621764242110595e-06,0.0,667.89
2024-02-26,2024-03-04,2,charola_galletera_alta_grande,0.006127709672620786,4.09,667.89
2024-02-26,2024-03-04,2,mantequilla_gloria_22,2.2977623105777664e-08,0.0,667.89
2024-02-26,2024-03-04,2,domo_cupcake_sin_capacidad,1.9374413906523414e-18,0.0,667.89
2024-02-26,2024-03-04,2,relleno_zarzamora_fruitfil_puratos,0.000984972983763619,0.66,667.89
2024-02-26,2024-03-04,2,chips_rojo_alpezzi,0.007555770208926305,5.05,667.89
2024-02-26,2024-03-04,2,capacillo_floreado_alegria,0.0001751644534196443,0.12,667.89
2024-02-26,2024-03-04,2,inix_contenedor_mantecadas,1.2289162474248718e-18,0.0,667.89
2024-02-26,2024-03-04,2,otros,0.3322674584696868,221.92,667.89
2024-02-26,2024-03-11,3,fondant_sin_especificacion,5.807284040654629e-05,0.05,866.04
2024-02-26,2024-03-11,3,nutella,0.0019185617357392194,1.66,866.04
2024-02-26,2024-03-11,3,tegral_satin_creme_cake_sabor_no_especificado,1.2290299209073333e-05,0.01,866.04
2024-02-26,2024-03-11,3,chantilly_sin_especificacion,4.1202784603269214e-11,0.0,866.04
2024-02-26,2024-03-11,3,crema_batir_ambiente_1_l,0.05042274705135294,43.67,866.04
2024-02-26,2024-03-11,3,queso_philadelphia,0.02510017074535155,21.74,866.04
2024-02-26,2024-03-11,3,tegral_satin_red_velvet,0.04735999662076013,41.02,866.04
2024-02-26,2024-03-11,3,easy_pastel_tres_leches_sabor_no_especificado,2.657811411131607e-09,0.0,866.04
2024-02-26,2024-03-11,3,transfer_sin_especificacion,4.662747907311742e-06,0.0,866.04
2024-02-26,2024-03-11,3,chantilly_dulce,0.04155330505928838,35.99,866.04
2024-02-26,2024-03-11,3,chantilly_asturias,0.03755319406313206,32.52,866.04
2024-02-26,2024-03-11,3,chips_blanco_alpezzi,0.028861023223634635,24.99,866.04
2024-02-26,2024-03-11,3,fondant_nata_coco_blanco,0.08881922397167004,76.92,866.04
2024-02-26,2024-03-11,3,chantilly_dull,1.5029957424965754e-09,0.0,866.04
2024-02-26,2024-03-11,3,capacillos,4.986955186949413e-07,0.0,866.04
2024-02-26,2024-03-11,3,huevo_sin_especificacion,0.005763466543783352,4.99,866.04
2024-02-26,2024-03-11,3,contenedor_mantecadas_inix_25_pz,0.07013052287401601,60.74,866.04
2024-02-26,2024-03-11,3,confitier_semiamargo_turin,0.003874560143835774,3.36,866.04
2024-02-26,2024-03-11,3,chips_chocolate_semi,8.99223671789552e-06,0.01,866.04
2024-02-26,2024-03-11,3,tegral_satin_vainilla,0.04645083095101882,40.23,866.04
2024-02-26,2024-03-11,3,transfer_hoja_de_arroz_gruesa,0.012645709383665974,10.95,866.04
2024-02-26,2024-03-11,3,tegral_satin_chocolate,0.05122361041667838,44.36,866.04
2024-02-26,2024-03-11,3,domo_cupcake_12,0.005540677026301578,4.8,866.04
2024-02-26,2024-03-11,3,mantequilla_gloria_presentacion_no_especificada,0.09044248428080508,78.33,866.04
2024-02-26,2024-03-11,3,ferrero_rocher_t16,0.00011790351347189253,0.1,866.04
2024-02-26,2024-03-11,3,huevo_san_juan,4.048363639460583e-06,0.0,866.04
2024-02-26,2024-03-11,3,relleno_zarzamora_puratos,1.4362761477383441e-06,0.0,866.04
2024-02-26,2024-03-11,3,aceite_sin_especificacion,1.2192155854616987e-11,0.0,866.04
2024-02-26,2024-03-11,3,matizador,4.139334653756921e-05,0.04,866.04
2024-02-26,2024-03-11,3,caja_de_carton_para_cupcake_6_pz,1.0856067518973682e-16,0.0,866.04
2024-02-26,2024-03-11,3,carlos_v_stick,6.189669194465535e-06,0.01,866.04
2024-02-26,2024-03-11,3,kisses_leche,0.0015718521209882362,1.36,866.04
2024-02-26,2024-03-11,3,empaque_32_x_32_x_30,0.00015391517505021498,0.13,866.04
2024-02-26,2024-03-11,3,ferrero_sin_especificacion,5.9004301077375745e-09,0.0,866.04
2024-02-26,2024-03-11,3,domo_media_plancha_inix,0.0019130165772609825,1.66,866.04
2024-02-26,2024-03-11,3,deiman_plumones_magicos,2.575274209937817e-18,0.0,866.04
2024-02-26,2024-03-11,3,empaque_30_x_30_x_30,0.00014330033539157943,0.12,866.04
2024-02-26,2024-03-11,3,queso_crema_suelto,1.3886402383748127e-09,0.0,866.04
2024-02-26,2024-03-11,3,royal_icing_deiman_50_sin_unidad,1.2520816075598207e-09,0.0,866.04
2024-02-26,2024-03-11,3,pegamento_fondant,3.844549986259263e-05,0.03,866.04
2024-02-26,2024-03-11,3,base_28_cm,4.5285293711544683e-07,0.0,866.04
2024-02-26,2024-03-11,3,bailey_s,0.0002558527663524342,0.22,866.04
2024-02-26,2024-03-11,3,domo_1_4_plancha,2.9644488548964043e-06,0.0,866.04
2024-02-26,2024-03-11,3,colorantes_9_colores,9.028247093484808e-11,0.0,866.04
2024-02-26,2024-03-11,3,sabrosano,0.005126328857967556,4.44,866.04
2024-02-26,2024-03-11,3,huevo_blanco_tepa_de_linea,1.5792472778221862e-07,0.0,866.04
2024-02-26,2024-03-11,3,mangas,0.002420046459680644,2.1,866.04
2024-02-26,2024-03-11,3,relleno_durazno_puratos,0.010289365457418754,8.91,866.04
2024-02-26,2024-03-11,3,kit_kat_9_pz,0.007477899909983637,6.48,866.04
2024-02-26,2024-03-11,3,oblea_arroz,5.535931699649141e-07,0.0,866.04
2024-02-26,2024-03-11,3,huevo_calvario,0.013401903632274354,11.61,866.04
2024-02-26,2024-03-11,3,bisagra_12_cupcakes,3.0188899045428707e-05,0.03,866.04
2024-02-26,2024-03-11,3,chocolate_sin_especificacion,1.9275275866094283e-08,0.0,866.04
2024-02-26,2024-03-11,3,caja_cupcake_12,9.218501979280214e-10,0.0,866.04
2024-02-26,2024-03-11,3,empaque_31_x_31_x_20,9.81872668423785e-05,0.09,866.04
2024-02-26,2024-03-11,3,oreo_273_6,4.7718364611299296e-05,0.04,866.04
2024-02-26,2024-03-11,3,perlas_sin_especificacion,1.6740914966624603e-06,0.0,866.04
2024-02-26,2024-03-11,3,chips_chocolate_con_l,3.5506366134119786e-09,0.0,866.04
2024-02-26,2024-03-11,3,relleno_fresa_frutifru,5.540150055364004e-06,0.0,866.04
2024-02-26,2024-03-11,3,base_36_cm_doble,2.1070922780783545e-08,0.0,866.04
2024-02-26,2024-03-11,3,harina_red_velvet_esp,1.5019333887728106e-13,0.0,866.04
2024-02-26,2024-03-11,3,mantequilla_gloria_verde,0.0009629665946654971,0.83,866.04
2024-02-26,2024-03-11,3,caja_cupcake_6,5.560902732834403e-07,0.0,866.04
2024-02-26,2024-03-11,3,botellas_jack_daniels,7.948388635282365e-06,0.01,866.04
2024-02-26,2024-03-11,3,royal_icing_sin_especificacion,0.0009759390737925416,0.85,866.04
2024-02-26,2024-03-11,3,azucar_glass,2.646685408015394e-05,0.02,866.04
2024-02-26,2024-03-11,3,kisses_leche_choc_bl_807_gr,3.428825787851014e-09,0.0,866.04
2024-02-26,2024-03-11,3,dlr_malvavisco_chocolate_32_pz,2.197687261907382e-06,0.0,866.04
2024-02-26,2024-03-11,3,alpezzi_blanco,1.105000043364045e-05,0.01,866.04
2024-02-26,2024-03-11,3,relleno_queso_creme_p,9.272722546501601e-07,0.0,866.04
2024-02-26,2024-03-11,3,ac_au800,2.4266737360529935e-09,0.0,866.04
2024-02-26,2024-03-11,3,domo_cupcake_6,1.987097158824305e-06,0.0,866.04
2024-02-26,2024-03-11,3,caja_cupcake_sin_capacidad,4.263342967068374e-14,0.0,866.04
2024-02-26,2024-03-11,3,red_velvet,1.520884259218081e-11,0.0,866.04
2024-02-26,2024-03-11,3,cereza_con_rabo_diana,3.8621764242110595e-06,0.0,866.04
2024-02-26,2024-03-11,3,charola_galletera_alta_grande,0.006127709672620786,5.31,866.04
2024-02-26,2024-03-11,3,mantequilla_gloria_22,2.2977623105777664e-08,0.0,866.04
2024-02-26,2024-03-11,3,domo_cupcake_sin_capacidad,1.9374413906523414e-18,0.0,866.04
2024-02-26,2024-03-11,3,relleno_zarzamora_fruitfil_puratos,0.000984972983763619,0.85,866.04
2024-02-26,2024-03-11,3,chips_rojo_alpezzi,0.007555770208926305,6.54,866.04
2024-02-26,2024-03-11,3,capacillo_floreado_alegria,0.0001751644534196443,0.15,866.04
2024-02-26,2024-03-11,3,inix_contenedor_mantecadas,1.2289162474248718e-18,0.0,866.04
2024-02-26,2024-03-11,3,otros,0.3322674584696868,287.76,866.04
2024-02-26,2024-03-18,4,fondant_sin_especificacion,5.807284040654629e-05,0.04,620.1600000000001
2024-02-26,2024-03-18,4,nutella,0.0019185617357392194,1.19,620.1600000000001
2024-02-26,2024-03-18,4,tegral_satin_creme_cake_sabor_no_especificado,1.2290299209073333e-05,0.01,620.1600000000001
2024-02-26,2024-03-18,4,chantilly_sin_especificacion,4.1202784603269214e-11,0.0,620.1600000000001
2024-02-26,2024-03-18,4,crema_batir_ambiente_1_l,0.05042274705135294,31.27,620.1600000000001
2024-02-26,2024-03-18,4,queso_philadelphia,0.02510017074535155,15.57,620.1600000000001
2024-02-26,2024-03-18,4,tegral_satin_red_velvet,0.04735999662076013,29.37,620.1600000000001
2024-02-26,2024-03-18,4,easy_pastel_tres_leches_sabor_no_especificado,2.657811411131607e-09,0.0,620.1600000000001
2024-02-26,2024-03-18,4,transfer_sin_especificacion,4.662747907311742e-06,0.0,620.1600000000001
2024-02-26,2024-03-18,4,chantilly_dulce,0.04155330505928838,25.77,620.1600000000001
2024-02-26,2024-03-18,4,chantilly_asturias,0.03755319406313206,23.29,620.1600000000001
2024-02-26,2024-03-18,4,chips_blanco_alpezzi,0.028861023223634635,17.9,620.1600000000001
2024-02-26,2024-03-18,4,fondant_nata_coco_blanco,0.08881922397167004,55.08,620.1600000000001
2024-02-26,2024-03-18,4,chantilly_dull,1.5029957424965754e-09,0.0,620.1600000000001
2024-02-26,2024-03-18,4,capacillos,4.986955186949413e-07,0.0,620.1600000000001
2024-02-26,2024-03-18,4,huevo_sin_especificacion,0.005763466543783352,3.57,620.1600000000001
2024-02-26,2024-03-18,4,contenedor_mantecadas_inix_25_pz,0.07013052287401601,43.49,620.1600000000001
2024-02-26,2024-03-18,4,confitier_semiamargo_turin,0.003874560143835774,2.4,620.1600000000001
2024-02-26,2024-03-18,4,chips_chocolate_semi,8.99223671789552e-06,0.01,620.1600000000001
2024-02-26,2024-03-18,4,tegral_satin_vainilla,0.04645083095101882,28.81,620.1600000000001
2024-02-26,2024-03-18,4,transfer_hoja_de_arroz_gruesa,0.012645709383665974,7.84,620.1600000000001
2024-02-26,2024-03-18,4,tegral_satin_chocolate,0.05122361041667838,31.77,620.1600000000001
2024-02-26,2024-03-18,4,domo_cupcake_12,0.005540677026301578,3.44,620.1600000000001
2024-02-26,2024-03-18,4,mantequilla_gloria_presentacion_no_especificada,0.09044248428080508,56.09,620.1600000000001
2024-02-26,2024-03-18,4,ferrero_rocher_t16,0.00011790351347189253,0.07,620.1600000000001
2024-02-26,2024-03-18,4,huevo_san_juan,4.048363639460583e-06,0.0,620.1600000000001
2024-02-26,2024-03-18,4,relleno_zarzamora_puratos,1.4362761477383441e-06,0.0,620.1600000000001
2024-02-26,2024-03-18,4,aceite_sin_especificacion,1.2192155854616987e-11,0.0,620.1600000000001
2024-02-26,2024-03-18,4,matizador,4.139334653756921e-05,0.03,620.1600000000001
2024-02-26,2024-03-18,4,caja_de_carton_para_cupcake_6_pz,1.0856067518973682e-16,0.0,620.1600000000001
2024-02-26,2024-03-18,4,carlos_v_stick,6.189669194465535e-06,0.0,620.1600000000001
2024-02-26,2024-03-18,4,kisses_leche,0.0015718521209882362,0.97,620.1600000000001
2024-02-26,2024-03-18,4,empaque_32_x_32_x_30,0.00015391517505021498,0.1,620.1600000000001
2024-02-26,2024-03-18,4,ferrero_sin_especificacion,5.9004301077375745e-09,0.0,620.1600000000001
2024-02-26,2024-03-18,4,domo_media_plancha_inix,0.0019130165772609825,1.19,620.1600000000001
2024-02-26,2024-03-18,4,deiman_plumones_magicos,2.575274209937817e-18,0.0,620.1600000000001
2024-02-26,2024-03-18,4,empaque_30_x_30_x_30,0.00014330033539157943,0.09,620.1600000000001
2024-02-26,2024-03-18,4,queso_crema_suelto,1.3886402383748127e-09,0.0,620.1600000000001
2024-02-26,2024-03-18,4,royal_icing_deiman_50_sin_unidad,1.2520816075598207e-09,0.0,620.1600000000001
2024-02-26,2024-03-18,4,pegamento_fondant,3.844549986259263e-05,0.02,620.1600000000001
2024-02-26,2024-03-18,4,base_28_cm,4.5285293711544683e-07,0.0,620.1600000000001
2024-02-26,2024-03-18,4,bailey_s,0.0002558527663524342,0.16,620.1600000000001
2024-02-26,2024-03-18,4,domo_1_4_plancha,2.9644488548964043e-06,0.0,620.1600000000001
2024-02-26,2024-03-18,4,colorantes_9_colores,9.028247093484808e-11,0.0,620.1600000000001
2024-02-26,2024-03-18,4,sabrosano,0.005126328857967556,3.18,620.1600000000001
2024-02-26,2024-03-18,4,huevo_blanco_tepa_de_linea,1.5792472778221862e-07,0.0,620.1600000000001
2024-02-26,2024-03-18,4,mangas,0.002420046459680644,1.5,620.1600000000001
2024-02-26,2024-03-18,4,relleno_durazno_puratos,0.010289365457418754,6.38,620.1600000000001
2024-02-26,2024-03-18,4,kit_kat_9_pz,0.007477899909983637,4.64,620.1600000000001
2024-02-26,2024-03-18,4,oblea_arroz,5.535931699649141e-07,0.0,620.1600000000001
2024-02-26,2024-03-18,4,huevo_calvario,0.013401903632274354,8.31,620.1600000000001
2024-02-26,2024-03-18,4,bisagra_12_cupcakes,3.0188899045428707e-05,0.02,620.1600000000001
2024-02-26,2024-03-18,4,chocolate_sin_especificacion,1.9275275866094283e-08,0.0,620.1600000000001
2024-02-26,2024-03-18,4,caja_cupcake_12,9.218501979280214e-10,0.0,620.1600000000001
2024-02-26,2024-03-18,4,empaque_31_x_31_x_20,9.81872668423785e-05,0.06,620.1600000000001
2024-02-26,2024-03-18,4,oreo_273_6,4.7718364611299296e-05,0.03,620.1600000000001
2024-02-26,2024-03-18,4,perlas_sin_especificacion,1.6740914966624603e-06,0.0,620.1600000000001
2024-02-26,2024-03-18,4,chips_chocolate_con_l,3.5506366134119786e-09,0.0,620.1600000000001
2024-02-26,2024-03-18,4,relleno_fresa_frutifru,5.540150055364004e-06,0.0,620.1600000000001
2024-02-26,2024-03-18,4,base_36_cm_doble,2.1070922780783545e-08,0.0,620.1600000000001
2024-02-26,2024-03-18,4,harina_red_velvet_esp,1.5019333887728106e-13,0.0,620.1600000000001
2024-02-26,2024-03-18,4,mantequilla_gloria_verde,0.0009629665946654971,0.6,620.1600000000001
2024-02-26,2024-03-18,4,caja_cupcake_6,5.560902732834403e-07,0.0,620.1600000000001
2024-02-26,2024-03-18,4,botellas_jack_daniels,7.948388635282365e-06,0.0,620.1600000000001
2024-02-26,2024-03-18,4,royal_icing_sin_especificacion,0.0009759390737925416,0.6,620.1600000000001
2024-02-26,2024-03-18,4,azucar_glass,2.646685408015394e-05,0.02,620.1600000000001
2024-02-26,2024-03-18,4,kisses_leche_choc_bl_807_gr,3.428825787851014e-09,0.0,620.1600000000001
2024-02-26,2024-03-18,4,dlr_malvavisco_chocolate_32_pz,2.197687261907382e-06,0.0,620.1600000000001
2024-02-26,2024-03-18,4,alpezzi_blanco,1.105000043364045e-05,0.01,620.1600000000001
2024-02-26,2024-03-18,4,relleno_queso_creme_p,9.272722546501601e-07,0.0,620.1600000000001
2024-02-26,2024-03-18,4,ac_au800,2.4266737360529935e-09,0.0,620.1600000000001
2024-02-26,2024-03-18,4,domo_cupcake_6,1.987097158824305e-06,0.0,620.1600000000001
2024-02-26,2024-03-18,4,caja_cupcake_sin_capacidad,4.263342967068374e-14,0.0,620.1600000000001
2024-02-26,2024-03-18,4,red_velvet,1.520884259218081e-11,0.0,620.1600000000001
2024-02-26,2024-03-18,4,cereza_con_rabo_diana,3.8621764242110595e-06,0.0,620.1600000000001
2024-02-26,2024-03-18,4,charola_galletera_alta_grande,0.006127709672620786,3.8,620.1600000000001
2024-02-26,2024-03-18,4,mantequilla_gloria_22,2.2977623105777664e-08,0.0,620.1600000000001
2024-02-26,2024-03-18,4,domo_cupcake_sin_capacidad,1.9374413906523414e-18,0.0,620.1600000000001
2024-02-26,2024-03-18,4,relleno_zarzamora_fruitfil_puratos,0.000984972983763619,0.61,620.1600000000001
2024-02-26,2024-03-18,4,chips_rojo_alpezzi,0.007555770208926305,4.69,620.1600000000001
2024-02-26,2024-03-18,4,capacillo_floreado_alegria,0.0001751644534196443,0.11,620.1600000000001
2024-02-26,2024-03-18,4,inix_contenedor_mantecadas,1.2289162474248718e-18,0.0,620.1600000000001
2024-02-26,2024-03-18,4,otros,0.3322674584696868,206.06,620.1600000000001
2024-03-04,2024-03-04,1,fondant_sin_especificacion,3.3190038886159896e-05,0.03,768.31
2024-03-04,2024-03-04,1,nutella,0.0010965046339890252,0.84,768.31
2024-03-04,2024-03-04,1,tegral_satin_creme_cake_sabor_no_especificado,7.024204530310896e-06,0.01,768.31
2024-03-04,2024-03-04,1,chantilly_sin_especificacion,2.3548392219617013e-11,0.0,768.31
2024-03-04,2024-03-04,1,crema_batir_ambiente_1_l,0.028817824712303174,22.14,768.31
2024-03-04,2024-03-04,1,queso_philadelphia,0.014345357266071697,11.02,768.31
2024-03-04,2024-03-04,1,tegral_satin_red_velvet,0.027067388446772766,20.8,768.31
2024-03-04,2024-03-04,1,easy_pastel_tres_leches_sabor_no_especificado,1.5190037799079945e-09,0.0,768.31
2024-03-04,2024-03-04,1,transfer_sin_especificacion,2.6648736875386647e-06,0.0,768.31
2024-03-04,2024-03-04,1,chantilly_dulce,0.023748723174401163,18.25,768.31
2024-03-04,2024-03-04,1,chantilly_asturias,0.021462562577090026,16.49,768.31
2024-03-04,2024-03-04,1,chips_blanco_alpezzi,0.0982946840666613,75.52,768.31
2024-03-04,2024-03-04,1,fondant_nata_coco_blanco,0.050762343925680756,39.0,768.31
2024-03-04,2024-03-04,1,chantilly_dull,8.589985747204962e-10,0.0,768.31
2024-03-04,2024-03-04,1,capacillos,2.8501660228716805e-07,0.0,768.31
2024-03-04,2024-03-04,1,huevo_sin_especificacion,0.0032939611248236408,2.53,768.31
2024-03-04,2024-03-04,1,contenedor_mantecadas_inix_25_pz,0.040081297298365556,30.8,768.31
2024-03-04,2024-03-04,1,confitier_semiamargo_turin,0.030779452563708416,23.65,768.31
2024-03-04,2024-03-04,1,chips_chocolate_semi,5.1392817064078705e-06,0.01,768.31
2024-03-04,2024-03-04,1,tegral_satin_vainilla,0.16677619233912672,128.14,768.31
2024-03-04,2024-03-04,1,transfer_hoja_de_arroz_gruesa,0.007227330078031425,5.55,768.31
2024-03-04,2024-03-04,1,tegral_satin_chocolate,0.029275537578620215,22.49,768.31
2024-03-04,2024-03-04,1,domo_cupcake_12,0.0031666315040080667,2.43,768.31
2024-03-04,2024-03-04,1,mantequilla_gloria_presentacion_no_especificada,0.05169007662147084,39.72,768.31
2024-03-04,2024-03-04,1,ferrero_rocher_t16,6.73847218347162e-05,0.05,768.31
2024-03-04,2024-03-04,1,huevo_san_juan,2.3137381550199866e-06,0.0,768.31
2024-03-04,2024-03-04,1,relleno_zarzamora_puratos,8.208667056920112e-07,0.0,768.31
2024-03-04,2024-03-04,1,aceite_sin_especificacion,6.968113219329366e-12,0.0,768.31
2024-03-04,2024-03-04,1,matizador,2.36573029938337e-05,0.02,768.31
2024-03-04,2024-03-04,1,caja_de_carton_para_cupcake_6_pz,6.204506281819434e-17,0.0,768.31
2024-03-04,2024-03-04,1,carlos_v_stick,3.537546292184106e-06,0.0,768.31
2024-03-04,2024-03-04,1,kisses_leche,0.0008983516675552794,0.69,768.31
2024-03-04,2024-03-04,1,empaque_32_x_32_x_30,8.796626115279338e-05,0.07,768.31
2024-03-04,2024-03-04,1,ferrero_sin_especificacion,3.3722391284791192e-09,0.0,768.31
2024-03-04,2024-03-04,1,domo_media_plancha_inix,0.0010933354412263816,0.84,768.31
2024-03-04,2024-03-04,1,deiman_plumones_magicos,1.4718317645906953e-18,0.0,768.31
2024-03-04,2024-03-04,1,empaque_30_x_30_x_30,8.189962245260072e-05,0.06,768.31
2024-03-04,2024-03-04,1,queso_crema_suelto,7.936416264108027e-10,0.0,768.31
2024-03-04,2024-03-04,1,royal_icing_deiman_50_sin_unidad,7.155950518802513e-10,0.0,768.31
2024-03-04,2024-03-04,1,pegamento_fondant,2.1972537015659143e-05,0.02,768.31
2024-03-04,2024-03-04,1,base_28_cm,2.5881645339460807e-07,0.0,768.31
2024-03-04,2024-03-04,1,bailey_s,0.00014622607065404767,0.11,768.31
2024-03-04,2024-03-04,1,domo_1_4_plancha,1.6942545272669792e-06,0.0,768.31
2024-03-04,2024-03-04,1,colorantes_9_colores,5.1598625107519776e-11,0.0,768.31
2024-03-04,2024-03-04,1,sabrosano,0.0029298214612558772,2.25,768.31
2024-03-04,2024-03-04,1,huevo_blanco_tepa_de_linea,9.025781793148176e-08,0.0,768.31
2024-03-04,2024-03-04,1,mangas,0.0013831153348245714,1.06,768.31
2024-03-04,2024-03-04,1,relleno_durazno_puratos,0.005880622288403557,4.52,768.31
2024-03-04,2024-03-04,1,kit_kat_9_pz,0.004273801437327163,3.28,768.31
2024-03-04,2024-03-04,1,oblea_arroz,3.163919434561845e-07,0.0,768.31
2024-03-04,2024-03-04,1,huevo_calvario,0.007659513459128338,5.89,768.31
2024-03-04,2024-03-04,1,bisagra_12_cupcakes,1.725368909517273e-05,0.01,768.31
2024-03-04,2024-03-04,1,chocolate_sin_especificacion,1.1016288355425657e-08,0.0,768.31
2024-03-04,2024-03-04,1,caja_cupcake_12,5.268597799290053e-10,0.0,768.31
2024-03-04,2024-03-04,1,empaque_31_x_31_x_20,5.611640797678197e-05,0.04,768.31
2024-03-04,2024-03-04,1,oreo_273_6,2.7272204458152312e-05,0.02,768.31
2024-03-04,2024-03-04,1,perlas_sin_especificacion,9.567839541555003e-07,0.0,768.31
2024-03-04,2024-03-04,1,chips_chocolate_con_l,2.0292750698049624e-09,0.0,768.31
2024-03-04,2024-03-04,1,relleno_fresa_frutifru,3.166330327317078e-06,0.0,768.31
2024-03-04,2024-03-04,1,base_36_cm_doble,1.2042544183574052e-08,0.0,768.31
2024-03-04,2024-03-04,1,harina_red_velvet_esp,8.583914137627099e-14,0.0,768.31
2024-03-04,2024-03-04,1,mantequilla_gloria_verde,0.0005503587993849533,0.42,768.31
2024-03-04,2024-03-04,1,caja_cupcake_6,3.178190986575565e-07,0.0,768.31
2024-03-04,2024-03-04,1,botellas_jack_daniels,4.542697172043185e-06,0.0,768.31
2024-03-04,2024-03-04,1,royal_icing_sin_especificacion,0.0005577728863085882,0.43,768.31
2024-03-04,2024-03-04,1,azucar_glass,1.5126449988755964e-05,0.01,768.31
2024-03-04,2024-03-04,1,kisses_leche_choc_bl_807_gr,1.9596572242024256e-09,0.0,768.31
2024-03-04,2024-03-04,1,dlr_malvavisco_chocolate_32_pz,1.256031652174911e-06,0.0,768.31
2024-03-04,2024-03-04,1,alpezzi_blanco,6.3153436531971e-06,0.01,768.31
2024-03-04,2024-03-04,1,relleno_queso_creme_p,5.299586170478879e-07,0.0,768.31
2024-03-04,2024-03-04,1,ac_au800,1.386902984248428e-09,0.0,768.31
2024-03-04,2024-03-04,1,domo_cupcake_6,1.135674293012919e-06,0.0,768.31
2024-03-04,2024-03-04,1,caja_cupcake_sin_capacidad,2.436604062612459e-14,0.0,768.31
2024-03-04,2024-03-04,1,red_velvet,8.692222965403017e-12,0.0,768.31
2024-03-04,2024-03-04,1,cereza_con_rabo_diana,2.207327639002917e-06,0.0,768.31
2024-03-04,2024-03-04,1,charola_galletera_alta_grande,0.0035021349204482173,2.69,768.31
2024-03-04,2024-03-04,1,mantequilla_gloria_22,1.313226973320766e-08,0.0,768.31
2024-03-04,2024-03-04,1,domo_cupcake_sin_capacidad,1.1072948153601635e-18,0.0,768.31
2024-03-04,2024-03-04,1,relleno_zarzamora_fruitfil_puratos,0.000562935985291436,0.43,768.31
2024-03-04,2024-03-04,1,chips_rojo_alpezzi,0.0043183062046485265,3.32,768.31
2024-03-04,2024-03-04,1,capacillo_floreado_alegria,0.00010011073988754963,0.08,768.31
2024-03-04,2024-03-04,1,inix_contenedor_mantecadas,7.023554858747252e-19,0.0,768.31
2024-03-04,2024-03-04,1,otros,0.3677812634976549,282.57,768.31
2024-03-04,2024-03-11,2,fondant_sin_especificacion,3.3190038886159896e-05,0.03,794.58
2024-03-04,2024-03-11,2,nutella,0.0010965046339890252,0.87,794.58
2024-03-04,2024-03-11,2,tegral_satin_creme_cake_sabor_no_especificado,7.024204530310896e-06,0.01,794.58
2024-03-04,2024-03-11,2,chantilly_sin_especificacion,2.3548392219617013e-11,0.0,794.58
2024-03-04,2024-03-11,2,crema_batir_ambiente_1_l,0.028817824712303174,22.9,794.58
2024-03-04,2024-03-11,2,queso_philadelphia,0.014345357266071697,11.4,794.58
2024-03-04,2024-03-11,2,tegral_satin_red_velvet,0.027067388446772766,21.51,794.58
2024-03-04,2024-03-11,2,easy_pastel_tres_leches_sabor_no_especificado,1.5190037799079945e-09,0.0,794.58
2024-03-04,2024-03-11,2,transfer_sin_especificacion,2.6648736875386647e-06,0.0,794.58
2024-03-04,2024-03-11,2,chantilly_dulce,0.023748723174401163,18.87,794.58
2024-03-04,2024-03-11,2,chantilly_asturias,0.021462562577090026,17.05,794.58
2024-03-04,2024-03-11,2,chips_blanco_alpezzi,0.0982946840666613,78.1,794.58
2024-03-04,2024-03-11,2,fondant_nata_coco_blanco,0.050762343925680756,40.34,794.58
2024-03-04,2024-03-11,2,chantilly_dull,8.589985747204962e-10,0.0,794.58
2024-03-04,2024-03-11,2,capacillos,2.8501660228716805e-07,0.0,794.58
2024-03-04,2024-03-11,2,huevo_sin_especificacion,0.0032939611248236408,2.62,794.58
2024-03-04,2024-03-11,2,contenedor_mantecadas_inix_25_pz,0.040081297298365556,31.85,794.58
2024-03-04,2024-03-11,2,confitier_semiamargo_turin,0.030779452563708416,24.46,794.58
2024-03-04,2024-03-11,2,chips_chocolate_semi,5.1392817064078705e-06,0.0,794.58
2024-03-04,2024-03-11,2,tegral_satin_vainilla,0.16677619233912672,132.52,794.58
2024-03-04,2024-03-11,2,transfer_hoja_de_arroz_gruesa,0.007227330078031425,5.74,794.58
2024-03-04,2024-03-11,2,tegral_satin_chocolate,0.029275537578620215,23.26,794.58
2024-03-04,2024-03-11,2,domo_cupcake_12,0.0031666315040080667,2.52,794.58
2024-03-04,2024-03-11,2,mantequilla_gloria_presentacion_no_especificada,0.05169007662147084,41.07,794.58
2024-03-04,2024-03-11,2,ferrero_rocher_t16,6.73847218347162e-05,0.05,794.58
2024-03-04,2024-03-11,2,huevo_san_juan,2.3137381550199866e-06,0.0,794.58
2024-03-04,2024-03-11,2,relleno_zarzamora_puratos,8.208667056920112e-07,0.0,794.58
2024-03-04,2024-03-11,2,aceite_sin_especificacion,6.968113219329366e-12,0.0,794.58
2024-03-04,2024-03-11,2,matizador,2.36573029938337e-05,0.02,794.58
2024-03-04,2024-03-11,2,caja_de_carton_para_cupcake_6_pz,6.204506281819434e-17,0.0,794.58
2024-03-04,2024-03-11,2,carlos_v_stick,3.537546292184106e-06,0.0,794.58
2024-03-04,2024-03-11,2,kisses_leche,0.0008983516675552794,0.71,794.58
2024-03-04,2024-03-11,2,empaque_32_x_32_x_30,8.796626115279338e-05,0.07,794.58
2024-03-04,2024-03-11,2,ferrero_sin_especificacion,3.3722391284791192e-09,0.0,794.58
2024-03-04,2024-03-11,2,domo_media_plancha_inix,0.0010933354412263816,0.87,794.58
2024-03-04,2024-03-11,2,deiman_plumones_magicos,1.4718317645906953e-18,0.0,794.58
2024-03-04,2024-03-11,2,empaque_30_x_30_x_30,8.189962245260072e-05,0.07,794.58
2024-03-04,2024-03-11,2,queso_crema_suelto,7.936416264108027e-10,0.0,794.58
2024-03-04,2024-03-11,2,royal_icing_deiman_50_sin_unidad,7.155950518802513e-10,0.0,794.58
2024-03-04,2024-03-11,2,pegamento_fondant,2.1972537015659143e-05,0.02,794.58
2024-03-04,2024-03-11,2,base_28_cm,2.5881645339460807e-07,0.0,794.58
2024-03-04,2024-03-11,2,bailey_s,0.00014622607065404767,0.12,794.58
2024-03-04,2024-03-11,2,domo_1_4_plancha,1.6942545272669792e-06,0.0,794.58
2024-03-04,2024-03-11,2,colorantes_9_colores,5.1598625107519776e-11,0.0,794.58
2024-03-04,2024-03-11,2,sabrosano,0.0029298214612558772,2.33,794.58
2024-03-04,2024-03-11,2,huevo_blanco_tepa_de_linea,9.025781793148176e-08,0.0,794.58
2024-03-04,2024-03-11,2,mangas,0.0013831153348245714,1.1,794.58
2024-03-04,2024-03-11,2,relleno_durazno_puratos,0.005880622288403557,4.67,794.58
2024-03-04,2024-03-11,2,kit_kat_9_pz,0.004273801437327163,3.4,794.58
2024-03-04,2024-03-11,2,oblea_arroz,3.163919434561845e-07,0.0,794.58
2024-03-04,2024-03-11,2,huevo_calvario,0.007659513459128338,6.09,794.58
2024-03-04,2024-03-11,2,bisagra_12_cupcakes,1.725368909517273e-05,0.01,794.58
2024-03-04,2024-03-11,2,chocolate_sin_especificacion,1.1016288355425657e-08,0.0,794.58
2024-03-04,2024-03-11,2,caja_cupcake_12,5.268597799290053e-10,0.0,794.58
2024-03-04,2024-03-11,2,empaque_31_x_31_x_20,5.611640797678197e-05,0.04,794.58
2024-03-04,2024-03-11,2,oreo_273_6,2.7272204458152312e-05,0.02,794.58
2024-03-04,2024-03-11,2,perlas_sin_especificacion,9.567839541555003e-07,0.0,794.58
2024-03-04,2024-03-11,2,chips_chocolate_con_l,2.0292750698049624e-09,0.0,794.58
2024-03-04,2024-03-11,2,relleno_fresa_frutifru,3.166330327317078e-06,0.0,794.58
2024-03-04,2024-03-11,2,base_36_cm_doble,1.2042544183574052e-08,0.0,794.58
2024-03-04,2024-03-11,2,harina_red_velvet_esp,8.583914137627099e-14,0.0,794.58
2024-03-04,2024-03-11,2,mantequilla_gloria_verde,0.0005503587993849533,0.44,794.58
2024-03-04,2024-03-11,2,caja_cupcake_6,3.178190986575565e-07,0.0,794.58
2024-03-04,2024-03-11,2,botellas_jack_daniels,4.542697172043185e-06,0.0,794.58
2024-03-04,2024-03-11,2,royal_icing_sin_especificacion,0.0005577728863085882,0.44,794.58
2024-03-04,2024-03-11,2,azucar_glass,1.5126449988755964e-05,0.01,794.58
2024-03-04,2024-03-11,2,kisses_leche_choc_bl_807_gr,1.9596572242024256e-09,0.0,794.58
2024-03-04,2024-03-11,2,dlr_malvavisco_chocolate_32_pz,1.256031652174911e-06,0.0,794.58
2024-03-04,2024-03-11,2,alpezzi_blanco,6.3153436531971e-06,0.01,794.58
2024-03-04,2024-03-11,2,relleno_queso_creme_p,5.299586170478879e-07,0.0,794.58
2024-03-04,2024-03-11,2,ac_au800,1.386902984248428e-09,0.0,794.58
2024-03-04,2024-03-11,2,domo_cupcake_6,1.135674293012919e-06,0.0,794.58
2024-03-04,2024-03-11,2,caja_cupcake_sin_capacidad,2.436604062612459e-14,0.0,794.58
2024-03-04,2024-03-11,2,red_velvet,8.692222965403017e-12,0.0,794.58
2024-03-04,2024-03-11,2,cereza_con_rabo_diana,2.207327639002917e-06,0.0,794.58
2024-03-04,2024-03-11,2,charola_galletera_alta_grande,0.0035021349204482173,2.78,794.58
2024-03-04,2024-03-11,2,mantequilla_gloria_22,1.313226973320766e-08,0.0,794.58
2024-03-04,2024-03-11,2,domo_cupcake_sin_capacidad,1.1072948153601635e-18,0.0,794.58
2024-03-04,2024-03-11,2,relleno_zarzamora_fruitfil_puratos,0.000562935985291436,0.45,794.58
2024-03-04,2024-03-11,2,chips_rojo_alpezzi,0.0043183062046485265,3.43,794.58
2024-03-04,2024-03-11,2,capacillo_floreado_alegria,0.00010011073988754963,0.08,794.58
2024-03-04,2024-03-11,2,inix_contenedor_mantecadas,7.023554858747252e-19,0.0,794.58
2024-03-04,2024-03-11,2,otros,0.3677812634976549,292.23,794.58
2024-03-04,2024-03-18,3,fondant_sin_especificacion,3.3190038886159896e-05,0.03,858.4000000000001
2024-03-04,2024-03-18,3,nutella,0.0010965046339890252,0.94,858.4000000000001
2024-03-04,2024-03-18,3,tegral_satin_creme_cake_sabor_no_especificado,7.024204530310896e-06,0.01,858.4000000000001
2024-03-04,2024-03-18,3,chantilly_sin_especificacion,2.3548392219617013e-11,0.0,858.4000000000001
2024-03-04,2024-03-18,3,crema_batir_ambiente_1_l,0.028817824712303174,24.74,858.4000000000001
2024-03-04,2024-03-18,3,queso_philadelphia,0.014345357266071697,12.31,858.4000000000001
2024-03-04,2024-03-18,3,tegral_satin_red_velvet,0.027067388446772766,23.23,858.4000000000001
2024-03-04,2024-03-18,3,easy_pastel_tres_leches_sabor_no_especificado,1.5190037799079945e-09,0.0,858.4000000000001
2024-03-04,2024-03-18,3,transfer_sin_especificacion,2.6648736875386647e-06,0.0,858.4000000000001
2024-03-04,2024-03-18,3,chantilly_dulce,0.023748723174401163,20.39,858.4000000000001
2024-03-04,2024-03-18,3,chantilly_asturias,0.021462562577090026,18.42,858.4000000000001
2024-03-04,2024-03-18,3,chips_blanco_alpezzi,0.0982946840666613,84.38,858.4000000000001
2024-03-04,2024-03-18,3,fondant_nata_coco_blanco,0.050762343925680756,43.57,858.4000000000001
2024-03-04,2024-03-18,3,chantilly_dull,8.589985747204962e-10,0.0,858.4000000000001
2024-03-04,2024-03-18,3,capacillos,2.8501660228716805e-07,0.0,858.4000000000001
2024-03-04,2024-03-18,3,huevo_sin_especificacion,0.0032939611248236408,2.83,858.4000000000001
2024-03-04,2024-03-18,3,contenedor_mantecadas_inix_25_pz,0.040081297298365556,34.41,858.4000000000001
2024-03-04,2024-03-18,3,confitier_semiamargo_turin,0.030779452563708416,26.42,858.4000000000001
2024-03-04,2024-03-18,3,chips_chocolate_semi,5.1392817064078705e-06,0.0,858.4000000000001
2024-03-04,2024-03-18,3,tegral_satin_vainilla,0.16677619233912672,143.16,858.4000000000001
2024-03-04,2024-03-18,3,transfer_hoja_de_arroz_gruesa,0.007227330078031425,6.2,858.4000000000001
2024-03-04,2024-03-18,3,tegral_satin_chocolate,0.029275537578620215,25.13,858.4000000000001
2024-03-04,2024-03-18,3,domo_cupcake_12,0.0031666315040080667,2.72,858.4000000000001
2024-03-04,2024-03-18,3,mantequilla_gloria_presentacion_no_especificada,0.05169007662147084,44.37,858.4000000000001
2024-03-04,2024-03-18,3,ferrero_rocher_t16,6.73847218347162e-05,0.06,858.4000000000001
2024-03-04,2024-03-18,3,huevo_san_juan,2.3137381550199866e-06,0.0,858.4000000000001
2024-03-04,2024-03-18,3,relleno_zarzamora_puratos,8.208667056920112e-07,0.0,858.4000000000001
2024-03-04,2024-03-18,3,aceite_sin_especificacion,6.968113219329366e-12,0.0,858.4000000000001
2024-03-04,2024-03-18,3,matizador,2.36573029938337e-05,0.02,858.4000000000001
2024-03-04,2024-03-18,3,caja_de_carton_para_cupcake_6_pz,6.204506281819434e-17,0.0,858.4000000000001
2024-03-04,2024-03-18,3,carlos_v_stick,3.537546292184106e-06,0.0,858.4000000000001
2024-03-04,2024-03-18,3,kisses_leche,0.0008983516675552794,0.77,858.4000000000001
2024-03-04,2024-03-18,3,empaque_32_x_32_x_30,8.796626115279338e-05,0.08,858.4000000000001
2024-03-04,2024-03-18,3,ferrero_sin_especificacion,3.3722391284791192e-09,0.0,858.4000000000001
2024-03-04,2024-03-18,3,domo_media_plancha_inix,0.0010933354412263816,0.94,858.4000000000001
2024-03-04,2024-03-18,3,deiman_plumones_magicos,1.4718317645906953e-18,0.0,858.4000000000001
2024-03-04,2024-03-18,3,empaque_30_x_30_x_30,8.189962245260072e-05,0.07,858.4000000000001
2024-03-04,2024-03-18,3,queso_crema_suelto,7.936416264108027e-10,0.0,858.4000000000001
2024-03-04,2024-03-18,3,royal_icing_deiman_50_sin_unidad,7.155950518802513e-10,0.0,858.4000000000001
2024-03-04,2024-03-18,3,pegamento_fondant,2.1972537015659143e-05,0.02,858.4000000000001
2024-03-04,2024-03-18,3,base_28_cm,2.5881645339460807e-07,0.0,858.4000000000001
2024-03-04,2024-03-18,3,bailey_s,0.00014622607065404767,0.13,858.4000000000001
2024-03-04,2024-03-18,3,domo_1_4_plancha,1.6942545272669792e-06,0.0,858.4000000000001
2024-03-04,2024-03-18,3,colorantes_9_colores,5.1598625107519776e-11,0.0,858.4000000000001
2024-03-04,2024-03-18,3,sabrosano,0.0029298214612558772,2.52,858.4000000000001
2024-03-04,2024-03-18,3,huevo_blanco_tepa_de_linea,9.025781793148176e-08,0.0,858.4000000000001
2024-03-04,2024-03-18,3,mangas,0.0013831153348245714,1.19,858.4000000000001
2024-03-04,2024-03-18,3,relleno_durazno_puratos,0.005880622288403557,5.05,858.4000000000001
2024-03-04,2024-03-18,3,kit_kat_9_pz,0.004273801437327163,3.67,858.4000000000001
2024-03-04,2024-03-18,3,oblea_arroz,3.163919434561845e-07,0.0,858.4000000000001
2024-03-04,2024-03-18,3,huevo_calvario,0.007659513459128338,6.58,858.4000000000001
2024-03-04,2024-03-18,3,bisagra_12_cupcakes,1.725368909517273e-05,0.01,858.4000000000001
2024-03-04,2024-03-18,3,chocolate_sin_especificacion,1.1016288355425657e-08,0.0,858.4000000000001
2024-03-04,2024-03-18,3,caja_cupcake_12,5.268597799290053e-10,0.0,858.4000000000001
2024-03-04,2024-03-18,3,empaque_31_x_31_x_20,5.611640797678197e-05,0.05,858.4000000000001
2024-03-04,2024-03-18,3,oreo_273_6,2.7272204458152312e-05,0.02,858.4000000000001
2024-03-04,2024-03-18,3,perlas_sin_especificacion,9.567839541555003e-07,0.0,858.4000000000001
2024-03-04,2024-03-18,3,chips_chocolate_con_l,2.0292750698049624e-09,0.0,858.4000000000001
2024-03-04,2024-03-18,3,relleno_fresa_frutifru,3.166330327317078e-06,0.0,858.4000000000001
2024-03-04,2024-03-18,3,base_36_cm_doble,1.2042544183574052e-08,0.0,858.4000000000001
2024-03-04,2024-03-18,3,harina_red_velvet_esp,8.583914137627099e-14,0.0,858.4000000000001
2024-03-04,2024-03-18,3,mantequilla_gloria_verde,0.0005503587993849533,0.47,858.4000000000001
2024-03-04,2024-03-18,3,caja_cupcake_6,3.178190986575565e-07,0.0,858.4000000000001
2024-03-04,2024-03-18,3,botellas_jack_daniels,4.542697172043185e-06,0.0,858.4000000000001
2024-03-04,2024-03-18,3,royal_icing_sin_especificacion,0.0005577728863085882,0.48,858.4000000000001
2024-03-04,2024-03-18,3,azucar_glass,1.5126449988755964e-05,0.01,858.4000000000001
2024-03-04,2024-03-18,3,kisses_leche_choc_bl_807_gr,1.9596572242024256e-09,0.0,858.4000000000001
2024-03-04,2024-03-18,3,dlr_malvavisco_chocolate_32_pz,1.256031652174911e-06,0.0,858.4000000000001
2024-03-04,2024-03-18,3,alpezzi_blanco,6.3153436531971e-06,0.01,858.4000000000001
2024-03-04,2024-03-18,3,relleno_queso_creme_p,5.299586170478879e-07,0.0,858.4000000000001
2024-03-04,2024-03-18,3,ac_au800,1.386902984248428e-09,0.0,858.4000000000001
2024-03-04,2024-03-18,3,domo_cupcake_6,1.135674293012919e-06,0.0,858.4000000000001
2024-03-04,2024-03-18,3,caja_cupcake_sin_capacidad,2.436604062612459e-14,0.0,858.4000000000001
2024-03-04,2024-03-18,3,red_velvet,8.692222965403017e-12,0.0,858.4000000000001
2024-03-04,2024-03-18,3,cereza_con_rabo_diana,2.207327639002917e-06,0.0,858.4000000000001
2024-03-04,2024-03-18,3,charola_galletera_alta_grande,0.0035021349204482173,3.01,858.4000000000001
2024-03-04,2024-03-18,3,mantequilla_gloria_22,1.313226973320766e-08,0.0,858.4000000000001
2024-03-04,2024-03-18,3,domo_cupcake_sin_capacidad,1.1072948153601635e-18,0.0,858.4000000000001
2024-03-04,2024-03-18,3,relleno_zarzamora_fruitfil_puratos,0.000562935985291436,0.48,858.4000000000001
2024-03-04,2024-03-18,3,chips_rojo_alpezzi,0.0043183062046485265,3.71,858.4000000000001
2024-03-04,2024-03-18,3,capacillo_floreado_alegria,0.00010011073988754963,0.09,858.4000000000001
2024-03-04,2024-03-18,3,inix_contenedor_mantecadas,7.023554858747252e-19,0.0,858.4000000000001
2024-03-04,2024-03-18,3,otros,0.3677812634976549,315.7,858.4000000000001
2024-03-04,2024-03-25,4,fondant_sin_especificacion,3.3190038886159896e-05,0.03,921.28
2024-03-04,2024-03-25,4,nutella,0.0010965046339890252,1.01,921.28
2024-03-04,2024-03-25,4,tegral_satin_creme_cake_sabor_no_especificado,7.024204530310896e-06,0.01,921.28
2024-03-04,2024-03-25,4,chantilly_sin_especificacion,2.3548392219617013e-11,0.0,921.28
2024-03-04,2024-03-25,4,crema_batir_ambiente_1_l,0.028817824712303174,26.55,921.28
2024-03-04,2024-03-25,4,queso_philadelphia,0.014345357266071697,13.22,921.28
2024-03-04,2024-03-25,4,tegral_satin_red_velvet,0.027067388446772766,24.94,921.28
2024-03-04,2024-03-25,4,easy_pastel_tres_leches_sabor_no_especificado,1.5190037799079945e-09,0.0,921.28
2024-03-04,2024-03-25,4,transfer_sin_especificacion,2.6648736875386647e-06,0.0,921.28
2024-03-04,2024-03-25,4,chantilly_dulce,0.023748723174401163,21.88,921.28
2024-03-04,2024-03-25,4,chantilly_asturias,0.021462562577090026,19.77,921.28
2024-03-04,2024-03-25,4,chips_blanco_alpezzi,0.0982946840666613,90.56,921.28
2024-03-04,2024-03-25,4,fondant_nata_coco_blanco,0.050762343925680756,46.77,921.28
2024-03-04,2024-03-25,4,chantilly_dull,8.589985747204962e-10,0.0,921.28
2024-03-04,2024-03-25,4,capacillos,2.8501660228716805e-07,0.0,921.28
2024-03-04,2024-03-25,4,huevo_sin_especificacion,0.0032939611248236408,3.03,921.28
2024-03-04,2024-03-25,4,contenedor_mantecadas_inix_25_pz,0.040081297298365556,36.93,921.28
2024-03-04,2024-03-25,4,confitier_semiamargo_turin,0.030779452563708416,28.36,921.28
2024-03-04,2024-03-25,4,chips_chocolate_semi,5.1392817064078705e-06,0.0,921.28
2024-03-04,2024-03-25,4,tegral_satin_vainilla,0.16677619233912672,153.65,921.28
2024-03-04,2024-03-25,4,transfer_hoja_de_arroz_gruesa,0.007227330078031425,6.66,921.28
2024-03-04,2024-03-25,4,tegral_satin_chocolate,0.029275537578620215,26.97,921.28
2024-03-04,2024-03-25,4,domo_cupcake_12,0.0031666315040080667,2.92,921.28
2024-03-04,2024-03-25,4,mantequilla_gloria_presentacion_no_especificada,0.05169007662147084,47.62,921.28
2024-03-04,2024-03-25,4,ferrero_rocher_t16,6.73847218347162e-05,0.06,921.28
2024-03-04,2024-03-25,4,huevo_san_juan,2.3137381550199866e-06,0.0,921.28
2024-03-04,2024-03-25,4,relleno_zarzamora_puratos,8.208667056920112e-07,0.0,921.28
2024-03-04,2024-03-25,4,aceite_sin_especificacion,6.968113219329366e-12,0.0,921.28
2024-03-04,2024-03-25,4,matizador,2.36573029938337e-05,0.02,921.28
2024-03-04,2024-03-25,4,caja_de_carton_para_cupcake_6_pz,6.204506281819434e-17,0.0,921.28
2024-03-04,2024-03-25,4,carlos_v_stick,3.537546292184106e-06,0.0,921.28
2024-03-04,2024-03-25,4,kisses_leche,0.0008983516675552794,0.83,921.28
2024-03-04,2024-03-25,4,empaque_32_x_32_x_30,8.796626115279338e-05,0.08,921.28
2024-03-04,2024-03-25,4,ferrero_sin_especificacion,3.3722391284791192e-09,0.0,921.28
2024-03-04,2024-03-25,4,domo_media_plancha_inix,0.0010933354412263816,1.01,921.28
2024-03-04,2024-03-25,4,deiman_plumones_magicos,1.4718317645906953e-18,0.0,921.28
2024-03-04,2024-03-25,4,empaque_30_x_30_x_30,8.189962245260072e-05,0.08,921.28
2024-03-04,2024-03-25,4,queso_crema_suelto,7.936416264108027e-10,0.0,921.28
2024-03-04,2024-03-25,4,royal_icing_deiman_50_sin_unidad,7.155950518802513e-10,0.0,921.28
2024-03-04,2024-03-25,4,pegamento_fondant,2.1972537015659143e-05,0.02,921.28
2024-03-04,2024-03-25,4,base_28_cm,2.5881645339460807e-07,0.0,921.28
2024-03-04,2024-03-25,4,bailey_s,0.00014622607065404767,0.13,921.28
2024-03-04,2024-03-25,4,domo_1_4_plancha,1.6942545272669792e-06,0.0,921.28
2024-03-04,2024-03-25,4,colorantes_9_colores,5.1598625107519776e-11,0.0,921.28
2024-03-04,2024-03-25,4,sabrosano,0.0029298214612558772,2.7,921.28
2024-03-04,2024-03-25,4,huevo_blanco_tepa_de_linea,9.025781793148176e-08,0.0,921.28
2024-03-04,2024-03-25,4,mangas,0.0013831153348245714,1.27,921.28
2024-03-04,2024-03-25,4,relleno_durazno_puratos,0.005880622288403557,5.42,921.28
2024-03-04,2024-03-25,4,kit_kat_9_pz,0.004273801437327163,3.94,921.28
2024-03-04,2024-03-25,4,oblea_arroz,3.163919434561845e-07,0.0,921.28
2024-03-04,2024-03-25,4,huevo_calvario,0.007659513459128338,7.06,921.28
2024-03-04,2024-03-25,4,bisagra_12_cupcakes,1.725368909517273e-05,0.02,921.28
2024-03-04,2024-03-25,4,chocolate_sin_especificacion,1.1016288355425657e-08,0.0,921.28
2024-03-04,2024-03-25,4,caja_cupcake_12,5.268597799290053e-10,0.0,921.28
2024-03-04,2024-03-25,4,empaque_31_x_31_x_20,5.611640797678197e-05,0.05,921.28
2024-03-04,2024-03-25,4,oreo_273_6,2.7272204458152312e-05,0.02,921.28
2024-03-04,2024-03-25,4,perlas_sin_especificacion,9.567839541555003e-07,0.0,921.28
2024-03-04,2024-03-25,4,chips_chocolate_con_l,2.0292750698049624e-09,0.0,921.28
2024-03-04,2024-03-25,4,relleno_fresa_frutifru,3.166330327317078e-06,0.0,921.28
2024-03-04,2024-03-25,4,base_36_cm_doble,1.2042544183574052e-08,0.0,921.28
2024-03-04,2024-03-25,4,harina_red_velvet_esp,8.583914137627099e-14,0.0,921.28
2024-03-04,2024-03-25,4,mantequilla_gloria_verde,0.0005503587993849533,0.51,921.28
2024-03-04,2024-03-25,4,caja_cupcake_6,3.178190986575565e-07,0.0,921.28
2024-03-04,2024-03-25,4,botellas_jack_daniels,4.542697172043185e-06,0.0,921.28
2024-03-04,2024-03-25,4,royal_icing_sin_especificacion,0.0005577728863085882,0.51,921.28
2024-03-04,2024-03-25,4,azucar_glass,1.5126449988755964e-05,0.01,921.28
2024-03-04,2024-03-25,4,kisses_leche_choc_bl_807_gr,1.9596572242024256e-09,0.0,921.28
2024-03-04,2024-03-25,4,dlr_malvavisco_chocolate_32_pz,1.256031652174911e-06,0.0,921.28
2024-03-04,2024-03-25,4,alpezzi_blanco,6.3153436531971e-06,0.01,921.28
2024-03-04,2024-03-25,4,relleno_queso_creme_p,5.299586170478879e-07,0.0,921.28
2024-03-04,2024-03-25,4,ac_au800,1.386902984248428e-09,0.0,921.28
2024-03-04,2024-03-25,4,domo_cupcake_6,1.135674293012919e-06,0.0,921.28
2024-03-04,2024-03-25,4,caja_cupcake_sin_capacidad,2.436604062612459e-14,0.0,921.28
2024-03-04,2024-03-25,4,red_velvet,8.692222965403017e-12,0.0,921.28
2024-03-04,2024-03-25,4,cereza_con_rabo_diana,2.207327639002917e-06,0.0,921.28
2024-03-04,2024-03-25,4,charola_galletera_alta_grande,0.0035021349204482173,3.23,921.28
2024-03-04,2024-03-25,4,mantequilla_gloria_22,1.313226973320766e-08,0.0,921.28
2024-03-04,2024-03-25,4,domo_cupcake_sin_capacidad,1.1072948153601635e-18,0.0,921.28
2024-03-04,2024-03-25,4,relleno_zarzamora_fruitfil_puratos,0.000562935985291436,0.52,921.28
2024-03-04,2024-03-25,4,chips_rojo_alpezzi,0.0043183062046485265,3.98,921.28
2024-03-04,2024-03-25,4,capacillo_floreado_alegria,0.00010011073988754963,0.09,921.28
2024-03-04,2024-03-25,4,inix_contenedor_mantecadas,7.023554858747252e-19,0.0,921.28
2024-03-04,2024-03-25,4,otros,0.3677812634976549,338.83,921.28
2024-03-11,2024-03-11,1,fondant_sin_especificacion,2.0587972799092157e-05,0.01,723.0
2024-03-11,2024-03-11,1,nutella,0.0006801681569604352,0.49,723.0
2024-03-11,2024-03-11,1,tegral_satin_creme_cake_sabor_no_especificado,4.3571546361039095e-06,0.0,723.0
2024-03-11,2024-03-11,1,chantilly_sin_especificacion,1.4607203689718898e-11,0.0,723.0
2024-03-11,2024-03-11,1,crema_batir_ambiente_1_l,0.017875863096783153,12.92,723.0
2024-03-11,2024-03-11,1,queso_philadelphia,0.008898507958973782,6.43,723.0
2024-03-11,2024-03-11,1,tegral_satin_red_velvet,0.07008047489267734,50.67,723.0
2024-03-11,2024-03-11,1,easy_pastel_tres_leches_sabor_no_especificado,9.422468171769678e-10,0.0,723.0
2024-03-11,2024-03-11,1,transfer_sin_especificacion,1.6530365384699996e-06,0.0,723.0
2024-03-11,2024-03-11,1,chantilly_dulce,0.014731470137916161,10.65,723.0
2024-03-11,2024-03-11,1,chantilly_asturias,0.013313351516445521,9.63,723.0
2024-03-11,2024-03-11,1,chips_blanco_alpezzi,0.10760187552514162,77.8,723.0
2024-03-11,2024-03-11,1,fondant_nata_coco_blanco,0.031488175098097766,22.77,723.0
2024-03-11,2024-03-11,1,chantilly_dull,5.328417767590834e-10,0.0,723.0
2024-03-11,2024-03-11,1,capacillos,1.7679744441711927e-07,0.0,723.0
2024-03-11,2024-03-11,1,huevo_sin_especificacion,0.002043263108902687,1.48,723.0
2024-03-11,2024-03-11,1,contenedor_mantecadas_inix_25_pz,0.024862660190349394,17.98,723.0
2024-03-11,2024-03-11,1,confitier_semiamargo_turin,0.03537585531299052,25.58,723.0
2024-03-11,2024-03-11,1,chips_chocolate_semi,3.187926122693348e-06,0.0,723.0
2024-03-11,2024-03-11,1,tegral_satin_vainilla,0.10345223526827177,74.8,723.0
2024-03-11,2024-03-11,1,transfer_hoja_de_arroz_gruesa,0.004483154586438852,3.24,723.0
2024-03-11,2024-03-11,1,tegral_satin_chocolate,0.018159785031127713,13.13,723.0
2024-03-11,2024-03-11,1,domo_cupcake_12,0.0019642798097610006,1.42,723.0
2024-03-11,2024-03-11,1,mantequilla_gloria_presentacion_no_especificada,0.03206365304710732,23.18,723.0
2024-03-11,2024-03-11,1,ferrero_rocher_t16,4.1799132112075746e-05,0.03,723.0
2024-03-11,2024-03-11,1,huevo_san_juan,1.4352251397824309e-06,0.0,723.0
2024-03-11,2024-03-11,1,relleno_zarzamora_puratos,5.091883581828141e-07,0.0,723.0
2024-03-11,2024-03-11,1,aceite_sin_especificacion,4.322360871965395e-12,0.0,723.0
2024-03-11,2024-03-11,1,matizador,1.467476167194338e-05,0.01,723.0
2024-03-11,2024-03-11,1,caja_de_carton_para_cupcake_6_pz,3.848691078670631e-17,0.0,723.0
2024-03-11,2024-03-11,1,carlos_v_stick,2.194360394961328e-06,0.0,723.0
2024-03-11,2024-03-11,1,kisses_leche,0.0005572527275151704,0.4,723.0
2024-03-11,2024-03-11,1,empaque_32_x_32_x_30,5.45659798128994e-05,0.04,723.0
2024-03-11,2024-03-11,1,ferrero_sin_especificacion,2.0918194066386994e-09,0.0,723.0
2024-03-11,2024-03-11,1,domo_media_plancha_inix,0.0006782022883871508,0.49,723.0
2024-03-11,2024-03-11,1,deiman_plumones_magicos,9.129857436493954e-19,0.0,723.0
2024-03-11,2024-03-11,1,empaque_30_x_30_x_30,5.0802808791320124e-05,0.04,723.0
2024-03-11,2024-03-11,1,queso_crema_suelto,4.923004842753094e-10,0.0,723.0
2024-03-11,2024-03-11,1,royal_icing_deiman_50_sin_unidad,4.438877433620304e-10,0.0,723.0
2024-03-11,2024-03-11,1,pegamento_fondant,1.3629691605877339e-05,0.01,723.0
2024-03-11,2024-03-11,1,base_28_cm,1.605453407488371e-07,0.0,723.0
2024-03-11,2024-03-11,1,bailey_s,9.070487610663893e-05,0.07,723.0
2024-03-11,2024-03-11,1,domo_1_4_plancha,1.050955867866026e-06,0.0,723.0
2024-03-11,2024-03-11,1,colorantes_9_colores,3.2006925144855736e-11,0.0,723.0
2024-03-11,2024-03-11,1,sabrosano,0.001817385172624345,1.31,723.0
2024-03-11,2024-03-11,1,huevo_blanco_tepa_de_linea,5.598744571684218e-08,0.0,723.0
2024-03-11,2024-03-11,1,mangas,0.0008579544299132982,0.62,723.0
2024-03-11,2024-03-11,1,relleno_durazno_puratos,0.0036477839670707108,2.64,723.0
2024-03-11,2024-03-11,1,kit_kat_9_pz,0.0026510637134897594,1.92,723.0
2024-03-11,2024-03-11,1,oblea_arroz,1.9625974974208557e-07,0.0,723.0
2024-03-11,2024-03-11,1,huevo_calvario,0.004751240433664336,3.43,723.0
2024-03-11,2024-03-11,1,bisagra_12_cupcakes,1.0702562988666269e-05,0.01,723.0
2024-03-11,2024-03-11,1,chocolate_sin_especificacion,6.8334672877721455e-09,0.0,723.0
2024-03-11,2024-03-11,1,caja_cupcake_12,3.2681416419301586e-10,0.0,723.0
2024-03-11,2024-03-11,1,empaque_31_x_31_x_20,3.4809331949608234e-05,0.03,723.0
2024-03-11,2024-03-11,1,oreo_273_6,1.691710592691876e-05,0.01,723.0
2024-03-11,2024-03-11,1,perlas_sin_especificacion,5.93498612349483e-07,0.0,723.0
2024-03-11,2024-03-11,1,chips_chocolate_con_l,1.2587710452018157e-09,0.0,723.0
2024-03-11,2024-03-11,1,relleno_fresa_frutifru,1.9640929881202346e-06,0.0,723.0
2024-03-11,2024-03-11,1,base_36_cm_doble,7.470059704771073e-09,0.0,723.0
2024-03-11,2024-03-11,1,harina_red_velvet_esp,5.324651513105127e-14,0.0,723.0
2024-03-11,2024-03-11,1,mantequilla_gloria_verde,0.1476301836107323,106.74,723.0
2024-03-11,2024-03-11,1,caja_cupcake_6,1.971450223555558e-07,0.0,723.0
2024-03-11,2024-03-11,1,botellas_jack_daniels,2.8178612906518e-06,0.0,723.0
2024-03-11,2024-03-11,1,royal_icing_sin_especificacion,0.00034598974260861343,0.25,723.0
2024-03-11,2024-03-11,1,azucar_glass,9.38302428579551e-06,0.01,723.0
2024-03-11,2024-03-11,1,kisses_leche_choc_bl_807_gr,1.2155866935198993e-09,0.0,723.0
2024-03-11,2024-03-11,1,dlr_malvavisco_chocolate_32_pz,7.791236876362627e-07,0.0,723.0
2024-03-11,2024-03-11,1,alpezzi_blanco,3.917444140240493e-06,0.0,723.0
2024-03-11,2024-03-11,1,relleno_queso_creme_p,3.2873639075415965e-07,0.0,723.0
2024-03-11,2024-03-11,1,ac_au800,8.603039307252235e-10,0.0,723.0
2024-03-11,2024-03-11,1,domo_cupcake_6,7.044653226642667e-07,0.0,723.0
2024-03-11,2024-03-11,1,caja_cupcake_sin_capacidad,1.511439571833139e-14,0.0,723.0
2024-03-11,2024-03-11,1,red_velvet,5.391836104476065e-12,0.0,723.0
2024-03-11,2024-03-11,1,cereza_con_rabo_diana,1.3692180821585748e-06,0.0,723.0
2024-03-11,2024-03-11,1,charola_galletera_alta_grande,0.002172394516566982,1.57,723.0
2024-03-11,2024-03-11,1,mantequilla_gloria_22,8.146022756555501e-09,0.0,723.0
2024-03-11,2024-03-11,1,domo_cupcake_sin_capacidad,6.868613687800486e-19,0.0,723.0
2024-03-11,2024-03-11,1,relleno_zarzamora_fruitfil_puratos,0.0003491924427254313,0.25,723.0
2024-03-11,2024-03-11,1,chips_rojo_alpezzi,0.0026786702776816517,1.94,723.0
2024-03-11,2024-03-11,1,capacillo_floreado_alegria,6.209927010845783e-05,0.04,723.0
2024-03-11,2024-03-11,1,inix_contenedor_mantecadas,4.35675164108102e-19,0.0,723.0
2024-03-11,2024-03-11,1,otros,0.34433955772782193,248.96,723.0
2024-03-11,2024-03-18,2,fondant_sin_especificacion,2.0587972799092157e-05,0.02,852.1099999999999
2024-03-11,2024-03-18,2,nutella,0.0006801681569604352,0.58,852.1099999999999
2024-03-11,2024-03-18,2,tegral_satin_creme_cake_sabor_no_especificado,4.3571546361039095e-06,0.0,852.1099999999999
2024-03-11,2024-03-18,2,chantilly_sin_especificacion,1.4607203689718898e-11,0.0,852.1099999999999
2024-03-11,2024-03-18,2,crema_batir_ambiente_1_l,0.017875863096783153,15.23,852.1099999999999
2024-03-11,2024-03-18,2,queso_philadelphia,0.008898507958973782,7.58,852.1099999999999
2024-03-11,2024-03-18,2,tegral_satin_red_velvet,0.07008047489267734,59.72,852.1099999999999
2024-03-11,2024-03-18,2,easy_pastel_tres_leches_sabor_no_especificado,9.422468171769678e-10,0.0,852.1099999999999
2024-03-11,2024-03-18,2,transfer_sin_especificacion,1.6530365384699996e-06,0.0,852.1099999999999
2024-03-11,2024-03-18,2,chantilly_dulce,0.014731470137916161,12.55,852.1099999999999
2024-03-11,2024-03-18,2,chantilly_asturias,0.013313351516445521,11.35,852.1099999999999
2024-03-11,2024-03-18,2,chips_blanco_alpezzi,0.10760187552514162,91.69,852.1099999999999
2024-03-11,2024-03-18,2,fondant_nata_coco_blanco,0.031488175098097766,26.83,852.1099999999999
2024-03-11,2024-03-18,2,chantilly_dull,5.328417767590834e-10,0.0,852.1099999999999
2024-03-11,2024-03-18,2,capacillos,1.7679744441711927e-07,0.0,852.1099999999999
2024-03-11,2024-03-18,2,huevo_sin_especificacion,0.002043263108902687,1.74,852.1099999999999
2024-03-11,2024-03-18,2,contenedor_mantecadas_inix_25_pz,0.024862660190349394,21.19,852.1099999999999
2024-03-11,2024-03-18,2,confitier_semiamargo_turin,0.03537585531299052,30.14,852.1099999999999
2024-03-11,2024-03-18,2,chips_chocolate_semi,3.187926122693348e-06,0.0,852.1099999999999
2024-03-11,2024-03-18,2,tegral_satin_vainilla,0.10345223526827177,88.15,852.1099999999999
2024-03-11,2024-03-18,2,transfer_hoja_de_arroz_gruesa,0.004483154586438852,3.82,852.1099999999999
2024-03-11,2024-03-18,2,tegral_satin_chocolate,0.018159785031127713,15.47,852.1099999999999
2024-03-11,2024-03-18,2,domo_cupcake_12,0.0019642798097610006,1.67,852.1099999999999
2024-03-11,2024-03-18,2,mantequilla_gloria_presentacion_no_especificada,0.03206365304710732,27.32,852.1099999999999
2024-03-11,2024-03-18,2,ferrero_rocher_t16,4.1799132112075746e-05,0.04,852.1099999999999
2024-03-11,2024-03-18,2,huevo_san_juan,1.4352251397824309e-06,0.0,852.1099999999999
2024-03-11,2024-03-18,2,relleno_zarzamora_puratos,5.091883581828141e-07,0.0,852.1099999999999
2024-03-11,2024-03-18,2,aceite_sin_especificacion,4.322360871965395e-12,0.0,852.1099999999999
2024-03-11,2024-03-18,2,matizador,1.467476167194338e-05,0.01,852.1099999999999
2024-03-11,2024-03-18,2,caja_de_carton_para_cupcake_6_pz,3.848691078670631e-17,0.0,852.1099999999999
2024-03-11,2024-03-18,2,carlos_v_stick,2.194360394961328e-06,0.0,852.1099999999999
2024-03-11,2024-03-18,2,kisses_leche,0.0005572527275151704,0.48,852.1099999999999
2024-03-11,2024-03-18,2,empaque_32_x_32_x_30,5.45659798128994e-05,0.05,852.1099999999999
2024-03-11,2024-03-18,2,ferrero_sin_especificacion,2.0918194066386994e-09,0.0,852.1099999999999
2024-03-11,2024-03-18,2,domo_media_plancha_inix,0.0006782022883871508,0.58,852.1099999999999
2024-03-11,2024-03-18,2,deiman_plumones_magicos,9.129857436493954e-19,0.0,852.1099999999999
2024-03-11,2024-03-18,2,empaque_30_x_30_x_30,5.0802808791320124e-05,0.04,852.1099999999999
2024-03-11,2024-03-18,2,queso_crema_suelto,4.923004842753094e-10,0.0,852.1099999999999
2024-03-11,2024-03-18,2,royal_icing_deiman_50_sin_unidad,4.438877433620304e-10,0.0,852.1099999999999
2024-03-11,2024-03-18,2,pegamento_fondant,1.3629691605877339e-05,0.01,852.1099999999999
2024-03-11,2024-03-18,2,base_28_cm,1.605453407488371e-07,0.0,852.1099999999999
2024-03-11,2024-03-18,2,bailey_s,9.070487610663893e-05,0.08,852.1099999999999
2024-03-11,2024-03-18,2,domo_1_4_plancha,1.050955867866026e-06,0.0,852.1099999999999
2024-03-11,2024-03-18,2,colorantes_9_colores,3.2006925144855736e-11,0.0,852.1099999999999
2024-03-11,2024-03-18,2,sabrosano,0.001817385172624345,1.55,852.1099999999999
2024-03-11,2024-03-18,2,huevo_blanco_tepa_de_linea,5.598744571684218e-08,0.0,852.1099999999999
2024-03-11,2024-03-18,2,mangas,0.0008579544299132982,0.73,852.1099999999999
2024-03-11,2024-03-18,2,relleno_durazno_puratos,0.0036477839670707108,3.11,852.1099999999999
2024-03-11,2024-03-18,2,kit_kat_9_pz,0.0026510637134897594,2.26,852.1099999999999
2024-03-11,2024-03-18,2,oblea_arroz,1.9625974974208557e-07,0.0,852.1099999999999
2024-03-11,2024-03-18,2,huevo_calvario,0.004751240433664336,4.05,852.1099999999999
2024-03-11,2024-03-18,2,bisagra_12_cupcakes,1.0702562988666269e-05,0.01,852.1099999999999
2024-03-11,2024-03-18,2,chocolate_sin_especificacion,6.8334672877721455e-09,0.0,852.1099999999999
2024-03-11,2024-03-18,2,caja_cupcake_12,3.2681416419301586e-10,0.0,852.1099999999999
2024-03-11,2024-03-18,2,empaque_31_x_31_x_20,3.4809331949608234e-05,0.03,852.1099999999999
2024-03-11,2024-03-18,2,oreo_273_6,1.691710592691876e-05,0.02,852.1099999999999
2024-03-11,2024-03-18,2,perlas_sin_especificacion,5.93498612349483e-07,0.0,852.1099999999999
2024-03-11,2024-03-18,2,chips_chocolate_con_l,1.2587710452018157e-09,0.0,852.1099999999999
2024-03-11,2024-03-18,2,relleno_fresa_frutifru,1.9640929881202346e-06,0.0,852.1099999999999
2024-03-11,2024-03-18,2,base_36_cm_doble,7.470059704771073e-09,0.0,852.1099999999999
2024-03-11,2024-03-18,2,harina_red_velvet_esp,5.324651513105127e-14,0.0,852.1099999999999
2024-03-11,2024-03-18,2,mantequilla_gloria_verde,0.1476301836107323,125.8,852.1099999999999
2024-03-11,2024-03-18,2,caja_cupcake_6,1.971450223555558e-07,0.0,852.1099999999999
2024-03-11,2024-03-18,2,botellas_jack_daniels,2.8178612906518e-06,0.0,852.1099999999999
2024-03-11,2024-03-18,2,royal_icing_sin_especificacion,0.00034598974260861343,0.3,852.1099999999999
2024-03-11,2024-03-18,2,azucar_glass,9.38302428579551e-06,0.01,852.1099999999999
2024-03-11,2024-03-18,2,kisses_leche_choc_bl_807_gr,1.2155866935198993e-09,0.0,852.1099999999999
2024-03-11,2024-03-18,2,dlr_malvavisco_chocolate_32_pz,7.791236876362627e-07,0.0,852.1099999999999
2024-03-11,2024-03-18,2,alpezzi_blanco,3.917444140240493e-06,0.0,852.1099999999999
2024-03-11,2024-03-18,2,relleno_queso_creme_p,3.2873639075415965e-07,0.0,852.1099999999999
2024-03-11,2024-03-18,2,ac_au800,8.603039307252235e-10,0.0,852.1099999999999
2024-03-11,2024-03-18,2,domo_cupcake_6,7.044653226642667e-07,0.0,852.1099999999999
2024-03-11,2024-03-18,2,caja_cupcake_sin_capacidad,1.511439571833139e-14,0.0,852.1099999999999
2024-03-11,2024-03-18,2,red_velvet,5.391836104476065e-12,0.0,852.1099999999999
2024-03-11,2024-03-18,2,cereza_con_rabo_diana,1.3692180821585748e-06,0.0,852.1099999999999
2024-03-11,2024-03-18,2,charola_galletera_alta_grande,0.002172394516566982,1.85,852.1099999999999
2024-03-11,2024-03-18,2,mantequilla_gloria_22,8.146022756555501e-09,0.0,852.1099999999999
2024-03-11,2024-03-18,2,domo_cupcake_sin_capacidad,6.868613687800486e-19,0.0,852.1099999999999
2024-03-11,2024-03-18,2,relleno_zarzamora_fruitfil_puratos,0.0003491924427254313,0.3,852.1099999999999
2024-03-11,2024-03-18,2,chips_rojo_alpezzi,0.0026786702776816517,2.28,852.1099999999999
2024-03-11,2024-03-18,2,capacillo_floreado_alegria,6.209927010845783e-05,0.05,852.1099999999999
2024-03-11,2024-03-18,2,inix_contenedor_mantecadas,4.35675164108102e-19,0.0,852.1099999999999
2024-03-11,2024-03-18,2,otros,0.34433955772782193,293.42,852.1099999999999
2024-03-11,2024-03-25,3,fondant_sin_especificacion,2.0587972799092157e-05,0.02,836.7299999999999
2024-03-11,2024-03-25,3,nutella,0.0006801681569604352,0.57,836.7299999999999
2024-03-11,2024-03-25,3,tegral_satin_creme_cake_sabor_no_especificado,4.3571546361039095e-06,0.0,836.7299999999999
2024-03-11,2024-03-25,3,chantilly_sin_especificacion,1.4607203689718898e-11,0.0,836.7299999999999
2024-03-11,2024-03-25,3,crema_batir_ambiente_1_l,0.017875863096783153,14.96,836.7299999999999
2024-03-11,2024-03-25,3,queso_philadelphia,0.008898507958973782,7.45,836.7299999999999
2024-03-11,2024-03-25,3,tegral_satin_red_velvet,0.07008047489267734,58.64,836.7299999999999
2024-03-11,2024-03-25,3,easy_pastel_tres_leches_sabor_no_especificado,9.422468171769678e-10,0.0,836.7299999999999
2024-03-11,2024-03-25,3,transfer_sin_especificacion,1.6530365384699996e-06,0.0,836.7299999999999
2024-03-11,2024-03-25,3,chantilly_dulce,0.014731470137916161,12.33,836.7299999999999
2024-03-11,2024-03-25,3,chantilly_asturias,0.013313351516445521,11.14,836.7299999999999
2024-03-11,2024-03-25,3,chips_blanco_alpezzi,0.10760187552514162,90.03,836.7299999999999
2024-03-11,2024-03-25,3,fondant_nata_coco_blanco,0.031488175098097766,26.35,836.7299999999999
2024-03-11,2024-03-25,3,chantilly_dull,5.328417767590834e-10,0.0,836.7299999999999
2024-03-11,2024-03-25,3,capacillos,1.7679744441711927e-07,0.0,836.7299999999999
2024-03-11,2024-03-25,3,huevo_sin_especificacion,0.002043263108902687,1.71,836.7299999999999
2024-03-11,2024-03-25,3,contenedor_mantecadas_inix_25_pz,0.024862660190349394,20.8,836.7299999999999
2024-03-11,2024-03-25,3,confitier_semiamargo_turin,0.03537585531299052,29.6,836.7299999999999
2024-03-11,2024-03-25,3,chips_chocolate_semi,3.187926122693348e-06,0.0,836.7299999999999
2024-03-11,2024-03-25,3,tegral_satin_vainilla,0.10345223526827177,86.56,836.7299999999999
2024-03-11,2024-03-25,3,transfer_hoja_de_arroz_gruesa,0.004483154586438852,3.75,836.7299999999999
2024-03-11,2024-03-25,3,tegral_satin_chocolate,0.018159785031127713,15.19,836.7299999999999
2024-03-11,2024-03-25,3,domo_cupcake_12,0.0019642798097610006,1.64,836.7299999999999
2024-03-11,2024-03-25,3,mantequilla_gloria_presentacion_no_especificada,0.03206365304710732,26.83,836.7299999999999
2024-03-11,2024-03-25,3,ferrero_rocher_t16,4.1799132112075746e-05,0.04,836.7299999999999
2024-03-11,2024-03-25,3,huevo_san_juan,1.4352251397824309e-06,0.0,836.7299999999999
2024-03-11,2024-03-25,3,relleno_zarzamora_puratos,5.091883581828141e-07,0.0,836.7299999999999
2024-03-11,2024-03-25,3,aceite_sin_especificacion,4.322360871965395e-12,0.0,836.7299999999999
2024-03-11,2024-03-25,3,matizador,1.467476167194338e-05,0.01,836.7299999999999
2024-03-11,2024-03-25,3,caja_de_carton_para_cupcake_6_pz,3.848691078670631e-17,0.0,836.7299999999999
2024-03-11,2024-03-25,3,carlos_v_stick,2.194360394961328e-06,0.0,836.7299999999999
2024-03-11,2024-03-25,3,kisses_leche,0.0005572527275151704,0.47,836.7299999999999
2024-03-11,2024-03-25,3,empaque_32_x_32_x_30,5.45659798128994e-05,0.05,836.7299999999999
2024-03-11,2024-03-25,3,ferrero_sin_especificacion,2.0918194066386994e-09,0.0,836.7299999999999
2024-03-11,2024-03-25,3,domo_media_plancha_inix,0.0006782022883871508,0.57,836.7299999999999
2024-03-11,2024-03-25,3,deiman_plumones_magicos,9.129857436493954e-19,0.0,836.7299999999999
2024-03-11,2024-03-25,3,empaque_30_x_30_x_30,5.0802808791320124e-05,0.04,836.7299999999999
2024-03-11,2024-03-25,3,queso_crema_suelto,4.923004842753094e-10,0.0,836.7299999999999
2024-03-11,2024-03-25,3,royal_icing_deiman_50_sin_unidad,4.438877433620304e-10,0.0,836.7299999999999
2024-03-11,2024-03-25,3,pegamento_fondant,1.3629691605877339e-05,0.01,836.7299999999999
2024-03-11,2024-03-25,3,base_28_cm,1.605453407488371e-07,0.0,836.7299999999999
2024-03-11,2024-03-25,3,bailey_s,9.070487610663893e-05,0.08,836.7299999999999
2024-03-11,2024-03-25,3,domo_1_4_plancha,1.050955867866026e-06,0.0,836.7299999999999
2024-03-11,2024-03-25,3,colorantes_9_colores,3.2006925144855736e-11,0.0,836.7299999999999
2024-03-11,2024-03-25,3,sabrosano,0.001817385172624345,1.52,836.7299999999999
2024-03-11,2024-03-25,3,huevo_blanco_tepa_de_linea,5.598744571684218e-08,0.0,836.7299999999999
2024-03-11,2024-03-25,3,mangas,0.0008579544299132982,0.72,836.7299999999999
2024-03-11,2024-03-25,3,relleno_durazno_puratos,0.0036477839670707108,3.05,836.7299999999999
2024-03-11,2024-03-25,3,kit_kat_9_pz,0.0026510637134897594,2.22,836.7299999999999
2024-03-11,2024-03-25,3,oblea_arroz,1.9625974974208557e-07,0.0,836.7299999999999
2024-03-11,2024-03-25,3,huevo_calvario,0.004751240433664336,3.98,836.7299999999999
2024-03-11,2024-03-25,3,bisagra_12_cupcakes,1.0702562988666269e-05,0.01,836.7299999999999
2024-03-11,2024-03-25,3,chocolate_sin_especificacion,6.8334672877721455e-09,0.0,836.7299999999999
2024-03-11,2024-03-25,3,caja_cupcake_12,3.2681416419301586e-10,0.0,836.7299999999999
2024-03-11,2024-03-25,3,empaque_31_x_31_x_20,3.4809331949608234e-05,0.03,836.7299999999999
2024-03-11,2024-03-25,3,oreo_273_6,1.691710592691876e-05,0.01,836.7299999999999
2024-03-11,2024-03-25,3,perlas_sin_especificacion,5.93498612349483e-07,0.0,836.7299999999999
2024-03-11,2024-03-25,3,chips_chocolate_con_l,1.2587710452018157e-09,0.0,836.7299999999999
2024-03-11,2024-03-25,3,relleno_fresa_frutifru,1.9640929881202346e-06,0.0,836.7299999999999
2024-03-11,2024-03-25,3,base_36_cm_doble,7.470059704771073e-09,0.0,836.7299999999999
2024-03-11,2024-03-25,3,harina_red_velvet_esp,5.324651513105127e-14,0.0,836.7299999999999
2024-03-11,2024-03-25,3,mantequilla_gloria_verde,0.1476301836107323,123.53,836.7299999999999
2024-03-11,2024-03-25,3,caja_cupcake_6,1.971450223555558e-07,0.0,836.7299999999999
2024-03-11,2024-03-25,3,botellas_jack_daniels,2.8178612906518e-06,0.0,836.7299999999999
2024-03-11,2024-03-25,3,royal_icing_sin_especificacion,0.00034598974260861343,0.29,836.7299999999999
2024-03-11,2024-03-25,3,azucar_glass,9.38302428579551e-06,0.01,836.7299999999999
2024-03-11,2024-03-25,3,kisses_leche_choc_bl_807_gr,1.2155866935198993e-09,0.0,836.7299999999999
2024-03-11,2024-03-25,3,dlr_malvavisco_chocolate_32_pz,7.791236876362627e-07,0.0,836.7299999999999
2024-03-11,2024-03-25,3,alpezzi_blanco,3.917444140240493e-06,0.0,836.7299999999999
2024-03-11,2024-03-25,3,relleno_queso_creme_p,3.2873639075415965e-07,0.0,836.7299999999999
2024-03-11,2024-03-25,3,ac_au800,8.603039307252235e-10,0.0,836.7299999999999
2024-03-11,2024-03-25,3,domo_cupcake_6,7.044653226642667e-07,0.0,836.7299999999999
2024-03-11,2024-03-25,3,caja_cupcake_sin_capacidad,1.511439571833139e-14,0.0,836.7299999999999
2024-03-11,2024-03-25,3,red_velvet,5.391836104476065e-12,0.0,836.7299999999999
2024-03-11,2024-03-25,3,cereza_con_rabo_diana,1.3692180821585748e-06,0.0,836.7299999999999
2024-03-11,2024-03-25,3,charola_galletera_alta_grande,0.002172394516566982,1.82,836.7299999999999
2024-03-11,2024-03-25,3,mantequilla_gloria_22,8.146022756555501e-09,0.0,836.7299999999999
2024-03-11,2024-03-25,3,domo_cupcake_sin_capacidad,6.868613687800486e-19,0.0,836.7299999999999
2024-03-11,2024-03-25,3,relleno_zarzamora_fruitfil_puratos,0.0003491924427254313,0.29,836.7299999999999
2024-03-11,2024-03-25,3,chips_rojo_alpezzi,0.0026786702776816517,2.24,836.7299999999999
2024-03-11,2024-03-25,3,capacillo_floreado_alegria,6.209927010845783e-05,0.05,836.7299999999999
2024-03-11,2024-03-25,3,inix_contenedor_mantecadas,4.35675164108102e-19,0.0,836.7299999999999
2024-03-11,2024-03-25,3,otros,0.34433955772782193,288.12,836.7299999999999
2024-03-11,2024-04-01,4,fondant_sin_especificacion,2.0587972799092157e-05,0.01,578.52
2024-03-11,2024-04-01,4,nutella,0.0006801681569604352,0.39,578.52
2024-03-11,2024-04-01,4,tegral_satin_creme_cake_sabor_no_especificado,4.3571546361039095e-06,0.0,578.52
2024-03-11,2024-04-01,4,chantilly_sin_especificacion,1.4607203689718898e-11,0.0,578.52
2024-03-11,2024-04-01,4,crema_batir_ambiente_1_l,0.017875863096783153,10.34,578.52
2024-03-11,2024-04-01,4,queso_philadelphia,0.008898507958973782,5.15,578.52
2024-03-11,2024-04-01,4,tegral_satin_red_velvet,0.07008047489267734,40.54,578.52
2024-03-11,2024-04-01,4,easy_pastel_tres_leches_sabor_no_especificado,9.422468171769678e-10,0.0,578.52
2024-03-11,2024-04-01,4,transfer_sin_especificacion,1.6530365384699996e-06,0.0,578.52
2024-03-11,2024-04-01,4,chantilly_dulce,0.014731470137916161,8.52,578.52
2024-03-11,2024-04-01,4,chantilly_asturias,0.013313351516445521,7.7,578.52
2024-03-11,2024-04-01,4,chips_blanco_alpezzi,0.10760187552514162,62.25,578.52
2024-03-11,2024-04-01,4,fondant_nata_coco_blanco,0.031488175098097766,18.22,578.52
2024-03-11,2024-04-01,4,chantilly_dull,5.328417767590834e-10,0.0,578.52
2024-03-11,2024-04-01,4,capacillos,1.7679744441711927e-07,0.0,578.52
2024-03-11,2024-04-01,4,huevo_sin_especificacion,0.002043263108902687,1.18,578.52
2024-03-11,2024-04-01,4,contenedor_mantecadas_inix_25_pz,0.024862660190349394,14.38,578.52
2024-03-11,2024-04-01,4,confitier_semiamargo_turin,0.03537585531299052,20.47,578.52
2024-03-11,2024-04-01,4,chips_chocolate_semi,3.187926122693348e-06,0.0,578.52
2024-03-11,2024-04-01,4,tegral_satin_vainilla,0.10345223526827177,59.85,578.52
2024-03-11,2024-04-01,4,transfer_hoja_de_arroz_gruesa,0.004483154586438852,2.59,578.52
2024-03-11,2024-04-01,4,tegral_satin_chocolate,0.018159785031127713,10.51,578.52
2024-03-11,2024-04-01,4,domo_cupcake_12,0.0019642798097610006,1.14,578.52
2024-03-11,2024-04-01,4,mantequilla_gloria_presentacion_no_especificada,0.03206365304710732,18.55,578.52
2024-03-11,2024-04-01,4,ferrero_rocher_t16,4.1799132112075746e-05,0.03,578.52
2024-03-11,2024-04-01,4,huevo_san_juan,1.4352251397824309e-06,0.0,578.52
2024-03-11,2024-04-01,4,relleno_zarzamora_puratos,5.091883581828141e-07,0.0,578.52
2024-03-11,2024-04-01,4,aceite_sin_especificacion,4.322360871965395e-12,0.0,578.52
2024-03-11,2024-04-01,4,matizador,1.467476167194338e-05,0.01,578.52
2024-03-11,2024-04-01,4,caja_de_carton_para_cupcake_6_pz,3.848691078670631e-17,0.0,578.52
2024-03-11,2024-04-01,4,carlos_v_stick,2.194360394961328e-06,0.0,578.52
2024-03-11,2024-04-01,4,kisses_leche,0.0005572527275151704,0.32,578.52
2024-03-11,2024-04-01,4,empaque_32_x_32_x_30,5.45659798128994e-05,0.03,578.52
2024-03-11,2024-04-01,4,ferrero_sin_especificacion,2.0918194066386994e-09,0.0,578.52
2024-03-11,2024-04-01,4,domo_media_plancha_inix,0.0006782022883871508,0.39,578.52
2024-03-11,2024-04-01,4,deiman_plumones_magicos,9.129857436493954e-19,0.0,578.52
2024-03-11,2024-04-01,4,empaque_30_x_30_x_30,5.0802808791320124e-05,0.03,578.52
2024-03-11,2024-04-01,4,queso_crema_suelto,4.923004842753094e-10,0.0,578.52
2024-03-11,2024-04-01,4,royal_icing_deiman_50_sin_unidad,4.438877433620304e-10,0.0,578.52
2024-03-11,2024-04-01,4,pegamento_fondant,1.3629691605877339e-05,0.01,578.52
2024-03-11,2024-04-01,4,base_28_cm,1.605453407488371e-07,0.0,578.52
2024-03-11,2024-04-01,4,bailey_s,9.070487610663893e-05,0.05,578.52
2024-03-11,2024-04-01,4,domo_1_4_plancha,1.050955867866026e-06,0.0,578.52
2024-03-11,2024-04-01,4,colorantes_9_colores,3.2006925144855736e-11,0.0,578.52
2024-03-11,2024-04-01,4,sabrosano,0.001817385172624345,1.05,578.52
2024-03-11,2024-04-01,4,huevo_blanco_tepa_de_linea,5.598744571684218e-08,0.0,578.52
2024-03-11,2024-04-01,4,mangas,0.0008579544299132982,0.5,578.52
2024-03-11,2024-04-01,4,relleno_durazno_puratos,0.0036477839670707108,2.11,578.52
2024-03-11,2024-04-01,4,kit_kat_9_pz,0.0026510637134897594,1.53,578.52
2024-03-11,2024-04-01,4,oblea_arroz,1.9625974974208557e-07,0.0,578.52
2024-03-11,2024-04-01,4,huevo_calvario,0.004751240433664336,2.75,578.52
2024-03-11,2024-04-01,4,bisagra_12_cupcakes,1.0702562988666269e-05,0.01,578.52
2024-03-11,2024-04-01,4,chocolate_sin_especificacion,6.8334672877721455e-09,0.0,578.52
2024-03-11,2024-04-01,4,caja_cupcake_12,3.2681416419301586e-10,0.0,578.52
2024-03-11,2024-04-01,4,empaque_31_x_31_x_20,3.4809331949608234e-05,0.02,578.52
2024-03-11,2024-04-01,4,oreo_273_6,1.691710592691876e-05,0.01,578.52
2024-03-11,2024-04-01,4,perlas_sin_especificacion,5.93498612349483e-07,0.0,578.52
2024-03-11,2024-04-01,4,chips_chocolate_con_l,1.2587710452018157e-09,0.0,578.52
2024-03-11,2024-04-01,4,relleno_fresa_frutifru,1.9640929881202346e-06,0.0,578.52
2024-03-11,2024-04-01,4,base_36_cm_doble,7.470059704771073e-09,0.0,578.52
2024-03-11,2024-04-01,4,harina_red_velvet_esp,5.324651513105127e-14,0.0,578.52
2024-03-11,2024-04-01,4,mantequilla_gloria_verde,0.1476301836107323,85.41,578.52
2024-03-11,2024-04-01,4,caja_cupcake_6,1.971450223555558e-07,0.0,578.52
2024-03-11,2024-04-01,4,botellas_jack_daniels,2.8178612906518e-06,0.0,578.52
2024-03-11,2024-04-01,4,royal_icing_sin_especificacion,0.00034598974260861343,0.2,578.52
2024-03-11,2024-04-01,4,azucar_glass,9.38302428579551e-06,0.01,578.52
2024-03-11,2024-04-01,4,kisses_leche_choc_bl_807_gr,1.2155866935198993e-09,0.0,578.52
2024-03-11,2024-04-01,4,dlr_malvavisco_chocolate_32_pz,7.791236876362627e-07,0.0,578.52
2024-03-11,2024-04-01,4,alpezzi_blanco,3.917444140240493e-06,0.0,578.52
2024-03-11,2024-04-01,4,relleno_queso_creme_p,3.2873639075415965e-07,0.0,578.52
2024-03-11,2024-04-01,4,ac_au800,8.603039307252235e-10,0.0,578.52
2024-03-11,2024-04-01,4,domo_cupcake_6,7.044653226642667e-07,0.0,578.52
2024-03-11,2024-04-01,4,caja_cupcake_sin_capacidad,1.511439571833139e-14,0.0,578.52
2024-03-11,2024-04-01,4,red_velvet,5.391836104476065e-12,0.0,578.52
2024-03-11,2024-04-01,4,cereza_con_rabo_diana,1.3692180821585748e-06,0.0,578.52
2024-03-11,2024-04-01,4,charola_galletera_alta_grande,0.002172394516566982,1.26,578.52
2024-03-11,2024-04-01,4,mantequilla_gloria_22,8.146022756555501e-09,0.0,578.52
2024-03-11,2024-04-01,4,domo_cupcake_sin_capacidad,6.868613687800486e-19,0.0,578.52
2024-03-11,2024-04-01,4,relleno_zarzamora_fruitfil_puratos,0.0003491924427254313,0.2,578.52
2024-03-11,2024-04-01,4,chips_rojo_alpezzi,0.0026786702776816517,1.55,578.52
2024-03-11,2024-04-01,4,capacillo_floreado_alegria,6.209927010845783e-05,0.04,578.52
2024-03-11,2024-04-01,4,inix_contenedor_mantecadas,4.35675164108102e-19,0.0,578.52
2024-03-11,2024-04-01,4,otros,0.34433955772782193,199.21,578.52
2024-03-18,2024-03-18,1,fondant_sin_especificacion,1.3347835551856841e-05,0.01,979.9499999999999
2024-03-18,2024-03-18,1,nutella,0.0004409745823599387,0.43,979.9499999999999
2024-03-18,2024-03-18,1,tegral_satin_creme_cake_sabor_no_especificado,2.8248815035975845e-06,0.0,979.9499999999999
2024-03-18,2024-03-18,1,chantilly_sin_especificacion,9.470313305030298e-12,0.0,979.9499999999999
2024-03-18,2024-03-18,1,crema_batir_ambiente_1_l,0.1067128795240164,104.57,979.9499999999999
2024-03-18,2024-03-18,1,queso_philadelphia,0.0057691848562432925,5.65,979.9499999999999
2024-03-18,2024-03-18,1,tegral_satin_red_velvet,0.045435393925949696,44.52,979.9499999999999
2024-03-18,2024-03-18,1,easy_pastel_tres_leches_sabor_no_especificado,6.108884875490644e-10,0.0,979.9499999999999
2024-03-18,2024-03-18,1,transfer_sin_especificacion,1.0717160009887514e-06,0.0,979.9499999999999
2024-03-18,2024-03-18,1,chantilly_dulce,0.009550879183533091,9.36,979.9499999999999
2024-03-18,2024-03-18,1,chantilly_asturias,0.008631467916715665,8.46,979.9499999999999
2024-03-18,2024-03-18,1,chips_blanco_alpezzi,0.06976170765313487,68.36,979.9499999999999
2024-03-18,2024-03-18,1,fondant_nata_coco_blanco,0.020414782316791096,20.01,979.9499999999999
2024-03-18,2024-03-18,1,chantilly_dull,3.454582187738796e-10,0.0,979.9499999999999
2024-03-18,2024-03-18,1,capacillos,1.1462338896097236e-07,0.0,979.9499999999999
2024-03-18,2024-03-18,1,huevo_sin_especificacion,0.0013247122595776621,1.3,979.9499999999999
2024-03-18,2024-03-18,1,contenedor_mantecadas_inix_25_pz,0.01611925092581797,15.8,979.9499999999999
2024-03-18,2024-03-18,1,confitier_semiamargo_turin,0.022935288667415586,22.48,979.9499999999999
2024-03-18,2024-03-18,1,chips_chocolate_semi,2.0668335854346846e-06,0.0,979.9499999999999
2024-03-18,2024-03-18,1,tegral_satin_vainilla,0.1448995930439445,141.99,979.9499999999999
2024-03-18,2024-03-18,1,transfer_hoja_de_arroz_gruesa,0.002906571266500667,2.85,979.9499999999999
2024-03-18,2024-03-18,1,tegral_satin_chocolate,0.011773564430940612,11.54,979.9499999999999
2024-03-18,2024-03-18,1,domo_cupcake_12,0.0012735048824077824,1.25,979.9499999999999
2024-03-18,2024-03-18,1,mantequilla_gloria_presentacion_no_especificada,0.02078788291790701,20.37,979.9499999999999
2024-03-18,2024-03-18,1,ferrero_rocher_t16,2.7099702680145752e-05,0.03,979.9499999999999
2024-03-18,2024-03-18,1,huevo_san_juan,9.305019650381211e-07,0.0,979.9499999999999
2024-03-18,2024-03-18,1,relleno_zarzamora_puratos,3.301229575280905e-07,0.0,979.9499999999999
2024-03-18,2024-03-18,1,aceite_sin_especificacion,2.8023236030950422e-12,0.0,979.9499999999999
2024-03-18,2024-03-18,1,matizador,9.514113286978372e-06,0.01,979.9499999999999
2024-03-18,2024-03-18,1,caja_de_carton_para_cupcake_6_pz,2.4952284573767932e-17,0.0,979.9499999999999
2024-03-18,2024-03-18,1,carlos_v_stick,1.4226734209957284e-06,0.0,979.9499999999999
2024-03-18,2024-03-18,1,kisses_leche,0.00036128461215104065,0.35,979.9499999999999
2024-03-18,2024-03-18,1,empaque_32_x_32_x_30,3.53768548451083e-05,0.04,979.9499999999999
2024-03-18,2024-03-18,1,ferrero_sin_especificacion,1.356192846982357e-09,0.0,979.9499999999999
2024-03-18,2024-03-18,1,domo_media_plancha_inix,0.00043970004743176344,0.43,979.9499999999999
2024-03-18,2024-03-18,1,deiman_plumones_magicos,5.919176057955169e-19,0.0,979.9499999999999
2024-03-18,2024-03-18,1,empaque_30_x_30_x_30,3.293707175234221e-05,0.03,979.9499999999999
2024-03-18,2024-03-18,1,queso_crema_suelto,3.1917401340728766e-10,0.0,979.9499999999999
2024-03-18,2024-03-18,1,royal_icing_deiman_50_sin_unidad,2.877864984425509e-10,0.0,979.9499999999999
2024-03-18,2024-03-18,1,pegamento_fondant,8.836561226941029e-06,0.01,979.9499999999999
2024-03-18,2024-03-18,1,base_28_cm,1.0408663484472804e-07,0.0,979.9499999999999
2024-03-18,2024-03-18,1,bailey_s,5.8806847174208076e-05,0.06,979.9499999999999
2024-03-18,2024-03-18,1,domo_1_4_plancha,6.813680119663492e-07,0.0,979.9499999999999
2024-03-18,2024-03-18,1,colorantes_9_colores,2.0751104420196475e-11,0.0,979.9499999999999
2024-03-18,2024-03-18,1,sabrosano,0.0011782684315399137,1.16,979.9499999999999
2024-03-18,2024-03-18,1,huevo_blanco_tepa_de_linea,3.629843626128525e-08,0.0,979.9499999999999
2024-03-18,2024-03-18,1,mangas,0.0005562390602135811,0.55,979.9499999999999
2024-03-18,2024-03-18,1,relleno_durazno_puratos,0.002364974006732069,2.32,979.9499999999999
2024-03-18,2024-03-18,1,kit_kat_9_pz,0.0017187686631641853,1.68,979.9499999999999
2024-03-18,2024-03-18,1,oblea_arroz,0.02882539714610658,28.25,979.9499999999999
2024-03-18,2024-03-18,1,huevo_calvario,0.003080379821498552,3.02,979.9499999999999
2024-03-18,2024-03-18,1,bisagra_12_cupcakes,6.93881093345947e-06,0.01,979.9499999999999
2024-03-18,2024-03-18,1,chocolate_sin_especificacion,4.430353512522508e-09,0.0,979.9499999999999
2024-03-18,2024-03-18,1,caja_cupcake_12,2.118839849962437e-10,0.0,979.9499999999999
2024-03-18,2024-03-18,1,empaque_31_x_31_x_20,2.2567993608086327e-05,0.02,979.9499999999999
2024-03-18,2024-03-18,1,oreo_273_6,1.0967896165853272e-05,0.01,979.9499999999999
2024-03-18,2024-03-18,1,perlas_sin_especificacion,3.847839685432969e-07,0.0,979.9499999999999
2024-03-18,2024-03-18,1,chips_chocolate_con_l,8.161011806628034e-10,0.0,979.9499999999999
2024-03-18,2024-03-18,1,relleno_fresa_frutifru,1.2733837600144895e-06,0.0,979.9499999999999
2024-03-18,2024-03-18,1,base_36_cm_doble,4.8430765610023206e-09,0.0,979.9499999999999
2024-03-18,2024-03-18,1,harina_red_velvet_esp,3.4521404055384675e-14,0.0,979.9499999999999
2024-03-18,2024-03-18,1,mantequilla_gloria_verde,0.09571332896910463,93.79,979.9499999999999
2024-03-18,2024-03-18,1,caja_cupcake_6,1.2781536890242715e-07,0.0,979.9499999999999
2024-03-18,2024-03-18,1,botellas_jack_daniels,1.8269088211162709e-06,0.0,979.9499999999999
2024-03-18,2024-03-18,1,royal_icing_sin_especificacion,0.0002243161204862624,0.22,979.9499999999999
2024-03-18,2024-03-18,1,azucar_glass,6.083312153559877e-06,0.01,979.9499999999999
2024-03-18,2024-03-18,1,kisses_leche_choc_bl_807_gr,7.881033962141474e-10,0.0,979.9499999999999
2024-03-18,2024-03-18,1,dlr_malvavisco_chocolate_32_pz,5.051305904961994e-07,0.0,979.9499999999999
2024-03-18,2024-03-18,1,alpezzi_blanco,2.5398032471570516e-06,0.0,979.9499999999999
2024-03-18,2024-03-18,1,relleno_queso_creme_p,2.1313022542418375e-07,0.0,979.9499999999999
2024-03-18,2024-03-18,1,ac_au800,5.57762316085957e-10,0.0,979.9499999999999
2024-03-18,2024-03-18,1,domo_cupcake_6,4.567272052799213e-07,0.0,979.9499999999999
2024-03-18,2024-03-18,1,caja_cupcake_sin_capacidad,9.799141978800003e-15,0.0,979.9499999999999
2024-03-18,2024-03-18,1,red_velvet,3.4956983063570235e-12,0.0,979.9499999999999
2024-03-18,2024-03-18,1,cereza_con_rabo_diana,8.877074966840527e-07,0.0,979.9499999999999
2024-03-18,2024-03-18,1,charola_galletera_alta_grande,0.0014084322455569915,1.38,979.9499999999999
2024-03-18,2024-03-18,1,mantequilla_gloria_22,5.281324840344699e-09,0.0,979.9499999999999
2024-03-18,2024-03-18,1,domo_cupcake_sin_capacidad,4.453140038053508e-19,0.0,979.9499999999999
2024-03-18,2024-03-18,1,relleno_zarzamora_fruitfil_puratos,0.08237841176088129,80.73,979.9499999999999
2024-03-18,2024-03-18,1,chips_rojo_alpezzi,0.0017366668740556143,1.7,979.9499999999999
2024-03-18,2024-03-18,1,capacillo_floreado_alegria,4.026092580298071e-05,0.04,979.9499999999999
2024-03-18,2024-03-18,1,inix_contenedor_mantecadas,2.8246202291464163e-19,0.0,979.9499999999999
2024-03-18,2024-03-18,1,otros,0.29098563758138135,285.15,979.9499999999999
2024-03-18,2024-03-25,2,fondant_sin_especificacion,1.3347835551856841e-05,0.01,877.61
2024-03-18,2024-03-25,2,nutella,0.0004409745823599387,0.39,877.61
2024-03-18,2024-03-25,2,tegral_satin_creme_cake_sabor_no_especificado,2.8248815035975845e-06,0.0,877.61
2024-03-18,2024-03-25,2,chantilly_sin_especificacion,9.470313305030298e-12,0.0,877.61
2024-03-18,2024-03-25,2,crema_batir_ambiente_1_l,0.1067128795240164,93.65,877.61
2024-03-18,2024-03-25,2,queso_philadelphia,0.0057691848562432925,5.06,877.61
2024-03-18,2024-03-25,2,tegral_satin_red_velvet,0.045435393925949696,39.87,877.61
2024-03-18,2024-03-25,2,easy_pastel_tres_leches_sabor_no_especificado,6.108884875490644e-10,0.0,877.61
2024-03-18,2024-03-25,2,transfer_sin_especificacion,1.0717160009887514e-06,0.0,877.61
2024-03-18,2024-03-25,2,chantilly_dulce,0.009550879183533091,8.38,877.61
2024-03-18,2024-03-25,2,chantilly_asturias,0.008631467916715665,7.57,877.61
2024-03-18,2024-03-25,2,chips_blanco_alpezzi,0.06976170765313487,61.22,877.61
2024-03-18,2024-03-25,2,fondant_nata_coco_blanco,0.020414782316791096,17.92,877.61
2024-03-18,2024-03-25,2,chantilly_dull,3.454582187738796e-10,0.0,877.61
2024-03-18,2024-03-25,2,capacillos,1.1462338896097236e-07,0.0,877.61
2024-03-18,2024-03-25,2,huevo_sin_especificacion,0.0013247122595776621,1.16,877.61
2024-03-18,2024-03-25,2,contenedor_mantecadas_inix_25_pz,0.01611925092581797,14.15,877.61
2024-03-18,2024-03-25,2,confitier_semiamargo_turin,0.022935288667415586,20.13,877.61
2024-03-18,2024-03-25,2,chips_chocolate_semi,2.0668335854346846e-06,0.0,877.61
2024-03-18,2024-03-25,2,tegral_satin_vainilla,0.1448995930439445,127.17,877.61
2024-03-18,2024-03-25,2,transfer_hoja_de_arroz_gruesa,0.002906571266500667,2.55,877.61
2024-03-18,2024-03-25,2,tegral_satin_chocolate,0.011773564430940612,10.33,877.61
2024-03-18,2024-03-25,2,domo_cupcake_12,0.0012735048824077824,1.12,877.61
2024-03-18,2024-03-25,2,mantequilla_gloria_presentacion_no_especificada,0.02078788291790701,18.24,877.61
2024-03-18,2024-03-25,2,ferrero_rocher_t16,2.7099702680145752e-05,0.02,877.61
2024-03-18,2024-03-25,2,huevo_san_juan,9.305019650381211e-07,0.0,877.61
2024-03-18,2024-03-25,2,relleno_zarzamora_puratos,3.301229575280905e-07,0.0,877.61
2024-03-18,2024-03-25,2,aceite_sin_especificacion,2.8023236030950422e-12,0.0,877.61
2024-03-18,2024-03-25,2,matizador,9.514113286978372e-06,0.01,877.61
2024-03-18,2024-03-25,2,caja_de_carton_para_cupcake_6_pz,2.4952284573767932e-17,0.0,877.61
2024-03-18,2024-03-25,2,carlos_v_stick,1.4226734209957284e-06,0.0,877.61
2024-03-18,2024-03-25,2,kisses_leche,0.00036128461215104065,0.32,877.61
2024-03-18,2024-03-25,2,empaque_32_x_32_x_30,3.53768548451083e-05,0.03,877.61
2024-03-18,2024-03-25,2,ferrero_sin_especificacion,1.356192846982357e-09,0.0,877.61
2024-03-18,2024-03-25,2,domo_media_plancha_inix,0.00043970004743176344,0.39,877.61
2024-03-18,2024-03-25,2,deiman_plumones_magicos,5.919176057955169e-19,0.0,877.61
2024-03-18,2024-03-25,2,empaque_30_x_30_x_30,3.293707175234221e-05,0.03,877.61
2024-03-18,2024-03-25,2,queso_crema_suelto,3.1917401340728766e-10,0.0,877.61
2024-03-18,2024-03-25,2,royal_icing_deiman_50_sin_unidad,2.877864984425509e-10,0.0,877.61
2024-03-18,2024-03-25,2,pegamento_fondant,8.836561226941029e-06,0.01,877.61
2024-03-18,2024-03-25,2,base_28_cm,1.0408663484472804e-07,0.0,877.61
2024-03-18,2024-03-25,2,bailey_s,5.8806847174208076e-05,0.05,877.61
2024-03-18,2024-03-25,2,domo_1_4_plancha,6.813680119663492e-07,0.0,877.61
2024-03-18,2024-03-25,2,colorantes_9_colores,2.0751104420196475e-11,0.0,877.61
2024-03-18,2024-03-25,2,sabrosano,0.0011782684315399137,1.03,877.61
2024-03-18,2024-03-25,2,huevo_blanco_tepa_de_linea,3.629843626128525e-08,0.0,877.61
2024-03-18,2024-03-25,2,mangas,0.0005562390602135811,0.49,877.61
2024-03-18,2024-03-25,2,relleno_durazno_puratos,0.002364974006732069,2.08,877.61
2024-03-18,2024-03-25,2,kit_kat_9_pz,0.0017187686631641853,1.51,877.61
2024-03-18,2024-03-25,2,oblea_arroz,0.02882539714610658,25.3,877.61
2024-03-18,2024-03-25,2,huevo_calvario,0.003080379821498552,2.7,877.61
2024-03-18,2024-03-25,2,bisagra_12_cupcakes,6.93881093345947e-06,0.01,877.61
2024-03-18,2024-03-25,2,chocolate_sin_especificacion,4.430353512522508e-09,0.0,877.61
2024-03-18,2024-03-25,2,caja_cupcake_12,2.118839849962437e-10,0.0,877.61
2024-03-18,2024-03-25,2,empaque_31_x_31_x_20,2.2567993608086327e-05,0.02,877.61
2024-03-18,2024-03-25,2,oreo_273_6,1.0967896165853272e-05,0.01,877.61
2024-03-18,2024-03-25,2,perlas_sin_especificacion,3.847839685432969e-07,0.0,877.61
2024-03-18,2024-03-25,2,chips_chocolate_con_l,8.161011806628034e-10,0.0,877.61
2024-03-18,2024-03-25,2,relleno_fresa_frutifru,1.2733837600144895e-06,0.0,877.61
2024-03-18,2024-03-25,2,base_36_cm_doble,4.8430765610023206e-09,0.0,877.61
2024-03-18,2024-03-25,2,harina_red_velvet_esp,3.4521404055384675e-14,0.0,877.61
2024-03-18,2024-03-25,2,mantequilla_gloria_verde,0.09571332896910463,84.0,877.61
2024-03-18,2024-03-25,2,caja_cupcake_6,1.2781536890242715e-07,0.0,877.61
2024-03-18,2024-03-25,2,botellas_jack_daniels,1.8269088211162709e-06,0.0,877.61
2024-03-18,2024-03-25,2,royal_icing_sin_especificacion,0.0002243161204862624,0.2,877.61
2024-03-18,2024-03-25,2,azucar_glass,6.083312153559877e-06,0.01,877.61
2024-03-18,2024-03-25,2,kisses_leche_choc_bl_807_gr,7.881033962141474e-10,0.0,877.61
2024-03-18,2024-03-25,2,dlr_malvavisco_chocolate_32_pz,5.051305904961994e-07,0.0,877.61
2024-03-18,2024-03-25,2,alpezzi_blanco,2.5398032471570516e-06,0.0,877.61
2024-03-18,2024-03-25,2,relleno_queso_creme_p,2.1313022542418375e-07,0.0,877.61
2024-03-18,2024-03-25,2,ac_au800,5.57762316085957e-10,0.0,877.61
2024-03-18,2024-03-25,2,domo_cupcake_6,4.567272052799213e-07,0.0,877.61
2024-03-18,2024-03-25,2,caja_cupcake_sin_capacidad,9.799141978800003e-15,0.0,877.61
2024-03-18,2024-03-25,2,red_velvet,3.4956983063570235e-12,0.0,877.61
2024-03-18,2024-03-25,2,cereza_con_rabo_diana,8.877074966840527e-07,0.0,877.61
2024-03-18,2024-03-25,2,charola_galletera_alta_grande,0.0014084322455569915,1.24,877.61
2024-03-18,2024-03-25,2,mantequilla_gloria_22,5.281324840344699e-09,0.0,877.61
2024-03-18,2024-03-25,2,domo_cupcake_sin_capacidad,4.453140038053508e-19,0.0,877.61
2024-03-18,2024-03-25,2,relleno_zarzamora_fruitfil_puratos,0.08237841176088129,72.3,877.61
2024-03-18,2024-03-25,2,chips_rojo_alpezzi,0.0017366668740556143,1.52,877.61
2024-03-18,2024-03-25,2,capacillo_floreado_alegria,4.026092580298071e-05,0.04,877.61
2024-03-18,2024-03-25,2,inix_contenedor_mantecadas,2.8246202291464163e-19,0.0,877.61
2024-03-18,2024-03-25,2,otros,0.29098563758138135,255.37,877.61
2024-03-18,2024-04-01,3,fondant_sin_especificacion,1.3347835551856841e-05,0.01,829.9899999999999
2024-03-18,2024-04-01,3,nutella,0.0004409745823599387,0.37,829.9899999999999
2024-03-18,2024-04-01,3,tegral_satin_creme_cake_sabor_no_especificado,2.8248815035975845e-06,0.0,829.9899999999999
2024-03-18,2024-04-01,3,chantilly_sin_especificacion,9.470313305030298e-12,0.0,829.9899999999999
2024-03-18,2024-04-01,3,crema_batir_ambiente_1_l,0.1067128795240164,88.57,829.9899999999999
2024-03-18,2024-04-01,3,queso_philadelphia,0.0057691848562432925,4.79,829.9899999999999
2024-03-18,2024-04-01,3,tegral_satin_red_velvet,0.045435393925949696,37.71,829.9899999999999
2024-03-18,2024-04-01,3,easy_pastel_tres_leches_sabor_no_especificado,6.108884875490644e-10,0.0,829.9899999999999
2024-03-18,2024-04-01,3,transfer_sin_especificacion,1.0717160009887514e-06,0.0,829.9899999999999
2024-03-18,2024-04-01,3,chantilly_dulce,0.009550879183533091,7.93,829.9899999999999
2024-03-18,2024-04-01,3,chantilly_asturias,0.008631467916715665,7.16,829.9899999999999
2024-03-18,2024-04-01,3,chips_blanco_alpezzi,0.06976170765313487,57.9,829.9899999999999
2024-03-18,2024-04-01,3,fondant_nata_coco_blanco,0.020414782316791096,16.94,829.9899999999999
2024-03-18,2024-04-01,3,chantilly_dull,3.454582187738796e-10,0.0,829.9899999999999
2024-03-18,2024-04-01,3,capacillos,1.1462338896097236e-07,0.0,829.9899999999999
2024-03-18,2024-04-01,3,huevo_sin_especificacion,0.0013247122595776621,1.1,829.9899999999999
2024-03-18,2024-04-01,3,contenedor_mantecadas_inix_25_pz,0.01611925092581797,13.38,829.9899999999999
2024-03-18,2024-04-01,3,confitier_semiamargo_turin,0.022935288667415586,19.04,829.9899999999999
2024-03-18,2024-04-01,3,chips_chocolate_semi,2.0668335854346846e-06,0.0,829.9899999999999
2024-03-18,2024-04-01,3,tegral_satin_vainilla,0.1448995930439445,120.27,829.9899999999999
2024-03-18,2024-04-01,3,transfer_hoja_de_arroz_gruesa,0.002906571266500667,2.41,829.9899999999999
2024-03-18,2024-04-01,3,tegral_satin_chocolate,0.011773564430940612,9.77,829.9899999999999
2024-03-18,2024-04-01,3,domo_cupcake_12,0.0012735048824077824,1.06,829.9899999999999
2024-03-18,2024-04-01,3,mantequilla_gloria_presentacion_no_especificada,0.02078788291790701,17.25,829.9899999999999
2024-03-18,2024-04-01,3,ferrero_rocher_t16,2.7099702680145752e-05,0.02,829.9899999999999
2024-03-18,2024-04-01,3,huevo_san_juan,9.305019650381211e-07,0.0,829.9899999999999
2024-03-18,2024-04-01,3,relleno_zarzamora_puratos,3.301229575280905e-07,0.0,829.9899999999999
2024-03-18,2024-04-01,3,aceite_sin_especificacion,2.8023236030950422e-12,0.0,829.9899999999999
2024-03-18,2024-04-01,3,matizador,9.514113286978372e-06,0.01,829.9899999999999
2024-03-18,2024-04-01,3,caja_de_carton_para_cupcake_6_pz,2.4952284573767932e-17,0.0,829.9899999999999
2024-03-18,2024-04-01,3,carlos_v_stick,1.4226734209957284e-06,0.0,829.9899999999999
2024-03-18,2024-04-01,3,kisses_leche,0.00036128461215104065,0.3,829.9899999999999
2024-03-18,2024-04-01,3,empaque_32_x_32_x_30,3.53768548451083e-05,0.03,829.9899999999999
2024-03-18,2024-04-01,3,ferrero_sin_especificacion,1.356192846982357e-09,0.0,829.9899999999999
2024-03-18,2024-04-01,3,domo_media_plancha_inix,0.00043970004743176344,0.36,829.9899999999999
2024-03-18,2024-04-01,3,deiman_plumones_magicos,5.919176057955169e-19,0.0,829.9899999999999
2024-03-18,2024-04-01,3,empaque_30_x_30_x_30,3.293707175234221e-05,0.03,829.9899999999999
2024-03-18,2024-04-01,3,queso_crema_suelto,3.1917401340728766e-10,0.0,829.9899999999999
2024-03-18,2024-04-01,3,royal_icing_deiman_50_sin_unidad,2.877864984425509e-10,0.0,829.9899999999999
2024-03-18,2024-04-01,3,pegamento_fondant,8.836561226941029e-06,0.01,829.9899999999999
2024-03-18,2024-04-01,3,base_28_cm,1.0408663484472804e-07,0.0,829.9899999999999
2024-03-18,2024-04-01,3,bailey_s,5.8806847174208076e-05,0.05,829.9899999999999
2024-03-18,2024-04-01,3,domo_1_4_plancha,6.813680119663492e-07,0.0,829.9899999999999
2024-03-18,2024-04-01,3,colorantes_9_colores,2.0751104420196475e-11,0.0,829.9899999999999
2024-03-18,2024-04-01,3,sabrosano,0.0011782684315399137,0.98,829.9899999999999
2024-03-18,2024-04-01,3,huevo_blanco_tepa_de_linea,3.629843626128525e-08,0.0,829.9899999999999
2024-03-18,2024-04-01,3,mangas,0.0005562390602135811,0.46,829.9899999999999
2024-03-18,2024-04-01,3,relleno_durazno_puratos,0.002364974006732069,1.96,829.9899999999999
2024-03-18,2024-04-01,3,kit_kat_9_pz,0.0017187686631641853,1.43,829.9899999999999
2024-03-18,2024-04-01,3,oblea_arroz,0.02882539714610658,23.92,829.9899999999999
2024-03-18,2024-04-01,3,huevo_calvario,0.003080379821498552,2.56,829.9899999999999
2024-03-18,2024-04-01,3,bisagra_12_cupcakes,6.93881093345947e-06,0.01,829.9899999999999
2024-03-18,2024-04-01,3,chocolate_sin_especificacion,4.430353512522508e-09,0.0,829.9899999999999
2024-03-18,2024-04-01,3,caja_cupcake_12,2.118839849962437e-10,0.0,829.9899999999999
2024-03-18,2024-04-01,3,empaque_31_x_31_x_20,2.2567993608086327e-05,0.02,829.9899999999999
2024-03-18,2024-04-01,3,oreo_273_6,1.0967896165853272e-05,0.01,829.9899999999999
2024-03-18,2024-04-01,3,perlas_sin_especificacion,3.847839685432969e-07,0.0,829.9899999999999
2024-03-18,2024-04-01,3,chips_chocolate_con_l,8.161011806628034e-10,0.0,829.9899999999999
2024-03-18,2024-04-01,3,relleno_fresa_frutifru,1.2733837600144895e-06,0.0,829.9899999999999
2024-03-18,2024-04-01,3,base_36_cm_doble,4.8430765610023206e-09,0.0,829.9899999999999
2024-03-18,2024-04-01,3,harina_red_velvet_esp,3.4521404055384675e-14,0.0,829.9899999999999
2024-03-18,2024-04-01,3,mantequilla_gloria_verde,0.09571332896910463,79.44,829.9899999999999
2024-03-18,2024-04-01,3,caja_cupcake_6,1.2781536890242715e-07,0.0,829.9899999999999
2024-03-18,2024-04-01,3,botellas_jack_daniels,1.8269088211162709e-06,0.0,829.9899999999999
2024-03-18,2024-04-01,3,royal_icing_sin_especificacion,0.0002243161204862624,0.19,829.9899999999999
2024-03-18,2024-04-01,3,azucar_glass,6.083312153559877e-06,0.01,829.9899999999999
2024-03-18,2024-04-01,3,kisses_leche_choc_bl_807_gr,7.881033962141474e-10,0.0,829.9899999999999
2024-03-18,2024-04-01,3,dlr_malvavisco_chocolate_32_pz,5.051305904961994e-07,0.0,829.9899999999999
2024-03-18,2024-04-01,3,alpezzi_blanco,2.5398032471570516e-06,0.0,829.9899999999999
2024-03-18,2024-04-01,3,relleno_queso_creme_p,2.1313022542418375e-07,0.0,829.9899999999999
2024-03-18,2024-04-01,3,ac_au800,5.57762316085957e-10,0.0,829.9899999999999
2024-03-18,2024-04-01,3,domo_cupcake_6,4.567272052799213e-07,0.0,829.9899999999999
2024-03-18,2024-04-01,3,caja_cupcake_sin_capacidad,9.799141978800003e-15,0.0,829.9899999999999
2024-03-18,2024-04-01,3,red_velvet,3.4956983063570235e-12,0.0,829.9899999999999
2024-03-18,2024-04-01,3,cereza_con_rabo_diana,8.877074966840527e-07,0.0,829.9899999999999
2024-03-18,2024-04-01,3,charola_galletera_alta_grande,0.0014084322455569915,1.17,829.9899999999999
2024-03-18,2024-04-01,3,mantequilla_gloria_22,5.281324840344699e-09,0.0,829.9899999999999
2024-03-18,2024-04-01,3,domo_cupcake_sin_capacidad,4.453140038053508e-19,0.0,829.9899999999999
2024-03-18,2024-04-01,3,relleno_zarzamora_fruitfil_puratos,0.08237841176088129,68.37,829.9899999999999
2024-03-18,2024-04-01,3,chips_rojo_alpezzi,0.0017366668740556143,1.44,829.9899999999999
2024-03-18,2024-04-01,3,capacillo_floreado_alegria,4.026092580298071e-05,0.03,829.9899999999999
2024-03-18,2024-04-01,3,inix_contenedor_mantecadas,2.8246202291464163e-19,0.0,829.9899999999999
2024-03-18,2024-04-01,3,otros,0.29098563758138135,241.52,829.9899999999999
2024-03-18,2024-04-08,4,fondant_sin_especificacion,1.3347835551856841e-05,0.01,816.15
2024-03-18,2024-04-08,4,nutella,0.0004409745823599387,0.36,816.15
2024-03-18,2024-04-08,4,tegral_satin_creme_cake_sabor_no_especificado,2.8248815035975845e-06,0.0,816.15
2024-03-18,2024-04-08,4,chantilly_sin_especificacion,9.470313305030298e-12,0.0,816.15
2024-03-18,2024-04-08,4,crema_batir_ambiente_1_l,0.1067128795240164,87.09,816.15
2024-03-18,2024-04-08,4,queso_philadelphia,0.0057691848562432925,4.71,816.15
2024-03-18,2024-04-08,4,tegral_satin_red_velvet,0.045435393925949696,37.08,816.15
2024-03-18,2024-04-08,4,easy_pastel_tres_leches_sabor_no_especificado,6.108884875490644e-10,0.0,816.15
2024-03-18,2024-04-08,4,transfer_sin_especificacion,1.0717160009887514e-06,0.0,816.15
2024-03-18,2024-04-08,4,chantilly_dulce,0.009550879183533091,7.8,816.15
2024-03-18,2024-04-08,4,chantilly_asturias,0.008631467916715665,7.04,816.15
2024-03-18,2024-04-08,4,chips_blanco_alpezzi,0.06976170765313487,56.94,816.15
2024-03-18,2024-04-08,4,fondant_nata_coco_blanco,0.020414782316791096,16.66,816.15
2024-03-18,2024-04-08,4,chantilly_dull,3.454582187738796e-10,0.0,816.15
2024-03-18,2024-04-08,4,capacillos,1.1462338896097236e-07,0.0,816.15
2024-03-18,2024-04-08,4,huevo_sin_especificacion,0.0013247122595776621,1.08,816.15
2024-03-18,2024-04-08,4,contenedor_mantecadas_inix_25_pz,0.01611925092581797,13.16,816.15
2024-03-18,2024-04-08,4,confitier_semiamargo_turin,0.022935288667415586,18.72,816.15
2024-03-18,2024-04-08,4,chips_chocolate_semi,2.0668335854346846e-06,0.0,816.15
2024-03-18,2024-04-08,4,tegral_satin_vainilla,0.1448995930439445,118.26,816.15
2024-03-18,2024-04-08,4,transfer_hoja_de_arroz_gruesa,0.002906571266500667,2.37,816.15
2024-03-18,2024-04-08,4,tegral_satin_chocolate,0.011773564430940612,9.61,816.15
2024-03-18,2024-04-08,4,domo_cupcake_12,0.0012735048824077824,1.04,816.15
2024-03-18,2024-04-08,4,mantequilla_gloria_presentacion_no_especificada,0.02078788291790701,16.97,816.15
2024-03-18,2024-04-08,4,ferrero_rocher_t16,2.7099702680145752e-05,0.02,816.15
2024-03-18,2024-04-08,4,huevo_san_juan,9.305019650381211e-07,0.0,816.15
2024-03-18,2024-04-08,4,relleno_zarzamora_puratos,3.301229575280905e-07,0.0,816.15
2024-03-18,2024-04-08,4,aceite_sin_especificacion,2.8023236030950422e-12,0.0,816.15
2024-03-18,2024-04-08,4,matizador,9.514113286978372e-06,0.01,816.15
2024-03-18,2024-04-08,4,caja_de_carton_para_cupcake_6_pz,2.4952284573767932e-17,0.0,816.15
2024-03-18,2024-04-08,4,carlos_v_stick,1.4226734209957284e-06,0.0,816.15
2024-03-18,2024-04-08,4,kisses_leche,0.00036128461215104065,0.29,816.15
2024-03-18,2024-04-08,4,empaque_32_x_32_x_30,3.53768548451083e-05,0.03,816.15
2024-03-18,2024-04-08,4,ferrero_sin_especificacion,1.356192846982357e-09,0.0,816.15
2024-03-18,2024-04-08,4,domo_media_plancha_inix,0.00043970004743176344,0.36,816.15
2024-03-18,2024-04-08,4,deiman_plumones_magicos,5.919176057955169e-19,0.0,816.15
2024-03-18,2024-04-08,4,empaque_30_x_30_x_30,3.293707175234221e-05,0.03,816.15
2024-03-18,2024-04-08,4,queso_crema_suelto,3.1917401340728766e-10,0.0,816.15
2024-03-18,2024-04-08,4,royal_icing_deiman_50_sin_unidad,2.877864984425509e-10,0.0,816.15
2024-03-18,2024-04-08,4,pegamento_fondant,8.836561226941029e-06,0.01,816.15
2024-03-18,2024-04-08,4,base_28_cm,1.0408663484472804e-07,0.0,816.15
2024-03-18,2024-04-08,4,bailey_s,5.8806847174208076e-05,0.05,816.15
2024-03-18,2024-04-08,4,domo_1_4_plancha,6.813680119663492e-07,0.0,816.15
2024-03-18,2024-04-08,4,colorantes_9_colores,2.0751104420196475e-11,0.0,816.15
2024-03-18,2024-04-08,4,sabrosano,0.0011782684315399137,0.96,816.15
2024-03-18,2024-04-08,4,huevo_blanco_tepa_de_linea,3.629843626128525e-08,0.0,816.15
2024-03-18,2024-04-08,4,mangas,0.0005562390602135811,0.45,816.15
2024-03-18,2024-04-08,4,relleno_durazno_puratos,0.002364974006732069,1.93,816.15
2024-03-18,2024-04-08,4,kit_kat_9_pz,0.0017187686631641853,1.4,816.15
2024-03-18,2024-04-08,4,oblea_arroz,0.02882539714610658,23.53,816.15
2024-03-18,2024-04-08,4,huevo_calvario,0.003080379821498552,2.51,816.15
2024-03-18,2024-04-08,4,bisagra_12_cupcakes,6.93881093345947e-06,0.01,816.15
2024-03-18,2024-04-08,4,chocolate_sin_especificacion,4.430353512522508e-09,0.0,816.15
2024-03-18,2024-04-08,4,caja_cupcake_12,2.118839849962437e-10,0.0,816.15
2024-03-18,2024-04-08,4,empaque_31_x_31_x_20,2.2567993608086327e-05,0.02,816.15
2024-03-18,2024-04-08,4,oreo_273_6,1.0967896165853272e-05,0.01,816.15
2024-03-18,2024-04-08,4,perlas_sin_especificacion,3.847839685432969e-07,0.0,816.15
2024-03-18,2024-04-08,4,chips_chocolate_con_l,8.161011806628034e-10,0.0,816.15
2024-03-18,2024-04-08,4,relleno_fresa_frutifru,1.2733837600144895e-06,0.0,816.15
2024-03-18,2024-04-08,4,base_36_cm_doble,4.8430765610023206e-09,0.0,816.15
2024-03-18,2024-04-08,4,harina_red_velvet_esp,3.4521404055384675e-14,0.0,816.15
2024-03-18,2024-04-08,4,mantequilla_gloria_verde,0.09571332896910463,78.12,816.15
2024-03-18,2024-04-08,4,caja_cupcake_6,1.2781536890242715e-07,0.0,816.15
2024-03-18,2024-04-08,4,botellas_jack_daniels,1.8269088211162709e-06,0.0,816.15
2024-03-18,2024-04-08,4,royal_icing_sin_especificacion,0.0002243161204862624,0.18,816.15
2024-03-18,2024-04-08,4,azucar_glass,6.083312153559877e-06,0.01,816.15
2024-03-18,2024-04-08,4,kisses_leche_choc_bl_807_gr,7.881033962141474e-10,0.0,816.15
2024-03-18,2024-04-08,4,dlr_malvavisco_chocolate_32_pz,5.051305904961994e-07,0.0,816.15
2024-03-18,2024-04-08,4,alpezzi_blanco,2.5398032471570516e-06,0.0,816.15
2024-03-18,2024-04-08,4,relleno_queso_creme_p,2.1313022542418375e-07,0.0,816.15
2024-03-18,2024-04-08,4,ac_au800,5.57762316085957e-10,0.0,816.15
2024-03-18,2024-04-08,4,domo_cupcake_6,4.567272052799213e-07,0.0,816.15
2024-03-18,2024-04-08,4,caja_cupcake_sin_capacidad,9.799141978800003e-15,0.0,816.15
2024-03-18,2024-04-08,4,red_velvet,3.4956983063570235e-12,0.0,816.15
2024-03-18,2024-04-08,4,cereza_con_rabo_diana,8.877074966840527e-07,0.0,816.15
2024-03-18,2024-04-08,4,charola_galletera_alta_grande,0.0014084322455569915,1.15,816.15
2024-03-18,2024-04-08,4,mantequilla_gloria_22,5.281324840344699e-09,0.0,816.15
2024-03-18,2024-04-08,4,domo_cupcake_sin_capacidad,4.453140038053508e-19,0.0,816.15
2024-03-18,2024-04-08,4,relleno_zarzamora_fruitfil_puratos,0.08237841176088129,67.23,816.15
2024-03-18,2024-04-08,4,chips_rojo_alpezzi,0.0017366668740556143,1.42,816.15
2024-03-18,2024-04-08,4,capacillo_floreado_alegria,4.026092580298071e-05,0.03,816.15
2024-03-18,2024-04-08,4,inix_contenedor_mantecadas,2.8246202291464163e-19,0.0,816.15
2024-03-18,2024-04-08,4,otros,0.29098563758138135,237.49,816.15
2024-03-25,2024-03-25,1,fondant_sin_especificacion,1.3347835551856841e-05,0.01,1001.9300000000001
2024-03-25,2024-03-25,1,nutella,0.0004409745823599387,0.44,1001.9300000000001
2024-03-25,2024-03-25,1,tegral_satin_creme_cake_sabor_no_especificado,2.8248815035975845e-06,0.0,1001.9300000000001
2024-03-25,2024-03-25,1,chantilly_sin_especificacion,9.470313305030298e-12,0.0,1001.9300000000001
2024-03-25,2024-03-25,1,crema_batir_ambiente_1_l,0.10671287952401638,106.92,1001.9300000000001
2024-03-25,2024-03-25,1,queso_philadelphia,0.005769184856243292,5.78,1001.9300000000001
2024-03-25,2024-03-25,1,tegral_satin_red_velvet,0.04543539392594969,45.52,1001.9300000000001
2024-03-25,2024-03-25,1,easy_pastel_tres_leches_sabor_no_especificado,6.108884875490643e-10,0.0,1001.9300000000001
2024-03-25,2024-03-25,1,transfer_sin_especificacion,1.0717160009887512e-06,0.0,1001.9300000000001
2024-03-25,2024-03-25,1,chantilly_dulce,0.009550879183533088,9.57,1001.9300000000001
2024-03-25,2024-03-25,1,chantilly_asturias,0.008631467916715664,8.65,1001.9300000000001
2024-03-25,2024-03-25,1,chips_blanco_alpezzi,0.06976170765313487,69.9,1001.9300000000001
2024-03-25,2024-03-25,1,fondant_nata_coco_blanco,0.020414782316791093,20.45,1001.9300000000001
2024-03-25,2024-03-25,1,chantilly_dull,3.4545821877387953e-10,0.0,1001.9300000000001
2024-03-25,2024-03-25,1,capacillos,1.1462338896097231e-07,0.0,1001.9300000000001
2024-03-25,2024-03-25,1,huevo_sin_especificacion,0.0013247122595776617,1.33,1001.9300000000001
2024-03-25,2024-03-25,1,contenedor_mantecadas_inix_25_pz,0.01611925092581797,16.15,1001.9300000000001
2024-03-25,2024-03-25,1,confitier_semiamargo_turin,0.02293528866741558,22.98,1001.9300000000001
2024-03-25,2024-03-25,1,chips_chocolate_semi,2.0668335854346846e-06,0.0,1001.9300000000001
2024-03-25,2024-03-25,1,tegral_satin_vainilla,0.14489959304394448,145.18,1001.9300000000001
2024-03-25,2024-03-25,1,transfer_hoja_de_arroz_gruesa,0.0029065712665006663,2.91,1001.9300000000001
2024-03-25,2024-03-25,1,tegral_satin_chocolate,0.01177356443094061,11.8,1001.9300000000001
2024-03-25,2024-03-25,1,domo_cupcake_12,0.001273504882407782,1.28,1001.9300000000001
2024-03-25,2024-03-25,1,mantequilla_gloria_presentacion_no_especificada,0.020787882917907008,20.83,1001.9300000000001
2024-03-25,2024-03-25,1,ferrero_rocher_t16,2.7099702680145752e-05,0.03,1001.9300000000001
2024-03-25,2024-03-25,1,huevo_san_juan,9.305019650381209e-07,0.0,1001.9300000000001
2024-03-25,2024-03-25,1,relleno_zarzamora_puratos,3.3012295752809045e-07,0.0,1001.9300000000001
2024-03-25,2024-03-25,1,aceite_sin_especificacion,2.8023236030950422e-12,0.0,1001.9300000000001
2024-03-25,2024-03-25,1,matizador,9.514113286978374e-06,0.01,1001.9300000000001
2024-03-25,2024-03-25,1,caja_de_carton_para_cupcake_6_pz,2.495228457376793e-17,0.0,1001.9300000000001
2024-03-25,2024-03-25,1,carlos_v_stick,1.4226734209957282e-06,0.0,1001.9300000000001
2024-03-25,2024-03-25,1,kisses_leche,0.00036128461215104065,0.36,1001.9300000000001
2024-03-25,2024-03-25,1,empaque_32_x_32_x_30,3.53768548451083e-05,0.04,1001.9300000000001
2024-03-25,2024-03-25,1,ferrero_sin_especificacion,1.356192846982357e-09,0.0,1001.9300000000001
2024-03-25,2024-03-25,1,domo_media_plancha_inix,0.0004397000474317634,0.44,1001.9300000000001
2024-03-25,2024-03-25,1,deiman_plumones_magicos,5.919176057955169e-19,0.0,1001.9300000000001
2024-03-25,2024-03-25,1,empaque_30_x_30_x_30,3.293707175234221e-05,0.03,1001.9300000000001
2024-03-25,2024-03-25,1,queso_crema_suelto,3.1917401340728766e-10,0.0,1001.9300000000001
2024-03-25,2024-03-25,1,royal_icing_deiman_50_sin_unidad,2.8778649844255086e-10,0.0,1001.9300000000001
2024-03-25,2024-03-25,1,pegamento_fondant,8.836561226941026e-06,0.01,1001.9300000000001
2024-03-25,2024-03-25,1,base_28_cm,1.0408663484472802e-07,0.0,1001.9300000000001
2024-03-25,2024-03-25,1,bailey_s,5.880684717420806e-05,0.06,1001.9300000000001
2024-03-25,2024-03-25,1,domo_1_4_plancha,6.813680119663495e-07,0.0,1001.9300000000001
2024-03-25,2024-03-25,1,colorantes_9_colores,2.0751104420196475e-11,0.0,1001.9300000000001
2024-03-25,2024-03-25,1,sabrosano,0.0011782684315399135,1.18,1001.9300000000001
2024-03-25,2024-03-25,1,huevo_blanco_tepa_de_linea,3.629843626128525e-08,0.0,1001.9300000000001
2024-03-25,2024-03-25,1,mangas,0.0005562390602135809,0.56,1001.9300000000001
2024-03-25,2024-03-25,1,relleno_durazno_puratos,0.0023649740067320686,2.37,1001.9300000000001
2024-03-25,2024-03-25,1,kit_kat_9_pz,0.0017187686631641849,1.72,1001.9300000000001
2024-03-25,2024-03-25,1,oblea_arroz,0.028825397146106577,28.88,1001.9300000000001
2024-03-25,2024-03-25,1,huevo_calvario,0.0030803798214985513,3.09,1001.9300000000001
2024-03-25,2024-03-25,1,bisagra_12_cupcakes,6.93881093345947e-06,0.01,1001.9300000000001
2024-03-25,2024-03-25,1,chocolate_sin_especificacion,4.430353512522508e-09,0.0,1001.9300000000001
2024-03-25,2024-03-25,1,caja_cupcake_12,2.118839849962437e-10,0.0,1001.9300000000001
2024-03-25,2024-03-25,1,empaque_31_x_31_x_20,2.2567993608086327e-05,0.02,1001.9300000000001
2024-03-25,2024-03-25,1,oreo_273_6,1.0967896165853272e-05,0.01,1001.9300000000001
2024-03-25,2024-03-25,1,perlas_sin_especificacion,3.8478396854329697e-07,0.0,1001.9300000000001
2024-03-25,2024-03-25,1,chips_chocolate_con_l,8.161011806628035e-10,0.0,1001.9300000000001
2024-03-25,2024-03-25,1,relleno_fresa_frutifru,1.2733837600144893e-06,0.0,1001.9300000000001
2024-03-25,2024-03-25,1,base_36_cm_doble,4.84307656100232e-09,0.0,1001.9300000000001
2024-03-25,2024-03-25,1,harina_red_velvet_esp,3.452140405538468e-14,0.0,1001.9300000000001
2024-03-25,2024-03-25,1,mantequilla_gloria_verde,0.09571332896910462,95.9,1001.9300000000001
2024-03-25,2024-03-25,1,caja_cupcake_6,1.2781536890242712e-07,0.0,1001.9300000000001
2024-03-25,2024-03-25,1,botellas_jack_daniels,1.8269088211162707e-06,0.0,1001.9300000000001
2024-03-25,2024-03-25,1,royal_icing_sin_especificacion,0.00022431612048626236,0.22,1001.9300000000001
2024-03-25,2024-03-25,1,azucar_glass,6.0833121535598754e-06,0.01,1001.9300000000001
2024-03-25,2024-03-25,1,kisses_leche_choc_bl_807_gr,7.881033962141474e-10,0.0,1001.9300000000001
2024-03-25,2024-03-25,1,dlr_malvavisco_chocolate_32_pz,5.051305904961991e-07,0.0,1001.9300000000001
2024-03-25,2024-03-25,1,alpezzi_blanco,2.5398032471570516e-06,0.0,1001.9300000000001
2024-03-25,2024-03-25,1,relleno_queso_creme_p,2.1313022542418375e-07,0.0,1001.9300000000001
2024-03-25,2024-03-25,1,ac_au800,5.577623160859571e-10,0.0,1001.9300000000001
2024-03-25,2024-03-25,1,domo_cupcake_6,4.567272052799213e-07,0.0,1001.9300000000001
2024-03-25,2024-03-25,1,caja_cupcake_sin_capacidad,9.799141978800003e-15,0.0,1001.9300000000001
2024-03-25,2024-03-25,1,red_velvet,3.495698306357023e-12,0.0,1001.9300000000001
2024-03-25,2024-03-25,1,cereza_con_rabo_diana,8.877074966840524e-07,0.0,1001.9300000000001
2024-03-25,2024-03-25,1,charola_galletera_alta_grande,0.0014084322455569912,1.41,1001.9300000000001
2024-03-25,2024-03-25,1,mantequilla_gloria_22,5.281324840344698e-09,0.0,1001.9300000000001
2024-03-25,2024-03-25,1,domo_cupcake_sin_capacidad,4.4531400380535085e-19,0.0,1001.9300000000001
2024-03-25,2024-03-25,1,relleno_zarzamora_fruitfil_puratos,0.08237841176088129,82.54,1001.9300000000001
2024-03-25,2024-03-25,1,chips_rojo_alpezzi,0.0017366668740556141,1.74,1001.9300000000001
2024-03-25,2024-03-25,1,capacillo_floreado_alegria,4.02609258029807e-05,0.04,1001.9300000000001
2024-03-25,2024-03-25,1,inix_contenedor_mantecadas,2.824620229146416e-19,0.0,1001.9300000000001
2024-03-25,2024-03-25,1,otros,0.2909856375813813,291.55,1001.9300000000001
2024-03-25,2024-04-01,2,fondant_sin_especificacion,1.3347835551856841e-05,0.01,897.9300000000001
2024-03-25,2024-04-01,2,nutella,0.0004409745823599387,0.4,897.9300000000001
2024-03-25,2024-04-01,2,tegral_satin_creme_cake_sabor_no_especificado,2.8248815035975845e-06,0.0,897.9300000000001
2024-03-25,2024-04-01,2,chantilly_sin_especificacion,9.470313305030298e-12,0.0,897.9300000000001
2024-03-25,2024-04-01,2,crema_batir_ambiente_1_l,0.10671287952401638,95.82,897.9300000000001
2024-03-25,2024-04-01,2,queso_philadelphia,0.005769184856243292,5.18,897.9300000000001
2024-03-25,2024-04-01,2,tegral_satin_red_velvet,0.04543539392594969,40.8,897.9300000000001
2024-03-25,2024-04-01,2,easy_pastel_tres_leches_sabor_no_especificado,6.108884875490643e-10,0.0,897.9300000000001
2024-03-25,2024-04-01,2,transfer_sin_especificacion,1.0717160009887512e-06,0.0,897.9300000000001
2024-03-25,2024-04-01,2,chantilly_dulce,0.009550879183533088,8.58,897.9300000000001
2024-03-25,2024-04-01,2,chantilly_asturias,0.008631467916715664,7.75,897.9300000000001
2024-03-25,2024-04-01,2,chips_blanco_alpezzi,0.06976170765313487,62.64,897.9300000000001
2024-03-25,2024-04-01,2,fondant_nata_coco_blanco,0.020414782316791093,18.33,897.9300000000001
2024-03-25,2024-04-01,2,chantilly_dull,3.4545821877387953e-10,0.0,897.9300000000001
2024-03-25,2024-04-01,2,capacillos,1.1462338896097231e-07,0.0,897.9300000000001
2024-03-25,2024-04-01,2,huevo_sin_especificacion,0.0013247122595776617,1.19,897.9300000000001
2024-03-25,2024-04-01,2,contenedor_mantecadas_inix_25_pz,0.01611925092581797,14.47,897.9300000000001
2024-03-25,2024-04-01,2,confitier_semiamargo_turin,0.02293528866741558,20.59,897.9300000000001
2024-03-25,2024-04-01,2,chips_chocolate_semi,2.0668335854346846e-06,0.0,897.9300000000001
2024-03-25,2024-04-01,2,tegral_satin_vainilla,0.14489959304394448,130.11,897.9300000000001
2024-03-25,2024-04-01,2,transfer_hoja_de_arroz_gruesa,0.0029065712665006663,2.61,897.9300000000001
2024-03-25,2024-04-01,2,tegral_satin_chocolate,0.01177356443094061,10.57,897.9300000000001
2024-03-25,2024-04-01,2,domo_cupcake_12,0.001273504882407782,1.14,897.9300000000001
2024-03-25,2024-04-01,2,mantequilla_gloria_presentacion_no_especificada,0.020787882917907008,18.67,897.9300000000001
2024-03-25,2024-04-01,2,ferrero_rocher_t16,2.7099702680145752e-05,0.02,897.9300000000001
2024-03-25,2024-04-01,2,huevo_san_juan,9.305019650381209e-07,0.0,897.9300000000001
2024-03-25,2024-04-01,2,relleno_zarzamora_puratos,3.3012295752809045e-07,0.0,897.9300000000001
2024-03-25,2024-04-01,2,aceite_sin_especificacion,2.8023236030950422e-12,0.0,897.9300000000001
2024-03-25,2024-04-01,2,matizador,9.514113286978374e-06,0.01,897.9300000000001
2024-03-25,2024-04-01,2,caja_de_carton_para_cupcake_6_pz,2.495228457376793e-17,0.0,897.9300000000001
2024-03-25,2024-04-01,2,carlos_v_stick,1.4226734209957282e-06,0.0,897.9300000000001
2024-03-25,2024-04-01,2,kisses_leche,0.00036128461215104065,0.33,897.9300000000001
2024-03-25,2024-04-01,2,empaque_32_x_32_x_30,3.53768548451083e-05,0.03,897.9300000000001
2024-03-25,2024-04-01,2,ferrero_sin_especificacion,1.356192846982357e-09,0.0,897.9300000000001
2024-03-25,2024-04-01,2,domo_media_plancha_inix,0.0004397000474317634,0.4,897.9300000000001
2024-03-25,2024-04-01,2,deiman_plumones_magicos,5.919176057955169e-19,0.0,897.9300000000001
2024-03-25,2024-04-01,2,empaque_30_x_30_x_30,3.293707175234221e-05,0.03,897.9300000000001
2024-03-25,2024-04-01,2,queso_crema_suelto,3.1917401340728766e-10,0.0,897.9300000000001
2024-03-25,2024-04-01,2,royal_icing_deiman_50_sin_unidad,2.8778649844255086e-10,0.0,897.9300000000001
2024-03-25,2024-04-01,2,pegamento_fondant,8.836561226941026e-06,0.01,897.9300000000001
2024-03-25,2024-04-01,2,base_28_cm,1.0408663484472802e-07,0.0,897.9300000000001
2024-03-25,2024-04-01,2,bailey_s,5.880684717420806e-05,0.05,897.9300000000001
2024-03-25,2024-04-01,2,domo_1_4_plancha,6.813680119663495e-07,0.0,897.9300000000001
2024-03-25,2024-04-01,2,colorantes_9_colores,2.0751104420196475e-11,0.0,897.9300000000001
2024-03-25,2024-04-01,2,sabrosano,0.0011782684315399135,1.06,897.9300000000001
2024-03-25,2024-04-01,2,huevo_blanco_tepa_de_linea,3.629843626128525e-08,0.0,897.9300000000001
2024-03-25,2024-04-01,2,mangas,0.0005562390602135809,0.5,897.9300000000001
2024-03-25,2024-04-01,2,relleno_durazno_puratos,0.0023649740067320686,2.12,897.9300000000001
2024-03-25,2024-04-01,2,kit_kat_9_pz,0.0017187686631641849,1.54,897.9300000000001
2024-03-25,2024-04-01,2,oblea_arroz,0.028825397146106577,25.88,897.9300000000001
2024-03-25,2024-04-01,2,huevo_calvario,0.0030803798214985513,2.77,897.9300000000001
2024-03-25,2024-04-01,2,bisagra_12_cupcakes,6.93881093345947e-06,0.01,897.9300000000001
2024-03-25,2024-04-01,2,chocolate_sin_especificacion,4.430353512522508e-09,0.0,897.9300000000001
2024-03-25,2024-04-01,2,caja_cupcake_12,2.118839849962437e-10,0.0,897.9300000000001
2024-03-25,2024-04-01,2,empaque_31_x_31_x_20,2.2567993608086327e-05,0.02,897.9300000000001
2024-03-25,2024-04-01,2,oreo_273_6,1.0967896165853272e-05,0.01,897.9300000000001
2024-03-25,2024-04-01,2,perlas_sin_especificacion,3.8478396854329697e-07,0.0,897.9300000000001
2024-03-25,2024-04-01,2,chips_chocolate_con_l,8.161011806628035e-10,0.0,897.9300000000001
2024-03-25,2024-04-01,2,relleno_fresa_frutifru,1.2733837600144893e-06,0.0,897.9300000000001
2024-03-25,2024-04-01,2,base_36_cm_doble,4.84307656100232e-09,0.0,897.9300000000001
2024-03-25,2024-04-01,2,harina_red_velvet_esp,3.452140405538468e-14,0.0,897.9300000000001
2024-03-25,2024-04-01,2,mantequilla_gloria_verde,0.09571332896910462,85.94,897.9300000000001
2024-03-25,2024-04-01,2,caja_cupcake_6,1.2781536890242712e-07,0.0,897.9300000000001
2024-03-25,2024-04-01,2,botellas_jack_daniels,1.8269088211162707e-06,0.0,897.9300000000001
2024-03-25,2024-04-01,2,royal_icing_sin_especificacion,0.00022431612048626236,0.2,897.9300000000001
2024-03-25,2024-04-01,2,azucar_glass,6.0833121535598754e-06,0.01,897.9300000000001
2024-03-25,2024-04-01,2,kisses_leche_choc_bl_807_gr,7.881033962141474e-10,0.0,897.9300000000001
2024-03-25,2024-04-01,2,dlr_malvavisco_chocolate_32_pz,5.051305904961991e-07,0.0,897.9300000000001
2024-03-25,2024-04-01,2,alpezzi_blanco,2.5398032471570516e-06,0.0,897.9300000000001
2024-03-25,2024-04-01,2,relleno_queso_creme_p,2.1313022542418375e-07,0.0,897.9300000000001
2024-03-25,2024-04-01,2,ac_au800,5.577623160859571e-10,0.0,897.9300000000001
2024-03-25,2024-04-01,2,domo_cupcake_6,4.567272052799213e-07,0.0,897.9300000000001
2024-03-25,2024-04-01,2,caja_cupcake_sin_capacidad,9.799141978800003e-15,0.0,897.9300000000001
2024-03-25,2024-04-01,2,red_velvet,3.495698306357023e-12,0.0,897.9300000000001
2024-03-25,2024-04-01,2,cereza_con_rabo_diana,8.877074966840524e-07,0.0,897.9300000000001
2024-03-25,2024-04-01,2,charola_galletera_alta_grande,0.0014084322455569912,1.27,897.9300000000001
2024-03-25,2024-04-01,2,mantequilla_gloria_22,5.281324840344698e-09,0.0,897.9300000000001
2024-03-25,2024-04-01,2,domo_cupcake_sin_capacidad,4.4531400380535085e-19,0.0,897.9300000000001
2024-03-25,2024-04-01,2,relleno_zarzamora_fruitfil_puratos,0.08237841176088129,73.97,897.9300000000001
2024-03-25,2024-04-01,2,chips_rojo_alpezzi,0.0017366668740556141,1.56,897.9300000000001
2024-03-25,2024-04-01,2,capacillo_floreado_alegria,4.02609258029807e-05,0.04,897.9300000000001
2024-03-25,2024-04-01,2,inix_contenedor_mantecadas,2.824620229146416e-19,0.0,897.9300000000001
2024-03-25,2024-04-01,2,otros,0.2909856375813813,261.29,897.9300000000001
2024-03-25,2024-04-08,3,fondant_sin_especificacion,1.3347835551856841e-05,0.01,811.5999999999999
2024-03-25,2024-04-08,3,nutella,0.0004409745823599387,0.36,811.5999999999999
2024-03-25,2024-04-08,3,tegral_satin_creme_cake_sabor_no_especificado,2.8248815035975845e-06,0.0,811.5999999999999
2024-03-25,2024-04-08,3,chantilly_sin_especificacion,9.470313305030298e-12,0.0,811.5999999999999
2024-03-25,2024-04-08,3,crema_batir_ambiente_1_l,0.10671287952401638,86.61,811.5999999999999
2024-03-25,2024-04-08,3,queso_philadelphia,0.005769184856243292,4.68,811.5999999999999
2024-03-25,2024-04-08,3,tegral_satin_red_velvet,0.04543539392594969,36.88,811.5999999999999
2024-03-25,2024-04-08,3,easy_pastel_tres_leches_sabor_no_especificado,6.108884875490643e-10,0.0,811.5999999999999
2024-03-25,2024-04-08,3,transfer_sin_especificacion,1.0717160009887512e-06,0.0,811.5999999999999
2024-03-25,2024-04-08,3,chantilly_dulce,0.009550879183533088,7.75,811.5999999999999
2024-03-25,2024-04-08,3,chantilly_asturias,0.008631467916715664,7.01,811.5999999999999
2024-03-25,2024-04-08,3,chips_blanco_alpezzi,0.06976170765313487,56.62,811.5999999999999
2024-03-25,2024-04-08,3,fondant_nata_coco_blanco,0.020414782316791093,16.57,811.5999999999999
2024-03-25,2024-04-08,3,chantilly_dull,3.4545821877387953e-10,0.0,811.5999999999999
2024-03-25,2024-04-08,3,capacillos,1.1462338896097231e-07,0.0,811.5999999999999
2024-03-25,2024-04-08,3,huevo_sin_especificacion,0.0013247122595776617,1.08,811.5999999999999
2024-03-25,2024-04-08,3,contenedor_mantecadas_inix_25_pz,0.01611925092581797,13.08,811.5999999999999
2024-03-25,2024-04-08,3,confitier_semiamargo_turin,0.02293528866741558,18.61,811.5999999999999
2024-03-25,2024-04-08,3,chips_chocolate_semi,2.0668335854346846e-06,0.0,811.5999999999999
2024-03-25,2024-04-08,3,tegral_satin_vainilla,0.14489959304394448,117.6,811.5999999999999
2024-03-25,2024-04-08,3,transfer_hoja_de_arroz_gruesa,0.0029065712665006663,2.36,811.5999999999999
2024-03-25,2024-04-08,3,tegral_satin_chocolate,0.01177356443094061,9.56,811.5999999999999
2024-03-25,2024-04-08,3,domo_cupcake_12,0.001273504882407782,1.03,811.5999999999999
2024-03-25,2024-04-08,3,mantequilla_gloria_presentacion_no_especificada,0.020787882917907008,16.87,811.5999999999999
2024-03-25,2024-04-08,3,ferrero_rocher_t16,2.7099702680145752e-05,0.02,811.5999999999999
2024-03-25,2024-04-08,3,huevo_san_juan,9.305019650381209e-07,0.0,811.5999999999999
2024-03-25,2024-04-08,3,relleno_zarzamora_puratos,3.3012295752809045e-07,0.0,811.5999999999999
2024-03-25,2024-04-08,3,aceite_sin_especificacion,2.8023236030950422e-12,0.0,811.5999999999999
2024-03-25,2024-04-08,3,matizador,9.514113286978374e-06,0.01,811.5999999999999
2024-03-25,2024-04-08,3,caja_de_carton_para_cupcake_6_pz,2.495228457376793e-17,0.0,811.5999999999999
2024-03-25,2024-04-08,3,carlos_v_stick,1.4226734209957282e-06,0.0,811.5999999999999
2024-03-25,2024-04-08,3,kisses_leche,0.00036128461215104065,0.29,811.5999999999999
2024-03-25,2024-04-08,3,empaque_32_x_32_x_30,3.53768548451083e-05,0.03,811.5999999999999
2024-03-25,2024-04-08,3,ferrero_sin_especificacion,1.356192846982357e-09,0.0,811.5999999999999
2024-03-25,2024-04-08,3,domo_media_plancha_inix,0.0004397000474317634,0.36,811.5999999999999
2024-03-25,2024-04-08,3,deiman_plumones_magicos,5.919176057955169e-19,0.0,811.5999999999999
2024-03-25,2024-04-08,3,empaque_30_x_30_x_30,3.293707175234221e-05,0.03,811.5999999999999
2024-03-25,2024-04-08,3,queso_crema_suelto,3.1917401340728766e-10,0.0,811.5999999999999
2024-03-25,2024-04-08,3,royal_icing_deiman_50_sin_unidad,2.8778649844255086e-10,0.0,811.5999999999999
2024-03-25,2024-04-08,3,pegamento_fondant,8.836561226941026e-06,0.01,811.5999999999999
2024-03-25,2024-04-08,3,base_28_cm,1.0408663484472802e-07,0.0,811.5999999999999
2024-03-25,2024-04-08,3,bailey_s,5.880684717420806e-05,0.05,811.5999999999999
2024-03-25,2024-04-08,3,domo_1_4_plancha,6.813680119663495e-07,0.0,811.5999999999999
2024-03-25,2024-04-08,3,colorantes_9_colores,2.0751104420196475e-11,0.0,811.5999999999999
2024-03-25,2024-04-08,3,sabrosano,0.0011782684315399135,0.96,811.5999999999999
2024-03-25,2024-04-08,3,huevo_blanco_tepa_de_linea,3.629843626128525e-08,0.0,811.5999999999999
2024-03-25,2024-04-08,3,mangas,0.0005562390602135809,0.45,811.5999999999999
2024-03-25,2024-04-08,3,relleno_durazno_puratos,0.0023649740067320686,1.92,811.5999999999999
2024-03-25,2024-04-08,3,kit_kat_9_pz,0.0017187686631641849,1.4,811.5999999999999
2024-03-25,2024-04-08,3,oblea_arroz,0.028825397146106577,23.39,811.5999999999999
2024-03-25,2024-04-08,3,huevo_calvario,0.0030803798214985513,2.5,811.5999999999999
2024-03-25,2024-04-08,3,bisagra_12_cupcakes,6.93881093345947e-06,0.01,811.5999999999999
2024-03-25,2024-04-08,3,chocolate_sin_especificacion,4.430353512522508e-09,0.0,811.5999999999999
2024-03-25,2024-04-08,3,caja_cupcake_12,2.118839849962437e-10,0.0,811.5999999999999
2024-03-25,2024-04-08,3,empaque_31_x_31_x_20,2.2567993608086327e-05,0.02,811.5999999999999
2024-03-25,2024-04-08,3,oreo_273_6,1.0967896165853272e-05,0.01,811.5999999999999
2024-03-25,2024-04-08,3,perlas_sin_especificacion,3.8478396854329697e-07,0.0,811.5999999999999
2024-03-25,2024-04-08,3,chips_chocolate_con_l,8.161011806628035e-10,0.0,811.5999999999999
2024-03-25,2024-04-08,3,relleno_fresa_frutifru,1.2733837600144893e-06,0.0,811.5999999999999
2024-03-25,2024-04-08,3,base_36_cm_doble,4.84307656100232e-09,0.0,811.5999999999999
2024-03-25,2024-04-08,3,harina_red_velvet_esp,3.452140405538468e-14,0.0,811.5999999999999
2024-03-25,2024-04-08,3,mantequilla_gloria_verde,0.09571332896910462,77.68,811.5999999999999
2024-03-25,2024-04-08,3,caja_cupcake_6,1.2781536890242712e-07,0.0,811.5999999999999
2024-03-25,2024-04-08,3,botellas_jack_daniels,1.8269088211162707e-06,0.0,811.5999999999999
2024-03-25,2024-04-08,3,royal_icing_sin_especificacion,0.00022431612048626236,0.18,811.5999999999999
2024-03-25,2024-04-08,3,azucar_glass,6.0833121535598754e-06,0.0,811.5999999999999
2024-03-25,2024-04-08,3,kisses_leche_choc_bl_807_gr,7.881033962141474e-10,0.0,811.5999999999999
2024-03-25,2024-04-08,3,dlr_malvavisco_chocolate_32_pz,5.051305904961991e-07,0.0,811.5999999999999
2024-03-25,2024-04-08,3,alpezzi_blanco,2.5398032471570516e-06,0.0,811.5999999999999
2024-03-25,2024-04-08,3,relleno_queso_creme_p,2.1313022542418375e-07,0.0,811.5999999999999
2024-03-25,2024-04-08,3,ac_au800,5.577623160859571e-10,0.0,811.5999999999999
2024-03-25,2024-04-08,3,domo_cupcake_6,4.567272052799213e-07,0.0,811.5999999999999
2024-03-25,2024-04-08,3,caja_cupcake_sin_capacidad,9.799141978800003e-15,0.0,811.5999999999999
2024-03-25,2024-04-08,3,red_velvet,3.495698306357023e-12,0.0,811.5999999999999
2024-03-25,2024-04-08,3,cereza_con_rabo_diana,8.877074966840524e-07,0.0,811.5999999999999
2024-03-25,2024-04-08,3,charola_galletera_alta_grande,0.0014084322455569912,1.14,811.5999999999999
2024-03-25,2024-04-08,3,mantequilla_gloria_22,5.281324840344698e-09,0.0,811.5999999999999
2024-03-25,2024-04-08,3,domo_cupcake_sin_capacidad,4.4531400380535085e-19,0.0,811.5999999999999
2024-03-25,2024-04-08,3,relleno_zarzamora_fruitfil_puratos,0.08237841176088129,66.86,811.5999999999999
2024-03-25,2024-04-08,3,chips_rojo_alpezzi,0.0017366668740556141,1.41,811.5999999999999
2024-03-25,2024-04-08,3,capacillo_floreado_alegria,4.02609258029807e-05,0.03,811.5999999999999
2024-03-25,2024-04-08,3,inix_contenedor_mantecadas,2.824620229146416e-19,0.0,811.5999999999999
2024-03-25,2024-04-08,3,otros,0.2909856375813813,236.16,811.5999999999999
2024-03-25,2024-04-15,4,fondant_sin_especificacion,1.3347835551856841e-05,0.01,758.0500000000001
2024-03-25,2024-04-15,4,nutella,0.0004409745823599387,0.33,758.0500000000001
2024-03-25,2024-04-15,4,tegral_satin_creme_cake_sabor_no_especificado,2.8248815035975845e-06,0.0,758.0500000000001
2024-03-25,2024-04-15,4,chantilly_sin_especificacion,9.470313305030298e-12,0.0,758.0500000000001
2024-03-25,2024-04-15,4,crema_batir_ambiente_1_l,0.10671287952401638,80.89,758.0500000000001
2024-03-25,2024-04-15,4,queso_philadelphia,0.005769184856243292,4.37,758.0500000000001
2024-03-25,2024-04-15,4,tegral_satin_red_velvet,0.04543539392594969,34.44,758.0500000000001
2024-03-25,2024-04-15,4,easy_pastel_tres_leches_sabor_no_especificado,6.108884875490643e-10,0.0,758.0500000000001
2024-03-25,2024-04-15,4,transfer_sin_especificacion,1.0717160009887512e-06,0.0,758.0500000000001
2024-03-25,2024-04-15,4,chantilly_dulce,0.009550879183533088,7.24,758.0500000000001
2024-03-25,2024-04-15,4,chantilly_asturias,0.008631467916715664,6.54,758.0500000000001
2024-03-25,2024-04-15,4,chips_blanco_alpezzi,0.06976170765313487,52.88,758.0500000000001
2024-03-25,2024-04-15,4,fondant_nata_coco_blanco,0.020414782316791093,15.48,758.0500000000001
2024-03-25,2024-04-15,4,chantilly_dull,3.4545821877387953e-10,0.0,758.0500000000001
2024-03-25,2024-04-15,4,capacillos,1.1462338896097231e-07,0.0,758.0500000000001
2024-03-25,2024-04-15,4,huevo_sin_especificacion,0.0013247122595776617,1.0,758.0500000000001
2024-03-25,2024-04-15,4,contenedor_mantecadas_inix_25_pz,0.01611925092581797,12.22,758.0500000000001
2024-03-25,2024-04-15,4,confitier_semiamargo_turin,0.02293528866741558,17.39,758.0500000000001
2024-03-25,2024-04-15,4,chips_chocolate_semi,2.0668335854346846e-06,0.0,758.0500000000001
2024-03-25,2024-04-15,4,tegral_satin_vainilla,0.14489959304394448,109.84,758.0500000000001
2024-03-25,2024-04-15,4,transfer_hoja_de_arroz_gruesa,0.0029065712665006663,2.2,758.0500000000001
2024-03-25,2024-04-15,4,tegral_satin_chocolate,0.01177356443094061,8.93,758.0500000000001
2024-03-25,2024-04-15,4,domo_cupcake_12,0.001273504882407782,0.97,758.0500000000001
2024-03-25,2024-04-15,4,mantequilla_gloria_presentacion_no_especificada,0.020787882917907008,15.76,758.0500000000001
2024-03-25,2024-04-15,4,ferrero_rocher_t16,2.7099702680145752e-05,0.02,758.0500000000001
2024-03-25,2024-04-15,4,huevo_san_juan,9.305019650381209e-07,0.0,758.0500000000001
2024-03-25,2024-04-15,4,relleno_zarzamora_puratos,3.3012295752809045e-07,0.0,758.0500000000001
2024-03-25,2024-04-15,4,aceite_sin_especificacion,2.8023236030950422e-12,0.0,758.0500000000001
2024-03-25,2024-04-15,4,matizador,9.514113286978374e-06,0.01,758.0500000000001
2024-03-25,2024-04-15,4,caja_de_carton_para_cupcake_6_pz,2.495228457376793e-17,0.0,758.0500000000001
2024-03-25,2024-04-15,4,carlos_v_stick,1.4226734209957282e-06,0.0,758.0500000000001
2024-03-25,2024-04-15,4,kisses_leche,0.00036128461215104065,0.27,758.0500000000001
2024-03-25,2024-04-15,4,empaque_32_x_32_x_30,3.53768548451083e-05,0.03,758.0500000000001
2024-03-25,2024-04-15,4,ferrero_sin_especificacion,1.356192846982357e-09,0.0,758.0500000000001
2024-03-25,2024-04-15,4,domo_media_plancha_inix,0.0004397000474317634,0.33,758.0500000000001
2024-03-25,2024-04-15,4,deiman_plumones_magicos,5.919176057955169e-19,0.0,758.0500000000001
2024-03-25,2024-04-15,4,empaque_30_x_30_x_30,3.293707175234221e-05,0.03,758.0500000000001
2024-03-25,2024-04-15,4,queso_crema_suelto,3.1917401340728766e-10,0.0,758.0500000000001
2024-03-25,2024-04-15,4,royal_icing_deiman_50_sin_unidad,2.8778649844255086e-10,0.0,758.0500000000001
2024-03-25,2024-04-15,4,pegamento_fondant,8.836561226941026e-06,0.01,758.0500000000001
2024-03-25,2024-04-15,4,base_28_cm,1.0408663484472802e-07,0.0,758.0500000000001
2024-03-25,2024-04-15,4,bailey_s,5.880684717420806e-05,0.04,758.0500000000001
2024-03-25,2024-04-15,4,domo_1_4_plancha,6.813680119663495e-07,0.0,758.0500000000001
2024-03-25,2024-04-15,4,colorantes_9_colores,2.0751104420196475e-11,0.0,758.0500000000001
2024-03-25,2024-04-15,4,sabrosano,0.0011782684315399135,0.89,758.0500000000001
2024-03-25,2024-04-15,4,huevo_blanco_tepa_de_linea,3.629843626128525e-08,0.0,758.0500000000001
2024-03-25,2024-04-15,4,mangas,0.0005562390602135809,0.42,758.0500000000001
2024-03-25,2024-04-15,4,relleno_durazno_puratos,0.0023649740067320686,1.79,758.0500000000001
2024-03-25,2024-04-15,4,kit_kat_9_pz,0.0017187686631641849,1.3,758.0500000000001
2024-03-25,2024-04-15,4,oblea_arroz,0.028825397146106577,21.85,758.0500000000001
2024-03-25,2024-04-15,4,huevo_calvario,0.0030803798214985513,2.34,758.0500000000001
2024-03-25,2024-04-15,4,bisagra_12_cupcakes,6.93881093345947e-06,0.01,758.0500000000001
2024-03-25,2024-04-15,4,chocolate_sin_especificacion,4.430353512522508e-09,0.0,758.0500000000001
2024-03-25,2024-04-15,4,caja_cupcake_12,2.118839849962437e-10,0.0,758.0500000000001
2024-03-25,2024-04-15,4,empaque_31_x_31_x_20,2.2567993608086327e-05,0.02,758.0500000000001
2024-03-25,2024-04-15,4,oreo_273_6,1.0967896165853272e-05,0.01,758.0500000000001
2024-03-25,2024-04-15,4,perlas_sin_especificacion,3.8478396854329697e-07,0.0,758.0500000000001
2024-03-25,2024-04-15,4,chips_chocolate_con_l,8.161011806628035e-10,0.0,758.0500000000001
2024-03-25,2024-04-15,4,relleno_fresa_frutifru,1.2733837600144893e-06,0.0,758.0500000000001
2024-03-25,2024-04-15,4,base_36_cm_doble,4.84307656100232e-09,0.0,758.0500000000001
2024-03-25,2024-04-15,4,harina_red_velvet_esp,3.452140405538468e-14,0.0,758.0500000000001
2024-03-25,2024-04-15,4,mantequilla_gloria_verde,0.09571332896910462,72.56,758.0500000000001
2024-03-25,2024-04-15,4,caja_cupcake_6,1.2781536890242712e-07,0.0,758.0500000000001
2024-03-25,2024-04-15,4,botellas_jack_daniels,1.8269088211162707e-06,0.0,758.0500000000001
2024-03-25,2024-04-15,4,royal_icing_sin_especificacion,0.00022431612048626236,0.17,758.0500000000001
2024-03-25,2024-04-15,4,azucar_glass,6.0833121535598754e-06,0.01,758.0500000000001
2024-03-25,2024-04-15,4,kisses_leche_choc_bl_807_gr,7.881033962141474e-10,0.0,758.0500000000001
2024-03-25,2024-04-15,4,dlr_malvavisco_chocolate_32_pz,5.051305904961991e-07,0.0,758.0500000000001
2024-03-25,2024-04-15,4,alpezzi_blanco,2.5398032471570516e-06,0.0,758.0500000000001
2024-03-25,2024-04-15,4,relleno_queso_creme_p,2.1313022542418375e-07,0.0,758.0500000000001
2024-03-25,2024-04-15,4,ac_au800,5.577623160859571e-10,0.0,758.0500000000001
2024-03-25,2024-04-15,4,domo_cupcake_6,4.567272052799213e-07,0.0,758.0500000000001
2024-03-25,2024-04-15,4,caja_cupcake_sin_capacidad,9.799141978800003e-15,0.0,758.0500000000001
2024-03-25,2024-04-15,4,red_velvet,3.495698306357023e-12,0.0,758.0500000000001
2024-03-25,2024-04-15,4,cereza_con_rabo_diana,8.877074966840524e-07,0.0,758.0500000000001
2024-03-25,2024-04-15,4,charola_galletera_alta_grande,0.0014084322455569912,1.07,758.0500000000001
2024-03-25,2024-04-15,4,mantequilla_gloria_22,5.281324840344698e-09,0.0,758.0500000000001
2024-03-25,2024-04-15,4,domo_cupcake_sin_capacidad,4.4531400380535085e-19,0.0,758.0500000000001
2024-03-25,2024-04-15,4,relleno_zarzamora_fruitfil_puratos,0.08237841176088129,62.45,758.0500000000001
2024-03-25,2024-04-15,4,chips_rojo_alpezzi,0.0017366668740556141,1.32,758.0500000000001
2024-03-25,2024-04-15,4,capacillo_floreado_alegria,4.02609258029807e-05,0.03,758.0500000000001
2024-03-25,2024-04-15,4,inix_contenedor_mantecadas,2.824620229146416e-19,0.0,758.0500000000001
2024-03-25,2024-04-15,4,otros,0.2909856375813813,220.58,758.0500000000001
2024-04-01,2024-04-01,1,fondant_sin_especificacion,7.77080409951357e-06,0.01,668.4
2024-04-01,2024-04-01,1,nutella,0.05394175373201965,36.05,668.4
2024-04-01,2024-04-01,1,tegral_satin_creme_cake_sabor_no_especificado,0.044176753690709204,29.53,668.4
2024-04-01,2024-04-01,1,chantilly_sin_especificacion,5.513399469786683e-12,0.0,668.4
2024-04-01,2024-04-01,1,crema_batir_ambiente_1_l,0.09985869968530141,66.75,668.4
2024-04-01,2024-04-01,1,queso_philadelphia,0.0033586872686268924,2.25,668.4
2024-04-01,2024-04-01,1,tegral_satin_red_velvet,0.026451445555430723,17.68,668.4
2024-04-01,2024-04-01,1,easy_pastel_tres_leches_sabor_no_especificado,3.556452838326688e-10,0.0,668.4
2024-04-01,2024-04-01,1,transfer_sin_especificacion,6.239285059845633e-07,0.0,668.4
2024-04-01,2024-04-01,1,chantilly_dulce,0.005560303078728982,3.72,668.4
2024-04-01,2024-04-01,1,chantilly_asturias,0.005025042900135465,3.36,668.4
2024-04-01,2024-04-01,1,chips_blanco_alpezzi,0.07926688863542758,52.98,668.4
2024-04-01,2024-04-01,1,fondant_nata_coco_blanco,0.011885018623557194,7.94,668.4
2024-04-01,2024-04-01,1,chantilly_dull,2.0111786156110344e-10,0.0,668.4
2024-04-01,2024-04-01,1,capacillos,6.673111137589294e-08,0.0,668.4
2024-04-01,2024-04-01,1,huevo_sin_especificacion,0.000771217132351466,0.52,668.4
2024-04-01,2024-04-01,1,contenedor_mantecadas_inix_25_pz,0.009384258645440768,6.27,668.4
2024-04-01,2024-04-01,1,confitier_semiamargo_turin,0.013352399683669077,8.92,668.4
2024-04-01,2024-04-01,1,chips_chocolate_semi,1.2032631684973007e-06,0.0,668.4
2024-04-01,2024-04-01,1,tegral_satin_vainilla,0.10092288977222771,67.46,668.4
2024-04-01,2024-04-01,1,transfer_hoja_de_arroz_gruesa,0.001692139210548612,1.13,668.4
2024-04-01,2024-04-01,1,tegral_satin_chocolate,0.10502120864675024,70.2,668.4
2024-04-01,2024-04-01,1,domo_cupcake_12,0.020374787196773467,13.62,668.4
2024-04-01,2024-04-01,1,mantequilla_gloria_presentacion_no_especificada,0.012102229246913968,8.09,668.4
2024-04-01,2024-04-01,1,ferrero_rocher_t16,1.5776826127677337e-05,0.01,668.4
2024-04-01,2024-04-01,1,huevo_san_juan,5.417169290430598e-07,0.0,668.4
2024-04-01,2024-04-01,1,relleno_zarzamora_puratos,1.9219002374852927e-07,0.0,668.4
2024-04-01,2024-04-01,1,aceite_sin_especificacion,1.6314486089143682e-12,0.0,668.4
2024-04-01,2024-04-01,1,matizador,5.5388988159509665e-06,0.0,668.4
2024-04-01,2024-04-01,1,caja_de_carton_para_cupcake_6_pz,1.4526648497036015e-17,0.0,668.4
2024-04-01,2024-04-01,1,carlos_v_stick,8.282478765334112e-07,0.0,668.4
2024-04-01,2024-04-01,1,kisses_leche,0.00021033162525020208,0.14,668.4
2024-04-01,2024-04-01,1,empaque_32_x_32_x_30,2.059559451345064e-05,0.01,668.4
2024-04-01,2024-04-01,1,ferrero_sin_especificacion,7.895444092128794e-10,0.0,668.4
2024-04-01,2024-04-01,1,domo_media_plancha_inix,0.0002559832954088004,0.17,668.4
2024-04-01,2024-04-01,1,deiman_plumones_magicos,3.446008710416118e-19,0.0,668.4
2024-04-01,2024-04-01,1,empaque_30_x_30_x_30,1.9175208684936802e-05,0.01,668.4
2024-04-01,2024-04-01,1,queso_crema_suelto,1.858157992887858e-10,0.0,668.4
2024-04-01,2024-04-01,1,royal_icing_deiman_50_sin_unidad,1.675427070699062e-10,0.0,668.4
2024-04-01,2024-04-01,1,pegamento_fondant,5.1444435272776196e-06,0.0,668.4
2024-04-01,2024-04-01,1,base_28_cm,6.059685449476982e-08,0.0,668.4
2024-04-01,2024-04-01,1,bailey_s,3.4235999336778856e-05,0.02,668.4
2024-04-01,2024-04-01,1,domo_1_4_plancha,3.966768484744295e-07,0.0,668.4
2024-04-01,2024-04-01,1,colorantes_9_colores,1.208081764803169e-11,0.0,668.4
2024-04-01,2024-04-01,1,sabrosano,0.0006859608902556538,0.46,668.4
2024-04-01,2024-04-01,1,huevo_blanco_tepa_de_linea,2.1132118103289674e-08,0.0,668.4
2024-04-01,2024-04-01,1,mangas,0.0003238296390920078,0.22,668.4
2024-04-01,2024-04-01,1,relleno_durazno_puratos,0.0013768336922760512,0.92,668.4
2024-04-01,2024-04-01,1,kit_kat_9_pz,0.0010006277438722045,0.67,668.4
2024-04-01,2024-04-01,1,oblea_arroz,0.016781485915288434,11.22,668.4
2024-04-01,2024-04-01,1,huevo_calvario,0.0017933265698370027,1.2,668.4
2024-04-01,2024-04-01,1,bisagra_12_cupcakes,4.0396167781656186e-06,0.0,668.4
2024-04-01,2024-04-01,1,chocolate_sin_especificacion,2.579250328913065e-09,0.0,668.4
2024-04-01,2024-04-01,1,caja_cupcake_12,1.2335400243982133e-10,0.0,668.4
2024-04-01,2024-04-01,1,empaque_31_x_31_x_20,1.3138568913752993e-05,0.01,668.4
2024-04-01,2024-04-01,1,oreo_273_6,6.385257906237493e-06,0.0,668.4
2024-04-01,2024-04-01,1,perlas_sin_especificacion,2.2401241224217783e-07,0.0,668.4
2024-04-01,2024-04-01,1,chips_chocolate_con_l,4.751154129577334e-10,0.0,668.4
2024-04-01,2024-04-01,1,relleno_fresa_frutifru,7.413348556873746e-07,0.0,668.4
2024-04-01,2024-04-01,1,base_36_cm_doble,2.819528233493969e-09,0.0,668.4
2024-04-01,2024-04-01,1,harina_red_velvet_esp,2.0097570659478916e-14,0.0,668.4
2024-04-01,2024-04-01,1,mantequilla_gloria_verde,0.05572210762124216,37.24,668.4
2024-04-01,2024-04-01,1,caja_cupcake_6,7.441117990921385e-08,0.0,668.4
2024-04-01,2024-04-01,1,botellas_jack_daniels,1.0635844666660515e-06,0.0,668.4
2024-04-01,2024-04-01,1,royal_icing_sin_especificacion,0.00013059170693926773,0.09,668.4
2024-04-01,2024-04-01,1,azucar_glass,3.5415649854127613e-06,0.0,668.4
2024-04-01,2024-04-01,1,kisses_leche_choc_bl_807_gr,4.588157441967823e-10,0.0,668.4
2024-04-01,2024-04-01,1,dlr_malvavisco_chocolate_32_pz,2.940754587639136e-07,0.0,668.4
2024-04-01,2024-04-01,1,alpezzi_blanco,1.4786152712392639e-06,0.0,668.4
2024-04-01,2024-04-01,1,relleno_queso_creme_p,1.2407953506934705e-07,0.0,668.4
2024-04-01,2024-04-01,1,ac_au800,3.2471644376769323e-10,0.0,668.4
2024-04-01,2024-04-01,1,domo_cupcake_6,2.658961166670098e-07,0.0,668.4
2024-04-01,2024-04-01,1,caja_cupcake_sin_capacidad,5.70483599117923e-15,0.0,668.4
2024-04-01,2024-04-01,1,red_velvet,2.0351154780239196e-12,0.0,668.4
2024-04-01,2024-04-01,1,cereza_con_rabo_diana,5.168029698599145e-07,0.0,668.4
2024-04-01,2024-04-01,1,charola_galletera_alta_grande,0.0008199569904154865,0.55,668.4
2024-04-01,2024-04-01,1,mantequilla_gloria_22,3.074666342776771e-09,0.0,668.4
2024-04-01,2024-04-01,1,domo_cupcake_sin_capacidad,2.5925161221064285e-19,0.0,668.4
2024-04-01,2024-04-01,1,relleno_zarzamora_fruitfil_puratos,0.04795882428547161,32.06,668.4
2024-04-01,2024-04-01,1,chips_rojo_alpezzi,0.015736084042061452,10.52,668.4
2024-04-01,2024-04-01,1,capacillo_floreado_alegria,2.3438988745743996e-05,0.02,668.4
2024-04-01,2024-04-01,1,inix_contenedor_mantecadas,1.644429193852818e-19,0.0,668.4
2024-04-01,2024-04-01,1,otros,0.26389082263344066,176.38,668.4
2024-04-01,2024-04-08,2,fondant_sin_especificacion,7.77080409951357e-06,0.01,677.75
2024-04-01,2024-04-08,2,nutella,0.05394175373201965,36.56,677.75
2024-04-01,2024-04-08,2,tegral_satin_creme_cake_sabor_no_especificado,0.044176753690709204,29.94,677.75
2024-04-01,2024-04-08,2,chantilly_sin_especificacion,5.513399469786683e-12,0.0,677.75
2024-04-01,2024-04-08,2,crema_batir_ambiente_1_l,0.09985869968530141,67.68,677.75
2024-04-01,2024-04-08,2,queso_philadelphia,0.0033586872686268924,2.28,677.75
2024-04-01,2024-04-08,2,tegral_satin_red_velvet,0.026451445555430723,17.93,677.75
2024-04-01,2024-04-08,2,easy_pastel_tres_leches_sabor_no_especificado,3.556452838326688e-10,0.0,677.75
2024-04-01,2024-04-08,2,transfer_sin_especificacion,6.239285059845633e-07,0.0,677.75
2024-04-01,2024-04-08,2,chantilly_dulce,0.005560303078728982,3.77,677.75
2024-04-01,2024-04-08,2,chantilly_asturias,0.005025042900135465,3.41,677.75
2024-04-01,2024-04-08,2,chips_blanco_alpezzi,0.07926688863542758,53.72,677.75
2024-04-01,2024-04-08,2,fondant_nata_coco_blanco,0.011885018623557194,8.06,677.75
2024-04-01,2024-04-08,2,chantilly_dull,2.0111786156110344e-10,0.0,677.75
2024-04-01,2024-04-08,2,capacillos,6.673111137589294e-08,0.0,677.75
2024-04-01,2024-04-08,2,huevo_sin_especificacion,0.000771217132351466,0.52,677.75
2024-04-01,2024-04-08,2,contenedor_mantecadas_inix_25_pz,0.009384258645440768,6.36,677.75
2024-04-01,2024-04-08,2,confitier_semiamargo_turin,0.013352399683669077,9.05,677.75
2024-04-01,2024-04-08,2,chips_chocolate_semi,1.2032631684973007e-06,0.0,677.75
2024-04-01,2024-04-08,2,tegral_satin_vainilla,0.10092288977222771,68.4,677.75
2024-04-01,2024-04-08,2,transfer_hoja_de_arroz_gruesa,0.001692139210548612,1.15,677.75
2024-04-01,2024-04-08,2,tegral_satin_chocolate,0.10502120864675024,71.18,677.75
2024-04-01,2024-04-08,2,domo_cupcake_12,0.020374787196773467,13.81,677.75
2024-04-01,2024-04-08,2,mantequilla_gloria_presentacion_no_especificada,0.012102229246913968,8.2,677.75
2024-04-01,2024-04-08,2,ferrero_rocher_t16,1.5776826127677337e-05,0.01,677.75
2024-04-01,2024-04-08,2,huevo_san_juan,5.417169290430598e-07,0.0,677.75
2024-04-01,2024-04-08,2,relleno_zarzamora_puratos,1.9219002374852927e-07,0.0,677.75
2024-04-01,2024-04-08,2,aceite_sin_especificacion,1.6314486089143682e-12,0.0,677.75
2024-04-01,2024-04-08,2,matizador,5.5388988159509665e-06,0.0,677.75
2024-04-01,2024-04-08,2,caja_de_carton_para_cupcake_6_pz,1.4526648497036015e-17,0.0,677.75
2024-04-01,2024-04-08,2,carlos_v_stick,8.282478765334112e-07,0.0,677.75
2024-04-01,2024-04-08,2,kisses_leche,0.00021033162525020208,0.14,677.75
2024-04-01,2024-04-08,2,empaque_32_x_32_x_30,2.059559451345064e-05,0.01,677.75
2024-04-01,2024-04-08,2,ferrero_sin_especificacion,7.895444092128794e-10,0.0,677.75
2024-04-01,2024-04-08,2,domo_media_plancha_inix,0.0002559832954088004,0.17,677.75
2024-04-01,2024-04-08,2,deiman_plumones_magicos,3.446008710416118e-19,0.0,677.75
2024-04-01,2024-04-08,2,empaque_30_x_30_x_30,1.9175208684936802e-05,0.01,677.75
2024-04-01,2024-04-08,2,queso_crema_suelto,1.858157992887858e-10,0.0,677.75
2024-04-01,2024-04-08,2,royal_icing_deiman_50_sin_unidad,1.675427070699062e-10,0.0,677.75
2024-04-01,2024-04-08,2,pegamento_fondant,5.1444435272776196e-06,0.0,677.75
2024-04-01,2024-04-08,2,base_28_cm,6.059685449476982e-08,0.0,677.75
2024-04-01,2024-04-08,2,bailey_s,3.4235999336778856e-05,0.02,677.75
2024-04-01,2024-04-08,2,domo_1_4_plancha,3.966768484744295e-07,0.0,677.75
2024-04-01,2024-04-08,2,colorantes_9_colores,1.208081764803169e-11,0.0,677.75
2024-04-01,2024-04-08,2,sabrosano,0.0006859608902556538,0.47,677.75
2024-04-01,2024-04-08,2,huevo_blanco_tepa_de_linea,2.1132118103289674e-08,0.0,677.75
2024-04-01,2024-04-08,2,mangas,0.0003238296390920078,0.22,677.75
2024-04-01,2024-04-08,2,relleno_durazno_puratos,0.0013768336922760512,0.93,677.75
2024-04-01,2024-04-08,2,kit_kat_9_pz,0.0010006277438722045,0.68,677.75
2024-04-01,2024-04-08,2,oblea_arroz,0.016781485915288434,11.37,677.75
2024-04-01,2024-04-08,2,huevo_calvario,0.0017933265698370027,1.22,677.75
2024-04-01,2024-04-08,2,bisagra_12_cupcakes,4.0396167781656186e-06,0.0,677.75
2024-04-01,2024-04-08,2,chocolate_sin_especificacion,2.579250328913065e-09,0.0,677.75
2024-04-01,2024-04-08,2,caja_cupcake_12,1.2335400243982133e-10,0.0,677.75
2024-04-01,2024-04-08,2,empaque_31_x_31_x_20,1.3138568913752993e-05,0.01,677.75
2024-04-01,2024-04-08,2,oreo_273_6,6.385257906237493e-06,0.0,677.75
2024-04-01,2024-04-08,2,perlas_sin_especificacion,2.2401241224217783e-07,0.0,677.75
2024-04-01,2024-04-08,2,chips_chocolate_con_l,4.751154129577334e-10,0.0,677.75
2024-04-01,2024-04-08,2,relleno_fresa_frutifru,7.413348556873746e-07,0.0,677.75
2024-04-01,2024-04-08,2,base_36_cm_doble,2.819528233493969e-09,0.0,677.75
2024-04-01,2024-04-08,2,harina_red_velvet_esp,2.0097570659478916e-14,0.0,677.75
2024-04-01,2024-04-08,2,mantequilla_gloria_verde,0.05572210762124216,37.77,677.75
2024-04-01,2024-04-08,2,caja_cupcake_6,7.441117990921385e-08,0.0,677.75
2024-04-01,2024-04-08,2,botellas_jack_daniels,1.0635844666660515e-06,0.0,677.75
2024-04-01,2024-04-08,2,royal_icing_sin_especificacion,0.00013059170693926773,0.09,677.75
2024-04-01,2024-04-08,2,azucar_glass,3.5415649854127613e-06,0.0,677.75
2024-04-01,2024-04-08,2,kisses_leche_choc_bl_807_gr,4.588157441967823e-10,0.0,677.75
2024-04-01,2024-04-08,2,dlr_malvavisco_chocolate_32_pz,2.940754587639136e-07,0.0,677.75
2024-04-01,2024-04-08,2,alpezzi_blanco,1.4786152712392639e-06,0.0,677.75
2024-04-01,2024-04-08,2,relleno_queso_creme_p,1.2407953506934705e-07,0.0,677.75
2024-04-01,2024-04-08,2,ac_au800,3.2471644376769323e-10,0.0,677.75
2024-04-01,2024-04-08,2,domo_cupcake_6,2.658961166670098e-07,0.0,677.75
2024-04-01,2024-04-08,2,caja_cupcake_sin_capacidad,5.70483599117923e-15,0.0,677.75
2024-04-01,2024-04-08,2,red_velvet,2.0351154780239196e-12,0.0,677.75
2024-04-01,2024-04-08,2,cereza_con_rabo_diana,5.168029698599145e-07,0.0,677.75
2024-04-01,2024-04-08,2,charola_galletera_alta_grande,0.0008199569904154865,0.56,677.75
2024-04-01,2024-04-08,2,mantequilla_gloria_22,3.074666342776771e-09,0.0,677.75
2024-04-01,2024-04-08,2,domo_cupcake_sin_capacidad,2.5925161221064285e-19,0.0,677.75
2024-04-01,2024-04-08,2,relleno_zarzamora_fruitfil_puratos,0.04795882428547161,32.5,677.75
2024-04-01,2024-04-08,2,chips_rojo_alpezzi,0.015736084042061452,10.67,677.75
2024-04-01,2024-04-08,2,capacillo_floreado_alegria,2.3438988745743996e-05,0.02,677.75
2024-04-01,2024-04-08,2,inix_contenedor_mantecadas,1.644429193852818e-19,0.0,677.75
2024-04-01,2024-04-08,2,otros,0.26389082263344066,178.85,677.75
2024-04-01,2024-04-15,3,fondant_sin_especificacion,7.77080409951357e-06,0.01,788.6999999999999
2024-04-01,2024-04-15,3,nutella,0.05394175373201965,42.54,788.6999999999999
2024-04-01,2024-04-15,3,tegral_satin_creme_cake_sabor_no_especificado,0.044176753690709204,34.84,788.6999999999999
2024-04-01,2024-04-15,3,chantilly_sin_especificacion,5.513399469786683e-12,0.0,788.6999999999999
2024-04-01,2024-04-15,3,crema_batir_ambiente_1_l,0.09985869968530141,78.76,788.6999999999999
2024-04-01,2024-04-15,3,queso_philadelphia,0.0033586872686268924,2.65,788.6999999999999
2024-04-01,2024-04-15,3,tegral_satin_red_velvet,0.026451445555430723,20.86,788.6999999999999
2024-04-01,2024-04-15,3,easy_pastel_tres_leches_sabor_no_especificado,3.556452838326688e-10,0.0,788.6999999999999
2024-04-01,2024-04-15,3,transfer_sin_especificacion,6.239285059845633e-07,0.0,788.6999999999999
2024-04-01,2024-04-15,3,chantilly_dulce,0.005560303078728982,4.39,788.6999999999999
2024-04-01,2024-04-15,3,chantilly_asturias,0.005025042900135465,3.96,788.6999999999999
2024-04-01,2024-04-15,3,chips_blanco_alpezzi,0.07926688863542758,62.52,788.6999999999999
2024-04-01,2024-04-15,3,fondant_nata_coco_blanco,0.011885018623557194,9.37,788.6999999999999
2024-04-01,2024-04-15,3,chantilly_dull,2.0111786156110344e-10,0.0,788.6999999999999
2024-04-01,2024-04-15,3,capacillos,6.673111137589294e-08,0.0,788.6999999999999
2024-04-01,2024-04-15,3,huevo_sin_especificacion,0.000771217132351466,0.61,788.6999999999999
2024-04-01,2024-04-15,3,contenedor_mantecadas_inix_25_pz,0.009384258645440768,7.4,788.6999999999999
2024-04-01,2024-04-15,3,confitier_semiamargo_turin,0.013352399683669077,10.53,788.6999999999999
2024-04-01,2024-04-15,3,chips_chocolate_semi,1.2032631684973007e-06,0.0,788.6999999999999
2024-04-01,2024-04-15,3,tegral_satin_vainilla,0.10092288977222771,79.6,788.6999999999999
2024-04-01,2024-04-15,3,transfer_hoja_de_arroz_gruesa,0.001692139210548612,1.33,788.6999999999999
2024-04-01,2024-04-15,3,tegral_satin_chocolate,0.10502120864675024,82.83,788.6999999999999
2024-04-01,2024-04-15,3,domo_cupcake_12,0.020374787196773467,16.07,788.6999999999999
2024-04-01,2024-04-15,3,mantequilla_gloria_presentacion_no_especificada,0.012102229246913968,9.54,788.6999999999999
2024-04-01,2024-04-15,3,ferrero_rocher_t16,1.5776826127677337e-05,0.01,788.6999999999999
2024-04-01,2024-04-15,3,huevo_san_juan,5.417169290430598e-07,0.0,788.6999999999999
2024-04-01,2024-04-15,3,relleno_zarzamora_puratos,1.9219002374852927e-07,0.0,788.6999999999999
2024-04-01,2024-04-15,3,aceite_sin_especificacion,1.6314486089143682e-12,0.0,788.6999999999999
2024-04-01,2024-04-15,3,matizador,5.5388988159509665e-06,0.0,788.6999999999999
2024-04-01,2024-04-15,3,caja_de_carton_para_cupcake_6_pz,1.4526648497036015e-17,0.0,788.6999999999999
2024-04-01,2024-04-15,3,carlos_v_stick,8.282478765334112e-07,0.0,788.6999999999999
2024-04-01,2024-04-15,3,kisses_leche,0.00021033162525020208,0.17,788.6999999999999
2024-04-01,2024-04-15,3,empaque_32_x_32_x_30,2.059559451345064e-05,0.02,788.6999999999999
2024-04-01,2024-04-15,3,ferrero_sin_especificacion,7.895444092128794e-10,0.0,788.6999999999999
2024-04-01,2024-04-15,3,domo_media_plancha_inix,0.0002559832954088004,0.2,788.6999999999999
2024-04-01,2024-04-15,3,deiman_plumones_magicos,3.446008710416118e-19,0.0,788.6999999999999
2024-04-01,2024-04-15,3,empaque_30_x_30_x_30,1.9175208684936802e-05,0.02,788.6999999999999
2024-04-01,2024-04-15,3,queso_crema_suelto,1.858157992887858e-10,0.0,788.6999999999999
2024-04-01,2024-04-15,3,royal_icing_deiman_50_sin_unidad,1.675427070699062e-10,0.0,788.6999999999999
2024-04-01,2024-04-15,3,pegamento_fondant,5.1444435272776196e-06,0.0,788.6999999999999
2024-04-01,2024-04-15,3,base_28_cm,6.059685449476982e-08,0.0,788.6999999999999
2024-04-01,2024-04-15,3,bailey_s,3.4235999336778856e-05,0.03,788.6999999999999
2024-04-01,2024-04-15,3,domo_1_4_plancha,3.966768484744295e-07,0.0,788.6999999999999
2024-04-01,2024-04-15,3,colorantes_9_colores,1.208081764803169e-11,0.0,788.6999999999999
2024-04-01,2024-04-15,3,sabrosano,0.0006859608902556538,0.54,788.6999999999999
2024-04-01,2024-04-15,3,huevo_blanco_tepa_de_linea,2.1132118103289674e-08,0.0,788.6999999999999
2024-04-01,2024-04-15,3,mangas,0.0003238296390920078,0.26,788.6999999999999
2024-04-01,2024-04-15,3,relleno_durazno_puratos,0.0013768336922760512,1.09,788.6999999999999
2024-04-01,2024-04-15,3,kit_kat_9_pz,0.0010006277438722045,0.79,788.6999999999999
2024-04-01,2024-04-15,3,oblea_arroz,0.016781485915288434,13.24,788.6999999999999
2024-04-01,2024-04-15,3,huevo_calvario,0.0017933265698370027,1.41,788.6999999999999
2024-04-01,2024-04-15,3,bisagra_12_cupcakes,4.0396167781656186e-06,0.0,788.6999999999999
2024-04-01,2024-04-15,3,chocolate_sin_especificacion,2.579250328913065e-09,0.0,788.6999999999999
2024-04-01,2024-04-15,3,caja_cupcake_12,1.2335400243982133e-10,0.0,788.6999999999999
2024-04-01,2024-04-15,3,empaque_31_x_31_x_20,1.3138568913752993e-05,0.01,788.6999999999999
2024-04-01,2024-04-15,3,oreo_273_6,6.385257906237493e-06,0.01,788.6999999999999
2024-04-01,2024-04-15,3,perlas_sin_especificacion,2.2401241224217783e-07,0.0,788.6999999999999
2024-04-01,2024-04-15,3,chips_chocolate_con_l,4.751154129577334e-10,0.0,788.6999999999999
2024-04-01,2024-04-15,3,relleno_fresa_frutifru,7.413348556873746e-07,0.0,788.6999999999999
2024-04-01,2024-04-15,3,base_36_cm_doble,2.819528233493969e-09,0.0,788.6999999999999
2024-04-01,2024-04-15,3,harina_red_velvet_esp,2.0097570659478916e-14,0.0,788.6999999999999
2024-04-01,2024-04-15,3,mantequilla_gloria_verde,0.05572210762124216,43.95,788.6999999999999
2024-04-01,2024-04-15,3,caja_cupcake_6,7.441117990921385e-08,0.0,788.6999999999999
2024-04-01,2024-04-15,3,botellas_jack_daniels,1.0635844666660515e-06,0.0,788.6999999999999
2024-04-01,2024-04-15,3,royal_icing_sin_especificacion,0.00013059170693926773,0.1,788.6999999999999
2024-04-01,2024-04-15,3,azucar_glass,3.5415649854127613e-06,0.0,788.6999999999999
2024-04-01,2024-04-15,3,kisses_leche_choc_bl_807_gr,4.588157441967823e-10,0.0,788.6999999999999
2024-04-01,2024-04-15,3,dlr_malvavisco_chocolate_32_pz,2.940754587639136e-07,0.0,788.6999999999999
2024-04-01,2024-04-15,3,alpezzi_blanco,1.4786152712392639e-06,0.0,788.6999999999999
2024-04-01,2024-04-15,3,relleno_queso_creme_p,1.2407953506934705e-07,0.0,788.6999999999999
2024-04-01,2024-04-15,3,ac_au800,3.2471644376769323e-10,0.0,788.6999999999999
2024-04-01,2024-04-15,3,domo_cupcake_6,2.658961166670098e-07,0.0,788.6999999999999
2024-04-01,2024-04-15,3,caja_cupcake_sin_capacidad,5.70483599117923e-15,0.0,788.6999999999999
2024-04-01,2024-04-15,3,red_velvet,2.0351154780239196e-12,0.0,788.6999999999999
2024-04-01,2024-04-15,3,cereza_con_rabo_diana,5.168029698599145e-07,0.0,788.6999999999999
2024-04-01,2024-04-15,3,charola_galletera_alta_grande,0.0008199569904154865,0.65,788.6999999999999
2024-04-01,2024-04-15,3,mantequilla_gloria_22,3.074666342776771e-09,0.0,788.6999999999999
2024-04-01,2024-04-15,3,domo_cupcake_sin_capacidad,2.5925161221064285e-19,0.0,788.6999999999999
2024-04-01,2024-04-15,3,relleno_zarzamora_fruitfil_puratos,0.04795882428547161,37.83,788.6999999999999
2024-04-01,2024-04-15,3,chips_rojo_alpezzi,0.015736084042061452,12.41,788.6999999999999
2024-04-01,2024-04-15,3,capacillo_floreado_alegria,2.3438988745743996e-05,0.02,788.6999999999999
2024-04-01,2024-04-15,3,inix_contenedor_mantecadas,1.644429193852818e-19,0.0,788.6999999999999
2024-04-01,2024-04-15,3,otros,0.26389082263344066,208.13,788.6999999999999
2024-04-01,2024-04-22,4,fondant_sin_especificacion,7.77080409951357e-06,0.01,733.5
2024-04-01,2024-04-22,4,nutella,0.05394175373201965,39.57,733.5
2024-04-01,2024-04-22,4,tegral_satin_creme_cake_sabor_no_especificado,0.044176753690709204,32.4,733.5
2024-04-01,2024-04-22,4,chantilly_sin_especificacion,5.513399469786683e-12,0.0,733.5
2024-04-01,2024-04-22,4,crema_batir_ambiente_1_l,0.09985869968530141,73.25,733.5
2024-04-01,2024-04-22,4,queso_philadelphia,0.0033586872686268924,2.46,733.5
2024-04-01,2024-04-22,4,tegral_satin_red_velvet,0.026451445555430723,19.4,733.5
2024-04-01,2024-04-22,4,easy_pastel_tres_leches_sabor_no_especificado,3.556452838326688e-10,0.0,733.5
2024-04-01,2024-04-22,4,transfer_sin_especificacion,6.239285059845633e-07,0.0,733.5
2024-04-01,2024-04-22,4,chantilly_dulce,0.005560303078728982,4.08,733.5
2024-04-01,2024-04-22,4,chantilly_asturias,0.005025042900135465,3.69,733.5
2024-04-01,2024-04-22,4,chips_blanco_alpezzi,0.07926688863542758,58.14,733.5
2024-04-01,2024-04-22,4,fondant_nata_coco_blanco,0.011885018623557194,8.72,733.5
2024-04-01,2024-04-22,4,chantilly_dull,2.0111786156110344e-10,0.0,733.5
2024-04-01,2024-04-22,4,capacillos,6.673111137589294e-08,0.0,733.5
2024-04-01,2024-04-22,4,huevo_sin_especificacion,0.000771217132351466,0.57,733.5
2024-04-01,2024-04-22,4,contenedor_mantecadas_inix_25_pz,0.009384258645440768,6.88,733.5
2024-04-01,2024-04-22,4,confitier_semiamargo_turin,0.013352399683669077,9.79,733.5
2024-04-01,2024-04-22,4,chips_chocolate_semi,1.2032631684973007e-06,0.0,733.5
2024-04-01,2024-04-22,4,tegral_satin_vainilla,0.10092288977222771,74.03,733.5
2024-04-01,2024-04-22,4,transfer_hoja_de_arroz_gruesa,0.001692139210548612,1.24,733.5
2024-04-01,2024-04-22,4,tegral_satin_chocolate,0.10502120864675024,77.03,733.5
2024-04-01,2024-04-22,4,domo_cupcake_12,0.020374787196773467,14.95,733.5
2024-04-01,2024-04-22,4,mantequilla_gloria_presentacion_no_especificada,0.012102229246913968,8.88,733.5
2024-04-01,2024-04-22,4,ferrero_rocher_t16,1.5776826127677337e-05,0.01,733.5
2024-04-01,2024-04-22,4,huevo_san_juan,5.417169290430598e-07,0.0,733.5
2024-04-01,2024-04-22,4,relleno_zarzamora_puratos,1.9219002374852927e-07,0.0,733.5
2024-04-01,2024-04-22,4,aceite_sin_especificacion,1.6314486089143682e-12,0.0,733.5
2024-04-01,2024-04-22,4,matizador,5.5388988159509665e-06,0.0,733.5
2024-04-01,2024-04-22,4,caja_de_carton_para_cupcake_6_pz,1.4526648497036015e-17,0.0,733.5
2024-04-01,2024-04-22,4,carlos_v_stick,8.282478765334112e-07,0.0,733.5
2024-04-01,2024-04-22,4,kisses_leche,0.00021033162525020208,0.15,733.5
2024-04-01,2024-04-22,4,empaque_32_x_32_x_30,2.059559451345064e-05,0.02,733.5
2024-04-01,2024-04-22,4,ferrero_sin_especificacion,7.895444092128794e-10,0.0,733.5
2024-04-01,2024-04-22,4,domo_media_plancha_inix,0.0002559832954088004,0.19,733.5
2024-04-01,2024-04-22,4,deiman_plumones_magicos,3.446008710416118e-19,0.0,733.5
2024-04-01,2024-04-22,4,empaque_30_x_30_x_30,1.9175208684936802e-05,0.01,733.5
2024-04-01,2024-04-22,4,queso_crema_suelto,1.858157992887858e-10,0.0,733.5
2024-04-01,2024-04-22,4,royal_icing_deiman_50_sin_unidad,1.675427070699062e-10,0.0,733.5
2024-04-01,2024-04-22,4,pegamento_fondant,5.1444435272776196e-06,0.0,733.5
2024-04-01,2024-04-22,4,base_28_cm,6.059685449476982e-08,0.0,733.5
2024-04-01,2024-04-22,4,bailey_s,3.4235999336778856e-05,0.03,733.5
2024-04-01,2024-04-22,4,domo_1_4_plancha,3.966768484744295e-07,0.0,733.5
2024-04-01,2024-04-22,4,colorantes_9_colores,1.208081764803169e-11,0.0,733.5
2024-04-01,2024-04-22,4,sabrosano,0.0006859608902556538,0.5,733.5
2024-04-01,2024-04-22,4,huevo_blanco_tepa_de_linea,2.1132118103289674e-08,0.0,733.5
2024-04-01,2024-04-22,4,mangas,0.0003238296390920078,0.24,733.5
2024-04-01,2024-04-22,4,relleno_durazno_puratos,0.0013768336922760512,1.01,733.5
2024-04-01,2024-04-22,4,kit_kat_9_pz,0.0010006277438722045,0.73,733.5
2024-04-01,2024-04-22,4,oblea_arroz,0.016781485915288434,12.31,733.5
2024-04-01,2024-04-22,4,huevo_calvario,0.0017933265698370027,1.32,733.5
2024-04-01,2024-04-22,4,bisagra_12_cupcakes,4.0396167781656186e-06,0.0,733.5
2024-04-01,2024-04-22,4,chocolate_sin_especificacion,2.579250328913065e-09,0.0,733.5
2024-04-01,2024-04-22,4,caja_cupcake_12,1.2335400243982133e-10,0.0,733.5
2024-04-01,2024-04-22,4,empaque_31_x_31_x_20,1.3138568913752993e-05,0.01,733.5
2024-04-01,2024-04-22,4,oreo_273_6,6.385257906237493e-06,0.01,733.5
2024-04-01,2024-04-22,4,perlas_sin_especificacion,2.2401241224217783e-07,0.0,733.5
2024-04-01,2024-04-22,4,chips_chocolate_con_l,4.751154129577334e-10,0.0,733.5
2024-04-01,2024-04-22,4,relleno_fresa_frutifru,7.413348556873746e-07,0.0,733.5
2024-04-01,2024-04-22,4,base_36_cm_doble,2.819528233493969e-09,0.0,733.5
2024-04-01,2024-04-22,4,harina_red_velvet_esp,2.0097570659478916e-14,0.0,733.5
2024-04-01,2024-04-22,4,mantequilla_gloria_verde,0.05572210762124216,40.87,733.5
2024-04-01,2024-04-22,4,caja_cupcake_6,7.441117990921385e-08,0.0,733.5
2024-04-01,2024-04-22,4,botellas_jack_daniels,1.0635844666660515e-06,0.0,733.5
2024-04-01,2024-04-22,4,royal_icing_sin_especificacion,0.00013059170693926773,0.1,733.5
2024-04-01,2024-04-22,4,azucar_glass,3.5415649854127613e-06,0.0,733.5
2024-04-01,2024-04-22,4,kisses_leche_choc_bl_807_gr,4.588157441967823e-10,0.0,733.5
2024-04-01,2024-04-22,4,dlr_malvavisco_chocolate_32_pz,2.940754587639136e-07,0.0,733.5
2024-04-01,2024-04-22,4,alpezzi_blanco,1.4786152712392639e-06,0.0,733.5
2024-04-01,2024-04-22,4,relleno_queso_creme_p,1.2407953506934705e-07,0.0,733.5
2024-04-01,2024-04-22,4,ac_au800,3.2471644376769323e-10,0.0,733.5
2024-04-01,2024-04-22,4,domo_cupcake_6,2.658961166670098e-07,0.0,733.5
2024-04-01,2024-04-22,4,caja_cupcake_sin_capacidad,5.70483599117923e-15,0.0,733.5
2024-04-01,2024-04-22,4,red_velvet,2.0351154780239196e-12,0.0,733.5
2024-04-01,2024-04-22,4,cereza_con_rabo_diana,5.168029698599145e-07,0.0,733.5
2024-04-01,2024-04-22,4,charola_galletera_alta_grande,0.0008199569904154865,0.6,733.5
2024-04-01,2024-04-22,4,mantequilla_gloria_22,3.074666342776771e-09,0.0,733.5
2024-04-01,2024-04-22,4,domo_cupcake_sin_capacidad,2.5925161221064285e-19,0.0,733.5
2024-04-01,2024-04-22,4,relleno_zarzamora_fruitfil_puratos,0.04795882428547161,35.18,733.5
2024-04-01,2024-04-22,4,chips_rojo_alpezzi,0.015736084042061452,11.54,733.5
2024-04-01,2024-04-22,4,capacillo_floreado_alegria,2.3438988745743996e-05,0.02,733.5
2024-04-01,2024-04-22,4,inix_contenedor_mantecadas,1.644429193852818e-19,0.0,733.5
2024-04-01,2024-04-22,4,otros,0.26389082263344066,193.56,733.5
2024-04-08,2024-04-08,1,fondant_sin_especificacion,4.8662116652194e-06,0.01,1004.7899999999998
2024-04-08,2024-04-08,1,nutella,0.033779257319017646,33.94,1004.7899999999998
2024-04-08,2024-04-08,1,tegral_satin_creme_cake_sabor_no_especificado,0.02766424573162384,27.8,1004.7899999999998
2024-04-08,2024-04-08,1,chantilly_sin_especificacion,3.452585919206206e-12,0.0,1004.7899999999998
2024-04-08,2024-04-08,1,crema_batir_ambiente_1_l,0.20270176830749972,203.67,1004.7899999999998
2024-04-08,2024-04-08,1,queso_philadelphia,0.0021032679446183903,2.11,1004.7899999999998
2024-04-08,2024-04-08,1,tegral_satin_red_velvet,0.01656435180650227,16.64,1004.7899999999998
2024-04-08,2024-04-08,1,easy_pastel_tres_leches_sabor_no_especificado,2.2271121581550758e-10,0.0,1004.7899999999998
2024-04-08,2024-04-08,1,transfer_sin_especificacion,3.907148005796529e-07,0.0,1004.7899999999998
2024-04-08,2024-04-08,1,chantilly_dulce,0.003481957768766818,3.5,1004.7899999999998
2024-04-08,2024-04-08,1,chantilly_asturias,0.0031467686053748027,3.16,1004.7899999999998
2024-04-08,2024-04-08,1,chips_blanco_alpezzi,0.049638293953068555,49.88,1004.7899999999998
2024-04-08,2024-04-08,1,fondant_nata_coco_blanco,0.0074426038189438,7.48,1004.7899999999998
2024-04-08,2024-04-08,1,chantilly_dull,1.2594347656684392e-10,0.0,1004.7899999999998
2024-04-08,2024-04-08,1,capacillos,4.178817384300709e-08,0.0,1004.7899999999998
2024-04-08,2024-04-08,1,huevo_sin_especificacion,0.00048294948087813445,0.49,1004.7899999999998
2024-04-08,2024-04-08,1,contenedor_mantecadas_inix_25_pz,0.0058765847530165395,5.91,1004.7899999999998
2024-04-08,2024-04-08,1,confitier_semiamargo_turin,0.2419757145403915,243.14,1004.7899999999998
2024-04-08,2024-04-08,1,chips_chocolate_semi,7.535041666070244e-07,0.0,1004.7899999999998
2024-04-08,2024-04-08,1,tegral_satin_vainilla,0.06319965568659855,63.5,1004.7899999999998
2024-04-08,2024-04-08,1,transfer_hoja_de_arroz_gruesa,0.0010596467830223959,1.07,1004.7899999999998
2024-04-08,2024-04-08,1,tegral_satin_chocolate,0.06576609371020524,66.08,1004.7899999999998
2024-04-08,2024-04-08,1,domo_cupcake_12,0.012759043448220278,12.82,1004.7899999999998
2024-04-08,2024-04-08,1,mantequilla_gloria_presentacion_no_especificada,0.007578624860737206,7.62,1004.7899999999998
2024-04-08,2024-04-08,1,ferrero_rocher_t16,9.879720857645541e-06,0.01,1004.7899999999998
2024-04-08,2024-04-08,1,huevo_san_juan,3.3923249197868467e-07,0.0,1004.7899999999998
2024-04-08,2024-04-08,1,relleno_zarzamora_puratos,1.203527104180158e-07,0.0,1004.7899999999998
2024-04-08,2024-04-08,1,aceite_sin_especificacion,1.02164128064971e-12,0.0,1004.7899999999998
2024-04-08,2024-04-08,1,matizador,3.4685540499390175e-06,0.0,1004.7899999999998
2024-04-08,2024-04-08,1,caja_de_carton_para_cupcake_6_pz,9.096838045015636e-18,0.0,1004.7899999999998
2024-04-08,2024-04-08,1,carlos_v_stick,5.186631173384458e-07,0.0,1004.7899999999998
2024-04-08,2024-04-08,1,kisses_leche,0.00013171329443514835,0.13,1004.7899999999998
2024-04-08,2024-04-08,1,empaque_32_x_32_x_30,1.2897316801456339e-05,0.01,1004.7899999999998
2024-04-08,2024-04-08,1,ferrero_sin_especificacion,4.944263380106285e-10,0.0,1004.7899999999998
2024-04-08,2024-04-08,1,domo_media_plancha_inix,0.00016030115831868464,0.16,1004.7899999999998
2024-04-08,2024-04-08,1,deiman_plumones_magicos,2.157950138792492e-19,0.0,1004.7899999999998
2024-04-08,2024-04-08,1,empaque_30_x_30_x_30,1.200784667721797e-05,0.01,1004.7899999999998
2024-04-08,2024-04-08,1,queso_crema_suelto,1.1636106103070564e-10,0.0,1004.7899999999998
2024-04-08,2024-04-08,1,royal_icing_deiman_50_sin_unidad,1.0491813525669108e-10,0.0,1004.7899999999998
2024-04-08,2024-04-08,1,pegamento_fondant,3.221539339161546e-06,0.0,1004.7899999999998
2024-04-08,2024-04-08,1,base_28_cm,3.794679629570252e-08,0.0,1004.7899999999998
2024-04-08,2024-04-08,1,bailey_s,2.1439173759830796e-05,0.02,1004.7899999999998
2024-04-08,2024-04-08,1,domo_1_4_plancha,2.484058898730402e-07,0.0,1004.7899999999998
2024-04-08,2024-04-08,1,colorantes_9_colores,7.565216547914283e-12,0.0,1004.7899999999998
2024-04-08,2024-04-08,1,sabrosano,0.0004295605504011223,0.43,1004.7899999999998
2024-04-08,2024-04-08,1,huevo_blanco_tepa_de_linea,1.3233297134779054e-08,0.0,1004.7899999999998
2024-04-08,2024-04-08,1,mangas,0.00020278770988345446,0.2,1004.7899999999998
2024-04-08,2024-04-08,1,relleno_durazno_puratos,0.0008621970247377894,0.87,1004.7899999999998
2024-04-08,2024-04-08,1,kit_kat_9_pz,0.0006266103658536305,0.63,1004.7899999999998
2024-04-08,2024-04-08,1,oblea_arroz,0.010508856158888814,10.56,1004.7899999999998
2024-04-08,2024-04-08,1,huevo_calvario,0.001123012054085237,1.13,1004.7899999999998
2024-04-08,2024-04-08,1,bisagra_12_cupcakes,2.5296777575638607e-06,0.0,1004.7899999999998
2024-04-08,2024-04-08,1,chocolate_sin_especificacion,1.6151710784812341e-09,0.0,1004.7899999999998
2024-04-08,2024-04-08,1,caja_cupcake_12,7.724640564053541e-11,0.0,1004.7899999999998
2024-04-08,2024-04-08,1,empaque_31_x_31_x_20,8.227598649204904e-06,0.01,1004.7899999999998
2024-04-08,2024-04-08,1,oreo_273_6,3.998558721961901e-06,0.0,1004.7899999999998
2024-04-08,2024-04-08,1,perlas_sin_especificacion,1.4028043940459904e-07,0.0,1004.7899999999998
2024-04-08,2024-04-08,1,chips_chocolate_con_l,2.97525472943679e-10,0.0,1004.7899999999998
2024-04-08,2024-04-08,1,relleno_fresa_frutifru,4.642366834090517e-07,0.0,1004.7899999999998
2024-04-08,2024-04-08,1,base_36_cm_doble,1.7656372499600987e-09,0.0,1004.7899999999998
2024-04-08,2024-04-08,1,harina_red_velvet_esp,1.2585445667308662e-14,0.0,1004.7899999999998
2024-04-08,2024-04-08,1,mantequilla_gloria_verde,0.034894145656570216,35.06,1004.7899999999998
2024-04-08,2024-04-08,1,caja_cupcake_6,4.6597565330417e-08,0.0,1004.7899999999998
2024-04-08,2024-04-08,1,botellas_jack_daniels,6.660349524138014e-07,0.0,1004.7899999999998
2024-04-08,2024-04-08,1,royal_icing_sin_especificacion,8.177878113393148e-05,0.08,1004.7899999999998
2024-04-08,2024-04-08,1,azucar_glass,2.217789127669163e-06,0.0,1004.7899999999998
2024-04-08,2024-04-08,1,kisses_leche_choc_bl_807_gr,2.8731833900386996e-10,0.0,1004.7899999999998
2024-04-08,2024-04-08,1,dlr_malvavisco_chocolate_32_pz,1.8415512855114712e-07,0.0,1004.7899999999998
2024-04-08,2024-04-08,1,alpezzi_blanco,9.259344064183081e-07,0.0,1004.7899999999998
2024-04-08,2024-04-08,1,relleno_queso_creme_p,7.77007466971471e-08,0.0,1004.7899999999998
2024-04-08,2024-04-08,1,ac_au800,2.033430422792179e-10,0.0,1004.7899999999998
2024-04-08,2024-04-08,1,domo_cupcake_6,1.6650873810376156e-07,0.0,1004.7899999999998
2024-04-08,2024-04-08,1,caja_cupcake_sin_capacidad,3.5724667734420944e-15,0.0,1004.7899999999998
2024-04-08,2024-04-08,1,red_velvet,1.2744244421048358e-12,0.0,1004.7899999999998
2024-04-08,2024-04-08,1,cereza_con_rabo_diana,3.236309406782972e-07,0.0,1004.7899999999998
2024-04-08,2024-04-08,1,charola_galletera_alta_grande,0.0005134712213357432,0.52,1004.7899999999998
2024-04-08,2024-04-08,1,mantequilla_gloria_22,1.9254091381372453e-09,0.0,1004.7899999999998
2024-04-08,2024-04-08,1,domo_cupcake_sin_capacidad,1.623478347170452e-19,0.0,1004.7899999999998
2024-04-08,2024-04-08,1,relleno_zarzamora_fruitfil_puratos,0.030032643623428643,30.18,1004.7899999999998
2024-04-08,2024-04-08,1,chips_rojo_alpezzi,0.009854207460350938,9.9,1004.7899999999998
2024-04-08,2024-04-08,1,capacillo_floreado_alegria,1.4677899351834831e-05,0.02,1004.7899999999998
2024-04-08,2024-04-08,1,inix_contenedor_mantecadas,1.0297699470064915e-19,0.0,1004.7899999999998
2024-04-08,2024-04-08,1,otros,0.16525298836494623,166.04,1004.7899999999998
2024-04-08,2024-04-15,2,fondant_sin_especificacion,4.8662116652194e-06,0.0,725.17
2024-04-08,2024-04-15,2,nutella,0.033779257319017646,24.5,725.17
2024-04-08,2024-04-15,2,tegral_satin_creme_cake_sabor_no_especificado,0.02766424573162384,20.06,725.17
2024-04-08,2024-04-15,2,chantilly_sin_especificacion,3.452585919206206e-12,0.0,725.17
2024-04-08,2024-04-15,2,crema_batir_ambiente_1_l,0.20270176830749972,146.99,725.17
2024-04-08,2024-04-15,2,queso_philadelphia,0.0021032679446183903,1.53,725.17
2024-04-08,2024-04-15,2,tegral_satin_red_velvet,0.01656435180650227,12.01,725.17
2024-04-08,2024-04-15,2,easy_pastel_tres_leches_sabor_no_especificado,2.2271121581550758e-10,0.0,725.17
2024-04-08,2024-04-15,2,transfer_sin_especificacion,3.907148005796529e-07,0.0,725.17
2024-04-08,2024-04-15,2,chantilly_dulce,0.003481957768766818,2.52,725.17
2024-04-08,2024-04-15,2,chantilly_asturias,0.0031467686053748027,2.28,725.17
2024-04-08,2024-04-15,2,chips_blanco_alpezzi,0.049638293953068555,36.0,725.17
2024-04-08,2024-04-15,2,fondant_nata_coco_blanco,0.0074426038189438,5.4,725.17
2024-04-08,2024-04-15,2,chantilly_dull,1.2594347656684392e-10,0.0,725.17
2024-04-08,2024-04-15,2,capacillos,4.178817384300709e-08,0.0,725.17
2024-04-08,2024-04-15,2,huevo_sin_especificacion,0.00048294948087813445,0.35,725.17
2024-04-08,2024-04-15,2,contenedor_mantecadas_inix_25_pz,0.0058765847530165395,4.26,725.17
2024-04-08,2024-04-15,2,confitier_semiamargo_turin,0.2419757145403915,175.47,725.17
2024-04-08,2024-04-15,2,chips_chocolate_semi,7.535041666070244e-07,0.0,725.17
2024-04-08,2024-04-15,2,tegral_satin_vainilla,0.06319965568659855,45.83,725.17
2024-04-08,2024-04-15,2,transfer_hoja_de_arroz_gruesa,0.0010596467830223959,0.77,725.17
2024-04-08,2024-04-15,2,tegral_satin_chocolate,0.06576609371020524,47.69,725.17
2024-04-08,2024-04-15,2,domo_cupcake_12,0.012759043448220278,9.25,725.17
2024-04-08,2024-04-15,2,mantequilla_gloria_presentacion_no_especificada,0.007578624860737206,5.5,725.17
2024-04-08,2024-04-15,2,ferrero_rocher_t16,9.879720857645541e-06,0.01,725.17
2024-04-08,2024-04-15,2,huevo_san_juan,3.3923249197868467e-07,0.0,725.17
2024-04-08,2024-04-15,2,relleno_zarzamora_puratos,1.203527104180158e-07,0.0,725.17
2024-04-08,2024-04-15,2,aceite_sin_especificacion,1.02164128064971e-12,0.0,725.17
2024-04-08,2024-04-15,2,matizador,3.4685540499390175e-06,0.0,725.17
2024-04-08,2024-04-15,2,caja_de_carton_para_cupcake_6_pz,9.096838045015636e-18,0.0,725.17
2024-04-08,2024-04-15,2,carlos_v_stick,5.186631173384458e-07,0.0,725.17
2024-04-08,2024-04-15,2,kisses_leche,0.00013171329443514835,0.1,725.17
2024-04-08,2024-04-15,2,empaque_32_x_32_x_30,1.2897316801456339e-05,0.01,725.17
2024-04-08,2024-04-15,2,ferrero_sin_especificacion,4.944263380106285e-10,0.0,725.17
2024-04-08,2024-04-15,2,domo_media_plancha_inix,0.00016030115831868464,0.12,725.17
2024-04-08,2024-04-15,2,deiman_plumones_magicos,2.157950138792492e-19,0.0,725.17
2024-04-08,2024-04-15,2,empaque_30_x_30_x_30,1.200784667721797e-05,0.01,725.17
2024-04-08,2024-04-15,2,queso_crema_suelto,1.1636106103070564e-10,0.0,725.17
2024-04-08,2024-04-15,2,royal_icing_deiman_50_sin_unidad,1.0491813525669108e-10,0.0,725.17
2024-04-08,2024-04-15,2,pegamento_fondant,3.221539339161546e-06,0.0,725.17
2024-04-08,2024-04-15,2,base_28_cm,3.794679629570252e-08,0.0,725.17
2024-04-08,2024-04-15,2,bailey_s,2.1439173759830796e-05,0.02,725.17
2024-04-08,2024-04-15,2,domo_1_4_plancha,2.484058898730402e-07,0.0,725.17
2024-04-08,2024-04-15,2,colorantes_9_colores,7.565216547914283e-12,0.0,725.17
2024-04-08,2024-04-15,2,sabrosano,0.0004295605504011223,0.31,725.17
2024-04-08,2024-04-15,2,huevo_blanco_tepa_de_linea,1.3233297134779054e-08,0.0,725.17
2024-04-08,2024-04-15,2,mangas,0.00020278770988345446,0.15,725.17
2024-04-08,2024-04-15,2,relleno_durazno_puratos,0.0008621970247377894,0.63,725.17
2024-04-08,2024-04-15,2,kit_kat_9_pz,0.0006266103658536305,0.45,725.17
2024-04-08,2024-04-15,2,oblea_arroz,0.010508856158888814,7.62,725.17
2024-04-08,2024-04-15,2,huevo_calvario,0.001123012054085237,0.81,725.17
2024-04-08,2024-04-15,2,bisagra_12_cupcakes,2.5296777575638607e-06,0.0,725.17
2024-04-08,2024-04-15,2,chocolate_sin_especificacion,1.6151710784812341e-09,0.0,725.17
2024-04-08,2024-04-15,2,caja_cupcake_12,7.724640564053541e-11,0.0,725.17
2024-04-08,2024-04-15,2,empaque_31_x_31_x_20,8.227598649204904e-06,0.01,725.17
2024-04-08,2024-04-15,2,oreo_273_6,3.998558721961901e-06,0.0,725.17
2024-04-08,2024-04-15,2,perlas_sin_especificacion,1.4028043940459904e-07,0.0,725.17
2024-04-08,2024-04-15,2,chips_chocolate_con_l,2.97525472943679e-10,0.0,725.17
2024-04-08,2024-04-15,2,relleno_fresa_frutifru,4.642366834090517e-07,0.0,725.17
2024-04-08,2024-04-15,2,base_36_cm_doble,1.7656372499600987e-09,0.0,725.17
2024-04-08,2024-04-15,2,harina_red_velvet_esp,1.2585445667308662e-14,0.0,725.17
2024-04-08,2024-04-15,2,mantequilla_gloria_verde,0.034894145656570216,25.3,725.17
2024-04-08,2024-04-15,2,caja_cupcake_6,4.6597565330417e-08,0.0,725.17
2024-04-08,2024-04-15,2,botellas_jack_daniels,6.660349524138014e-07,0.0,725.17
2024-04-08,2024-04-15,2,royal_icing_sin_especificacion,8.177878113393148e-05,0.06,725.17
2024-04-08,2024-04-15,2,azucar_glass,2.217789127669163e-06,0.0,725.17
2024-04-08,2024-04-15,2,kisses_leche_choc_bl_807_gr,2.8731833900386996e-10,0.0,725.17
2024-04-08,2024-04-15,2,dlr_malvavisco_chocolate_32_pz,1.8415512855114712e-07,0.0,725.17
2024-04-08,2024-04-15,2,alpezzi_blanco,9.259344064183081e-07,0.0,725.17
2024-04-08,2024-04-15,2,relleno_queso_creme_p,7.77007466971471e-08,0.0,725.17
2024-04-08,2024-04-15,2,ac_au800,2.033430422792179e-10,0.0,725.17
2024-04-08,2024-04-15,2,domo_cupcake_6,1.6650873810376156e-07,0.0,725.17
2024-04-08,2024-04-15,2,caja_cupcake_sin_capacidad,3.5724667734420944e-15,0.0,725.17
2024-04-08,2024-04-15,2,red_velvet,1.2744244421048358e-12,0.0,725.17
2024-04-08,2024-04-15,2,cereza_con_rabo_diana,3.236309406782972e-07,0.0,725.17
2024-04-08,2024-04-15,2,charola_galletera_alta_grande,0.0005134712213357432,0.37,725.17
2024-04-08,2024-04-15,2,mantequilla_gloria_22,1.9254091381372453e-09,0.0,725.17
2024-04-08,2024-04-15,2,domo_cupcake_sin_capacidad,1.623478347170452e-19,0.0,725.17
2024-04-08,2024-04-15,2,relleno_zarzamora_fruitfil_puratos,0.030032643623428643,21.78,725.17
2024-04-08,2024-04-15,2,chips_rojo_alpezzi,0.009854207460350938,7.15,725.17
2024-04-08,2024-04-15,2,capacillo_floreado_alegria,1.4677899351834831e-05,0.01,725.17
2024-04-08,2024-04-15,2,inix_contenedor_mantecadas,1.0297699470064915e-19,0.0,725.17
2024-04-08,2024-04-15,2,otros,0.16525298836494623,119.84,725.17
2024-04-08,2024-04-22,3,fondant_sin_especificacion,4.8662116652194e-06,0.0,815.36
2024-04-08,2024-04-22,3,nutella,0.033779257319017646,27.54,815.36
2024-04-08,2024-04-22,3,tegral_satin_creme_cake_sabor_no_especificado,0.02766424573162384,22.56,815.36
2024-04-08,2024-04-22,3,chantilly_sin_especificacion,3.452585919206206e-12,0.0,815.36
2024-04-08,2024-04-22,3,crema_batir_ambiente_1_l,0.20270176830749972,165.28,815.36
2024-04-08,2024-04-22,3,queso_philadelphia,0.0021032679446183903,1.72,815.36
2024-04-08,2024-04-22,3,tegral_satin_red_velvet,0.01656435180650227,13.51,815.36
2024-04-08,2024-04-22,3,easy_pastel_tres_leches_sabor_no_especificado,2.2271121581550758e-10,0.0,815.36
2024-04-08,2024-04-22,3,transfer_sin_especificacion,3.907148005796529e-07,0.0,815.36
2024-04-08,2024-04-22,3,chantilly_dulce,0.003481957768766818,2.84,815.36
2024-04-08,2024-04-22,3,chantilly_asturias,0.0031467686053748027,2.57,815.36
2024-04-08,2024-04-22,3,chips_blanco_alpezzi,0.049638293953068555,40.47,815.36
2024-04-08,2024-04-22,3,fondant_nata_coco_blanco,0.0074426038189438,6.07,815.36
2024-04-08,2024-04-22,3,chantilly_dull,1.2594347656684392e-10,0.0,815.36
2024-04-08,2024-04-22,3,capacillos,4.178817384300709e-08,0.0,815.36
2024-04-08,2024-04-22,3,huevo_sin_especificacion,0.00048294948087813445,0.39,815.36
2024-04-08,2024-04-22,3,contenedor_mantecadas_inix_25_pz,0.0058765847530165395,4.79,815.36
2024-04-08,2024-04-22,3,confitier_semiamargo_turin,0.2419757145403915,197.3,815.36
2024-04-08,2024-04-22,3,chips_chocolate_semi,7.535041666070244e-07,0.0,815.36
2024-04-08,2024-04-22,3,tegral_satin_vainilla,0.06319965568659855,51.53,815.36
2024-04-08,2024-04-22,3,transfer_hoja_de_arroz_gruesa,0.0010596467830223959,0.86,815.36
2024-04-08,2024-04-22,3,tegral_satin_chocolate,0.06576609371020524,53.62,815.36
2024-04-08,2024-04-22,3,domo_cupcake_12,0.012759043448220278,10.4,815.36
2024-04-08,2024-04-22,3,mantequilla_gloria_presentacion_no_especificada,0.007578624860737206,6.18,815.36
2024-04-08,2024-04-22,3,ferrero_rocher_t16,9.879720857645541e-06,0.01,815.36
2024-04-08,2024-04-22,3,huevo_san_juan,3.3923249197868467e-07,0.0,815.36
2024-04-08,2024-04-22,3,relleno_zarzamora_puratos,1.203527104180158e-07,0.0,815.36
2024-04-08,2024-04-22,3,aceite_sin_especificacion,1.02164128064971e-12,0.0,815.36
2024-04-08,2024-04-22,3,matizador,3.4685540499390175e-06,0.0,815.36
2024-04-08,2024-04-22,3,caja_de_carton_para_cupcake_6_pz,9.096838045015636e-18,0.0,815.36
2024-04-08,2024-04-22,3,carlos_v_stick,5.186631173384458e-07,0.0,815.36
2024-04-08,2024-04-22,3,kisses_leche,0.00013171329443514835,0.11,815.36
2024-04-08,2024-04-22,3,empaque_32_x_32_x_30,1.2897316801456339e-05,0.01,815.36
2024-04-08,2024-04-22,3,ferrero_sin_especificacion,4.944263380106285e-10,0.0,815.36
2024-04-08,2024-04-22,3,domo_media_plancha_inix,0.00016030115831868464,0.13,815.36
2024-04-08,2024-04-22,3,deiman_plumones_magicos,2.157950138792492e-19,0.0,815.36
2024-04-08,2024-04-22,3,empaque_30_x_30_x_30,1.200784667721797e-05,0.01,815.36
2024-04-08,2024-04-22,3,queso_crema_suelto,1.1636106103070564e-10,0.0,815.36
2024-04-08,2024-04-22,3,royal_icing_deiman_50_sin_unidad,1.0491813525669108e-10,0.0,815.36
2024-04-08,2024-04-22,3,pegamento_fondant,3.221539339161546e-06,0.0,815.36
2024-04-08,2024-04-22,3,base_28_cm,3.794679629570252e-08,0.0,815.36
2024-04-08,2024-04-22,3,bailey_s,2.1439173759830796e-05,0.02,815.36
2024-04-08,2024-04-22,3,domo_1_4_plancha,2.484058898730402e-07,0.0,815.36
2024-04-08,2024-04-22,3,colorantes_9_colores,7.565216547914283e-12,0.0,815.36
2024-04-08,2024-04-22,3,sabrosano,0.0004295605504011223,0.35,815.36
2024-04-08,2024-04-22,3,huevo_blanco_tepa_de_linea,1.3233297134779054e-08,0.0,815.36
2024-04-08,2024-04-22,3,mangas,0.00020278770988345446,0.17,815.36
2024-04-08,2024-04-22,3,relleno_durazno_puratos,0.0008621970247377894,0.7,815.36
2024-04-08,2024-04-22,3,kit_kat_9_pz,0.0006266103658536305,0.51,815.36
2024-04-08,2024-04-22,3,oblea_arroz,0.010508856158888814,8.57,815.36
2024-04-08,2024-04-22,3,huevo_calvario,0.001123012054085237,0.92,815.36
2024-04-08,2024-04-22,3,bisagra_12_cupcakes,2.5296777575638607e-06,0.0,815.36
2024-04-08,2024-04-22,3,chocolate_sin_especificacion,1.6151710784812341e-09,0.0,815.36
2024-04-08,2024-04-22,3,caja_cupcake_12,7.724640564053541e-11,0.0,815.36
2024-04-08,2024-04-22,3,empaque_31_x_31_x_20,8.227598649204904e-06,0.01,815.36
2024-04-08,2024-04-22,3,oreo_273_6,3.998558721961901e-06,0.0,815.36
2024-04-08,2024-04-22,3,perlas_sin_especificacion,1.4028043940459904e-07,0.0,815.36
2024-04-08,2024-04-22,3,chips_chocolate_con_l,2.97525472943679e-10,0.0,815.36
2024-04-08,2024-04-22,3,relleno_fresa_frutifru,4.642366834090517e-07,0.0,815.36
2024-04-08,2024-04-22,3,base_36_cm_doble,1.7656372499600987e-09,0.0,815.36
2024-04-08,2024-04-22,3,harina_red_velvet_esp,1.2585445667308662e-14,0.0,815.36
2024-04-08,2024-04-22,3,mantequilla_gloria_verde,0.034894145656570216,28.45,815.36
2024-04-08,2024-04-22,3,caja_cupcake_6,4.6597565330417e-08,0.0,815.36
2024-04-08,2024-04-22,3,botellas_jack_daniels,6.660349524138014e-07,0.0,815.36
2024-04-08,2024-04-22,3,royal_icing_sin_especificacion,8.177878113393148e-05,0.07,815.36
2024-04-08,2024-04-22,3,azucar_glass,2.217789127669163e-06,0.0,815.36
2024-04-08,2024-04-22,3,kisses_leche_choc_bl_807_gr,2.8731833900386996e-10,0.0,815.36
2024-04-08,2024-04-22,3,dlr_malvavisco_chocolate_32_pz,1.8415512855114712e-07,0.0,815.36
2024-04-08,2024-04-22,3,alpezzi_blanco,9.259344064183081e-07,0.0,815.36
2024-04-08,2024-04-22,3,relleno_queso_creme_p,7.77007466971471e-08,0.0,815.36
2024-04-08,2024-04-22,3,ac_au800,2.033430422792179e-10,0.0,815.36
2024-04-08,2024-04-22,3,domo_cupcake_6,1.6650873810376156e-07,0.0,815.36
2024-04-08,2024-04-22,3,caja_cupcake_sin_capacidad,3.5724667734420944e-15,0.0,815.36
2024-04-08,2024-04-22,3,red_velvet,1.2744244421048358e-12,0.0,815.36
2024-04-08,2024-04-22,3,cereza_con_rabo_diana,3.236309406782972e-07,0.0,815.36
2024-04-08,2024-04-22,3,charola_galletera_alta_grande,0.0005134712213357432,0.42,815.36
2024-04-08,2024-04-22,3,mantequilla_gloria_22,1.9254091381372453e-09,0.0,815.36
2024-04-08,2024-04-22,3,domo_cupcake_sin_capacidad,1.623478347170452e-19,0.0,815.36
2024-04-08,2024-04-22,3,relleno_zarzamora_fruitfil_puratos,0.030032643623428643,24.49,815.36
2024-04-08,2024-04-22,3,chips_rojo_alpezzi,0.009854207460350938,8.03,815.36
2024-04-08,2024-04-22,3,capacillo_floreado_alegria,1.4677899351834831e-05,0.01,815.36
2024-04-08,2024-04-22,3,inix_contenedor_mantecadas,1.0297699470064915e-19,0.0,815.36
2024-04-08,2024-04-22,3,otros,0.16525298836494623,134.74,815.36
2024-04-08,2024-04-29,4,fondant_sin_especificacion,4.8662116652194e-06,0.0,787.64
2024-04-08,2024-04-29,4,nutella,0.033779257319017646,26.61,787.64
2024-04-08,2024-04-29,4,tegral_satin_creme_cake_sabor_no_especificado,0.02766424573162384,21.79,787.64
2024-04-08,2024-04-29,4,chantilly_sin_especificacion,3.452585919206206e-12,0.0,787.64
2024-04-08,2024-04-29,4,crema_batir_ambiente_1_l,0.20270176830749972,159.66,787.64
2024-04-08,2024-04-29,4,queso_philadelphia,0.0021032679446183903,1.66,787.64
2024-04-08,2024-04-29,4,tegral_satin_red_velvet,0.01656435180650227,13.05,787.64
2024-04-08,2024-04-29,4,easy_pastel_tres_leches_sabor_no_especificado,2.2271121581550758e-10,0.0,787.64
2024-04-08,2024-04-29,4,transfer_sin_especificacion,3.907148005796529e-07,0.0,787.64
2024-04-08,2024-04-29,4,chantilly_dulce,0.003481957768766818,2.74,787.64
2024-04-08,2024-04-29,4,chantilly_asturias,0.0031467686053748027,2.48,787.64
2024-04-08,2024-04-29,4,chips_blanco_alpezzi,0.049638293953068555,39.1,787.64
2024-04-08,2024-04-29,4,fondant_nata_coco_blanco,0.0074426038189438,5.86,787.64
2024-04-08,2024-04-29,4,chantilly_dull,1.2594347656684392e-10,0.0,787.64
2024-04-08,2024-04-29,4,capacillos,4.178817384300709e-08,0.0,787.64
2024-04-08,2024-04-29,4,huevo_sin_especificacion,0.00048294948087813445,0.38,787.64
2024-04-08,2024-04-29,4,contenedor_mantecadas_inix_25_pz,0.0058765847530165395,4.63,787.64
2024-04-08,2024-04-29,4,confitier_semiamargo_turin,0.2419757145403915,190.59,787.64
2024-04-08,2024-04-29,4,chips_chocolate_semi,7.535041666070244e-07,0.0,787.64
2024-04-08,2024-04-29,4,tegral_satin_vainilla,0.06319965568659855,49.78,787.64
2024-04-08,2024-04-29,4,transfer_hoja_de_arroz_gruesa,0.0010596467830223959,0.84,787.64
2024-04-08,2024-04-29,4,tegral_satin_chocolate,0.06576609371020524,51.8,787.64
2024-04-08,2024-04-29,4,domo_cupcake_12,0.012759043448220278,10.05,787.64
2024-04-08,2024-04-29,4,mantequilla_gloria_presentacion_no_especificada,0.007578624860737206,5.97,787.64
2024-04-08,2024-04-29,4,ferrero_rocher_t16,9.879720857645541e-06,0.01,787.64
2024-04-08,2024-04-29,4,huevo_san_juan,3.3923249197868467e-07,0.0,787.64
2024-04-08,2024-04-29,4,relleno_zarzamora_puratos,1.203527104180158e-07,0.0,787.64
2024-04-08,2024-04-29,4,aceite_sin_especificacion,1.02164128064971e-12,0.0,787.64
2024-04-08,2024-04-29,4,matizador,3.4685540499390175e-06,0.0,787.64
2024-04-08,2024-04-29,4,caja_de_carton_para_cupcake_6_pz,9.096838045015636e-18,0.0,787.64
2024-04-08,2024-04-29,4,carlos_v_stick,5.186631173384458e-07,0.0,787.64
2024-04-08,2024-04-29,4,kisses_leche,0.00013171329443514835,0.1,787.64
2024-04-08,2024-04-29,4,empaque_32_x_32_x_30,1.2897316801456339e-05,0.01,787.64
2024-04-08,2024-04-29,4,ferrero_sin_especificacion,4.944263380106285e-10,0.0,787.64
2024-04-08,2024-04-29,4,domo_media_plancha_inix,0.00016030115831868464,0.13,787.64
2024-04-08,2024-04-29,4,deiman_plumones_magicos,2.157950138792492e-19,0.0,787.64
2024-04-08,2024-04-29,4,empaque_30_x_30_x_30,1.200784667721797e-05,0.01,787.64
2024-04-08,2024-04-29,4,queso_crema_suelto,1.1636106103070564e-10,0.0,787.64
2024-04-08,2024-04-29,4,royal_icing_deiman_50_sin_unidad,1.0491813525669108e-10,0.0,787.64
2024-04-08,2024-04-29,4,pegamento_fondant,3.221539339161546e-06,0.0,787.64
2024-04-08,2024-04-29,4,base_28_cm,3.794679629570252e-08,0.0,787.64
2024-04-08,2024-04-29,4,bailey_s,2.1439173759830796e-05,0.02,787.64
2024-04-08,2024-04-29,4,domo_1_4_plancha,2.484058898730402e-07,0.0,787.64
2024-04-08,2024-04-29,4,colorantes_9_colores,7.565216547914283e-12,0.0,787.64
2024-04-08,2024-04-29,4,sabrosano,0.0004295605504011223,0.34,787.64
2024-04-08,2024-04-29,4,huevo_blanco_tepa_de_linea,1.3233297134779054e-08,0.0,787.64
2024-04-08,2024-04-29,4,mangas,0.00020278770988345446,0.16,787.64
2024-04-08,2024-04-29,4,relleno_durazno_puratos,0.0008621970247377894,0.68,787.64
2024-04-08,2024-04-29,4,kit_kat_9_pz,0.0006266103658536305,0.49,787.64
2024-04-08,2024-04-29,4,oblea_arroz,0.010508856158888814,8.28,787.64
2024-04-08,2024-04-29,4,huevo_calvario,0.001123012054085237,0.88,787.64
2024-04-08,2024-04-29,4,bisagra_12_cupcakes,2.5296777575638607e-06,0.0,787.64
2024-04-08,2024-04-29,4,chocolate_sin_especificacion,1.6151710784812341e-09,0.0,787.64
2024-04-08,2024-04-29,4,caja_cupcake_12,7.724640564053541e-11,0.0,787.64
2024-04-08,2024-04-29,4,empaque_31_x_31_x_20,8.227598649204904e-06,0.01,787.64
2024-04-08,2024-04-29,4,oreo_273_6,3.998558721961901e-06,0.0,787.64
2024-04-08,2024-04-29,4,perlas_sin_especificacion,1.4028043940459904e-07,0.0,787.64
2024-04-08,2024-04-29,4,chips_chocolate_con_l,2.97525472943679e-10,0.0,787.64
2024-04-08,2024-04-29,4,relleno_fresa_frutifru,4.642366834090517e-07,0.0,787.64
2024-04-08,2024-04-29,4,base_36_cm_doble,1.7656372499600987e-09,0.0,787.64
2024-04-08,2024-04-29,4,harina_red_velvet_esp,1.2585445667308662e-14,0.0,787.64
2024-04-08,2024-04-29,4,mantequilla_gloria_verde,0.034894145656570216,27.48,787.64
2024-04-08,2024-04-29,4,caja_cupcake_6,4.6597565330417e-08,0.0,787.64
2024-04-08,2024-04-29,4,botellas_jack_daniels,6.660349524138014e-07,0.0,787.64
2024-04-08,2024-04-29,4,royal_icing_sin_especificacion,8.177878113393148e-05,0.06,787.64
2024-04-08,2024-04-29,4,azucar_glass,2.217789127669163e-06,0.0,787.64
2024-04-08,2024-04-29,4,kisses_leche_choc_bl_807_gr,2.8731833900386996e-10,0.0,787.64
2024-04-08,2024-04-29,4,dlr_malvavisco_chocolate_32_pz,1.8415512855114712e-07,0.0,787.64
2024-04-08,2024-04-29,4,alpezzi_blanco,9.259344064183081e-07,0.0,787.64
2024-04-08,2024-04-29,4,relleno_queso_creme_p,7.77007466971471e-08,0.0,787.64
2024-04-08,2024-04-29,4,ac_au800,2.033430422792179e-10,0.0,787.64
2024-04-08,2024-04-29,4,domo_cupcake_6,1.6650873810376156e-07,0.0,787.64
2024-04-08,2024-04-29,4,caja_cupcake_sin_capacidad,3.5724667734420944e-15,0.0,787.64
2024-04-08,2024-04-29,4,red_velvet,1.2744244421048358e-12,0.0,787.64
2024-04-08,2024-04-29,4,cereza_con_rabo_diana,3.236309406782972e-07,0.0,787.64
2024-04-08,2024-04-29,4,charola_galletera_alta_grande,0.0005134712213357432,0.4,787.64
2024-04-08,2024-04-29,4,mantequilla_gloria_22,1.9254091381372453e-09,0.0,787.64
2024-04-08,2024-04-29,4,domo_cupcake_sin_capacidad,1.623478347170452e-19,0.0,787.64
2024-04-08,2024-04-29,4,relleno_zarzamora_fruitfil_puratos,0.030032643623428643,23.66,787.64
2024-04-08,2024-04-29,4,chips_rojo_alpezzi,0.009854207460350938,7.76,787.64
2024-04-08,2024-04-29,4,capacillo_floreado_alegria,1.4677899351834831e-05,0.01,787.64
2024-04-08,2024-04-29,4,inix_contenedor_mantecadas,1.0297699470064915e-19,0.0,787.64
2024-04-08,2024-04-29,4,otros,0.16525298836494623,130.16,787.64
2024-04-15,2024-04-15,1,fondant_sin_especificacion,3.1722880658140655e-06,0.0,562.0
2024-04-15,2024-04-15,1,nutella,0.022020730341648788,12.38,562.0
2024-04-15,2024-04-15,1,tegral_satin_creme_cake_sabor_no_especificado,0.01803434840523347,10.14,562.0
2024-04-15,2024-04-15,1,chantilly_sin_especificacion,2.2507440820911594e-12,0.0,562.0
2024-04-15,2024-04-15,1,crema_batir_ambiente_1_l,0.13214147775717383,74.26,562.0
2024-04-15,2024-04-15,1,queso_philadelphia,0.0013711223964240305,0.77,562.0
2024-04-15,2024-04-15,1,tegral_satin_red_velvet,0.010798316877435632,6.07,562.0
2024-04-15,2024-04-15,1,easy_pastel_tres_leches_sabor_no_especificado,1.4518565583657604e-10,0.0,562.0
2024-04-15,2024-04-15,1,transfer_sin_especificacion,2.547073543624561e-07,0.0,562.0
2024-04-15,2024-04-15,1,chantilly_dulce,0.002269891619075212,1.28,562.0
2024-04-15,2024-04-15,1,chantilly_asturias,0.002051381481010605,1.15,562.0
2024-04-15,2024-04-15,1,chips_blanco_alpezzi,0.0323592515796557,18.19,562.0
2024-04-15,2024-04-15,1,fondant_nata_coco_blanco,0.07482553815556424,42.05,562.0
2024-04-15,2024-04-15,1,chantilly_dull,8.210267353056435e-11,0.0,562.0
2024-04-15,2024-04-15,1,capacillos,0.04504056820394632,25.31,562.0
2024-04-15,2024-04-15,1,huevo_sin_especificacion,0.0003148352311780768,0.18,562.0
2024-04-15,2024-04-15,1,contenedor_mantecadas_inix_25_pz,0.0038309512537200246,2.15,562.0
2024-04-15,2024-04-15,1,confitier_semiamargo_turin,0.15774420108762488,88.65,562.0
2024-04-15,2024-04-15,1,chips_chocolate_semi,4.912100910762305e-07,0.0,562.0
2024-04-15,2024-04-15,1,tegral_satin_vainilla,0.04119991633966777,23.15,562.0
2024-04-15,2024-04-15,1,transfer_hoja_de_arroz_gruesa,0.0006907847572242122,0.39,562.0
2024-04-15,2024-04-15,1,tegral_satin_chocolate,0.09434788371294522,53.02,562.0
2024-04-15,2024-04-15,1,domo_cupcake_12,0.008317632697994744,4.68,562.0
2024-04-15,2024-04-15,1,mantequilla_gloria_presentacion_no_especificada,0.00494051283729239,2.78,562.0
2024-04-15,2024-04-15,1,ferrero_rocher_t16,6.440599531313273e-06,0.0,562.0
2024-04-15,2024-04-15,1,huevo_san_juan,2.21145987859907e-07,0.0,562.0
2024-04-15,2024-04-15,1,relleno_zarzamora_puratos,7.845804769987002e-08,0.0,562.0
2024-04-15,2024-04-15,1,aceite_sin_especificacion,6.660089336664627e-13,0.0,562.0
2024-04-15,2024-04-15,1,matizador,2.261153721877096e-06,0.0,562.0
2024-04-15,2024-04-15,1,caja_de_carton_para_cupcake_6_pz,5.9302374726327e-18,0.0,562.0
2024-04-15,2024-04-15,1,carlos_v_stick,3.381169851427926e-07,0.0,562.0
2024-04-15,2024-04-15,1,kisses_leche,8.586402334943163e-05,0.05,562.0
2024-04-15,2024-04-15,1,empaque_32_x_32_x_30,8.407773229987215e-06,0.01,562.0
2024-04-15,2024-04-15,1,ferrero_sin_especificacion,3.223170053833965e-10,0.0,562.0
2024-04-15,2024-04-15,1,domo_media_plancha_inix,0.03871067844691264,21.76,562.0
2024-04-15,2024-04-15,1,deiman_plumones_magicos,1.4067697714099705e-19,0.0,562.0
2024-04-15,2024-04-15,1,empaque_30_x_30_x_30,7.827926800332924e-06,0.0,562.0
2024-04-15,2024-04-15,1,queso_crema_suelto,7.585588762434708e-11,0.0,562.0
2024-04-15,2024-04-15,1,royal_icing_deiman_50_sin_unidad,6.839623330426193e-11,0.0,562.0
2024-04-15,2024-04-15,1,pegamento_fondant,2.100124594295044e-06,0.0,562.0
2024-04-15,2024-04-15,1,base_28_cm,2.473755300968954e-08,0.0,562.0
2024-04-15,2024-04-15,1,bailey_s,1.3976217998351068e-05,0.01,562.0
2024-04-15,2024-04-15,1,domo_1_4_plancha,1.6193603857275694e-07,0.0,562.0
2024-04-15,2024-04-15,1,colorantes_9_colores,4.9317719452644334e-12,0.0,562.0
2024-04-15,2024-04-15,1,sabrosano,0.0002800309360403793,0.16,562.0
2024-04-15,2024-04-15,1,huevo_blanco_tepa_de_linea,8.626799132490745e-09,0.0,562.0
2024-04-15,2024-04-15,1,mangas,0.00013219750315321383,0.07,562.0
2024-04-15,2024-04-15,1,relleno_durazno_puratos,0.000562067069853355,0.32,562.0
2024-04-15,2024-04-15,1,kit_kat_9_pz,0.00040848790029424987,0.23,562.0
2024-04-15,2024-04-15,1,oblea_arroz,0.006850733439416999,3.85,562.0
2024-04-15,2024-04-15,1,huevo_calvario,0.0007320926383869733,0.41,562.0
2024-04-15,2024-04-15,1,bisagra_12_cupcakes,1.6490993636860858e-06,0.0,562.0
2024-04-15,2024-04-15,1,chocolate_sin_especificacion,1.0529315798438535e-09,0.0,562.0
2024-04-15,2024-04-15,1,caja_cupcake_12,5.035700614750272e-11,0.0,562.0
2024-04-15,2024-04-15,1,empaque_31_x_31_x_20,5.363579474302189e-06,0.0,562.0
2024-04-15,2024-04-15,1,oreo_273_6,2.606664277429161e-06,0.0,562.0
2024-04-15,2024-04-15,1,perlas_sin_especificacion,9.144895339654298e-08,0.0,562.0
2024-04-15,2024-04-15,1,chips_chocolate_con_l,1.9395714202916082e-10,0.0,562.0
2024-04-15,2024-04-15,1,relleno_fresa_frutifru,3.026363405064171e-07,0.0,562.0
2024-04-15,2024-04-15,1,base_36_cm_doble,1.1510206217782047e-09,0.0,562.0
2024-04-15,2024-04-15,1,harina_red_velvet_esp,8.204464137618754e-15,0.0,562.0
2024-04-15,2024-04-15,1,mantequilla_gloria_verde,0.022747527121413157,12.78,562.0
2024-04-15,2024-04-15,1,caja_cupcake_6,3.0376997665392016e-08,0.0,562.0
2024-04-15,2024-04-15,1,botellas_jack_daniels,4.3418882619896897e-07,0.0,562.0
2024-04-15,2024-04-15,1,royal_icing_sin_especificacion,5.3311666091757385e-05,0.03,562.0
2024-04-15,2024-04-15,1,azucar_glass,1.4457788658233115e-06,0.0,562.0
2024-04-15,2024-04-15,1,kisses_leche_choc_bl_807_gr,1.8730310159461634e-10,0.0,562.0
2024-04-15,2024-04-15,1,dlr_malvavisco_chocolate_32_pz,1.2005090545828526e-07,0.0,562.0
2024-04-15,2024-04-15,1,alpezzi_blanco,6.036175302857476e-07,0.0,562.0
2024-04-15,2024-04-15,1,relleno_queso_creme_p,5.0653191519380435e-08,0.0,562.0
2024-04-15,2024-04-15,1,ac_au800,1.3255952487623745e-10,0.0,562.0
2024-04-15,2024-04-15,1,domo_cupcake_6,1.0854720654994512e-07,0.0,562.0
2024-04-15,2024-04-15,1,caja_cupcake_sin_capacidad,2.3288945262919793e-15,0.0,562.0
2024-04-15,2024-04-15,1,red_velvet,8.307985197944818e-13,0.0,562.0
2024-04-15,2024-04-15,1,cereza_con_rabo_diana,2.1097532155861415e-07,0.0,562.0
2024-04-15,2024-04-15,1,charola_galletera_alta_grande,0.00033473238314406744,0.19,562.0
2024-04-15,2024-04-15,1,mantequilla_gloria_22,1.2551760693801924e-09,0.0,562.0
2024-04-15,2024-04-15,1,domo_cupcake_sin_capacidad,1.0583470962938821e-19,0.0,562.0
2024-04-15,2024-04-15,1,relleno_zarzamora_fruitfil_puratos,0.01957830926928126,11.0,562.0
2024-04-15,2024-04-15,1,chips_rojo_alpezzi,0.006423967323073234,3.61,562.0
2024-04-15,2024-04-15,1,capacillo_floreado_alegria,9.568536707485433e-06,0.01,562.0
2024-04-15,2024-04-15,1,inix_contenedor_mantecadas,6.713080190841619e-20,0.0,562.0
2024-04-15,2024-04-15,1,otros,0.250732299642161,140.91,562.0
2024-04-15,2024-04-22,2,fondant_sin_especificacion,3.1722880658140655e-06,0.0,883.23
2024-04-15,2024-04-22,2,nutella,0.022020730341648788,19.45,883.23
2024-04-15,2024-04-22,2,tegral_satin_creme_cake_sabor_no_especificado,0.01803434840523347,15.93,883.23
2024-04-15,2024-04-22,2,chantilly_sin_especificacion,2.2507440820911594e-12,0.0,883.23
2024-04-15,2024-04-22,2,crema_batir_ambiente_1_l,0.13214147775717383,116.71,883.23
2024-04-15,2024-04-22,2,queso_philadelphia,0.0013711223964240305,1.21,883.23
2024-04-15,2024-04-22,2,tegral_satin_red_velvet,0.010798316877435632,9.54,883.23
2024-04-15,2024-04-22,2,easy_pastel_tres_leches_sabor_no_especificado,1.4518565583657604e-10,0.0,883.23
2024-04-15,2024-04-22,2,transfer_sin_especificacion,2.547073543624561e-07,0.0,883.23
2024-04-15,2024-04-22,2,chantilly_dulce,0.002269891619075212,2.01,883.23
2024-04-15,2024-04-22,2,chantilly_asturias,0.002051381481010605,1.81,883.23
2024-04-15,2024-04-22,2,chips_blanco_alpezzi,0.0323592515796557,28.58,883.23
2024-04-15,2024-04-22,2,fondant_nata_coco_blanco,0.07482553815556424,66.09,883.23
2024-04-15,2024-04-22,2,chantilly_dull,8.210267353056435e-11,0.0,883.23
2024-04-15,2024-04-22,2,capacillos,0.04504056820394632,39.78,883.23
2024-04-15,2024-04-22,2,huevo_sin_especificacion,0.0003148352311780768,0.28,883.23
2024-04-15,2024-04-22,2,contenedor_mantecadas_inix_25_pz,0.0038309512537200246,3.38,883.23
2024-04-15,2024-04-22,2,confitier_semiamargo_turin,0.15774420108762488,139.32,883.23
2024-04-15,2024-04-22,2,chips_chocolate_semi,4.912100910762305e-07,0.0,883.23
2024-04-15,2024-04-22,2,tegral_satin_vainilla,0.04119991633966777,36.39,883.23
2024-04-15,2024-04-22,2,transfer_hoja_de_arroz_gruesa,0.0006907847572242122,0.61,883.23
2024-04-15,2024-04-22,2,tegral_satin_chocolate,0.09434788371294522,83.33,883.23
2024-04-15,2024-04-22,2,domo_cupcake_12,0.008317632697994744,7.35,883.23
2024-04-15,2024-04-22,2,mantequilla_gloria_presentacion_no_especificada,0.00494051283729239,4.36,883.23
2024-04-15,2024-04-22,2,ferrero_rocher_t16,6.440599531313273e-06,0.01,883.23
2024-04-15,2024-04-22,2,huevo_san_juan,2.21145987859907e-07,0.0,883.23
2024-04-15,2024-04-22,2,relleno_zarzamora_puratos,7.845804769987002e-08,0.0,883.23
2024-04-15,2024-04-22,2,aceite_sin_especificacion,6.660089336664627e-13,0.0,883.23
2024-04-15,2024-04-22,2,matizador,2.261153721877096e-06,0.0,883.23
2024-04-15,2024-04-22,2,caja_de_carton_para_cupcake_6_pz,5.9302374726327e-18,0.0,883.23
2024-04-15,2024-04-22,2,carlos_v_stick,3.381169851427926e-07,0.0,883.23
2024-04-15,2024-04-22,2,kisses_leche,8.586402334943163e-05,0.08,883.23
2024-04-15,2024-04-22,2,empaque_32_x_32_x_30,8.407773229987215e-06,0.01,883.23
2024-04-15,2024-04-22,2,ferrero_sin_especificacion,3.223170053833965e-10,0.0,883.23
2024-04-15,2024-04-22,2,domo_media_plancha_inix,0.03871067844691264,34.19,883.23
2024-04-15,2024-04-22,2,deiman_plumones_magicos,1.4067697714099705e-19,0.0,883.23
2024-04-15,2024-04-22,2,empaque_30_x_30_x_30,7.827926800332924e-06,0.01,883.23
2024-04-15,2024-04-22,2,queso_crema_suelto,7.585588762434708e-11,0.0,883.23
2024-04-15,2024-04-22,2,royal_icing_deiman_50_sin_unidad,6.839623330426193e-11,0.0,883.23
2024-04-15,2024-04-22,2,pegamento_fondant,2.100124594295044e-06,0.0,883.23
2024-04-15,2024-04-22,2,base_28_cm,2.473755300968954e-08,0.0,883.23
2024-04-15,2024-04-22,2,bailey_s,1.3976217998351068e-05,0.01,883.23
2024-04-15,2024-04-22,2,domo_1_4_plancha,1.6193603857275694e-07,0.0,883.23
2024-04-15,2024-04-22,2,colorantes_9_colores,4.9317719452644334e-12,0.0,883.23
2024-04-15,2024-04-22,2,sabrosano,0.0002800309360403793,0.25,883.23
2024-04-15,2024-04-22,2,huevo_blanco_tepa_de_linea,8.626799132490745e-09,0.0,883.23
2024-04-15,2024-04-22,2,mangas,0.00013219750315321383,0.12,883.23
2024-04-15,2024-04-22,2,relleno_durazno_puratos,0.000562067069853355,0.5,883.23
2024-04-15,2024-04-22,2,kit_kat_9_pz,0.00040848790029424987,0.36,883.23
2024-04-15,2024-04-22,2,oblea_arroz,0.006850733439416999,6.05,883.23
2024-04-15,2024-04-22,2,huevo_calvario,0.0007320926383869733,0.65,883.23
2024-04-15,2024-04-22,2,bisagra_12_cupcakes,1.6490993636860858e-06,0.0,883.23
2024-04-15,2024-04-22,2,chocolate_sin_especificacion,1.0529315798438535e-09,0.0,883.23
2024-04-15,2024-04-22,2,caja_cupcake_12,5.035700614750272e-11,0.0,883.23
2024-04-15,2024-04-22,2,empaque_31_x_31_x_20,5.363579474302189e-06,0.0,883.23
2024-04-15,2024-04-22,2,oreo_273_6,2.606664277429161e-06,0.0,883.23
2024-04-15,2024-04-22,2,perlas_sin_especificacion,9.144895339654298e-08,0.0,883.23
2024-04-15,2024-04-22,2,chips_chocolate_con_l,1.9395714202916082e-10,0.0,883.23
2024-04-15,2024-04-22,2,relleno_fresa_frutifru,3.026363405064171e-07,0.0,883.23
2024-04-15,2024-04-22,2,base_36_cm_doble,1.1510206217782047e-09,0.0,883.23
2024-04-15,2024-04-22,2,harina_red_velvet_esp,8.204464137618754e-15,0.0,883.23
2024-04-15,2024-04-22,2,mantequilla_gloria_verde,0.022747527121413157,20.09,883.23
2024-04-15,2024-04-22,2,caja_cupcake_6,3.0376997665392016e-08,0.0,883.23
2024-04-15,2024-04-22,2,botellas_jack_daniels,4.3418882619896897e-07,0.0,883.23
2024-04-15,2024-04-22,2,royal_icing_sin_especificacion,5.3311666091757385e-05,0.05,883.23
2024-04-15,2024-04-22,2,azucar_glass,1.4457788658233115e-06,0.0,883.23
2024-04-15,2024-04-22,2,kisses_leche_choc_bl_807_gr,1.8730310159461634e-10,0.0,883.23
2024-04-15,2024-04-22,2,dlr_malvavisco_chocolate_32_pz,1.2005090545828526e-07,0.0,883.23
2024-04-15,2024-04-22,2,alpezzi_blanco,6.036175302857476e-07,0.0,883.23
2024-04-15,2024-04-22,2,relleno_queso_creme_p,5.0653191519380435e-08,0.0,883.23
2024-04-15,2024-04-22,2,ac_au800,1.3255952487623745e-10,0.0,883.23
2024-04-15,2024-04-22,2,domo_cupcake_6,1.0854720654994512e-07,0.0,883.23
2024-04-15,2024-04-22,2,caja_cupcake_sin_capacidad,2.3288945262919793e-15,0.0,883.23
2024-04-15,2024-04-22,2,red_velvet,8.307985197944818e-13,0.0,883.23
2024-04-15,2024-04-22,2,cereza_con_rabo_diana,2.1097532155861415e-07,0.0,883.23
2024-04-15,2024-04-22,2,charola_galletera_alta_grande,0.00033473238314406744,0.3,883.23
2024-04-15,2024-04-22,2,mantequilla_gloria_22,1.2551760693801924e-09,0.0,883.23
2024-04-15,2024-04-22,2,domo_cupcake_sin_capacidad,1.0583470962938821e-19,0.0,883.23
2024-04-15,2024-04-22,2,relleno_zarzamora_fruitfil_puratos,0.01957830926928126,17.29,883.23
2024-04-15,2024-04-22,2,chips_rojo_alpezzi,0.006423967323073234,5.67,883.23
2024-04-15,2024-04-22,2,capacillo_floreado_alegria,9.568536707485433e-06,0.01,883.23
2024-04-15,2024-04-22,2,inix_contenedor_mantecadas,6.713080190841619e-20,0.0,883.23
2024-04-15,2024-04-22,2,otros,0.250732299642161,221.45,883.23
2024-04-15,2024-04-29,3,fondant_sin_especificacion,3.1722880658140655e-06,0.0,736.22
2024-04-15,2024-04-29,3,nutella,0.022020730341648788,16.21,736.22
2024-04-15,2024-04-29,3,tegral_satin_creme_cake_sabor_no_especificado,0.01803434840523347,13.28,736.22
2024-04-15,2024-04-29,3,chantilly_sin_especificacion,2.2507440820911594e-12,0.0,736.22
2024-04-15,2024-04-29,3,crema_batir_ambiente_1_l,0.13214147775717383,97.29,736.22
2024-04-15,2024-04-29,3,queso_philadelphia,0.0013711223964240305,1.01,736.22
2024-04-15,2024-04-29,3,tegral_satin_red_velvet,0.010798316877435632,7.95,736.22
2024-04-15,2024-04-29,3,easy_pastel_tres_leches_sabor_no_especificado,1.4518565583657604e-10,0.0,736.22
2024-04-15,2024-04-29,3,transfer_sin_especificacion,2.547073543624561e-07,0.0,736.22
2024-04-15,2024-04-29,3,chantilly_dulce,0.002269891619075212,1.67,736.22
2024-04-15,2024-04-29,3,chantilly_asturias,0.002051381481010605,1.51,736.22
2024-04-15,2024-04-29,3,chips_blanco_alpezzi,0.0323592515796557,23.82,736.22
2024-04-15,2024-04-29,3,fondant_nata_coco_blanco,0.07482553815556424,55.09,736.22
2024-04-15,2024-04-29,3,chantilly_dull,8.210267353056435e-11,0.0,736.22
2024-04-15,2024-04-29,3,capacillos,0.04504056820394632,33.16,736.22
2024-04-15,2024-04-29,3,huevo_sin_especificacion,0.0003148352311780768,0.23,736.22
2024-04-15,2024-04-29,3,contenedor_mantecadas_inix_25_pz,0.0038309512537200246,2.82,736.22
2024-04-15,2024-04-29,3,confitier_semiamargo_turin,0.15774420108762488,116.14,736.22
2024-04-15,2024-04-29,3,chips_chocolate_semi,4.912100910762305e-07,0.0,736.22
2024-04-15,2024-04-29,3,tegral_satin_vainilla,0.04119991633966777,30.33,736.22
2024-04-15,2024-04-29,3,transfer_hoja_de_arroz_gruesa,0.0006907847572242122,0.51,736.22
2024-04-15,2024-04-29,3,tegral_satin_chocolate,0.09434788371294522,69.46,736.22
2024-04-15,2024-04-29,3,domo_cupcake_12,0.008317632697994744,6.12,736.22
2024-04-15,2024-04-29,3,mantequilla_gloria_presentacion_no_especificada,0.00494051283729239,3.64,736.22
2024-04-15,2024-04-29,3,ferrero_rocher_t16,6.440599531313273e-06,0.01,736.22
2024-04-15,2024-04-29,3,huevo_san_juan,2.21145987859907e-07,0.0,736.22
2024-04-15,2024-04-29,3,relleno_zarzamora_puratos,7.845804769987002e-08,0.0,736.22
2024-04-15,2024-04-29,3,aceite_sin_especificacion,6.660089336664627e-13,0.0,736.22
2024-04-15,2024-04-29,3,matizador,2.261153721877096e-06,0.0,736.22
2024-04-15,2024-04-29,3,caja_de_carton_para_cupcake_6_pz,5.9302374726327e-18,0.0,736.22
2024-04-15,2024-04-29,3,carlos_v_stick,3.381169851427926e-07,0.0,736.22
2024-04-15,2024-04-29,3,kisses_leche,8.586402334943163e-05,0.06,736.22
2024-04-15,2024-04-29,3,empaque_32_x_32_x_30,8.407773229987215e-06,0.01,736.22
2024-04-15,2024-04-29,3,ferrero_sin_especificacion,3.223170053833965e-10,0.0,736.22
2024-04-15,2024-04-29,3,domo_media_plancha_inix,0.03871067844691264,28.5,736.22
2024-04-15,2024-04-29,3,deiman_plumones_magicos,1.4067697714099705e-19,0.0,736.22
2024-04-15,2024-04-29,3,empaque_30_x_30_x_30,7.827926800332924e-06,0.01,736.22
2024-04-15,2024-04-29,3,queso_crema_suelto,7.585588762434708e-11,0.0,736.22
2024-04-15,2024-04-29,3,royal_icing_deiman_50_sin_unidad,6.839623330426193e-11,0.0,736.22
2024-04-15,2024-04-29,3,pegamento_fondant,2.100124594295044e-06,0.0,736.22
2024-04-15,2024-04-29,3,base_28_cm,2.473755300968954e-08,0.0,736.22
2024-04-15,2024-04-29,3,bailey_s,1.3976217998351068e-05,0.01,736.22
2024-04-15,2024-04-29,3,domo_1_4_plancha,1.6193603857275694e-07,0.0,736.22
2024-04-15,2024-04-29,3,colorantes_9_colores,4.9317719452644334e-12,0.0,736.22
2024-04-15,2024-04-29,3,sabrosano,0.0002800309360403793,0.21,736.22
2024-04-15,2024-04-29,3,huevo_blanco_tepa_de_linea,8.626799132490745e-09,0.0,736.22
2024-04-15,2024-04-29,3,mangas,0.00013219750315321383,0.1,736.22
2024-04-15,2024-04-29,3,relleno_durazno_puratos,0.000562067069853355,0.41,736.22
2024-04-15,2024-04-29,3,kit_kat_9_pz,0.00040848790029424987,0.3,736.22
2024-04-15,2024-04-29,3,oblea_arroz,0.006850733439416999,5.04,736.22
2024-04-15,2024-04-29,3,huevo_calvario,0.0007320926383869733,0.54,736.22
2024-04-15,2024-04-29,3,bisagra_12_cupcakes,1.6490993636860858e-06,0.0,736.22
2024-04-15,2024-04-29,3,chocolate_sin_especificacion,1.0529315798438535e-09,0.0,736.22
2024-04-15,2024-04-29,3,caja_cupcake_12,5.035700614750272e-11,0.0,736.22
2024-04-15,2024-04-29,3,empaque_31_x_31_x_20,5.363579474302189e-06,0.0,736.22
2024-04-15,2024-04-29,3,oreo_273_6,2.606664277429161e-06,0.0,736.22
2024-04-15,2024-04-29,3,perlas_sin_especificacion,9.144895339654298e-08,0.0,736.22
2024-04-15,2024-04-29,3,chips_chocolate_con_l,1.9395714202916082e-10,0.0,736.22
2024-04-15,2024-04-29,3,relleno_fresa_frutifru,3.026363405064171e-07,0.0,736.22
2024-04-15,2024-04-29,3,base_36_cm_doble,1.1510206217782047e-09,0.0,736.22
2024-04-15,2024-04-29,3,harina_red_velvet_esp,8.204464137618754e-15,0.0,736.22
2024-04-15,2024-04-29,3,mantequilla_gloria_verde,0.022747527121413157,16.75,736.22
2024-04-15,2024-04-29,3,caja_cupcake_6,3.0376997665392016e-08,0.0,736.22
2024-04-15,2024-04-29,3,botellas_jack_daniels,4.3418882619896897e-07,0.0,736.22
2024-04-15,2024-04-29,3,royal_icing_sin_especificacion,5.3311666091757385e-05,0.04,736.22
2024-04-15,2024-04-29,3,azucar_glass,1.4457788658233115e-06,0.0,736.22
2024-04-15,2024-04-29,3,kisses_leche_choc_bl_807_gr,1.8730310159461634e-10,0.0,736.22
2024-04-15,2024-04-29,3,dlr_malvavisco_chocolate_32_pz,1.2005090545828526e-07,0.0,736.22
2024-04-15,2024-04-29,3,alpezzi_blanco,6.036175302857476e-07,0.0,736.22
2024-04-15,2024-04-29,3,relleno_queso_creme_p,5.0653191519380435e-08,0.0,736.22
2024-04-15,2024-04-29,3,ac_au800,1.3255952487623745e-10,0.0,736.22
2024-04-15,2024-04-29,3,domo_cupcake_6,1.0854720654994512e-07,0.0,736.22
2024-04-15,2024-04-29,3,caja_cupcake_sin_capacidad,2.3288945262919793e-15,0.0,736.22
2024-04-15,2024-04-29,3,red_velvet,8.307985197944818e-13,0.0,736.22
2024-04-15,2024-04-29,3,cereza_con_rabo_diana,2.1097532155861415e-07,0.0,736.22
2024-04-15,2024-04-29,3,charola_galletera_alta_grande,0.00033473238314406744,0.25,736.22
2024-04-15,2024-04-29,3,mantequilla_gloria_22,1.2551760693801924e-09,0.0,736.22
2024-04-15,2024-04-29,3,domo_cupcake_sin_capacidad,1.0583470962938821e-19,0.0,736.22
2024-04-15,2024-04-29,3,relleno_zarzamora_fruitfil_puratos,0.01957830926928126,14.41,736.22
2024-04-15,2024-04-29,3,chips_rojo_alpezzi,0.006423967323073234,4.73,736.22
2024-04-15,2024-04-29,3,capacillo_floreado_alegria,9.568536707485433e-06,0.01,736.22
2024-04-15,2024-04-29,3,inix_contenedor_mantecadas,6.713080190841619e-20,0.0,736.22
2024-04-15,2024-04-29,3,otros,0.250732299642161,184.59,736.22
2024-04-15,2024-05-06,4,fondant_sin_especificacion,3.1722880658140655e-06,0.0,471.11
2024-04-15,2024-05-06,4,nutella,0.022020730341648788,10.37,471.11
2024-04-15,2024-05-06,4,tegral_satin_creme_cake_sabor_no_especificado,0.01803434840523347,8.5,471.11
2024-04-15,2024-05-06,4,chantilly_sin_especificacion,2.2507440820911594e-12,0.0,471.11
2024-04-15,2024-05-06,4,crema_batir_ambiente_1_l,0.13214147775717383,62.25,471.11
2024-04-15,2024-05-06,4,queso_philadelphia,0.0013711223964240305,0.65,471.11
2024-04-15,2024-05-06,4,tegral_satin_red_velvet,0.010798316877435632,5.09,471.11
2024-04-15,2024-05-06,4,easy_pastel_tres_leches_sabor_no_especificado,1.4518565583657604e-10,0.0,471.11
2024-04-15,2024-05-06,4,transfer_sin_especificacion,2.547073543624561e-07,0.0,471.11
2024-04-15,2024-05-06,4,chantilly_dulce,0.002269891619075212,1.07,471.11
2024-04-15,2024-05-06,4,chantilly_asturias,0.002051381481010605,0.97,471.11
2024-04-15,2024-05-06,4,chips_blanco_alpezzi,0.0323592515796557,15.24,471.11
2024-04-15,2024-05-06,4,fondant_nata_coco_blanco,0.07482553815556424,35.25,471.11
2024-04-15,2024-05-06,4,chantilly_dull,8.210267353056435e-11,0.0,471.11
2024-04-15,2024-05-06,4,capacillos,0.04504056820394632,21.22,471.11
2024-04-15,2024-05-06,4,huevo_sin_especificacion,0.0003148352311780768,0.15,471.11
2024-04-15,2024-05-06,4,contenedor_mantecadas_inix_25_pz,0.0038309512537200246,1.8,471.11
2024-04-15,2024-05-06,4,confitier_semiamargo_turin,0.15774420108762488,74.32,471.11
2024-04-15,2024-05-06,4,chips_chocolate_semi,4.912100910762305e-07,0.0,471.11
2024-04-15,2024-05-06,4,tegral_satin_vainilla,0.04119991633966777,19.41,471.11
2024-04-15,2024-05-06,4,transfer_hoja_de_arroz_gruesa,0.0006907847572242122,0.33,471.11
2024-04-15,2024-05-06,4,tegral_satin_chocolate,0.09434788371294522,44.45,471.11
2024-04-15,2024-05-06,4,domo_cupcake_12,0.008317632697994744,3.92,471.11
2024-04-15,2024-05-06,4,mantequilla_gloria_presentacion_no_especificada,0.00494051283729239,2.33,471.11
2024-04-15,2024-05-06,4,ferrero_rocher_t16,6.440599531313273e-06,0.0,471.11
2024-04-15,2024-05-06,4,huevo_san_juan,2.21145987859907e-07,0.0,471.11
2024-04-15,2024-05-06,4,relleno_zarzamora_puratos,7.845804769987002e-08,0.0,471.11
2024-04-15,2024-05-06,4,aceite_sin_especificacion,6.660089336664627e-13,0.0,471.11
2024-04-15,2024-05-06,4,matizador,2.261153721877096e-06,0.0,471.11
2024-04-15,2024-05-06,4,caja_de_carton_para_cupcake_6_pz,5.9302374726327e-18,0.0,471.11
2024-04-15,2024-05-06,4,carlos_v_stick,3.381169851427926e-07,0.0,471.11
2024-04-15,2024-05-06,4,kisses_leche,8.586402334943163e-05,0.04,471.11
2024-04-15,2024-05-06,4,empaque_32_x_32_x_30,8.407773229987215e-06,0.0,471.11
2024-04-15,2024-05-06,4,ferrero_sin_especificacion,3.223170053833965e-10,0.0,471.11
2024-04-15,2024-05-06,4,domo_media_plancha_inix,0.03871067844691264,18.24,471.11
2024-04-15,2024-05-06,4,deiman_plumones_magicos,1.4067697714099705e-19,0.0,471.11
2024-04-15,2024-05-06,4,empaque_30_x_30_x_30,7.827926800332924e-06,0.0,471.11
2024-04-15,2024-05-06,4,queso_crema_suelto,7.585588762434708e-11,0.0,471.11
2024-04-15,2024-05-06,4,royal_icing_deiman_50_sin_unidad,6.839623330426193e-11,0.0,471.11
2024-04-15,2024-05-06,4,pegamento_fondant,2.100124594295044e-06,0.0,471.11
2024-04-15,2024-05-06,4,base_28_cm,2.473755300968954e-08,0.0,471.11
2024-04-15,2024-05-06,4,bailey_s,1.3976217998351068e-05,0.01,471.11
2024-04-15,2024-05-06,4,domo_1_4_plancha,1.6193603857275694e-07,0.0,471.11
2024-04-15,2024-05-06,4,colorantes_9_colores,4.9317719452644334e-12,0.0,471.11
2024-04-15,2024-05-06,4,sabrosano,0.0002800309360403793,0.13,471.11
2024-04-15,2024-05-06,4,huevo_blanco_tepa_de_linea,8.626799132490745e-09,0.0,471.11
2024-04-15,2024-05-06,4,mangas,0.00013219750315321383,0.06,471.11
2024-04-15,2024-05-06,4,relleno_durazno_puratos,0.000562067069853355,0.26,471.11
2024-04-15,2024-05-06,4,kit_kat_9_pz,0.00040848790029424987,0.19,471.11
2024-04-15,2024-05-06,4,oblea_arroz,0.006850733439416999,3.23,471.11
2024-04-15,2024-05-06,4,huevo_calvario,0.0007320926383869733,0.35,471.11
2024-04-15,2024-05-06,4,bisagra_12_cupcakes,1.6490993636860858e-06,0.0,471.11
2024-04-15,2024-05-06,4,chocolate_sin_especificacion,1.0529315798438535e-09,0.0,471.11
2024-04-15,2024-05-06,4,caja_cupcake_12,5.035700614750272e-11,0.0,471.11
2024-04-15,2024-05-06,4,empaque_31_x_31_x_20,5.363579474302189e-06,0.0,471.11
2024-04-15,2024-05-06,4,oreo_273_6,2.606664277429161e-06,0.0,471.11
2024-04-15,2024-05-06,4,perlas_sin_especificacion,9.144895339654298e-08,0.0,471.11
2024-04-15,2024-05-06,4,chips_chocolate_con_l,1.9395714202916082e-10,0.0,471.11
2024-04-15,2024-05-06,4,relleno_fresa_frutifru,3.026363405064171e-07,0.0,471.11
2024-04-15,2024-05-06,4,base_36_cm_doble,1.1510206217782047e-09,0.0,471.11
2024-04-15,2024-05-06,4,harina_red_velvet_esp,8.204464137618754e-15,0.0,471.11
2024-04-15,2024-05-06,4,mantequilla_gloria_verde,0.022747527121413157,10.72,471.11
2024-04-15,2024-05-06,4,caja_cupcake_6,3.0376997665392016e-08,0.0,471.11
2024-04-15,2024-05-06,4,botellas_jack_daniels,4.3418882619896897e-07,0.0,471.11
2024-04-15,2024-05-06,4,royal_icing_sin_especificacion,5.3311666091757385e-05,0.03,471.11
2024-04-15,2024-05-06,4,azucar_glass,1.4457788658233115e-06,0.0,471.11
2024-04-15,2024-05-06,4,kisses_leche_choc_bl_807_gr,1.8730310159461634e-10,0.0,471.11
2024-04-15,2024-05-06,4,dlr_malvavisco_chocolate_32_pz,1.2005090545828526e-07,0.0,471.11
2024-04-15,2024-05-06,4,alpezzi_blanco,6.036175302857476e-07,0.0,471.11
2024-04-15,2024-05-06,4,relleno_queso_creme_p,5.0653191519380435e-08,0.0,471.11
2024-04-15,2024-05-06,4,ac_au800,1.3255952487623745e-10,0.0,471.11
2024-04-15,2024-05-06,4,domo_cupcake_6,1.0854720654994512e-07,0.0,471.11
2024-04-15,2024-05-06,4,caja_cupcake_sin_capacidad,2.3288945262919793e-15,0.0,471.11
2024-04-15,2024-05-06,4,red_velvet,8.307985197944818e-13,0.0,471.11
2024-04-15,2024-05-06,4,cereza_con_rabo_diana,2.1097532155861415e-07,0.0,471.11
2024-04-15,2024-05-06,4,charola_galletera_alta_grande,0.00033473238314406744,0.16,471.11
2024-04-15,2024-05-06,4,mantequilla_gloria_22,1.2551760693801924e-09,0.0,471.11
2024-04-15,2024-05-06,4,domo_cupcake_sin_capacidad,1.0583470962938821e-19,0.0,471.11
2024-04-15,2024-05-06,4,relleno_zarzamora_fruitfil_puratos,0.01957830926928126,9.22,471.11
2024-04-15,2024-05-06,4,chips_rojo_alpezzi,0.006423967323073234,3.03,471.11
2024-04-15,2024-05-06,4,capacillo_floreado_alegria,9.568536707485433e-06,0.0,471.11
2024-04-15,2024-05-06,4,inix_contenedor_mantecadas,6.713080190841619e-20,0.0,471.11
2024-04-15,2024-05-06,4,otros,0.250732299642161,118.12,471.11
2024-04-22,2024-04-22,1,fondant_sin_especificacion,3.1722880658140655e-06,0.0,601.4
2024-04-22,2024-04-22,1,nutella,0.022020730341648784,13.24,601.4
2024-04-22,2024-04-22,1,tegral_satin_creme_cake_sabor_no_especificado,0.01803434840523347,10.85,601.4
2024-04-22,2024-04-22,1,chantilly_sin_especificacion,2.2507440820911598e-12,0.0,601.4
2024-04-22,2024-04-22,1,crema_batir_ambiente_1_l,0.13214147775717383,79.47,601.4
2024-04-22,2024-04-22,1,queso_philadelphia,0.0013711223964240312,0.83,601.4
2024-04-22,2024-04-22,1,tegral_satin_red_velvet,0.010798316877435633,6.49,601.4
2024-04-22,2024-04-22,1,easy_pastel_tres_leches_sabor_no_especificado,1.4518565583657606e-10,0.0,601.4
2024-04-22,2024-04-22,1,transfer_sin_especificacion,2.5470735436245616e-07,0.0,601.4
2024-04-22,2024-04-22,1,chantilly_dulce,0.002269891619075212,1.37,601.4
2024-04-22,2024-04-22,1,chantilly_asturias,0.002051381481010605,1.23,601.4
2024-04-22,2024-04-22,1,chips_blanco_alpezzi,0.0323592515796557,19.46,601.4
2024-04-22,2024-04-22,1,fondant_nata_coco_blanco,0.07482553815556425,45.0,601.4
2024-04-22,2024-04-22,1,chantilly_dull,8.210267353056436e-11,0.0,601.4
2024-04-22,2024-04-22,1,capacillos,0.045040568203946335,27.09,601.4
2024-04-22,2024-04-22,1,huevo_sin_especificacion,0.0003148352311780769,0.19,601.4
2024-04-22,2024-04-22,1,contenedor_mantecadas_inix_25_pz,0.0038309512537200237,2.3,601.4
2024-04-22,2024-04-22,1,confitier_semiamargo_turin,0.1577442010876249,94.87,601.4
2024-04-22,2024-04-22,1,chips_chocolate_semi,4.912100910762306e-07,0.0,601.4
2024-04-22,2024-04-22,1,tegral_satin_vainilla,0.04119991633966777,24.78,601.4
2024-04-22,2024-04-22,1,transfer_hoja_de_arroz_gruesa,0.0006907847572242123,0.42,601.4
2024-04-22,2024-04-22,1,tegral_satin_chocolate,0.09434788371294522,56.74,601.4
2024-04-22,2024-04-22,1,domo_cupcake_12,0.008317632697994745,5.0,601.4
2024-04-22,2024-04-22,1,mantequilla_gloria_presentacion_no_especificada,0.00494051283729239,2.97,601.4
2024-04-22,2024-04-22,1,ferrero_rocher_t16,6.440599531313273e-06,0.0,601.4
2024-04-22,2024-04-22,1,huevo_san_juan,2.21145987859907e-07,0.0,601.4
2024-04-22,2024-04-22,1,relleno_zarzamora_puratos,7.845804769987005e-08,0.0,601.4
2024-04-22,2024-04-22,1,aceite_sin_especificacion,6.660089336664627e-13,0.0,601.4
2024-04-22,2024-04-22,1,matizador,2.2611537218770973e-06,0.0,601.4
2024-04-22,2024-04-22,1,caja_de_carton_para_cupcake_6_pz,5.930237472632701e-18,0.0,601.4
2024-04-22,2024-04-22,1,carlos_v_stick,3.3811698514279264e-07,0.0,601.4
2024-04-22,2024-04-22,1,kisses_leche,8.586402334943166e-05,0.05,601.4
2024-04-22,2024-04-22,1,empaque_32_x_32_x_30,8.407773229987216e-06,0.01,601.4
2024-04-22,2024-04-22,1,ferrero_sin_especificacion,3.223170053833965e-10,0.0,601.4
2024-04-22,2024-04-22,1,domo_media_plancha_inix,0.038710678446912644,23.28,601.4
2024-04-22,2024-04-22,1,deiman_plumones_magicos,1.4067697714099708e-19,0.0,601.4
2024-04-22,2024-04-22,1,empaque_30_x_30_x_30,7.827926800332924e-06,0.01,601.4
2024-04-22,2024-04-22,1,queso_crema_suelto,7.585588762434708e-11,0.0,601.4
2024-04-22,2024-04-22,1,royal_icing_deiman_50_sin_unidad,6.839623330426194e-11,0.0,601.4
2024-04-22,2024-04-22,1,pegamento_fondant,2.1001245942950445e-06,0.0,601.4
2024-04-22,2024-04-22,1,base_28_cm,2.4737553009689537e-08,0.0,601.4
2024-04-22,2024-04-22,1,bailey_s,1.3976217998351068e-05,0.01,601.4
2024-04-22,2024-04-22,1,domo_1_4_plancha,1.619360385727569e-07,0.0,601.4
2024-04-22,2024-04-22,1,colorantes_9_colores,4.931771945264435e-12,0.0,601.4
2024-04-22,2024-04-22,1,sabrosano,0.0002800309360403794,0.17,601.4
2024-04-22,2024-04-22,1,huevo_blanco_tepa_de_linea,8.626799132490747e-09,0.0,601.4
2024-04-22,2024-04-22,1,mangas,0.00013219750315321386,0.08,601.4
2024-04-22,2024-04-22,1,relleno_durazno_puratos,0.0005620670698533551,0.34,601.4
2024-04-22,2024-04-22,1,kit_kat_9_pz,0.00040848790029424987,0.25,601.4
2024-04-22,2024-04-22,1,oblea_arroz,0.006850733439417,4.12,601.4
2024-04-22,2024-04-22,1,huevo_calvario,0.0007320926383869735,0.44,601.4
2024-04-22,2024-04-22,1,bisagra_12_cupcakes,1.6490993636860865e-06,0.0,601.4
2024-04-22,2024-04-22,1,chocolate_sin_especificacion,1.0529315798438537e-09,0.0,601.4
2024-04-22,2024-04-22,1,caja_cupcake_12,5.0357006147502735e-11,0.0,601.4
2024-04-22,2024-04-22,1,empaque_31_x_31_x_20,5.363579474302189e-06,0.0,601.4
2024-04-22,2024-04-22,1,oreo_273_6,2.6066642774291614e-06,0.0,601.4
2024-04-22,2024-04-22,1,perlas_sin_especificacion,9.144895339654299e-08,0.0,601.4
2024-04-22,2024-04-22,1,chips_chocolate_con_l,1.939571420291609e-10,0.0,601.4
2024-04-22,2024-04-22,1,relleno_fresa_frutifru,3.026363405064171e-07,0.0,601.4
2024-04-22,2024-04-22,1,base_36_cm_doble,1.151020621778205e-09,0.0,601.4
2024-04-22,2024-04-22,1,harina_red_velvet_esp,8.204464137618756e-15,0.0,601.4
2024-04-22,2024-04-22,1,mantequilla_gloria_verde,0.022747527121413164,13.68,601.4
2024-04-22,2024-04-22,1,caja_cupcake_6,3.037699766539203e-08,0.0,601.4
2024-04-22,2024-04-22,1,botellas_jack_daniels,4.34188826198969e-07,0.0,601.4
2024-04-22,2024-04-22,1,royal_icing_sin_especificacion,5.3311666091757385e-05,0.03,601.4
2024-04-22,2024-04-22,1,azucar_glass,1.4457788658233115e-06,0.0,601.4
2024-04-22,2024-04-22,1,kisses_leche_choc_bl_807_gr,1.8730310159461637e-10,0.0,601.4
2024-04-22,2024-04-22,1,dlr_malvavisco_chocolate_32_pz,1.2005090545828526e-07,0.0,601.4
2024-04-22,2024-04-22,1,alpezzi_blanco,6.036175302857477e-07,0.0,601.4
2024-04-22,2024-04-22,1,relleno_queso_creme_p,5.0653191519380435e-08,0.0,601.4
2024-04-22,2024-04-22,1,ac_au800,1.3255952487623748e-10,0.0,601.4
2024-04-22,2024-04-22,1,domo_cupcake_6,1.0854720654994515e-07,0.0,601.4
2024-04-22,2024-04-22,1,caja_cupcake_sin_capacidad,2.3288945262919793e-15,0.0,601.4
2024-04-22,2024-04-22,1,red_velvet,8.30798519794482e-13,0.0,601.4
2024-04-22,2024-04-22,1,cereza_con_rabo_diana,2.1097532155861417e-07,0.0,601.4
2024-04-22,2024-04-22,1,charola_galletera_alta_grande,0.0003347323831440675,0.2,601.4
2024-04-22,2024-04-22,1,mantequilla_gloria_22,1.2551760693801926e-09,0.0,601.4
2024-04-22,2024-04-22,1,domo_cupcake_sin_capacidad,1.0583470962938823e-19,0.0,601.4
2024-04-22,2024-04-22,1,relleno_zarzamora_fruitfil_puratos,0.019578309269281263,11.77,601.4
2024-04-22,2024-04-22,1,chips_rojo_alpezzi,0.006423967323073234,3.86,601.4
2024-04-22,2024-04-22,1,capacillo_floreado_alegria,9.568536707485433e-06,0.01,601.4
2024-04-22,2024-04-22,1,inix_contenedor_mantecadas,6.713080190841619e-20,0.0,601.4
2024-04-22,2024-04-22,1,otros,0.25073229964216104,150.79,601.4
2024-04-22,2024-04-29,2,fondant_sin_especificacion,3.1722880658140655e-06,0.0,879.06
2024-04-22,2024-04-29,2,nutella,0.022020730341648784,19.36,879.06
2024-04-22,2024-04-29,2,tegral_satin_creme_cake_sabor_no_especificado,0.01803434840523347,15.85,879.06
2024-04-22,2024-04-29,2,chantilly_sin_especificacion,2.2507440820911598e-12,0.0,879.06
2024-04-22,2024-04-29,2,crema_batir_ambiente_1_l,0.13214147775717383,116.16,879.06
2024-04-22,2024-04-29,2,queso_philadelphia,0.0013711223964240312,1.2,879.06
2024-04-22,2024-04-29,2,tegral_satin_red_velvet,0.010798316877435633,9.49,879.06
2024-04-22,2024-04-29,2,easy_pastel_tres_leches_sabor_no_especificado,1.4518565583657606e-10,0.0,879.06
2024-04-22,2024-04-29,2,transfer_sin_especificacion,2.5470735436245616e-07,0.0,879.06
2024-04-22,2024-04-29,2,chantilly_dulce,0.002269891619075212,1.99,879.06
2024-04-22,2024-04-29,2,chantilly_asturias,0.002051381481010605,1.8,879.06
2024-04-22,2024-04-29,2,chips_blanco_alpezzi,0.0323592515796557,28.45,879.06
2024-04-22,2024-04-29,2,fondant_nata_coco_blanco,0.07482553815556425,65.78,879.06
2024-04-22,2024-04-29,2,chantilly_dull,8.210267353056436e-11,0.0,879.06
2024-04-22,2024-04-29,2,capacillos,0.045040568203946335,39.59,879.06
2024-04-22,2024-04-29,2,huevo_sin_especificacion,0.0003148352311780769,0.28,879.06
2024-04-22,2024-04-29,2,contenedor_mantecadas_inix_25_pz,0.0038309512537200237,3.37,879.06
2024-04-22,2024-04-29,2,confitier_semiamargo_turin,0.1577442010876249,138.67,879.06
2024-04-22,2024-04-29,2,chips_chocolate_semi,4.912100910762306e-07,0.0,879.06
2024-04-22,2024-04-29,2,tegral_satin_vainilla,0.04119991633966777,36.22,879.06
2024-04-22,2024-04-29,2,transfer_hoja_de_arroz_gruesa,0.0006907847572242123,0.61,879.06
2024-04-22,2024-04-29,2,tegral_satin_chocolate,0.09434788371294522,82.94,879.06
2024-04-22,2024-04-29,2,domo_cupcake_12,0.008317632697994745,7.31,879.06
2024-04-22,2024-04-29,2,mantequilla_gloria_presentacion_no_especificada,0.00494051283729239,4.34,879.06
2024-04-22,2024-04-29,2,ferrero_rocher_t16,6.440599531313273e-06,0.01,879.06
2024-04-22,2024-04-29,2,huevo_san_juan,2.21145987859907e-07,0.0,879.06
2024-04-22,2024-04-29,2,relleno_zarzamora_puratos,7.845804769987005e-08,0.0,879.06
2024-04-22,2024-04-29,2,aceite_sin_especificacion,6.660089336664627e-13,0.0,879.06
2024-04-22,2024-04-29,2,matizador,2.2611537218770973e-06,0.0,879.06
2024-04-22,2024-04-29,2,caja_de_carton_para_cupcake_6_pz,5.930237472632701e-18,0.0,879.06
2024-04-22,2024-04-29,2,carlos_v_stick,3.3811698514279264e-07,0.0,879.06
2024-04-22,2024-04-29,2,kisses_leche,8.586402334943166e-05,0.08,879.06
2024-04-22,2024-04-29,2,empaque_32_x_32_x_30,8.407773229987216e-06,0.01,879.06
2024-04-22,2024-04-29,2,ferrero_sin_especificacion,3.223170053833965e-10,0.0,879.06
2024-04-22,2024-04-29,2,domo_media_plancha_inix,0.038710678446912644,34.03,879.06
2024-04-22,2024-04-29,2,deiman_plumones_magicos,1.4067697714099708e-19,0.0,879.06
2024-04-22,2024-04-29,2,empaque_30_x_30_x_30,7.827926800332924e-06,0.01,879.06
2024-04-22,2024-04-29,2,queso_crema_suelto,7.585588762434708e-11,0.0,879.06
2024-04-22,2024-04-29,2,royal_icing_deiman_50_sin_unidad,6.839623330426194e-11,0.0,879.06
2024-04-22,2024-04-29,2,pegamento_fondant,2.1001245942950445e-06,0.0,879.06
2024-04-22,2024-04-29,2,base_28_cm,2.4737553009689537e-08,0.0,879.06
2024-04-22,2024-04-29,2,bailey_s,1.3976217998351068e-05,0.01,879.06
2024-04-22,2024-04-29,2,domo_1_4_plancha,1.619360385727569e-07,0.0,879.06
2024-04-22,2024-04-29,2,colorantes_9_colores,4.931771945264435e-12,0.0,879.06
2024-04-22,2024-04-29,2,sabrosano,0.0002800309360403794,0.25,879.06
2024-04-22,2024-04-29,2,huevo_blanco_tepa_de_linea,8.626799132490747e-09,0.0,879.06
2024-04-22,2024-04-29,2,mangas,0.00013219750315321386,0.12,879.06
2024-04-22,2024-04-29,2,relleno_durazno_puratos,0.0005620670698533551,0.49,879.06
2024-04-22,2024-04-29,2,kit_kat_9_pz,0.00040848790029424987,0.36,879.06
2024-04-22,2024-04-29,2,oblea_arroz,0.006850733439417,6.02,879.06
2024-04-22,2024-04-29,2,huevo_calvario,0.0007320926383869735,0.64,879.06
2024-04-22,2024-04-29,2,bisagra_12_cupcakes,1.6490993636860865e-06,0.0,879.06
2024-04-22,2024-04-29,2,chocolate_sin_especificacion,1.0529315798438537e-09,0.0,879.06
2024-04-22,2024-04-29,2,caja_cupcake_12,5.0357006147502735e-11,0.0,879.06
2024-04-22,2024-04-29,2,empaque_31_x_31_x_20,5.363579474302189e-06,0.0,879.06
2024-04-22,2024-04-29,2,oreo_273_6,2.6066642774291614e-06,0.0,879.06
2024-04-22,2024-04-29,2,perlas_sin_especificacion,9.144895339654299e-08,0.0,879.06
2024-04-22,2024-04-29,2,chips_chocolate_con_l,1.939571420291609e-10,0.0,879.06
2024-04-22,2024-04-29,2,relleno_fresa_frutifru,3.026363405064171e-07,0.0,879.06
2024-04-22,2024-04-29,2,base_36_cm_doble,1.151020621778205e-09,0.0,879.06
2024-04-22,2024-04-29,2,harina_red_velvet_esp,8.204464137618756e-15,0.0,879.06
2024-04-22,2024-04-29,2,mantequilla_gloria_verde,0.022747527121413164,20.0,879.06
2024-04-22,2024-04-29,2,caja_cupcake_6,3.037699766539203e-08,0.0,879.06
2024-04-22,2024-04-29,2,botellas_jack_daniels,4.34188826198969e-07,0.0,879.06
2024-04-22,2024-04-29,2,royal_icing_sin_especificacion,5.3311666091757385e-05,0.05,879.06
2024-04-22,2024-04-29,2,azucar_glass,1.4457788658233115e-06,0.0,879.06
2024-04-22,2024-04-29,2,kisses_leche_choc_bl_807_gr,1.8730310159461637e-10,0.0,879.06
2024-04-22,2024-04-29,2,dlr_malvavisco_chocolate_32_pz,1.2005090545828526e-07,0.0,879.06
2024-04-22,2024-04-29,2,alpezzi_blanco,6.036175302857477e-07,0.0,879.06
2024-04-22,2024-04-29,2,relleno_queso_creme_p,5.0653191519380435e-08,0.0,879.06
2024-04-22,2024-04-29,2,ac_au800,1.3255952487623748e-10,0.0,879.06
2024-04-22,2024-04-29,2,domo_cupcake_6,1.0854720654994515e-07,0.0,879.06
2024-04-22,2024-04-29,2,caja_cupcake_sin_capacidad,2.3288945262919793e-15,0.0,879.06
2024-04-22,2024-04-29,2,red_velvet,8.30798519794482e-13,0.0,879.06
2024-04-22,2024-04-29,2,cereza_con_rabo_diana,2.1097532155861417e-07,0.0,879.06
2024-04-22,2024-04-29,2,charola_galletera_alta_grande,0.0003347323831440675,0.29,879.06
2024-04-22,2024-04-29,2,mantequilla_gloria_22,1.2551760693801926e-09,0.0,879.06
2024-04-22,2024-04-29,2,domo_cupcake_sin_capacidad,1.0583470962938823e-19,0.0,879.06
2024-04-22,2024-04-29,2,relleno_zarzamora_fruitfil_puratos,0.019578309269281263,17.21,879.06
2024-04-22,2024-04-29,2,chips_rojo_alpezzi,0.006423967323073234,5.65,879.06
2024-04-22,2024-04-29,2,capacillo_floreado_alegria,9.568536707485433e-06,0.01,879.06
2024-04-22,2024-04-29,2,inix_contenedor_mantecadas,6.713080190841619e-20,0.0,879.06
2024-04-22,2024-04-29,2,otros,0.25073229964216104,220.41,879.06
2024-04-22,2024-05-06,3,fondant_sin_especificacion,3.1722880658140655e-06,0.0,734.91
2024-04-22,2024-05-06,3,nutella,0.022020730341648784,16.18,734.91
2024-04-22,2024-05-06,3,tegral_satin_creme_cake_sabor_no_especificado,0.01803434840523347,13.25,734.91
2024-04-22,2024-05-06,3,chantilly_sin_especificacion,2.2507440820911598e-12,0.0,734.91
2024-04-22,2024-05-06,3,crema_batir_ambiente_1_l,0.13214147775717383,97.11,734.91
2024-04-22,2024-05-06,3,queso_philadelphia,0.0013711223964240312,1.01,734.91
2024-04-22,2024-05-06,3,tegral_satin_red_velvet,0.010798316877435633,7.94,734.91
2024-04-22,2024-05-06,3,easy_pastel_tres_leches_sabor_no_especificado,1.4518565583657606e-10,0.0,734.91
2024-04-22,2024-05-06,3,transfer_sin_especificacion,2.5470735436245616e-07,0.0,734.91
2024-04-22,2024-05-06,3,chantilly_dulce,0.002269891619075212,1.67,734.91
2024-04-22,2024-05-06,3,chantilly_asturias,0.002051381481010605,1.51,734.91
2024-04-22,2024-05-06,3,chips_blanco_alpezzi,0.0323592515796557,23.78,734.91
2024-04-22,2024-05-06,3,fondant_nata_coco_blanco,0.07482553815556425,54.99,734.91
2024-04-22,2024-05-06,3,chantilly_dull,8.210267353056436e-11,0.0,734.91
2024-04-22,2024-05-06,3,capacillos,0.045040568203946335,33.1,734.91
2024-04-22,2024-05-06,3,huevo_sin_especificacion,0.0003148352311780769,0.23,734.91
2024-04-22,2024-05-06,3,contenedor_mantecadas_inix_25_pz,0.0038309512537200237,2.81,734.91
2024-04-22,2024-05-06,3,confitier_semiamargo_turin,0.1577442010876249,115.93,734.91
2024-04-22,2024-05-06,3,chips_chocolate_semi,4.912100910762306e-07,0.0,734.91
2024-04-22,2024-05-06,3,tegral_satin_vainilla,0.04119991633966777,30.28,734.91
2024-04-22,2024-05-06,3,transfer_hoja_de_arroz_gruesa,0.0006907847572242123,0.51,734.91
2024-04-22,2024-05-06,3,tegral_satin_chocolate,0.09434788371294522,69.34,734.91
2024-04-22,2024-05-06,3,domo_cupcake_12,0.008317632697994745,6.11,734.91
2024-04-22,2024-05-06,3,mantequilla_gloria_presentacion_no_especificada,0.00494051283729239,3.63,734.91
2024-04-22,2024-05-06,3,ferrero_rocher_t16,6.440599531313273e-06,0.0,734.91
2024-04-22,2024-05-06,3,huevo_san_juan,2.21145987859907e-07,0.0,734.91
2024-04-22,2024-05-06,3,relleno_zarzamora_puratos,7.845804769987005e-08,0.0,734.91
2024-04-22,2024-05-06,3,aceite_sin_especificacion,6.660089336664627e-13,0.0,734.91
2024-04-22,2024-05-06,3,matizador,2.2611537218770973e-06,0.0,734.91
2024-04-22,2024-05-06,3,caja_de_carton_para_cupcake_6_pz,5.930237472632701e-18,0.0,734.91
2024-04-22,2024-05-06,3,carlos_v_stick,3.3811698514279264e-07,0.0,734.91
2024-04-22,2024-05-06,3,kisses_leche,8.586402334943166e-05,0.06,734.91
2024-04-22,2024-05-06,3,empaque_32_x_32_x_30,8.407773229987216e-06,0.01,734.91
2024-04-22,2024-05-06,3,ferrero_sin_especificacion,3.223170053833965e-10,0.0,734.91
2024-04-22,2024-05-06,3,domo_media_plancha_inix,0.038710678446912644,28.45,734.91
2024-04-22,2024-05-06,3,deiman_plumones_magicos,1.4067697714099708e-19,0.0,734.91
2024-04-22,2024-05-06,3,empaque_30_x_30_x_30,7.827926800332924e-06,0.01,734.91
2024-04-22,2024-05-06,3,queso_crema_suelto,7.585588762434708e-11,0.0,734.91
2024-04-22,2024-05-06,3,royal_icing_deiman_50_sin_unidad,6.839623330426194e-11,0.0,734.91
2024-04-22,2024-05-06,3,pegamento_fondant,2.1001245942950445e-06,0.0,734.91
2024-04-22,2024-05-06,3,base_28_cm,2.4737553009689537e-08,0.0,734.91
2024-04-22,2024-05-06,3,bailey_s,1.3976217998351068e-05,0.01,734.91
2024-04-22,2024-05-06,3,domo_1_4_plancha,1.619360385727569e-07,0.0,734.91
2024-04-22,2024-05-06,3,colorantes_9_colores,4.931771945264435e-12,0.0,734.91
2024-04-22,2024-05-06,3,sabrosano,0.0002800309360403794,0.21,734.91
2024-04-22,2024-05-06,3,huevo_blanco_tepa_de_linea,8.626799132490747e-09,0.0,734.91
2024-04-22,2024-05-06,3,mangas,0.00013219750315321386,0.1,734.91
2024-04-22,2024-05-06,3,relleno_durazno_puratos,0.0005620670698533551,0.41,734.91
2024-04-22,2024-05-06,3,kit_kat_9_pz,0.00040848790029424987,0.3,734.91
2024-04-22,2024-05-06,3,oblea_arroz,0.006850733439417,5.03,734.91
2024-04-22,2024-05-06,3,huevo_calvario,0.0007320926383869735,0.54,734.91
2024-04-22,2024-05-06,3,bisagra_12_cupcakes,1.6490993636860865e-06,0.0,734.91
2024-04-22,2024-05-06,3,chocolate_sin_especificacion,1.0529315798438537e-09,0.0,734.91
2024-04-22,2024-05-06,3,caja_cupcake_12,5.0357006147502735e-11,0.0,734.91
2024-04-22,2024-05-06,3,empaque_31_x_31_x_20,5.363579474302189e-06,0.0,734.91
2024-04-22,2024-05-06,3,oreo_273_6,2.6066642774291614e-06,0.0,734.91
2024-04-22,2024-05-06,3,perlas_sin_especificacion,9.144895339654299e-08,0.0,734.91
2024-04-22,2024-05-06,3,chips_chocolate_con_l,1.939571420291609e-10,0.0,734.91
2024-04-22,2024-05-06,3,relleno_fresa_frutifru,3.026363405064171e-07,0.0,734.91
2024-04-22,2024-05-06,3,base_36_cm_doble,1.151020621778205e-09,0.0,734.91
2024-04-22,2024-05-06,3,harina_red_velvet_esp,8.204464137618756e-15,0.0,734.91
2024-04-22,2024-05-06,3,mantequilla_gloria_verde,0.022747527121413164,16.72,734.91
2024-04-22,2024-05-06,3,caja_cupcake_6,3.037699766539203e-08,0.0,734.91
2024-04-22,2024-05-06,3,botellas_jack_daniels,4.34188826198969e-07,0.0,734.91
2024-04-22,2024-05-06,3,royal_icing_sin_especificacion,5.3311666091757385e-05,0.04,734.91
2024-04-22,2024-05-06,3,azucar_glass,1.4457788658233115e-06,0.0,734.91
2024-04-22,2024-05-06,3,kisses_leche_choc_bl_807_gr,1.8730310159461637e-10,0.0,734.91
2024-04-22,2024-05-06,3,dlr_malvavisco_chocolate_32_pz,1.2005090545828526e-07,0.0,734.91
2024-04-22,2024-05-06,3,alpezzi_blanco,6.036175302857477e-07,0.0,734.91
2024-04-22,2024-05-06,3,relleno_queso_creme_p,5.0653191519380435e-08,0.0,734.91
2024-04-22,2024-05-06,3,ac_au800,1.3255952487623748e-10,0.0,734.91
2024-04-22,2024-05-06,3,domo_cupcake_6,1.0854720654994515e-07,0.0,734.91
2024-04-22,2024-05-06,3,caja_cupcake_sin_capacidad,2.3288945262919793e-15,0.0,734.91
2024-04-22,2024-05-06,3,red_velvet,8.30798519794482e-13,0.0,734.91
2024-04-22,2024-05-06,3,cereza_con_rabo_diana,2.1097532155861417e-07,0.0,734.91
2024-04-22,2024-05-06,3,charola_galletera_alta_grande,0.0003347323831440675,0.25,734.91
2024-04-22,2024-05-06,3,mantequilla_gloria_22,1.2551760693801926e-09,0.0,734.91
2024-04-22,2024-05-06,3,domo_cupcake_sin_capacidad,1.0583470962938823e-19,0.0,734.91
2024-04-22,2024-05-06,3,relleno_zarzamora_fruitfil_puratos,0.019578309269281263,14.39,734.91
2024-04-22,2024-05-06,3,chips_rojo_alpezzi,0.006423967323073234,4.72,734.91
2024-04-22,2024-05-06,3,capacillo_floreado_alegria,9.568536707485433e-06,0.01,734.91
2024-04-22,2024-05-06,3,inix_contenedor_mantecadas,6.713080190841619e-20,0.0,734.91
2024-04-22,2024-05-06,3,otros,0.25073229964216104,184.27,734.91
2024-04-22,2024-05-13,4,fondant_sin_especificacion,3.1722880658140655e-06,0.0,737.23
2024-04-22,2024-05-13,4,nutella,0.022020730341648784,16.23,737.23
2024-04-22,2024-05-13,4,tegral_satin_creme_cake_sabor_no_especificado,0.01803434840523347,13.3,737.23
2024-04-22,2024-05-13,4,chantilly_sin_especificacion,2.2507440820911598e-12,0.0,737.23
2024-04-22,2024-05-13,4,crema_batir_ambiente_1_l,0.13214147775717383,97.42,737.23
2024-04-22,2024-05-13,4,queso_philadelphia,0.0013711223964240312,1.01,737.23
2024-04-22,2024-05-13,4,tegral_satin_red_velvet,0.010798316877435633,7.96,737.23
2024-04-22,2024-05-13,4,easy_pastel_tres_leches_sabor_no_especificado,1.4518565583657606e-10,0.0,737.23
2024-04-22,2024-05-13,4,transfer_sin_especificacion,2.5470735436245616e-07,0.0,737.23
2024-04-22,2024-05-13,4,chantilly_dulce,0.002269891619075212,1.67,737.23
2024-04-22,2024-05-13,4,chantilly_asturias,0.002051381481010605,1.51,737.23
2024-04-22,2024-05-13,4,chips_blanco_alpezzi,0.0323592515796557,23.86,737.23
2024-04-22,2024-05-13,4,fondant_nata_coco_blanco,0.07482553815556425,55.16,737.23
2024-04-22,2024-05-13,4,chantilly_dull,8.210267353056436e-11,0.0,737.23
2024-04-22,2024-05-13,4,capacillos,0.045040568203946335,33.21,737.23
2024-04-22,2024-05-13,4,huevo_sin_especificacion,0.0003148352311780769,0.23,737.23
2024-04-22,2024-05-13,4,contenedor_mantecadas_inix_25_pz,0.0038309512537200237,2.82,737.23
2024-04-22,2024-05-13,4,confitier_semiamargo_turin,0.1577442010876249,116.29,737.23
2024-04-22,2024-05-13,4,chips_chocolate_semi,4.912100910762306e-07,0.0,737.23
2024-04-22,2024-05-13,4,tegral_satin_vainilla,0.04119991633966777,30.37,737.23
2024-04-22,2024-05-13,4,transfer_hoja_de_arroz_gruesa,0.0006907847572242123,0.51,737.23
2024-04-22,2024-05-13,4,tegral_satin_chocolate,0.09434788371294522,69.56,737.23
2024-04-22,2024-05-13,4,domo_cupcake_12,0.008317632697994745,6.13,737.23
2024-04-22,2024-05-13,4,mantequilla_gloria_presentacion_no_especificada,0.00494051283729239,3.64,737.23
2024-04-22,2024-05-13,4,ferrero_rocher_t16,6.440599531313273e-06,0.01,737.23
2024-04-22,2024-05-13,4,huevo_san_juan,2.21145987859907e-07,0.0,737.23
2024-04-22,2024-05-13,4,relleno_zarzamora_puratos,7.845804769987005e-08,0.0,737.23
2024-04-22,2024-05-13,4,aceite_sin_especificacion,6.660089336664627e-13,0.0,737.23
2024-04-22,2024-05-13,4,matizador,2.2611537218770973e-06,0.0,737.23
2024-04-22,2024-05-13,4,caja_de_carton_para_cupcake_6_pz,5.930237472632701e-18,0.0,737.23
2024-04-22,2024-05-13,4,carlos_v_stick,3.3811698514279264e-07,0.0,737.23
2024-04-22,2024-05-13,4,kisses_leche,8.586402334943166e-05,0.06,737.23
2024-04-22,2024-05-13,4,empaque_32_x_32_x_30,8.407773229987216e-06,0.01,737.23
2024-04-22,2024-05-13,4,ferrero_sin_especificacion,3.223170053833965e-10,0.0,737.23
2024-04-22,2024-05-13,4,domo_media_plancha_inix,0.038710678446912644,28.54,737.23
2024-04-22,2024-05-13,4,deiman_plumones_magicos,1.4067697714099708e-19,0.0,737.23
2024-04-22,2024-05-13,4,empaque_30_x_30_x_30,7.827926800332924e-06,0.01,737.23
2024-04-22,2024-05-13,4,queso_crema_suelto,7.585588762434708e-11,0.0,737.23
2024-04-22,2024-05-13,4,royal_icing_deiman_50_sin_unidad,6.839623330426194e-11,0.0,737.23
2024-04-22,2024-05-13,4,pegamento_fondant,2.1001245942950445e-06,0.0,737.23
2024-04-22,2024-05-13,4,base_28_cm,2.4737553009689537e-08,0.0,737.23
2024-04-22,2024-05-13,4,bailey_s,1.3976217998351068e-05,0.01,737.23
2024-04-22,2024-05-13,4,domo_1_4_plancha,1.619360385727569e-07,0.0,737.23
2024-04-22,2024-05-13,4,colorantes_9_colores,4.931771945264435e-12,0.0,737.23
2024-04-22,2024-05-13,4,sabrosano,0.0002800309360403794,0.21,737.23
2024-04-22,2024-05-13,4,huevo_blanco_tepa_de_linea,8.626799132490747e-09,0.0,737.23
2024-04-22,2024-05-13,4,mangas,0.00013219750315321386,0.1,737.23
2024-04-22,2024-05-13,4,relleno_durazno_puratos,0.0005620670698533551,0.42,737.23
2024-04-22,2024-05-13,4,kit_kat_9_pz,0.00040848790029424987,0.3,737.23
2024-04-22,2024-05-13,4,oblea_arroz,0.006850733439417,5.05,737.23
2024-04-22,2024-05-13,4,huevo_calvario,0.0007320926383869735,0.54,737.23
2024-04-22,2024-05-13,4,bisagra_12_cupcakes,1.6490993636860865e-06,0.0,737.23
2024-04-22,2024-05-13,4,chocolate_sin_especificacion,1.0529315798438537e-09,0.0,737.23
2024-04-22,2024-05-13,4,caja_cupcake_12,5.0357006147502735e-11,0.0,737.23
2024-04-22,2024-05-13,4,empaque_31_x_31_x_20,5.363579474302189e-06,0.0,737.23
2024-04-22,2024-05-13,4,oreo_273_6,2.6066642774291614e-06,0.0,737.23
2024-04-22,2024-05-13,4,perlas_sin_especificacion,9.144895339654299e-08,0.0,737.23
2024-04-22,2024-05-13,4,chips_chocolate_con_l,1.939571420291609e-10,0.0,737.23
2024-04-22,2024-05-13,4,relleno_fresa_frutifru,3.026363405064171e-07,0.0,737.23
2024-04-22,2024-05-13,4,base_36_cm_doble,1.151020621778205e-09,0.0,737.23
2024-04-22,2024-05-13,4,harina_red_velvet_esp,8.204464137618756e-15,0.0,737.23
2024-04-22,2024-05-13,4,mantequilla_gloria_verde,0.022747527121413164,16.77,737.23
2024-04-22,2024-05-13,4,caja_cupcake_6,3.037699766539203e-08,0.0,737.23
2024-04-22,2024-05-13,4,botellas_jack_daniels,4.34188826198969e-07,0.0,737.23
2024-04-22,2024-05-13,4,royal_icing_sin_especificacion,5.3311666091757385e-05,0.04,737.23
2024-04-22,2024-05-13,4,azucar_glass,1.4457788658233115e-06,0.0,737.23
2024-04-22,2024-05-13,4,kisses_leche_choc_bl_807_gr,1.8730310159461637e-10,0.0,737.23
2024-04-22,2024-05-13,4,dlr_malvavisco_chocolate_32_pz,1.2005090545828526e-07,0.0,737.23
2024-04-22,2024-05-13,4,alpezzi_blanco,6.036175302857477e-07,0.0,737.23
2024-04-22,2024-05-13,4,relleno_queso_creme_p,5.0653191519380435e-08,0.0,737.23
2024-04-22,2024-05-13,4,ac_au800,1.3255952487623748e-10,0.0,737.23
2024-04-22,2024-05-13,4,domo_cupcake_6,1.0854720654994515e-07,0.0,737.23
2024-04-22,2024-05-13,4,caja_cupcake_sin_capacidad,2.3288945262919793e-15,0.0,737.23
2024-04-22,2024-05-13,4,red_velvet,8.30798519794482e-13,0.0,737.23
2024-04-22,2024-05-13,4,cereza_con_rabo_diana,2.1097532155861417e-07,0.0,737.23
2024-04-22,2024-05-13,4,charola_galletera_alta_grande,0.0003347323831440675,0.25,737.23
2024-04-22,2024-05-13,4,mantequilla_gloria_22,1.2551760693801926e-09,0.0,737.23
2024-04-22,2024-05-13,4,domo_cupcake_sin_capacidad,1.0583470962938823e-19,0.0,737.23
2024-04-22,2024-05-13,4,relleno_zarzamora_fruitfil_puratos,0.019578309269281263,14.43,737.23
2024-04-22,2024-05-13,4,chips_rojo_alpezzi,0.006423967323073234,4.74,737.23
2024-04-22,2024-05-13,4,capacillo_floreado_alegria,9.568536707485433e-06,0.01,737.23
2024-04-22,2024-05-13,4,inix_contenedor_mantecadas,6.713080190841619e-20,0.0,737.23
2024-04-22,2024-05-13,4,otros,0.25073229964216104,184.85,737.23
2024-04-29,2024-04-29,1,fondant_sin_especificacion,1.854698647481776e-06,0.0,890.97
2024-04-29,2024-04-29,1,nutella,0.012874561809611756,11.47,890.97
2024-04-29,2024-04-29,1,tegral_satin_creme_cake_sabor_no_especificado,0.010543897937849543,9.39,890.97
2024-04-29,2024-04-29,1,chantilly_sin_especificacion,1.3159120225769428e-12,0.0,890.97
2024-04-29,2024-04-29,1,crema_batir_ambiente_1_l,0.2897587222088062,258.17,890.97
2024-04-29,2024-04-29,1,queso_philadelphia,0.0008016355392135668,0.71,890.97
2024-04-29,2024-04-29,1,tegral_satin_red_velvet,0.006313305504467185,5.63,890.97
2024-04-29,2024-04-29,1,easy_pastel_tres_leches_sabor_no_especificado,8.488372869276336e-11,0.0,890.97
2024-04-29,2024-04-29,1,transfer_sin_especificacion,1.4891629506492536e-07,0.0,890.97
2024-04-29,2024-04-29,1,chantilly_dulce,0.0013271067533864275,1.18,890.97
2024-04-29,2024-04-29,1,chantilly_asturias,0.0011993533939431756,1.07,890.97
2024-04-29,2024-04-29,1,chips_blanco_alpezzi,0.2217612485119684,197.58,890.97
2024-04-29,2024-04-29,1,fondant_nata_coco_blanco,0.043747232765448084,38.98,890.97
2024-04-29,2024-04-29,1,chantilly_dull,4.8001856827809503e-11,0.0,890.97
2024-04-29,2024-04-29,1,capacillos,0.026333258265507777,23.46,890.97
2024-04-29,2024-04-29,1,huevo_sin_especificacion,0.00018407044547379272,0.16,890.97
2024-04-29,2024-04-29,1,contenedor_mantecadas_inix_25_pz,0.00223979032213766,2.0,890.97
2024-04-29,2024-04-29,1,confitier_semiamargo_turin,0.09222616305188318,82.17,890.97
2024-04-29,2024-04-29,1,chips_chocolate_semi,2.871891431822708e-07,0.0,890.97
2024-04-29,2024-04-29,1,tegral_satin_vainilla,0.024087796418934316,21.46,890.97
2024-04-29,2024-04-29,1,transfer_hoja_de_arroz_gruesa,0.0004038717570234264,0.36,890.97
2024-04-29,2024-04-29,1,tegral_satin_chocolate,0.055161097821128234,49.15,890.97
2024-04-29,2024-04-29,1,domo_cupcake_12,0.004862957523141039,4.33,890.97
2024-04-29,2024-04-29,1,mantequilla_gloria_presentacion_no_especificada,0.0028885026476437336,2.57,890.97
2024-04-29,2024-04-29,1,ferrero_rocher_t16,3.7655379939882895e-06,0.0,890.97
2024-04-29,2024-04-29,1,huevo_san_juan,1.2929442600116978e-07,0.0,890.97
2024-04-29,2024-04-29,1,relleno_zarzamora_puratos,4.587100286419531e-08,0.0,890.97
2024-04-29,2024-04-29,1,aceite_sin_especificacion,3.893864122219877e-13,0.0,890.97
2024-04-29,2024-04-29,1,matizador,1.3219980855167519e-06,0.0,890.97
2024-04-29,2024-04-29,1,caja_de_carton_para_cupcake_6_pz,3.4671515296058474e-18,0.0,890.97
2024-04-29,2024-04-29,1,carlos_v_stick,1.9768227286572947e-07,0.0,890.97
2024-04-29,2024-04-29,1,kisses_leche,5.020095422282138e-05,0.05,890.97
2024-04-29,2024-04-29,1,empaque_32_x_32_x_30,4.915658765683091e-06,0.01,890.97
2024-04-29,2024-04-29,1,ferrero_sin_especificacion,1.884447129461918e-10,0.0,890.97
2024-04-29,2024-04-29,1,domo_media_plancha_inix,0.02263244745403236,20.17,890.97
2024-04-29,2024-04-29,1,deiman_plumones_magicos,8.224770065712078e-20,0.0,890.97
2024-04-29,2024-04-29,1,empaque_30_x_30_x_30,4.576647816325635e-06,0.0,890.97
2024-04-29,2024-04-29,1,queso_crema_suelto,4.434963321790972e-11,0.0,890.97
2024-04-29,2024-04-29,1,royal_icing_deiman_50_sin_unidad,3.9988298278866904e-11,0.0,890.97
2024-04-29,2024-04-29,1,pegamento_fondant,1.2278513690346972e-06,0.0,890.97
2024-04-29,2024-04-29,1,base_28_cm,1.4462969679049656e-08,0.0,890.97
2024-04-29,2024-04-29,1,bailey_s,8.171285860762526e-06,0.01,890.97
2024-04-29,2024-04-29,1,domo_1_4_plancha,9.467694783335375e-08,0.0,890.97
2024-04-29,2024-04-29,1,colorantes_9_colores,2.8833922288275044e-12,0.0,890.97
2024-04-29,2024-04-29,1,sabrosano,0.00016372189017893206,0.15,890.97
2024-04-29,2024-04-29,1,huevo_blanco_tepa_de_linea,5.043713670127126e-09,0.0,890.97
2024-04-29,2024-04-29,1,mangas,7.72901215816333e-05,0.07,890.97
2024-04-29,2024-04-29,1,relleno_durazno_puratos,0.0003286161321492559,0.29,890.97
2024-04-29,2024-04-29,1,kit_kat_9_pz,0.0002388250816036772,0.21,890.97
2024-04-29,2024-04-29,1,oblea_arroz,0.004005325424658206,3.57,890.97
2024-04-29,2024-04-29,1,huevo_calvario,0.0004280226757714847,0.38,890.97
2024-04-29,2024-04-29,1,bisagra_12_cupcakes,9.641565633185188e-07,0.0,890.97
2024-04-29,2024-04-29,1,chocolate_sin_especificacion,6.156032291241821e-10,0.0,890.97
2024-04-29,2024-04-29,1,caja_cupcake_12,2.944154794751826e-11,0.0,890.97
2024-04-29,2024-04-29,1,empaque_31_x_31_x_20,3.135851281556454e-06,0.0,890.97
2024-04-29,2024-04-29,1,oreo_273_6,1.5240030569374813e-06,0.0,890.97
2024-04-29,2024-04-29,1,perlas_sin_especificacion,5.3466219542287127e-08,0.0,890.97
2024-04-29,2024-04-29,1,chips_chocolate_con_l,1.133982921877562e-10,0.0,890.97
2024-04-29,2024-04-29,1,relleno_fresa_frutifru,1.7693828548071864e-07,0.0,890.97
2024-04-29,2024-04-29,1,base_36_cm_doble,6.729516191928308e-10,0.0,890.97
2024-04-29,2024-04-29,1,harina_red_velvet_esp,4.796792795502112e-15,0.0,890.97
2024-04-29,2024-04-29,1,mantequilla_gloria_verde,0.013299488227533757,11.85,890.97
2024-04-29,2024-04-29,1,caja_cupcake_6,1.7760107315506904e-08,0.0,890.97
2024-04-29,2024-04-29,1,botellas_jack_daniels,2.5385129345000896e-07,0.0,890.97
2024-04-29,2024-04-29,1,royal_icing_sin_especificacion,3.116900891218681e-05,0.03,890.97
2024-04-29,2024-04-29,1,azucar_glass,8.452839248418364e-07,0.0,890.97
2024-04-29,2024-04-29,1,kisses_leche_choc_bl_807_gr,1.0950796459511626e-10,0.0,890.97
2024-04-29,2024-04-29,1,dlr_malvavisco_chocolate_32_pz,7.018853501417633e-08,0.0,890.97
2024-04-29,2024-04-29,1,alpezzi_blanco,3.529088764295354e-07,0.0,890.97
2024-04-29,2024-04-29,1,relleno_queso_creme_p,2.961471463264542e-08,0.0,890.97
2024-04-29,2024-04-29,1,ac_au800,7.75017799134496e-11,0.0,890.97
2024-04-29,2024-04-29,1,domo_cupcake_6,6.346282336262085e-08,0.0,890.97
2024-04-29,2024-04-29,1,caja_cupcake_sin_capacidad,1.3616031830744257e-15,0.0,890.97
2024-04-29,2024-04-29,1,red_velvet,4.857317050106134e-13,0.0,890.97
2024-04-29,2024-04-29,1,cereza_con_rabo_diana,1.233480804481673e-07,0.0,890.97
2024-04-29,2024-04-29,1,charola_galletera_alta_grande,0.00019570344351005144,0.17,890.97
2024-04-29,2024-04-29,1,mantequilla_gloria_22,7.338467724032291e-10,0.0,890.97
2024-04-29,2024-04-29,1,domo_cupcake_sin_capacidad,6.187694456930756e-20,0.0,890.97
2024-04-29,2024-04-29,1,relleno_zarzamora_fruitfil_puratos,0.011446584600253697,10.2,890.97
2024-04-29,2024-04-29,1,chips_rojo_alpezzi,0.0037558138663279215,3.35,890.97
2024-04-29,2024-04-29,1,capacillo_floreado_alegria,5.594306608217442e-06,0.01,890.97
2024-04-29,2024-04-29,1,inix_contenedor_mantecadas,3.924845566380041e-20,0.0,890.97
2024-04-29,2024-04-29,1,otros,0.14659225372301607,130.61,890.97
2024-04-29,2024-05-06,2,fondant_sin_especificacion,1.854698647481776e-06,0.0,738.74
2024-04-29,2024-05-06,2,nutella,0.012874561809611756,9.51,738.74
2024-04-29,2024-05-06,2,tegral_satin_creme_cake_sabor_no_especificado,0.010543897937849543,7.79,738.74
2024-04-29,2024-05-06,2,chantilly_sin_especificacion,1.3159120225769428e-12,0.0,738.74
2024-04-29,2024-05-06,2,crema_batir_ambiente_1_l,0.2897587222088062,214.06,738.74
2024-04-29,2024-05-06,2,queso_philadelphia,0.0008016355392135668,0.59,738.74
2024-04-29,2024-05-06,2,tegral_satin_red_velvet,0.006313305504467185,4.66,738.74
2024-04-29,2024-05-06,2,easy_pastel_tres_leches_sabor_no_especificado,8.488372869276336e-11,0.0,738.74
2024-04-29,2024-05-06,2,transfer_sin_especificacion,1.4891629506492536e-07,0.0,738.74
2024-04-29,2024-05-06,2,chantilly_dulce,0.0013271067533864275,0.98,738.74
2024-04-29,2024-05-06,2,chantilly_asturias,0.0011993533939431756,0.89,738.74
2024-04-29,2024-05-06,2,chips_blanco_alpezzi,0.2217612485119684,163.82,738.74
2024-04-29,2024-05-06,2,fondant_nata_coco_blanco,0.043747232765448084,32.32,738.74
2024-04-29,2024-05-06,2,chantilly_dull,4.8001856827809503e-11,0.0,738.74
2024-04-29,2024-05-06,2,capacillos,0.026333258265507777,19.45,738.74
2024-04-29,2024-05-06,2,huevo_sin_especificacion,0.00018407044547379272,0.14,738.74
2024-04-29,2024-05-06,2,contenedor_mantecadas_inix_25_pz,0.00223979032213766,1.66,738.74
2024-04-29,2024-05-06,2,confitier_semiamargo_turin,0.09222616305188318,68.13,738.74
2024-04-29,2024-05-06,2,chips_chocolate_semi,2.871891431822708e-07,0.0,738.74
2024-04-29,2024-05-06,2,tegral_satin_vainilla,0.024087796418934316,17.8,738.74
2024-04-29,2024-05-06,2,transfer_hoja_de_arroz_gruesa,0.0004038717570234264,0.3,738.74
2024-04-29,2024-05-06,2,tegral_satin_chocolate,0.055161097821128234,40.75,738.74
2024-04-29,2024-05-06,2,domo_cupcake_12,0.004862957523141039,3.59,738.74
2024-04-29,2024-05-06,2,mantequilla_gloria_presentacion_no_especificada,0.0028885026476437336,2.13,738.74
2024-04-29,2024-05-06,2,ferrero_rocher_t16,3.7655379939882895e-06,0.0,738.74
2024-04-29,2024-05-06,2,huevo_san_juan,1.2929442600116978e-07,0.0,738.74
2024-04-29,2024-05-06,2,relleno_zarzamora_puratos,4.587100286419531e-08,0.0,738.74
2024-04-29,2024-05-06,2,aceite_sin_especificacion,3.893864122219877e-13,0.0,738.74
2024-04-29,2024-05-06,2,matizador,1.3219980855167519e-06,0.0,738.74
2024-04-29,2024-05-06,2,caja_de_carton_para_cupcake_6_pz,3.4671515296058474e-18,0.0,738.74
2024-04-29,2024-05-06,2,carlos_v_stick,1.9768227286572947e-07,0.0,738.74
2024-04-29,2024-05-06,2,kisses_leche,5.020095422282138e-05,0.04,738.74
2024-04-29,2024-05-06,2,empaque_32_x_32_x_30,4.915658765683091e-06,0.0,738.74
2024-04-29,2024-05-06,2,ferrero_sin_especificacion,1.884447129461918e-10,0.0,738.74
2024-04-29,2024-05-06,2,domo_media_plancha_inix,0.02263244745403236,16.72,738.74
2024-04-29,2024-05-06,2,deiman_plumones_magicos,8.224770065712078e-20,0.0,738.74
2024-04-29,2024-05-06,2,empaque_30_x_30_x_30,4.576647816325635e-06,0.0,738.74
2024-04-29,2024-05-06,2,queso_crema_suelto,4.434963321790972e-11,0.0,738.74
2024-04-29,2024-05-06,2,royal_icing_deiman_50_sin_unidad,3.9988298278866904e-11,0.0,738.74
2024-04-29,2024-05-06,2,pegamento_fondant,1.2278513690346972e-06,0.0,738.74
2024-04-29,2024-05-06,2,base_28_cm,1.4462969679049656e-08,0.0,738.74
2024-04-29,2024-05-06,2,bailey_s,8.171285860762526e-06,0.01,738.74
2024-04-29,2024-05-06,2,domo_1_4_plancha,9.467694783335375e-08,0.0,738.74
2024-04-29,2024-05-06,2,colorantes_9_colores,2.8833922288275044e-12,0.0,738.74
2024-04-29,2024-05-06,2,sabrosano,0.00016372189017893206,0.12,738.74
2024-04-29,2024-05-06,2,huevo_blanco_tepa_de_linea,5.043713670127126e-09,0.0,738.74
2024-04-29,2024-05-06,2,mangas,7.72901215816333e-05,0.06,738.74
2024-04-29,2024-05-06,2,relleno_durazno_puratos,0.0003286161321492559,0.24,738.74
2024-04-29,2024-05-06,2,kit_kat_9_pz,0.0002388250816036772,0.18,738.74
2024-04-29,2024-05-06,2,oblea_arroz,0.004005325424658206,2.96,738.74
2024-04-29,2024-05-06,2,huevo_calvario,0.0004280226757714847,0.32,738.74
2024-04-29,2024-05-06,2,bisagra_12_cupcakes,9.641565633185188e-07,0.0,738.74
2024-04-29,2024-05-06,2,chocolate_sin_especificacion,6.156032291241821e-10,0.0,738.74
2024-04-29,2024-05-06,2,caja_cupcake_12,2.944154794751826e-11,0.0,738.74
2024-04-29,2024-05-06,2,empaque_31_x_31_x_20,3.135851281556454e-06,0.0,738.74
2024-04-29,2024-05-06,2,oreo_273_6,1.5240030569374813e-06,0.0,738.74
2024-04-29,2024-05-06,2,perlas_sin_especificacion,5.3466219542287127e-08,0.0,738.74
2024-04-29,2024-05-06,2,chips_chocolate_con_l,1.133982921877562e-10,0.0,738.74
2024-04-29,2024-05-06,2,relleno_fresa_frutifru,1.7693828548071864e-07,0.0,738.74
2024-04-29,2024-05-06,2,base_36_cm_doble,6.729516191928308e-10,0.0,738.74
2024-04-29,2024-05-06,2,harina_red_velvet_esp,4.796792795502112e-15,0.0,738.74
2024-04-29,2024-05-06,2,mantequilla_gloria_verde,0.013299488227533757,9.83,738.74
2024-04-29,2024-05-06,2,caja_cupcake_6,1.7760107315506904e-08,0.0,738.74
2024-04-29,2024-05-06,2,botellas_jack_daniels,2.5385129345000896e-07,0.0,738.74
2024-04-29,2024-05-06,2,royal_icing_sin_especificacion,3.116900891218681e-05,0.02,738.74
2024-04-29,2024-05-06,2,azucar_glass,8.452839248418364e-07,0.0,738.74
2024-04-29,2024-05-06,2,kisses_leche_choc_bl_807_gr,1.0950796459511626e-10,0.0,738.74
2024-04-29,2024-05-06,2,dlr_malvavisco_chocolate_32_pz,7.018853501417633e-08,0.0,738.74
2024-04-29,2024-05-06,2,alpezzi_blanco,3.529088764295354e-07,0.0,738.74
2024-04-29,2024-05-06,2,relleno_queso_creme_p,2.961471463264542e-08,0.0,738.74
2024-04-29,2024-05-06,2,ac_au800,7.75017799134496e-11,0.0,738.74
2024-04-29,2024-05-06,2,domo_cupcake_6,6.346282336262085e-08,0.0,738.74
2024-04-29,2024-05-06,2,caja_cupcake_sin_capacidad,1.3616031830744257e-15,0.0,738.74
2024-04-29,2024-05-06,2,red_velvet,4.857317050106134e-13,0.0,738.74
2024-04-29,2024-05-06,2,cereza_con_rabo_diana,1.233480804481673e-07,0.0,738.74
2024-04-29,2024-05-06,2,charola_galletera_alta_grande,0.00019570344351005144,0.15,738.74
2024-04-29,2024-05-06,2,mantequilla_gloria_22,7.338467724032291e-10,0.0,738.74
2024-04-29,2024-05-06,2,domo_cupcake_sin_capacidad,6.187694456930756e-20,0.0,738.74
2024-04-29,2024-05-06,2,relleno_zarzamora_fruitfil_puratos,0.011446584600253697,8.46,738.74
2024-04-29,2024-05-06,2,chips_rojo_alpezzi,0.0037558138663279215,2.77,738.74
2024-04-29,2024-05-06,2,capacillo_floreado_alegria,5.594306608217442e-06,0.0,738.74
2024-04-29,2024-05-06,2,inix_contenedor_mantecadas,3.924845566380041e-20,0.0,738.74
2024-04-29,2024-05-06,2,otros,0.14659225372301607,108.29,738.74
2024-04-29,2024-05-13,3,fondant_sin_especificacion,1.854698647481776e-06,0.0,672.65
2024-04-29,2024-05-13,3,nutella,0.012874561809611756,8.66,672.65
2024-04-29,2024-05-13,3,tegral_satin_creme_cake_sabor_no_especificado,0.010543897937849543,7.09,672.65
2024-04-29,2024-05-13,3,chantilly_sin_especificacion,1.3159120225769428e-12,0.0,672.65
2024-04-29,2024-05-13,3,crema_batir_ambiente_1_l,0.2897587222088062,194.91,672.65
2024-04-29,2024-05-13,3,queso_philadelphia,0.0008016355392135668,0.54,672.65
2024-04-29,2024-05-13,3,tegral_satin_red_velvet,0.006313305504467185,4.25,672.65
2024-04-29,2024-05-13,3,easy_pastel_tres_leches_sabor_no_especificado,8.488372869276336e-11,0.0,672.65
2024-04-29,2024-05-13,3,transfer_sin_especificacion,1.4891629506492536e-07,0.0,672.65
2024-04-29,2024-05-13,3,chantilly_dulce,0.0013271067533864275,0.89,672.65
2024-04-29,2024-05-13,3,chantilly_asturias,0.0011993533939431756,0.81,672.65
2024-04-29,2024-05-13,3,chips_blanco_alpezzi,0.2217612485119684,149.17,672.65
2024-04-29,2024-05-13,3,fondant_nata_coco_blanco,0.043747232765448084,29.43,672.65
2024-04-29,2024-05-13,3,chantilly_dull,4.8001856827809503e-11,0.0,672.65
2024-04-29,2024-05-13,3,capacillos,0.026333258265507777,17.71,672.65
2024-04-29,2024-05-13,3,huevo_sin_especificacion,0.00018407044547379272,0.12,672.65
2024-04-29,2024-05-13,3,contenedor_mantecadas_inix_25_pz,0.00223979032213766,1.51,672.65
2024-04-29,2024-05-13,3,confitier_semiamargo_turin,0.09222616305188318,62.04,672.65
2024-04-29,2024-05-13,3,chips_chocolate_semi,2.871891431822708e-07,0.0,672.65
2024-04-29,2024-05-13,3,tegral_satin_vainilla,0.024087796418934316,16.2,672.65
2024-04-29,2024-05-13,3,transfer_hoja_de_arroz_gruesa,0.0004038717570234264,0.27,672.65
2024-04-29,2024-05-13,3,tegral_satin_chocolate,0.055161097821128234,37.11,672.65
2024-04-29,2024-05-13,3,domo_cupcake_12,0.004862957523141039,3.27,672.65
2024-04-29,2024-05-13,3,mantequilla_gloria_presentacion_no_especificada,0.0028885026476437336,1.94,672.65
2024-04-29,2024-05-13,3,ferrero_rocher_t16,3.7655379939882895e-06,0.0,672.65
2024-04-29,2024-05-13,3,huevo_san_juan,1.2929442600116978e-07,0.0,672.65
2024-04-29,2024-05-13,3,relleno_zarzamora_puratos,4.587100286419531e-08,0.0,672.65
2024-04-29,2024-05-13,3,aceite_sin_especificacion,3.893864122219877e-13,0.0,672.65
2024-04-29,2024-05-13,3,matizador,1.3219980855167519e-06,0.0,672.65
2024-04-29,2024-05-13,3,caja_de_carton_para_cupcake_6_pz,3.4671515296058474e-18,0.0,672.65
2024-04-29,2024-05-13,3,carlos_v_stick,1.9768227286572947e-07,0.0,672.65
2024-04-29,2024-05-13,3,kisses_leche,5.020095422282138e-05,0.03,672.65
2024-04-29,2024-05-13,3,empaque_32_x_32_x_30,4.915658765683091e-06,0.0,672.65
2024-04-29,2024-05-13,3,ferrero_sin_especificacion,1.884447129461918e-10,0.0,672.65
2024-04-29,2024-05-13,3,domo_media_plancha_inix,0.02263244745403236,15.22,672.65
2024-04-29,2024-05-13,3,deiman_plumones_magicos,8.224770065712078e-20,0.0,672.65
2024-04-29,2024-05-13,3,empaque_30_x_30_x_30,4.576647816325635e-06,0.0,672.65
2024-04-29,2024-05-13,3,queso_crema_suelto,4.434963321790972e-11,0.0,672.65
2024-04-29,2024-05-13,3,royal_icing_deiman_50_sin_unidad,3.9988298278866904e-11,0.0,672.65
2024-04-29,2024-05-13,3,pegamento_fondant,1.2278513690346972e-06,0.0,672.65
2024-04-29,2024-05-13,3,base_28_cm,1.4462969679049656e-08,0.0,672.65
2024-04-29,2024-05-13,3,bailey_s,8.171285860762526e-06,0.01,672.65
2024-04-29,2024-05-13,3,domo_1_4_plancha,9.467694783335375e-08,0.0,672.65
2024-04-29,2024-05-13,3,colorantes_9_colores,2.8833922288275044e-12,0.0,672.65
2024-04-29,2024-05-13,3,sabrosano,0.00016372189017893206,0.11,672.65
2024-04-29,2024-05-13,3,huevo_blanco_tepa_de_linea,5.043713670127126e-09,0.0,672.65
2024-04-29,2024-05-13,3,mangas,7.72901215816333e-05,0.05,672.65
2024-04-29,2024-05-13,3,relleno_durazno_puratos,0.0003286161321492559,0.22,672.65
2024-04-29,2024-05-13,3,kit_kat_9_pz,0.0002388250816036772,0.16,672.65
2024-04-29,2024-05-13,3,oblea_arroz,0.004005325424658206,2.7,672.65
2024-04-29,2024-05-13,3,huevo_calvario,0.0004280226757714847,0.29,672.65
2024-04-29,2024-05-13,3,bisagra_12_cupcakes,9.641565633185188e-07,0.0,672.65
2024-04-29,2024-05-13,3,chocolate_sin_especificacion,6.156032291241821e-10,0.0,672.65
2024-04-29,2024-05-13,3,caja_cupcake_12,2.944154794751826e-11,0.0,672.65
2024-04-29,2024-05-13,3,empaque_31_x_31_x_20,3.135851281556454e-06,0.0,672.65
2024-04-29,2024-05-13,3,oreo_273_6,1.5240030569374813e-06,0.0,672.65
2024-04-29,2024-05-13,3,perlas_sin_especificacion,5.3466219542287127e-08,0.0,672.65
2024-04-29,2024-05-13,3,chips_chocolate_con_l,1.133982921877562e-10,0.0,672.65
2024-04-29,2024-05-13,3,relleno_fresa_frutifru,1.7693828548071864e-07,0.0,672.65
2024-04-29,2024-05-13,3,base_36_cm_doble,6.729516191928308e-10,0.0,672.65
2024-04-29,2024-05-13,3,harina_red_velvet_esp,4.796792795502112e-15,0.0,672.65
2024-04-29,2024-05-13,3,mantequilla_gloria_verde,0.013299488227533757,8.95,672.65
2024-04-29,2024-05-13,3,caja_cupcake_6,1.7760107315506904e-08,0.0,672.65
2024-04-29,2024-05-13,3,botellas_jack_daniels,2.5385129345000896e-07,0.0,672.65
2024-04-29,2024-05-13,3,royal_icing_sin_especificacion,3.116900891218681e-05,0.02,672.65
2024-04-29,2024-05-13,3,azucar_glass,8.452839248418364e-07,0.0,672.65
2024-04-29,2024-05-13,3,kisses_leche_choc_bl_807_gr,1.0950796459511626e-10,0.0,672.65
2024-04-29,2024-05-13,3,dlr_malvavisco_chocolate_32_pz,7.018853501417633e-08,0.0,672.65
2024-04-29,2024-05-13,3,alpezzi_blanco,3.529088764295354e-07,0.0,672.65
2024-04-29,2024-05-13,3,relleno_queso_creme_p,2.961471463264542e-08,0.0,672.65
2024-04-29,2024-05-13,3,ac_au800,7.75017799134496e-11,0.0,672.65
2024-04-29,2024-05-13,3,domo_cupcake_6,6.346282336262085e-08,0.0,672.65
2024-04-29,2024-05-13,3,caja_cupcake_sin_capacidad,1.3616031830744257e-15,0.0,672.65
2024-04-29,2024-05-13,3,red_velvet,4.857317050106134e-13,0.0,672.65
2024-04-29,2024-05-13,3,cereza_con_rabo_diana,1.233480804481673e-07,0.0,672.65
2024-04-29,2024-05-13,3,charola_galletera_alta_grande,0.00019570344351005144,0.13,672.65
2024-04-29,2024-05-13,3,mantequilla_gloria_22,7.338467724032291e-10,0.0,672.65
2024-04-29,2024-05-13,3,domo_cupcake_sin_capacidad,6.187694456930756e-20,0.0,672.65
2024-04-29,2024-05-13,3,relleno_zarzamora_fruitfil_puratos,0.011446584600253697,7.7,672.65
2024-04-29,2024-05-13,3,chips_rojo_alpezzi,0.0037558138663279215,2.53,672.65
2024-04-29,2024-05-13,3,capacillo_floreado_alegria,5.594306608217442e-06,0.0,672.65
2024-04-29,2024-05-13,3,inix_contenedor_mantecadas,3.924845566380041e-20,0.0,672.65
2024-04-29,2024-05-13,3,otros,0.14659225372301607,98.61,672.65
2024-04-29,2024-05-20,4,fondant_sin_especificacion,1.854698647481776e-06,0.0,594.74
2024-04-29,2024-05-20,4,nutella,0.012874561809611756,7.66,594.74
2024-04-29,2024-05-20,4,tegral_satin_creme_cake_sabor_no_especificado,0.010543897937849543,6.27,594.74
2024-04-29,2024-05-20,4,chantilly_sin_especificacion,1.3159120225769428e-12,0.0,594.74
2024-04-29,2024-05-20,4,crema_batir_ambiente_1_l,0.2897587222088062,172.33,594.74
2024-04-29,2024-05-20,4,queso_philadelphia,0.0008016355392135668,0.48,594.74
2024-04-29,2024-05-20,4,tegral_satin_red_velvet,0.006313305504467185,3.76,594.74
2024-04-29,2024-05-20,4,easy_pastel_tres_leches_sabor_no_especificado,8.488372869276336e-11,0.0,594.74
2024-04-29,2024-05-20,4,transfer_sin_especificacion,1.4891629506492536e-07,0.0,594.74
2024-04-29,2024-05-20,4,chantilly_dulce,0.0013271067533864275,0.79,594.74
2024-04-29,2024-05-20,4,chantilly_asturias,0.0011993533939431756,0.71,594.74
2024-04-29,2024-05-20,4,chips_blanco_alpezzi,0.2217612485119684,131.89,594.74
2024-04-29,2024-05-20,4,fondant_nata_coco_blanco,0.043747232765448084,26.02,594.74
2024-04-29,2024-05-20,4,chantilly_dull,4.8001856827809503e-11,0.0,594.74
2024-04-29,2024-05-20,4,capacillos,0.026333258265507777,15.66,594.74
2024-04-29,2024-05-20,4,huevo_sin_especificacion,0.00018407044547379272,0.11,594.74
2024-04-29,2024-05-20,4,contenedor_mantecadas_inix_25_pz,0.00223979032213766,1.33,594.74
2024-04-29,2024-05-20,4,confitier_semiamargo_turin,0.09222616305188318,54.85,594.74
2024-04-29,2024-05-20,4,chips_chocolate_semi,2.871891431822708e-07,0.0,594.74
2024-04-29,2024-05-20,4,tegral_satin_vainilla,0.024087796418934316,14.33,594.74
2024-04-29,2024-05-20,4,transfer_hoja_de_arroz_gruesa,0.0004038717570234264,0.24,594.74
2024-04-29,2024-05-20,4,tegral_satin_chocolate,0.055161097821128234,32.81,594.74
2024-04-29,2024-05-20,4,domo_cupcake_12,0.004862957523141039,2.89,594.74
2024-04-29,2024-05-20,4,mantequilla_gloria_presentacion_no_especificada,0.0028885026476437336,1.72,594.74
2024-04-29,2024-05-20,4,ferrero_rocher_t16,3.7655379939882895e-06,0.0,594.74
2024-04-29,2024-05-20,4,huevo_san_juan,1.2929442600116978e-07,0.0,594.74
2024-04-29,2024-05-20,4,relleno_zarzamora_puratos,4.587100286419531e-08,0.0,594.74
2024-04-29,2024-05-20,4,aceite_sin_especificacion,3.893864122219877e-13,0.0,594.74
2024-04-29,2024-05-20,4,matizador,1.3219980855167519e-06,0.0,594.74
2024-04-29,2024-05-20,4,caja_de_carton_para_cupcake_6_pz,3.4671515296058474e-18,0.0,594.74
2024-04-29,2024-05-20,4,carlos_v_stick,1.9768227286572947e-07,0.0,594.74
2024-04-29,2024-05-20,4,kisses_leche,5.020095422282138e-05,0.03,594.74
2024-04-29,2024-05-20,4,empaque_32_x_32_x_30,4.915658765683091e-06,0.0,594.74
2024-04-29,2024-05-20,4,ferrero_sin_especificacion,1.884447129461918e-10,0.0,594.74
2024-04-29,2024-05-20,4,domo_media_plancha_inix,0.02263244745403236,13.46,594.74
2024-04-29,2024-05-20,4,deiman_plumones_magicos,8.224770065712078e-20,0.0,594.74
2024-04-29,2024-05-20,4,empaque_30_x_30_x_30,4.576647816325635e-06,0.0,594.74
2024-04-29,2024-05-20,4,queso_crema_suelto,4.434963321790972e-11,0.0,594.74
2024-04-29,2024-05-20,4,royal_icing_deiman_50_sin_unidad,3.9988298278866904e-11,0.0,594.74
2024-04-29,2024-05-20,4,pegamento_fondant,1.2278513690346972e-06,0.0,594.74
2024-04-29,2024-05-20,4,base_28_cm,1.4462969679049656e-08,0.0,594.74
2024-04-29,2024-05-20,4,bailey_s,8.171285860762526e-06,0.01,594.74
2024-04-29,2024-05-20,4,domo_1_4_plancha,9.467694783335375e-08,0.0,594.74
2024-04-29,2024-05-20,4,colorantes_9_colores,2.8833922288275044e-12,0.0,594.74
2024-04-29,2024-05-20,4,sabrosano,0.00016372189017893206,0.1,594.74
2024-04-29,2024-05-20,4,huevo_blanco_tepa_de_linea,5.043713670127126e-09,0.0,594.74
2024-04-29,2024-05-20,4,mangas,7.72901215816333e-05,0.05,594.74
2024-04-29,2024-05-20,4,relleno_durazno_puratos,0.0003286161321492559,0.2,594.74
2024-04-29,2024-05-20,4,kit_kat_9_pz,0.0002388250816036772,0.14,594.74
2024-04-29,2024-05-20,4,oblea_arroz,0.004005325424658206,2.38,594.74
2024-04-29,2024-05-20,4,huevo_calvario,0.0004280226757714847,0.25,594.74
2024-04-29,2024-05-20,4,bisagra_12_cupcakes,9.641565633185188e-07,0.0,594.74
2024-04-29,2024-05-20,4,chocolate_sin_especificacion,6.156032291241821e-10,0.0,594.74
2024-04-29,2024-05-20,4,caja_cupcake_12,2.944154794751826e-11,0.0,594.74
2024-04-29,2024-05-20,4,empaque_31_x_31_x_20,3.135851281556454e-06,0.0,594.74
2024-04-29,2024-05-20,4,oreo_273_6,1.5240030569374813e-06,0.0,594.74
2024-04-29,2024-05-20,4,perlas_sin_especificacion,5.3466219542287127e-08,0.0,594.74
2024-04-29,2024-05-20,4,chips_chocolate_con_l,1.133982921877562e-10,0.0,594.74
2024-04-29,2024-05-20,4,relleno_fresa_frutifru,1.7693828548071864e-07,0.0,594.74
2024-04-29,2024-05-20,4,base_36_cm_doble,6.729516191928308e-10,0.0,594.74
2024-04-29,2024-05-20,4,harina_red_velvet_esp,4.796792795502112e-15,0.0,594.74
2024-04-29,2024-05-20,4,mantequilla_gloria_verde,0.013299488227533757,7.91,594.74
2024-04-29,2024-05-20,4,caja_cupcake_6,1.7760107315506904e-08,0.0,594.74
2024-04-29,2024-05-20,4,botellas_jack_daniels,2.5385129345000896e-07,0.0,594.74
2024-04-29,2024-05-20,4,royal_icing_sin_especificacion,3.116900891218681e-05,0.02,594.74
2024-04-29,2024-05-20,4,azucar_glass,8.452839248418364e-07,0.0,594.74
2024-04-29,2024-05-20,4,kisses_leche_choc_bl_807_gr,1.0950796459511626e-10,0.0,594.74
2024-04-29,2024-05-20,4,dlr_malvavisco_chocolate_32_pz,7.018853501417633e-08,0.0,594.74
2024-04-29,2024-05-20,4,alpezzi_blanco,3.529088764295354e-07,0.0,594.74
2024-04-29,2024-05-20,4,relleno_queso_creme_p,2.961471463264542e-08,0.0,594.74
2024-04-29,2024-05-20,4,ac_au800,7.75017799134496e-11,0.0,594.74
2024-04-29,2024-05-20,4,domo_cupcake_6,6.346282336262085e-08,0.0,594.74
2024-04-29,2024-05-20,4,caja_cupcake_sin_capacidad,1.3616031830744257e-15,0.0,594.74
2024-04-29,2024-05-20,4,red_velvet,4.857317050106134e-13,0.0,594.74
2024-04-29,2024-05-20,4,cereza_con_rabo_diana,1.233480804481673e-07,0.0,594.74
2024-04-29,2024-05-20,4,charola_galletera_alta_grande,0.00019570344351005144,0.12,594.74
2024-04-29,2024-05-20,4,mantequilla_gloria_22,7.338467724032291e-10,0.0,594.74
2024-04-29,2024-05-20,4,domo_cupcake_sin_capacidad,6.187694456930756e-20,0.0,594.74
2024-04-29,2024-05-20,4,relleno_zarzamora_fruitfil_puratos,0.011446584600253697,6.81,594.74
2024-04-29,2024-05-20,4,chips_rojo_alpezzi,0.0037558138663279215,2.23,594.74
2024-04-29,2024-05-20,4,capacillo_floreado_alegria,5.594306608217442e-06,0.0,594.74
2024-04-29,2024-05-20,4,inix_contenedor_mantecadas,3.924845566380041e-20,0.0,594.74
2024-04-29,2024-05-20,4,otros,0.14659225372301607,87.18,594.74
2024-05-06,2024-05-06,1,fondant_sin_especificacion,1.1640261349926495e-06,0.0,516.84
2024-05-06,2024-05-06,1,nutella,0.008080194830202786,4.18,516.84
2024-05-06,2024-05-06,1,tegral_satin_creme_cake_sabor_no_especificado,0.00661744849009093,3.42,516.84
2024-05-06,2024-05-06,1,chantilly_sin_especificacion,8.25878634089881e-13,0.0,516.84
2024-05-06,2024-05-06,1,crema_batir_ambiente_1_l,0.2152490016971982,111.25,516.84
2024-05-06,2024-05-06,1,queso_philadelphia,0.0005031139261628678,0.26,516.84
2024-05-06,2024-05-06,1,tegral_satin_red_velvet,0.022177051400700504,11.46,516.84
2024-05-06,2024-05-06,1,easy_pastel_tres_leches_sabor_no_especificado,5.3273818238966974e-11,0.0,516.84
2024-05-06,2024-05-06,1,transfer_sin_especificacion,9.346125291955455e-08,0.0,516.84
2024-05-06,2024-05-06,1,chantilly_dulce,0.0008329045513482673,0.43,516.84
2024-05-06,2024-05-06,1,chantilly_asturias,0.0007527253538128808,0.39,516.84
2024-05-06,2024-05-06,1,chips_blanco_alpezzi,0.1710552574319133,88.41,516.84
2024-05-06,2024-05-06,1,fondant_nata_coco_blanco,0.07147517890021894,36.94,516.84
2024-05-06,2024-05-06,1,chantilly_dull,3.0126412154131175e-11,0.0,516.84
2024-05-06,2024-05-06,1,capacillos,0.03069403519117079,15.86,516.84
2024-05-06,2024-05-06,1,huevo_sin_especificacion,0.0001155243249366415,0.06,516.84
2024-05-06,2024-05-06,1,contenedor_mantecadas_inix_25_pz,0.0014057132545018801,0.73,516.84
2024-05-06,2024-05-06,1,confitier_semiamargo_turin,0.05788199838730962,29.92,516.84
2024-05-06,2024-05-06,1,chips_chocolate_semi,1.8024257946389323e-07,0.0,516.84
2024-05-06,2024-05-06,1,tegral_satin_vainilla,0.08342308312373334,43.12,516.84
2024-05-06,2024-05-06,1,transfer_hoja_de_arroz_gruesa,0.0002534736740111246,0.13,516.84
2024-05-06,2024-05-06,1,tegral_satin_chocolate,0.03461961844090377,17.89,516.84
2024-05-06,2024-05-06,1,domo_cupcake_12,0.011147487229306656,5.76,516.84
2024-05-06,2024-05-06,1,mantequilla_gloria_presentacion_no_especificada,0.001812851148308075,0.94,516.84
2024-05-06,2024-05-06,1,ferrero_rocher_t16,2.363286695259874e-06,0.0,516.84
2024-05-06,2024-05-06,1,huevo_san_juan,8.11463852516308e-08,0.0,516.84
2024-05-06,2024-05-06,1,relleno_zarzamora_puratos,2.878906837223575e-08,0.0,516.84
2024-05-06,2024-05-06,1,aceite_sin_especificacion,2.4438253678182433e-13,0.0,516.84
2024-05-06,2024-05-06,1,matizador,8.296983038409571e-07,0.0,516.84
2024-05-06,2024-05-06,1,caja_de_carton_para_cupcake_6_pz,2.1760165727842883e-18,0.0,516.84
2024-05-06,2024-05-06,1,carlos_v_stick,1.2406723450889795e-07,0.0,516.84
2024-05-06,2024-05-06,1,kisses_leche,3.150658614879261e-05,0.02,516.84
2024-05-06,2024-05-06,1,empaque_32_x_32_x_30,3.0851131970845142e-06,0.0,516.84
2024-05-06,2024-05-06,1,ferrero_sin_especificacion,1.1826965591870381e-10,0.0,516.84
2024-05-06,2024-05-06,1,domo_media_plancha_inix,0.02634750942249871,13.62,516.84
2024-05-06,2024-05-06,1,deiman_plumones_magicos,5.161942250722509e-20,0.0,516.84
2024-05-06,2024-05-06,1,empaque_30_x_30_x_30,2.872346769699375e-06,0.0,516.84
2024-05-06,2024-05-06,1,queso_crema_suelto,2.783424262107375e-11,0.0,516.84
2024-05-06,2024-05-06,1,royal_icing_deiman_50_sin_unidad,2.509702821732393e-11,0.0,516.84
2024-05-06,2024-05-06,1,pegamento_fondant,0.011384996923969886,5.88,516.84
2024-05-06,2024-05-06,1,base_28_cm,9.07709439421774e-09,0.0,516.84
2024-05-06,2024-05-06,1,bailey_s,5.1283750658565955e-06,0.0,516.84
2024-05-06,2024-05-06,1,domo_1_4_plancha,0.00632462959403464,3.27,516.84
2024-05-06,2024-05-06,1,colorantes_9_colores,1.8096438018904093e-12,0.0,516.84
2024-05-06,2024-05-06,1,sabrosano,0.000102753382225964,0.05,516.84
2024-05-06,2024-05-06,1,huevo_blanco_tepa_de_linea,3.165481647069221e-09,0.0,516.84
2024-05-06,2024-05-06,1,mangas,4.8507999733506356e-05,0.02,516.84
2024-05-06,2024-05-06,1,relleno_durazno_puratos,0.00020624254334864432,0.11,516.84
2024-05-06,2024-05-06,1,kit_kat_9_pz,0.00014988884423670999,0.08,516.84
2024-05-06,2024-05-06,1,oblea_arroz,0.002513779518728256,1.3,516.84
2024-05-06,2024-05-06,1,huevo_calvario,0.0002686310154180392,0.14,516.84
2024-05-06,2024-05-06,1,bisagra_12_cupcakes,6.051136336629474e-07,0.0,516.84
2024-05-06,2024-05-06,1,chocolate_sin_especificacion,3.863583167321294e-10,0.0,516.84
2024-05-06,2024-05-06,1,caja_cupcake_12,1.8477789538522432e-11,0.0,516.84
2024-05-06,2024-05-06,1,empaque_31_x_31_x_20,1.968089453312535e-06,0.0,516.84
2024-05-06,2024-05-06,1,oreo_273_6,9.56478504199346e-07,0.0,516.84
2024-05-06,2024-05-06,1,perlas_sin_especificacion,3.355589705690367e-08,0.0,516.84
2024-05-06,2024-05-06,1,chips_chocolate_con_l,7.116982370656418e-11,0.0,516.84
2024-05-06,2024-05-06,1,relleno_fresa_frutifru,1.1104811493769677e-07,0.0,516.84
2024-05-06,2024-05-06,1,base_36_cm_doble,4.223507001472448e-10,0.0,516.84
2024-05-06,2024-05-06,1,harina_red_velvet_esp,3.0105118077753785e-15,0.0,516.84
2024-05-06,2024-05-06,1,mantequilla_gloria_verde,0.008346882605374023,4.31,516.84
2024-05-06,2024-05-06,1,caja_cupcake_6,1.1146408665145328e-08,0.0,516.84
2024-05-06,2024-05-06,1,botellas_jack_daniels,1.5931943465786252e-07,0.0,516.84
2024-05-06,2024-05-06,1,royal_icing_sin_especificacion,1.95619601194327e-05,0.01,516.84
2024-05-06,2024-05-06,1,azucar_glass,5.305080592693581e-07,0.0,516.84
2024-05-06,2024-05-06,1,kisses_leche_choc_bl_807_gr,6.872821789762891e-11,0.0,516.84
2024-05-06,2024-05-06,1,dlr_malvavisco_chocolate_32_pz,4.405097790106127e-08,0.0,516.84
2024-05-06,2024-05-06,1,alpezzi_blanco,2.214888957797157e-07,0.0,516.84
2024-05-06,2024-05-06,1,relleno_queso_creme_p,1.8586470561971572e-08,0.0,516.84
2024-05-06,2024-05-06,1,ac_au800,4.8640838472704044e-11,0.0,516.84
2024-05-06,2024-05-06,1,domo_cupcake_6,3.982985866454008e-08,0.0,516.84
2024-05-06,2024-05-06,1,caja_cupcake_sin_capacidad,8.545548317187665e-16,0.0,516.84
2024-05-06,2024-05-06,1,red_velvet,3.048497393334352e-13,0.0,516.84
2024-05-06,2024-05-06,1,cereza_con_rabo_diana,7.741440343302639e-08,0.0,516.84
2024-05-06,2024-05-06,1,charola_galletera_alta_grande,0.00012282530278601278,0.06,516.84
2024-05-06,2024-05-06,1,mantequilla_gloria_22,4.605690651239637e-10,0.0,516.84
2024-05-06,2024-05-06,1,domo_cupcake_sin_capacidad,3.883454637224198e-20,0.0,516.84
2024-05-06,2024-05-06,1,relleno_zarzamora_fruitfil_puratos,0.021604003038262383,11.17,516.84
2024-05-06,2024-05-06,1,chips_rojo_alpezzi,0.002357183742226484,1.22,516.84
2024-05-06,2024-05-06,1,capacillo_floreado_alegria,3.51103890002226e-06,0.0,516.84
2024-05-06,2024-05-06,1,inix_contenedor_mantecadas,2.463269610553424e-20,0.0,516.84
2024-05-06,2024-05-06,1,otros,0.20205018396669783,104.43,516.84
2024-05-06,2024-05-13,2,fondant_sin_especificacion,1.1640261349926495e-06,0.0,739.4399999999999
2024-05-06,2024-05-13,2,nutella,0.008080194830202786,5.98,739.4399999999999
2024-05-06,2024-05-13,2,tegral_satin_creme_cake_sabor_no_especificado,0.00661744849009093,4.89,739.4399999999999
2024-05-06,2024-05-13,2,chantilly_sin_especificacion,8.25878634089881e-13,0.0,739.4399999999999
2024-05-06,2024-05-13,2,crema_batir_ambiente_1_l,0.2152490016971982,159.16,739.4399999999999
2024-05-06,2024-05-13,2,queso_philadelphia,0.0005031139261628678,0.37,739.4399999999999
2024-05-06,2024-05-13,2,tegral_satin_red_velvet,0.022177051400700504,16.4,739.4399999999999
2024-05-06,2024-05-13,2,easy_pastel_tres_leches_sabor_no_especificado,5.3273818238966974e-11,0.0,739.4399999999999
2024-05-06,2024-05-13,2,transfer_sin_especificacion,9.346125291955455e-08,0.0,739.4399999999999
2024-05-06,2024-05-13,2,chantilly_dulce,0.0008329045513482673,0.62,739.4399999999999
2024-05-06,2024-05-13,2,chantilly_asturias,0.0007527253538128808,0.56,739.4399999999999
2024-05-06,2024-05-13,2,chips_blanco_alpezzi,0.1710552574319133,126.49,739.4399999999999
2024-05-06,2024-05-13,2,fondant_nata_coco_blanco,0.07147517890021894,52.85,739.4399999999999
2024-05-06,2024-05-13,2,chantilly_dull,3.0126412154131175e-11,0.0,739.4399999999999
2024-05-06,2024-05-13,2,capacillos,0.03069403519117079,22.7,739.4399999999999
2024-05-06,2024-05-13,2,huevo_sin_especificacion,0.0001155243249366415,0.09,739.4399999999999
2024-05-06,2024-05-13,2,contenedor_mantecadas_inix_25_pz,0.0014057132545018801,1.04,739.4399999999999
2024-05-06,2024-05-13,2,confitier_semiamargo_turin,0.05788199838730962,42.8,739.4399999999999
2024-05-06,2024-05-13,2,chips_chocolate_semi,1.8024257946389323e-07,0.0,739.4399999999999
2024-05-06,2024-05-13,2,tegral_satin_vainilla,0.08342308312373334,61.69,739.4399999999999
2024-05-06,2024-05-13,2,transfer_hoja_de_arroz_gruesa,0.0002534736740111246,0.19,739.4399999999999
2024-05-06,2024-05-13,2,tegral_satin_chocolate,0.03461961844090377,25.6,739.4399999999999
2024-05-06,2024-05-13,2,domo_cupcake_12,0.011147487229306656,8.24,739.4399999999999
2024-05-06,2024-05-13,2,mantequilla_gloria_presentacion_no_especificada,0.001812851148308075,1.34,739.4399999999999
2024-05-06,2024-05-13,2,ferrero_rocher_t16,2.363286695259874e-06,0.0,739.4399999999999
2024-05-06,2024-05-13,2,huevo_san_juan,8.11463852516308e-08,0.0,739.4399999999999
2024-05-06,2024-05-13,2,relleno_zarzamora_puratos,2.878906837223575e-08,0.0,739.4399999999999
2024-05-06,2024-05-13,2,aceite_sin_especificacion,2.4438253678182433e-13,0.0,739.4399999999999
2024-05-06,2024-05-13,2,matizador,8.296983038409571e-07,0.0,739.4399999999999
2024-05-06,2024-05-13,2,caja_de_carton_para_cupcake_6_pz,2.1760165727842883e-18,0.0,739.4399999999999
2024-05-06,2024-05-13,2,carlos_v_stick,1.2406723450889795e-07,0.0,739.4399999999999
2024-05-06,2024-05-13,2,kisses_leche,3.150658614879261e-05,0.02,739.4399999999999
2024-05-06,2024-05-13,2,empaque_32_x_32_x_30,3.0851131970845142e-06,0.0,739.4399999999999
2024-05-06,2024-05-13,2,ferrero_sin_especificacion,1.1826965591870381e-10,0.0,739.4399999999999
2024-05-06,2024-05-13,2,domo_media_plancha_inix,0.02634750942249871,19.48,739.4399999999999
2024-05-06,2024-05-13,2,deiman_plumones_magicos,5.161942250722509e-20,0.0,739.4399999999999
2024-05-06,2024-05-13,2,empaque_30_x_30_x_30,2.872346769699375e-06,0.0,739.4399999999999
2024-05-06,2024-05-13,2,queso_crema_suelto,2.783424262107375e-11,0.0,739.4399999999999
2024-05-06,2024-05-13,2,royal_icing_deiman_50_sin_unidad,2.509702821732393e-11,0.0,739.4399999999999
2024-05-06,2024-05-13,2,pegamento_fondant,0.011384996923969886,8.42,739.4399999999999
2024-05-06,2024-05-13,2,base_28_cm,9.07709439421774e-09,0.0,739.4399999999999
2024-05-06,2024-05-13,2,bailey_s,5.1283750658565955e-06,0.0,739.4399999999999
2024-05-06,2024-05-13,2,domo_1_4_plancha,0.00632462959403464,4.68,739.4399999999999
2024-05-06,2024-05-13,2,colorantes_9_colores,1.8096438018904093e-12,0.0,739.4399999999999
2024-05-06,2024-05-13,2,sabrosano,0.000102753382225964,0.08,739.4399999999999
2024-05-06,2024-05-13,2,huevo_blanco_tepa_de_linea,3.165481647069221e-09,0.0,739.4399999999999
2024-05-06,2024-05-13,2,mangas,4.8507999733506356e-05,0.04,739.4399999999999
2024-05-06,2024-05-13,2,relleno_durazno_puratos,0.00020624254334864432,0.15,739.4399999999999
2024-05-06,2024-05-13,2,kit_kat_9_pz,0.00014988884423670999,0.11,739.4399999999999
2024-05-06,2024-05-13,2,oblea_arroz,0.002513779518728256,1.86,739.4399999999999
2024-05-06,2024-05-13,2,huevo_calvario,0.0002686310154180392,0.2,739.4399999999999
2024-05-06,2024-05-13,2,bisagra_12_cupcakes,6.051136336629474e-07,0.0,739.4399999999999
2024-05-06,2024-05-13,2,chocolate_sin_especificacion,3.863583167321294e-10,0.0,739.4399999999999
2024-05-06,2024-05-13,2,caja_cupcake_12,1.8477789538522432e-11,0.0,739.4399999999999
2024-05-06,2024-05-13,2,empaque_31_x_31_x_20,1.968089453312535e-06,0.0,739.4399999999999
2024-05-06,2024-05-13,2,oreo_273_6,9.56478504199346e-07,0.0,739.4399999999999
2024-05-06,2024-05-13,2,perlas_sin_especificacion,3.355589705690367e-08,0.0,739.4399999999999
2024-05-06,2024-05-13,2,chips_chocolate_con_l,7.116982370656418e-11,0.0,739.4399999999999
2024-05-06,2024-05-13,2,relleno_fresa_frutifru,1.1104811493769677e-07,0.0,739.4399999999999
2024-05-06,2024-05-13,2,base_36_cm_doble,4.223507001472448e-10,0.0,739.4399999999999
2024-05-06,2024-05-13,2,harina_red_velvet_esp,3.0105118077753785e-15,0.0,739.4399999999999
2024-05-06,2024-05-13,2,mantequilla_gloria_verde,0.008346882605374023,6.17,739.4399999999999
2024-05-06,2024-05-13,2,caja_cupcake_6,1.1146408665145328e-08,0.0,739.4399999999999
2024-05-06,2024-05-13,2,botellas_jack_daniels,1.5931943465786252e-07,0.0,739.4399999999999
2024-05-06,2024-05-13,2,royal_icing_sin_especificacion,1.95619601194327e-05,0.01,739.4399999999999
2024-05-06,2024-05-13,2,azucar_glass,5.305080592693581e-07,0.0,739.4399999999999
2024-05-06,2024-05-13,2,kisses_leche_choc_bl_807_gr,6.872821789762891e-11,0.0,739.4399999999999
2024-05-06,2024-05-13,2,dlr_malvavisco_chocolate_32_pz,4.405097790106127e-08,0.0,739.4399999999999
2024-05-06,2024-05-13,2,alpezzi_blanco,2.214888957797157e-07,0.0,739.4399999999999
2024-05-06,2024-05-13,2,relleno_queso_creme_p,1.8586470561971572e-08,0.0,739.4399999999999
2024-05-06,2024-05-13,2,ac_au800,4.8640838472704044e-11,0.0,739.4399999999999
2024-05-06,2024-05-13,2,domo_cupcake_6,3.982985866454008e-08,0.0,739.4399999999999
2024-05-06,2024-05-13,2,caja_cupcake_sin_capacidad,8.545548317187665e-16,0.0,739.4399999999999
2024-05-06,2024-05-13,2,red_velvet,3.048497393334352e-13,0.0,739.4399999999999
2024-05-06,2024-05-13,2,cereza_con_rabo_diana,7.741440343302639e-08,0.0,739.4399999999999
2024-05-06,2024-05-13,2,charola_galletera_alta_grande,0.00012282530278601278,0.09,739.4399999999999
2024-05-06,2024-05-13,2,mantequilla_gloria_22,4.605690651239637e-10,0.0,739.4399999999999
2024-05-06,2024-05-13,2,domo_cupcake_sin_capacidad,3.883454637224198e-20,0.0,739.4399999999999
2024-05-06,2024-05-13,2,relleno_zarzamora_fruitfil_puratos,0.021604003038262383,15.98,739.4399999999999
2024-05-06,2024-05-13,2,chips_rojo_alpezzi,0.002357183742226484,1.74,739.4399999999999
2024-05-06,2024-05-13,2,capacillo_floreado_alegria,3.51103890002226e-06,0.0,739.4399999999999
2024-05-06,2024-05-13,2,inix_contenedor_mantecadas,2.463269610553424e-20,0.0,739.4399999999999
2024-05-06,2024-05-13,2,otros,0.20205018396669783,149.4,739.4399999999999
2024-05-06,2024-05-20,3,fondant_sin_especificacion,1.1640261349926495e-06,0.0,728.9599999999999
2024-05-06,2024-05-20,3,nutella,0.008080194830202786,5.89,728.9599999999999
2024-05-06,2024-05-20,3,tegral_satin_creme_cake_sabor_no_especificado,0.00661744849009093,4.82,728.9599999999999
2024-05-06,2024-05-20,3,chantilly_sin_especificacion,8.25878634089881e-13,0.0,728.9599999999999
2024-05-06,2024-05-20,3,crema_batir_ambiente_1_l,0.2152490016971982,156.91,728.9599999999999
2024-05-06,2024-05-20,3,queso_philadelphia,0.0005031139261628678,0.37,728.9599999999999
2024-05-06,2024-05-20,3,tegral_satin_red_velvet,0.022177051400700504,16.17,728.9599999999999
2024-05-06,2024-05-20,3,easy_pastel_tres_leches_sabor_no_especificado,5.3273818238966974e-11,0.0,728.9599999999999
2024-05-06,2024-05-20,3,transfer_sin_especificacion,9.346125291955455e-08,0.0,728.9599999999999
2024-05-06,2024-05-20,3,chantilly_dulce,0.0008329045513482673,0.61,728.9599999999999
2024-05-06,2024-05-20,3,chantilly_asturias,0.0007527253538128808,0.55,728.9599999999999
2024-05-06,2024-05-20,3,chips_blanco_alpezzi,0.1710552574319133,124.69,728.9599999999999
2024-05-06,2024-05-20,3,fondant_nata_coco_blanco,0.07147517890021894,52.1,728.9599999999999
2024-05-06,2024-05-20,3,chantilly_dull,3.0126412154131175e-11,0.0,728.9599999999999
2024-05-06,2024-05-20,3,capacillos,0.03069403519117079,22.38,728.9599999999999
2024-05-06,2024-05-20,3,huevo_sin_especificacion,0.0001155243249366415,0.08,728.9599999999999
2024-05-06,2024-05-20,3,contenedor_mantecadas_inix_25_pz,0.0014057132545018801,1.02,728.9599999999999
2024-05-06,2024-05-20,3,confitier_semiamargo_turin,0.05788199838730962,42.19,728.9599999999999
2024-05-06,2024-05-20,3,chips_chocolate_semi,1.8024257946389323e-07,0.0,728.9599999999999
2024-05-06,2024-05-20,3,tegral_satin_vainilla,0.08342308312373334,60.81,728.9599999999999
2024-05-06,2024-05-20,3,transfer_hoja_de_arroz_gruesa,0.0002534736740111246,0.19,728.9599999999999
2024-05-06,2024-05-20,3,tegral_satin_chocolate,0.03461961844090377,25.24,728.9599999999999
2024-05-06,2024-05-20,3,domo_cupcake_12,0.011147487229306656,8.13,728.9599999999999
2024-05-06,2024-05-20,3,mantequilla_gloria_presentacion_no_especificada,0.001812851148308075,1.32,728.9599999999999
2024-05-06,2024-05-20,3,ferrero_rocher_t16,2.363286695259874e-06,0.0,728.9599999999999
2024-05-06,2024-05-20,3,huevo_san_juan,8.11463852516308e-08,0.0,728.9599999999999
2024-05-06,2024-05-20,3,relleno_zarzamora_puratos,2.878906837223575e-08,0.0,728.9599999999999
2024-05-06,2024-05-20,3,aceite_sin_especificacion,2.4438253678182433e-13,0.0,728.9599999999999
2024-05-06,2024-05-20,3,matizador,8.296983038409571e-07,0.0,728.9599999999999
2024-05-06,2024-05-20,3,caja_de_carton_para_cupcake_6_pz,2.1760165727842883e-18,0.0,728.9599999999999
2024-05-06,2024-05-20,3,carlos_v_stick,1.2406723450889795e-07,0.0,728.9599999999999
2024-05-06,2024-05-20,3,kisses_leche,3.150658614879261e-05,0.02,728.9599999999999
2024-05-06,2024-05-20,3,empaque_32_x_32_x_30,3.0851131970845142e-06,0.0,728.9599999999999
2024-05-06,2024-05-20,3,ferrero_sin_especificacion,1.1826965591870381e-10,0.0,728.9599999999999
2024-05-06,2024-05-20,3,domo_media_plancha_inix,0.02634750942249871,19.21,728.9599999999999
2024-05-06,2024-05-20,3,deiman_plumones_magicos,5.161942250722509e-20,0.0,728.9599999999999
2024-05-06,2024-05-20,3,empaque_30_x_30_x_30,2.872346769699375e-06,0.0,728.9599999999999
2024-05-06,2024-05-20,3,queso_crema_suelto,2.783424262107375e-11,0.0,728.9599999999999
2024-05-06,2024-05-20,3,royal_icing_deiman_50_sin_unidad,2.509702821732393e-11,0.0,728.9599999999999
2024-05-06,2024-05-20,3,pegamento_fondant,0.011384996923969886,8.3,728.9599999999999
2024-05-06,2024-05-20,3,base_28_cm,9.07709439421774e-09,0.0,728.9599999999999
2024-05-06,2024-05-20,3,bailey_s,5.1283750658565955e-06,0.0,728.9599999999999
2024-05-06,2024-05-20,3,domo_1_4_plancha,0.00632462959403464,4.61,728.9599999999999
2024-05-06,2024-05-20,3,colorantes_9_colores,1.8096438018904093e-12,0.0,728.9599999999999
2024-05-06,2024-05-20,3,sabrosano,0.000102753382225964,0.08,728.9599999999999
2024-05-06,2024-05-20,3,huevo_blanco_tepa_de_linea,3.165481647069221e-09,0.0,728.9599999999999
2024-05-06,2024-05-20,3,mangas,4.8507999733506356e-05,0.04,728.9599999999999
2024-05-06,2024-05-20,3,relleno_durazno_puratos,0.00020624254334864432,0.15,728.9599999999999
2024-05-06,2024-05-20,3,kit_kat_9_pz,0.00014988884423670999,0.11,728.9599999999999
2024-05-06,2024-05-20,3,oblea_arroz,0.002513779518728256,1.83,728.9599999999999
2024-05-06,2024-05-20,3,huevo_calvario,0.0002686310154180392,0.2,728.9599999999999
2024-05-06,2024-05-20,3,bisagra_12_cupcakes,6.051136336629474e-07,0.0,728.9599999999999
2024-05-06,2024-05-20,3,chocolate_sin_especificacion,3.863583167321294e-10,0.0,728.9599999999999
2024-05-06,2024-05-20,3,caja_cupcake_12,1.8477789538522432e-11,0.0,728.9599999999999
2024-05-06,2024-05-20,3,empaque_31_x_31_x_20,1.968089453312535e-06,0.0,728.9599999999999
2024-05-06,2024-05-20,3,oreo_273_6,9.56478504199346e-07,0.0,728.9599999999999
2024-05-06,2024-05-20,3,perlas_sin_especificacion,3.355589705690367e-08,0.0,728.9599999999999
2024-05-06,2024-05-20,3,chips_chocolate_con_l,7.116982370656418e-11,0.0,728.9599999999999
2024-05-06,2024-05-20,3,relleno_fresa_frutifru,1.1104811493769677e-07,0.0,728.9599999999999
2024-05-06,2024-05-20,3,base_36_cm_doble,4.223507001472448e-10,0.0,728.9599999999999
2024-05-06,2024-05-20,3,harina_red_velvet_esp,3.0105118077753785e-15,0.0,728.9599999999999
2024-05-06,2024-05-20,3,mantequilla_gloria_verde,0.008346882605374023,6.08,728.9599999999999
2024-05-06,2024-05-20,3,caja_cupcake_6,1.1146408665145328e-08,0.0,728.9599999999999
2024-05-06,2024-05-20,3,botellas_jack_daniels,1.5931943465786252e-07,0.0,728.9599999999999
2024-05-06,2024-05-20,3,royal_icing_sin_especificacion,1.95619601194327e-05,0.01,728.9599999999999
2024-05-06,2024-05-20,3,azucar_glass,5.305080592693581e-07,0.0,728.9599999999999
2024-05-06,2024-05-20,3,kisses_leche_choc_bl_807_gr,6.872821789762891e-11,0.0,728.9599999999999
2024-05-06,2024-05-20,3,dlr_malvavisco_chocolate_32_pz,4.405097790106127e-08,0.0,728.9599999999999
2024-05-06,2024-05-20,3,alpezzi_blanco,2.214888957797157e-07,0.0,728.9599999999999
2024-05-06,2024-05-20,3,relleno_queso_creme_p,1.8586470561971572e-08,0.0,728.9599999999999
2024-05-06,2024-05-20,3,ac_au800,4.8640838472704044e-11,0.0,728.9599999999999
2024-05-06,2024-05-20,3,domo_cupcake_6,3.982985866454008e-08,0.0,728.9599999999999
2024-05-06,2024-05-20,3,caja_cupcake_sin_capacidad,8.545548317187665e-16,0.0,728.9599999999999
2024-05-06,2024-05-20,3,red_velvet,3.048497393334352e-13,0.0,728.9599999999999
2024-05-06,2024-05-20,3,cereza_con_rabo_diana,7.741440343302639e-08,0.0,728.9599999999999
2024-05-06,2024-05-20,3,charola_galletera_alta_grande,0.00012282530278601278,0.09,728.9599999999999
2024-05-06,2024-05-20,3,mantequilla_gloria_22,4.605690651239637e-10,0.0,728.9599999999999
2024-05-06,2024-05-20,3,domo_cupcake_sin_capacidad,3.883454637224198e-20,0.0,728.9599999999999
2024-05-06,2024-05-20,3,relleno_zarzamora_fruitfil_puratos,0.021604003038262383,15.75,728.9599999999999
2024-05-06,2024-05-20,3,chips_rojo_alpezzi,0.002357183742226484,1.72,728.9599999999999
2024-05-06,2024-05-20,3,capacillo_floreado_alegria,3.51103890002226e-06,0.0,728.9599999999999
2024-05-06,2024-05-20,3,inix_contenedor_mantecadas,2.463269610553424e-20,0.0,728.9599999999999
2024-05-06,2024-05-20,3,otros,0.20205018396669783,147.29,728.9599999999999
2024-05-06,2024-05-27,4,fondant_sin_especificacion,1.1640261349926495e-06,0.0,515.06
2024-05-06,2024-05-27,4,nutella,0.008080194830202786,4.16,515.06
2024-05-06,2024-05-27,4,tegral_satin_creme_cake_sabor_no_especificado,0.00661744849009093,3.41,515.06
2024-05-06,2024-05-27,4,chantilly_sin_especificacion,8.25878634089881e-13,0.0,515.06
2024-05-06,2024-05-27,4,crema_batir_ambiente_1_l,0.2152490016971982,110.87,515.06
2024-05-06,2024-05-27,4,queso_philadelphia,0.0005031139261628678,0.26,515.06
2024-05-06,2024-05-27,4,tegral_satin_red_velvet,0.022177051400700504,11.42,515.06
2024-05-06,2024-05-27,4,easy_pastel_tres_leches_sabor_no_especificado,5.3273818238966974e-11,0.0,515.06
2024-05-06,2024-05-27,4,transfer_sin_especificacion,9.346125291955455e-08,0.0,515.06
2024-05-06,2024-05-27,4,chantilly_dulce,0.0008329045513482673,0.43,515.06
2024-05-06,2024-05-27,4,chantilly_asturias,0.0007527253538128808,0.39,515.06
2024-05-06,2024-05-27,4,chips_blanco_alpezzi,0.1710552574319133,88.1,515.06
2024-05-06,2024-05-27,4,fondant_nata_coco_blanco,0.07147517890021894,36.81,515.06
2024-05-06,2024-05-27,4,chantilly_dull,3.0126412154131175e-11,0.0,515.06
2024-05-06,2024-05-27,4,capacillos,0.03069403519117079,15.81,515.06
2024-05-06,2024-05-27,4,huevo_sin_especificacion,0.0001155243249366415,0.06,515.06
2024-05-06,2024-05-27,4,contenedor_mantecadas_inix_25_pz,0.0014057132545018801,0.72,515.06
2024-05-06,2024-05-27,4,confitier_semiamargo_turin,0.05788199838730962,29.81,515.06
2024-05-06,2024-05-27,4,chips_chocolate_semi,1.8024257946389323e-07,0.0,515.06
2024-05-06,2024-05-27,4,tegral_satin_vainilla,0.08342308312373334,42.97,515.06
2024-05-06,2024-05-27,4,transfer_hoja_de_arroz_gruesa,0.0002534736740111246,0.13,515.06
2024-05-06,2024-05-27,4,tegral_satin_chocolate,0.03461961844090377,17.83,515.06
2024-05-06,2024-05-27,4,domo_cupcake_12,0.011147487229306656,5.74,515.06
2024-05-06,2024-05-27,4,mantequilla_gloria_presentacion_no_especificada,0.001812851148308075,0.93,515.06
2024-05-06,2024-05-27,4,ferrero_rocher_t16,2.363286695259874e-06,0.0,515.06
2024-05-06,2024-05-27,4,huevo_san_juan,8.11463852516308e-08,0.0,515.06
2024-05-06,2024-05-27,4,relleno_zarzamora_puratos,2.878906837223575e-08,0.0,515.06
2024-05-06,2024-05-27,4,aceite_sin_especificacion,2.4438253678182433e-13,0.0,515.06
2024-05-06,2024-05-27,4,matizador,8.296983038409571e-07,0.0,515.06
2024-05-06,2024-05-27,4,caja_de_carton_para_cupcake_6_pz,2.1760165727842883e-18,0.0,515.06
2024-05-06,2024-05-27,4,carlos_v_stick,1.2406723450889795e-07,0.0,515.06
2024-05-06,2024-05-27,4,kisses_leche,3.150658614879261e-05,0.02,515.06
2024-05-06,2024-05-27,4,empaque_32_x_32_x_30,3.0851131970845142e-06,0.0,515.06
2024-05-06,2024-05-27,4,ferrero_sin_especificacion,1.1826965591870381e-10,0.0,515.06
2024-05-06,2024-05-27,4,domo_media_plancha_inix,0.02634750942249871,13.57,515.06
2024-05-06,2024-05-27,4,deiman_plumones_magicos,5.161942250722509e-20,0.0,515.06
2024-05-06,2024-05-27,4,empaque_30_x_30_x_30,2.872346769699375e-06,0.0,515.06
2024-05-06,2024-05-27,4,queso_crema_suelto,2.783424262107375e-11,0.0,515.06
2024-05-06,2024-05-27,4,royal_icing_deiman_50_sin_unidad,2.509702821732393e-11,0.0,515.06
2024-05-06,2024-05-27,4,pegamento_fondant,0.011384996923969886,5.86,515.06
2024-05-06,2024-05-27,4,base_28_cm,9.07709439421774e-09,0.0,515.06
2024-05-06,2024-05-27,4,bailey_s,5.1283750658565955e-06,0.0,515.06
2024-05-06,2024-05-27,4,domo_1_4_plancha,0.00632462959403464,3.26,515.06
2024-05-06,2024-05-27,4,colorantes_9_colores,1.8096438018904093e-12,0.0,515.06
2024-05-06,2024-05-27,4,sabrosano,0.000102753382225964,0.05,515.06
2024-05-06,2024-05-27,4,huevo_blanco_tepa_de_linea,3.165481647069221e-09,0.0,515.06
2024-05-06,2024-05-27,4,mangas,4.8507999733506356e-05,0.03,515.06
2024-05-06,2024-05-27,4,relleno_durazno_puratos,0.00020624254334864432,0.11,515.06
2024-05-06,2024-05-27,4,kit_kat_9_pz,0.00014988884423670999,0.08,515.06
2024-05-06,2024-05-27,4,oblea_arroz,0.002513779518728256,1.3,515.06
2024-05-06,2024-05-27,4,huevo_calvario,0.0002686310154180392,0.14,515.06
2024-05-06,2024-05-27,4,bisagra_12_cupcakes,6.051136336629474e-07,0.0,515.06
2024-05-06,2024-05-27,4,chocolate_sin_especificacion,3.863583167321294e-10,0.0,515.06
2024-05-06,2024-05-27,4,caja_cupcake_12,1.8477789538522432e-11,0.0,515.06
2024-05-06,2024-05-27,4,empaque_31_x_31_x_20,1.968089453312535e-06,0.0,515.06
2024-05-06,2024-05-27,4,oreo_273_6,9.56478504199346e-07,0.0,515.06
2024-05-06,2024-05-27,4,perlas_sin_especificacion,3.355589705690367e-08,0.0,515.06
2024-05-06,2024-05-27,4,chips_chocolate_con_l,7.116982370656418e-11,0.0,515.06
2024-05-06,2024-05-27,4,relleno_fresa_frutifru,1.1104811493769677e-07,0.0,515.06
2024-05-06,2024-05-27,4,base_36_cm_doble,4.223507001472448e-10,0.0,515.06
2024-05-06,2024-05-27,4,harina_red_velvet_esp,3.0105118077753785e-15,0.0,515.06
2024-05-06,2024-05-27,4,mantequilla_gloria_verde,0.008346882605374023,4.3,515.06
2024-05-06,2024-05-27,4,caja_cupcake_6,1.1146408665145328e-08,0.0,515.06
2024-05-06,2024-05-27,4,botellas_jack_daniels,1.5931943465786252e-07,0.0,515.06
2024-05-06,2024-05-27,4,royal_icing_sin_especificacion,1.95619601194327e-05,0.01,515.06
2024-05-06,2024-05-27,4,azucar_glass,5.305080592693581e-07,0.0,515.06
2024-05-06,2024-05-27,4,kisses_leche_choc_bl_807_gr,6.872821789762891e-11,0.0,515.06
2024-05-06,2024-05-27,4,dlr_malvavisco_chocolate_32_pz,4.405097790106127e-08,0.0,515.06
2024-05-06,2024-05-27,4,alpezzi_blanco,2.214888957797157e-07,0.0,515.06
2024-05-06,2024-05-27,4,relleno_queso_creme_p,1.8586470561971572e-08,0.0,515.06
2024-05-06,2024-05-27,4,ac_au800,4.8640838472704044e-11,0.0,515.06
2024-05-06,2024-05-27,4,domo_cupcake_6,3.982985866454008e-08,0.0,515.06
2024-05-06,2024-05-27,4,caja_cupcake_sin_capacidad,8.545548317187665e-16,0.0,515.06
2024-05-06,2024-05-27,4,red_velvet,3.048497393334352e-13,0.0,515.06
2024-05-06,2024-05-27,4,cereza_con_rabo_diana,7.741440343302639e-08,0.0,515.06
2024-05-06,2024-05-27,4,charola_galletera_alta_grande,0.00012282530278601278,0.06,515.06
2024-05-06,2024-05-27,4,mantequilla_gloria_22,4.605690651239637e-10,0.0,515.06
2024-05-06,2024-05-27,4,domo_cupcake_sin_capacidad,3.883454637224198e-20,0.0,515.06
2024-05-06,2024-05-27,4,relleno_zarzamora_fruitfil_puratos,0.021604003038262383,11.13,515.06
2024-05-06,2024-05-27,4,chips_rojo_alpezzi,0.002357183742226484,1.22,515.06
2024-05-06,2024-05-27,4,capacillo_floreado_alegria,3.51103890002226e-06,0.0,515.06
2024-05-06,2024-05-27,4,inix_contenedor_mantecadas,2.463269610553424e-20,0.0,515.06
2024-05-06,2024-05-27,4,otros,0.20205018396669783,104.07,515.06
2024-05-13,2024-05-13,1,fondant_sin_especificacion,1.1640261349926495e-06,0.0,800.77
2024-05-13,2024-05-13,1,nutella,0.008080194830202786,6.47,800.77
2024-05-13,2024-05-13,1,tegral_satin_creme_cake_sabor_no_especificado,0.006617448490090932,5.3,800.77
2024-05-13,2024-05-13,1,chantilly_sin_especificacion,8.258786340898812e-13,0.0,800.77
2024-05-13,2024-05-13,1,crema_batir_ambiente_1_l,0.2152490016971982,172.36,800.77
2024-05-13,2024-05-13,1,queso_philadelphia,0.0005031139261628678,0.4,800.77
2024-05-13,2024-05-13,1,tegral_satin_red_velvet,0.0221770514007005,17.76,800.77
2024-05-13,2024-05-13,1,easy_pastel_tres_leches_sabor_no_especificado,5.3273818238966974e-11,0.0,800.77
2024-05-13,2024-05-13,1,transfer_sin_especificacion,9.346125291955455e-08,0.0,800.77
2024-05-13,2024-05-13,1,chantilly_dulce,0.0008329045513482673,0.67,800.77
2024-05-13,2024-05-13,1,chantilly_asturias,0.0007527253538128808,0.6,800.77
2024-05-13,2024-05-13,1,chips_blanco_alpezzi,0.1710552574319133,136.98,800.77
2024-05-13,2024-05-13,1,fondant_nata_coco_blanco,0.07147517890021894,57.24,800.77
2024-05-13,2024-05-13,1,chantilly_dull,3.0126412154131175e-11,0.0,800.77
2024-05-13,2024-05-13,1,capacillos,0.03069403519117079,24.58,800.77
2024-05-13,2024-05-13,1,huevo_sin_especificacion,0.0001155243249366415,0.09,800.77
2024-05-13,2024-05-13,1,contenedor_mantecadas_inix_25_pz,0.0014057132545018801,1.13,800.77
2024-05-13,2024-05-13,1,confitier_semiamargo_turin,0.05788199838730962,46.35,800.77
2024-05-13,2024-05-13,1,chips_chocolate_semi,1.8024257946389325e-07,0.0,800.77
2024-05-13,2024-05-13,1,tegral_satin_vainilla,0.08342308312373335,66.8,800.77
2024-05-13,2024-05-13,1,transfer_hoja_de_arroz_gruesa,0.0002534736740111246,0.2,800.77
2024-05-13,2024-05-13,1,tegral_satin_chocolate,0.03461961844090378,27.72,800.77
2024-05-13,2024-05-13,1,domo_cupcake_12,0.011147487229306655,8.93,800.77
2024-05-13,2024-05-13,1,mantequilla_gloria_presentacion_no_especificada,0.0018128511483080747,1.45,800.77
2024-05-13,2024-05-13,1,ferrero_rocher_t16,2.3632866952598735e-06,0.0,800.77
2024-05-13,2024-05-13,1,huevo_san_juan,8.11463852516308e-08,0.0,800.77
2024-05-13,2024-05-13,1,relleno_zarzamora_puratos,2.8789068372235758e-08,0.0,800.77
2024-05-13,2024-05-13,1,aceite_sin_especificacion,2.4438253678182433e-13,0.0,800.77
2024-05-13,2024-05-13,1,matizador,8.296983038409573e-07,0.0,800.77
2024-05-13,2024-05-13,1,caja_de_carton_para_cupcake_6_pz,2.176016572784288e-18,0.0,800.77
2024-05-13,2024-05-13,1,carlos_v_stick,1.2406723450889795e-07,0.0,800.77
2024-05-13,2024-05-13,1,kisses_leche,3.150658614879261e-05,0.03,800.77
2024-05-13,2024-05-13,1,empaque_32_x_32_x_30,3.0851131970845142e-06,0.0,800.77
2024-05-13,2024-05-13,1,ferrero_sin_especificacion,1.1826965591870381e-10,0.0,800.77
2024-05-13,2024-05-13,1,domo_media_plancha_inix,0.026347509422498718,21.1,800.77
2024-05-13,2024-05-13,1,deiman_plumones_magicos,5.161942250722509e-20,0.0,800.77
2024-05-13,2024-05-13,1,empaque_30_x_30_x_30,2.872346769699375e-06,0.0,800.77
2024-05-13,2024-05-13,1,queso_crema_suelto,2.7834242621073753e-11,0.0,800.77
2024-05-13,2024-05-13,1,royal_icing_deiman_50_sin_unidad,2.509702821732393e-11,0.0,800.77
2024-05-13,2024-05-13,1,pegamento_fondant,0.011384996923969885,9.12,800.77
2024-05-13,2024-05-13,1,base_28_cm,9.07709439421774e-09,0.0,800.77
2024-05-13,2024-05-13,1,bailey_s,5.1283750658565955e-06,0.0,800.77
2024-05-13,2024-05-13,1,domo_1_4_plancha,0.006324629594034638,5.06,800.77
2024-05-13,2024-05-13,1,colorantes_9_colores,1.8096438018904095e-12,0.0,800.77
2024-05-13,2024-05-13,1,sabrosano,0.00010275338222596397,0.08,800.77
2024-05-13,2024-05-13,1,huevo_blanco_tepa_de_linea,3.1654816470692216e-09,0.0,800.77
2024-05-13,2024-05-13,1,mangas,4.8507999733506356e-05,0.04,800.77
2024-05-13,2024-05-13,1,relleno_durazno_puratos,0.00020624254334864432,0.17,800.77
2024-05-13,2024-05-13,1,kit_kat_9_pz,0.00014988884423670996,0.12,800.77
2024-05-13,2024-05-13,1,oblea_arroz,0.0025137795187282564,2.01,800.77
2024-05-13,2024-05-13,1,huevo_calvario,0.0002686310154180392,0.22,800.77
2024-05-13,2024-05-13,1,bisagra_12_cupcakes,6.051136336629473e-07,0.0,800.77
2024-05-13,2024-05-13,1,chocolate_sin_especificacion,3.863583167321295e-10,0.0,800.77
2024-05-13,2024-05-13,1,caja_cupcake_12,1.8477789538522432e-11,0.0,800.77
2024-05-13,2024-05-13,1,empaque_31_x_31_x_20,1.968089453312535e-06,0.0,800.77
2024-05-13,2024-05-13,1,oreo_273_6,9.56478504199346e-07,0.0,800.77
2024-05-13,2024-05-13,1,perlas_sin_especificacion,3.355589705690366e-08,0.0,800.77
2024-05-13,2024-05-13,1,chips_chocolate_con_l,7.116982370656417e-11,0.0,800.77
2024-05-13,2024-05-13,1,relleno_fresa_frutifru,1.1104811493769677e-07,0.0,800.77
2024-05-13,2024-05-13,1,base_36_cm_doble,4.223507001472449e-10,0.0,800.77
2024-05-13,2024-05-13,1,harina_red_velvet_esp,3.010511807775378e-15,0.0,800.77
2024-05-13,2024-05-13,1,mantequilla_gloria_verde,0.008346882605374025,6.68,800.77
2024-05-13,2024-05-13,1,caja_cupcake_6,1.1146408665145328e-08,0.0,800.77
2024-05-13,2024-05-13,1,botellas_jack_daniels,1.5931943465786252e-07,0.0,800.77
2024-05-13,2024-05-13,1,royal_icing_sin_especificacion,1.9561960119432697e-05,0.02,800.77
2024-05-13,2024-05-13,1,azucar_glass,5.30508059269358e-07,0.0,800.77
2024-05-13,2024-05-13,1,kisses_leche_choc_bl_807_gr,6.872821789762891e-11,0.0,800.77
2024-05-13,2024-05-13,1,dlr_malvavisco_chocolate_32_pz,4.4050977901061266e-08,0.0,800.77
2024-05-13,2024-05-13,1,alpezzi_blanco,2.2148889577971566e-07,0.0,800.77
2024-05-13,2024-05-13,1,relleno_queso_creme_p,1.858647056197157e-08,0.0,800.77
2024-05-13,2024-05-13,1,ac_au800,4.8640838472704044e-11,0.0,800.77
2024-05-13,2024-05-13,1,domo_cupcake_6,3.982985866454007e-08,0.0,800.77
2024-05-13,2024-05-13,1,caja_cupcake_sin_capacidad,8.545548317187665e-16,0.0,800.77
2024-05-13,2024-05-13,1,red_velvet,3.048497393334352e-13,0.0,800.77
2024-05-13,2024-05-13,1,cereza_con_rabo_diana,7.74144034330264e-08,0.0,800.77
2024-05-13,2024-05-13,1,charola_galletera_alta_grande,0.0001228253027860128,0.1,800.77
2024-05-13,2024-05-13,1,mantequilla_gloria_22,4.605690651239637e-10,0.0,800.77
2024-05-13,2024-05-13,1,domo_cupcake_sin_capacidad,3.883454637224197e-20,0.0,800.77
2024-05-13,2024-05-13,1,relleno_zarzamora_fruitfil_puratos,0.021604003038262386,17.3,800.77
2024-05-13,2024-05-13,1,chips_rojo_alpezzi,0.0023571837422264844,1.89,800.77
2024-05-13,2024-05-13,1,capacillo_floreado_alegria,3.51103890002226e-06,0.0,800.77
2024-05-13,2024-05-13,1,inix_contenedor_mantecadas,2.4632696105534237e-20,0.0,800.77
2024-05-13,2024-05-13,1,otros,0.20205018396669785,161.8,800.77
2024-05-13,2024-05-20,2,fondant_sin_especificacion,1.1640261349926495e-06,0.0,766.1299999999999
2024-05-13,2024-05-20,2,nutella,0.008080194830202786,6.19,766.1299999999999
2024-05-13,2024-05-20,2,tegral_satin_creme_cake_sabor_no_especificado,0.006617448490090932,5.07,766.1299999999999
2024-05-13,2024-05-20,2,chantilly_sin_especificacion,8.258786340898812e-13,0.0,766.1299999999999
2024-05-13,2024-05-20,2,crema_batir_ambiente_1_l,0.2152490016971982,164.91,766.1299999999999
2024-05-13,2024-05-20,2,queso_philadelphia,0.0005031139261628678,0.39,766.1299999999999
2024-05-13,2024-05-20,2,tegral_satin_red_velvet,0.0221770514007005,16.99,766.1299999999999
2024-05-13,2024-05-20,2,easy_pastel_tres_leches_sabor_no_especificado,5.3273818238966974e-11,0.0,766.1299999999999
2024-05-13,2024-05-20,2,transfer_sin_especificacion,9.346125291955455e-08,0.0,766.1299999999999
2024-05-13,2024-05-20,2,chantilly_dulce,0.0008329045513482673,0.64,766.1299999999999
2024-05-13,2024-05-20,2,chantilly_asturias,0.0007527253538128808,0.58,766.1299999999999
2024-05-13,2024-05-20,2,chips_blanco_alpezzi,0.1710552574319133,131.05,766.1299999999999
2024-05-13,2024-05-20,2,fondant_nata_coco_blanco,0.07147517890021894,54.76,766.1299999999999
2024-05-13,2024-05-20,2,chantilly_dull,3.0126412154131175e-11,0.0,766.1299999999999
2024-05-13,2024-05-20,2,capacillos,0.03069403519117079,23.52,766.1299999999999
2024-05-13,2024-05-20,2,huevo_sin_especificacion,0.0001155243249366415,0.09,766.1299999999999
2024-05-13,2024-05-20,2,contenedor_mantecadas_inix_25_pz,0.0014057132545018801,1.08,766.1299999999999
2024-05-13,2024-05-20,2,confitier_semiamargo_turin,0.05788199838730962,44.35,766.1299999999999
2024-05-13,2024-05-20,2,chips_chocolate_semi,1.8024257946389325e-07,0.0,766.1299999999999
2024-05-13,2024-05-20,2,tegral_satin_vainilla,0.08342308312373335,63.91,766.1299999999999
2024-05-13,2024-05-20,2,transfer_hoja_de_arroz_gruesa,0.0002534736740111246,0.19,766.1299999999999
2024-05-13,2024-05-20,2,tegral_satin_chocolate,0.03461961844090378,26.52,766.1299999999999
2024-05-13,2024-05-20,2,domo_cupcake_12,0.011147487229306655,8.54,766.1299999999999
2024-05-13,2024-05-20,2,mantequilla_gloria_presentacion_no_especificada,0.0018128511483080747,1.39,766.1299999999999
2024-05-13,2024-05-20,2,ferrero_rocher_t16,2.3632866952598735e-06,0.0,766.1299999999999
2024-05-13,2024-05-20,2,huevo_san_juan,8.11463852516308e-08,0.0,766.1299999999999
2024-05-13,2024-05-20,2,relleno_zarzamora_puratos,2.8789068372235758e-08,0.0,766.1299999999999
2024-05-13,2024-05-20,2,aceite_sin_especificacion,2.4438253678182433e-13,0.0,766.1299999999999
2024-05-13,2024-05-20,2,matizador,8.296983038409573e-07,0.0,766.1299999999999
2024-05-13,2024-05-20,2,caja_de_carton_para_cupcake_6_pz,2.176016572784288e-18,0.0,766.1299999999999
2024-05-13,2024-05-20,2,carlos_v_stick,1.2406723450889795e-07,0.0,766.1299999999999
2024-05-13,2024-05-20,2,kisses_leche,3.150658614879261e-05,0.02,766.1299999999999
2024-05-13,2024-05-20,2,empaque_32_x_32_x_30,3.0851131970845142e-06,0.0,766.1299999999999
2024-05-13,2024-05-20,2,ferrero_sin_especificacion,1.1826965591870381e-10,0.0,766.1299999999999
2024-05-13,2024-05-20,2,domo_media_plancha_inix,0.026347509422498718,20.19,766.1299999999999
2024-05-13,2024-05-20,2,deiman_plumones_magicos,5.161942250722509e-20,0.0,766.1299999999999
2024-05-13,2024-05-20,2,empaque_30_x_30_x_30,2.872346769699375e-06,0.0,766.1299999999999
2024-05-13,2024-05-20,2,queso_crema_suelto,2.7834242621073753e-11,0.0,766.1299999999999
2024-05-13,2024-05-20,2,royal_icing_deiman_50_sin_unidad,2.509702821732393e-11,0.0,766.1299999999999
2024-05-13,2024-05-20,2,pegamento_fondant,0.011384996923969885,8.72,766.1299999999999
2024-05-13,2024-05-20,2,base_28_cm,9.07709439421774e-09,0.0,766.1299999999999
2024-05-13,2024-05-20,2,bailey_s,5.1283750658565955e-06,0.0,766.1299999999999
2024-05-13,2024-05-20,2,domo_1_4_plancha,0.006324629594034638,4.85,766.1299999999999
2024-05-13,2024-05-20,2,colorantes_9_colores,1.8096438018904095e-12,0.0,766.1299999999999
2024-05-13,2024-05-20,2,sabrosano,0.00010275338222596397,0.08,766.1299999999999
2024-05-13,2024-05-20,2,huevo_blanco_tepa_de_linea,3.1654816470692216e-09,0.0,766.1299999999999
2024-05-13,2024-05-20,2,mangas,4.8507999733506356e-05,0.04,766.1299999999999
2024-05-13,2024-05-20,2,relleno_durazno_puratos,0.00020624254334864432,0.16,766.1299999999999
2024-05-13,2024-05-20,2,kit_kat_9_pz,0.00014988884423670996,0.11,766.1299999999999
2024-05-13,2024-05-20,2,oblea_arroz,0.0025137795187282564,1.93,766.1299999999999
2024-05-13,2024-05-20,2,huevo_calvario,0.0002686310154180392,0.21,766.1299999999999
2024-05-13,2024-05-20,2,bisagra_12_cupcakes,6.051136336629473e-07,0.0,766.1299999999999
2024-05-13,2024-05-20,2,chocolate_sin_especificacion,3.863583167321295e-10,0.0,766.1299999999999
2024-05-13,2024-05-20,2,caja_cupcake_12,1.8477789538522432e-11,0.0,766.1299999999999
2024-05-13,2024-05-20,2,empaque_31_x_31_x_20,1.968089453312535e-06,0.0,766.1299999999999
2024-05-13,2024-05-20,2,oreo_273_6,9.56478504199346e-07,0.0,766.1299999999999
2024-05-13,2024-05-20,2,perlas_sin_especificacion,3.355589705690366e-08,0.0,766.1299999999999
2024-05-13,2024-05-20,2,chips_chocolate_con_l,7.116982370656417e-11,0.0,766.1299999999999
2024-05-13,2024-05-20,2,relleno_fresa_frutifru,1.1104811493769677e-07,0.0,766.1299999999999
2024-05-13,2024-05-20,2,base_36_cm_doble,4.223507001472449e-10,0.0,766.1299999999999
2024-05-13,2024-05-20,2,harina_red_velvet_esp,3.010511807775378e-15,0.0,766.1299999999999
2024-05-13,2024-05-20,2,mantequilla_gloria_verde,0.008346882605374025,6.39,766.1299999999999
2024-05-13,2024-05-20,2,caja_cupcake_6,1.1146408665145328e-08,0.0,766.1299999999999
2024-05-13,2024-05-20,2,botellas_jack_daniels,1.5931943465786252e-07,0.0,766.1299999999999
2024-05-13,2024-05-20,2,royal_icing_sin_especificacion,1.9561960119432697e-05,0.01,766.1299999999999
2024-05-13,2024-05-20,2,azucar_glass,5.30508059269358e-07,0.0,766.1299999999999
2024-05-13,2024-05-20,2,kisses_leche_choc_bl_807_gr,6.872821789762891e-11,0.0,766.1299999999999
2024-05-13,2024-05-20,2,dlr_malvavisco_chocolate_32_pz,4.4050977901061266e-08,0.0,766.1299999999999
2024-05-13,2024-05-20,2,alpezzi_blanco,2.2148889577971566e-07,0.0,766.1299999999999
2024-05-13,2024-05-20,2,relleno_queso_creme_p,1.858647056197157e-08,0.0,766.1299999999999
2024-05-13,2024-05-20,2,ac_au800,4.8640838472704044e-11,0.0,766.1299999999999
2024-05-13,2024-05-20,2,domo_cupcake_6,3.982985866454007e-08,0.0,766.1299999999999
2024-05-13,2024-05-20,2,caja_cupcake_sin_capacidad,8.545548317187665e-16,0.0,766.1299999999999
2024-05-13,2024-05-20,2,red_velvet,3.048497393334352e-13,0.0,766.1299999999999
2024-05-13,2024-05-20,2,cereza_con_rabo_diana,7.74144034330264e-08,0.0,766.1299999999999
2024-05-13,2024-05-20,2,charola_galletera_alta_grande,0.0001228253027860128,0.09,766.1299999999999
2024-05-13,2024-05-20,2,mantequilla_gloria_22,4.605690651239637e-10,0.0,766.1299999999999
2024-05-13,2024-05-20,2,domo_cupcake_sin_capacidad,3.883454637224197e-20,0.0,766.1299999999999
2024-05-13,2024-05-20,2,relleno_zarzamora_fruitfil_puratos,0.021604003038262386,16.55,766.1299999999999
2024-05-13,2024-05-20,2,chips_rojo_alpezzi,0.0023571837422264844,1.81,766.1299999999999
2024-05-13,2024-05-20,2,capacillo_floreado_alegria,3.51103890002226e-06,0.0,766.1299999999999
2024-05-13,2024-05-20,2,inix_contenedor_mantecadas,2.4632696105534237e-20,0.0,766.1299999999999
2024-05-13,2024-05-20,2,otros,0.20205018396669785,154.8,766.1299999999999
2024-05-13,2024-05-27,3,fondant_sin_especificacion,1.1640261349926495e-06,0.0,759.49
2024-05-13,2024-05-27,3,nutella,0.008080194830202786,6.14,759.49
2024-05-13,2024-05-27,3,tegral_satin_creme_cake_sabor_no_especificado,0.006617448490090932,5.03,759.49
2024-05-13,2024-05-27,3,chantilly_sin_especificacion,8.258786340898812e-13,0.0,759.49
2024-05-13,2024-05-27,3,crema_batir_ambiente_1_l,0.2152490016971982,163.48,759.49
2024-05-13,2024-05-27,3,queso_philadelphia,0.0005031139261628678,0.38,759.49
2024-05-13,2024-05-27,3,tegral_satin_red_velvet,0.0221770514007005,16.84,759.49
2024-05-13,2024-05-27,3,easy_pastel_tres_leches_sabor_no_especificado,5.3273818238966974e-11,0.0,759.49
2024-05-13,2024-05-27,3,transfer_sin_especificacion,9.346125291955455e-08,0.0,759.49
2024-05-13,2024-05-27,3,chantilly_dulce,0.0008329045513482673,0.63,759.49
2024-05-13,2024-05-27,3,chantilly_asturias,0.0007527253538128808,0.57,759.49
2024-05-13,2024-05-27,3,chips_blanco_alpezzi,0.1710552574319133,129.92,759.49
2024-05-13,2024-05-27,3,fondant_nata_coco_blanco,0.07147517890021894,54.29,759.49
2024-05-13,2024-05-27,3,chantilly_dull,3.0126412154131175e-11,0.0,759.49
2024-05-13,2024-05-27,3,capacillos,0.03069403519117079,23.31,759.49
2024-05-13,2024-05-27,3,huevo_sin_especificacion,0.0001155243249366415,0.09,759.49
2024-05-13,2024-05-27,3,contenedor_mantecadas_inix_25_pz,0.0014057132545018801,1.07,759.49
2024-05-13,2024-05-27,3,confitier_semiamargo_turin,0.05788199838730962,43.96,759.49
2024-05-13,2024-05-27,3,chips_chocolate_semi,1.8024257946389325e-07,0.0,759.49
2024-05-13,2024-05-27,3,tegral_satin_vainilla,0.08342308312373335,63.36,759.49
2024-05-13,2024-05-27,3,transfer_hoja_de_arroz_gruesa,0.0002534736740111246,0.19,759.49
2024-05-13,2024-05-27,3,tegral_satin_chocolate,0.03461961844090378,26.29,759.49
2024-05-13,2024-05-27,3,domo_cupcake_12,0.011147487229306655,8.47,759.49
2024-05-13,2024-05-27,3,mantequilla_gloria_presentacion_no_especificada,0.0018128511483080747,1.38,759.49
2024-05-13,2024-05-27,3,ferrero_rocher_t16,2.3632866952598735e-06,0.0,759.49
2024-05-13,2024-05-27,3,huevo_san_juan,8.11463852516308e-08,0.0,759.49
2024-05-13,2024-05-27,3,relleno_zarzamora_puratos,2.8789068372235758e-08,0.0,759.49
2024-05-13,2024-05-27,3,aceite_sin_especificacion,2.4438253678182433e-13,0.0,759.49
2024-05-13,2024-05-27,3,matizador,8.296983038409573e-07,0.0,759.49
2024-05-13,2024-05-27,3,caja_de_carton_para_cupcake_6_pz,2.176016572784288e-18,0.0,759.49
2024-05-13,2024-05-27,3,carlos_v_stick,1.2406723450889795e-07,0.0,759.49
2024-05-13,2024-05-27,3,kisses_leche,3.150658614879261e-05,0.02,759.49
2024-05-13,2024-05-27,3,empaque_32_x_32_x_30,3.0851131970845142e-06,0.0,759.49
2024-05-13,2024-05-27,3,ferrero_sin_especificacion,1.1826965591870381e-10,0.0,759.49
2024-05-13,2024-05-27,3,domo_media_plancha_inix,0.026347509422498718,20.01,759.49
2024-05-13,2024-05-27,3,deiman_plumones_magicos,5.161942250722509e-20,0.0,759.49
2024-05-13,2024-05-27,3,empaque_30_x_30_x_30,2.872346769699375e-06,0.0,759.49
2024-05-13,2024-05-27,3,queso_crema_suelto,2.7834242621073753e-11,0.0,759.49
2024-05-13,2024-05-27,3,royal_icing_deiman_50_sin_unidad,2.509702821732393e-11,0.0,759.49
2024-05-13,2024-05-27,3,pegamento_fondant,0.011384996923969885,8.65,759.49
2024-05-13,2024-05-27,3,base_28_cm,9.07709439421774e-09,0.0,759.49
2024-05-13,2024-05-27,3,bailey_s,5.1283750658565955e-06,0.0,759.49
2024-05-13,2024-05-27,3,domo_1_4_plancha,0.006324629594034638,4.8,759.49
2024-05-13,2024-05-27,3,colorantes_9_colores,1.8096438018904095e-12,0.0,759.49
2024-05-13,2024-05-27,3,sabrosano,0.00010275338222596397,0.08,759.49
2024-05-13,2024-05-27,3,huevo_blanco_tepa_de_linea,3.1654816470692216e-09,0.0,759.49
2024-05-13,2024-05-27,3,mangas,4.8507999733506356e-05,0.04,759.49
2024-05-13,2024-05-27,3,relleno_durazno_puratos,0.00020624254334864432,0.16,759.49
2024-05-13,2024-05-27,3,kit_kat_9_pz,0.00014988884423670996,0.11,759.49
2024-05-13,2024-05-27,3,oblea_arroz,0.0025137795187282564,1.91,759.49
2024-05-13,2024-05-27,3,huevo_calvario,0.0002686310154180392,0.2,759.49
2024-05-13,2024-05-27,3,bisagra_12_cupcakes,6.051136336629473e-07,0.0,759.49
2024-05-13,2024-05-27,3,chocolate_sin_especificacion,3.863583167321295e-10,0.0,759.49
2024-05-13,2024-05-27,3,caja_cupcake_12,1.8477789538522432e-11,0.0,759.49
2024-05-13,2024-05-27,3,empaque_31_x_31_x_20,1.968089453312535e-06,0.0,759.49
2024-05-13,2024-05-27,3,oreo_273_6,9.56478504199346e-07,0.0,759.49
2024-05-13,2024-05-27,3,perlas_sin_especificacion,3.355589705690366e-08,0.0,759.49
2024-05-13,2024-05-27,3,chips_chocolate_con_l,7.116982370656417e-11,0.0,759.49
2024-05-13,2024-05-27,3,relleno_fresa_frutifru,1.1104811493769677e-07,0.0,759.49
2024-05-13,2024-05-27,3,base_36_cm_doble,4.223507001472449e-10,0.0,759.49
2024-05-13,2024-05-27,3,harina_red_velvet_esp,3.010511807775378e-15,0.0,759.49
2024-05-13,2024-05-27,3,mantequilla_gloria_verde,0.008346882605374025,6.34,759.49
2024-05-13,2024-05-27,3,caja_cupcake_6,1.1146408665145328e-08,0.0,759.49
2024-05-13,2024-05-27,3,botellas_jack_daniels,1.5931943465786252e-07,0.0,759.49
2024-05-13,2024-05-27,3,royal_icing_sin_especificacion,1.9561960119432697e-05,0.02,759.49
2024-05-13,2024-05-27,3,azucar_glass,5.30508059269358e-07,0.0,759.49
2024-05-13,2024-05-27,3,kisses_leche_choc_bl_807_gr,6.872821789762891e-11,0.0,759.49
2024-05-13,2024-05-27,3,dlr_malvavisco_chocolate_32_pz,4.4050977901061266e-08,0.0,759.49
2024-05-13,2024-05-27,3,alpezzi_blanco,2.2148889577971566e-07,0.0,759.49
2024-05-13,2024-05-27,3,relleno_queso_creme_p,1.858647056197157e-08,0.0,759.49
2024-05-13,2024-05-27,3,ac_au800,4.8640838472704044e-11,0.0,759.49
2024-05-13,2024-05-27,3,domo_cupcake_6,3.982985866454007e-08,0.0,759.49
2024-05-13,2024-05-27,3,caja_cupcake_sin_capacidad,8.545548317187665e-16,0.0,759.49
2024-05-13,2024-05-27,3,red_velvet,3.048497393334352e-13,0.0,759.49
2024-05-13,2024-05-27,3,cereza_con_rabo_diana,7.74144034330264e-08,0.0,759.49
2024-05-13,2024-05-27,3,charola_galletera_alta_grande,0.0001228253027860128,0.09,759.49
2024-05-13,2024-05-27,3,mantequilla_gloria_22,4.605690651239637e-10,0.0,759.49
2024-05-13,2024-05-27,3,domo_cupcake_sin_capacidad,3.883454637224197e-20,0.0,759.49
2024-05-13,2024-05-27,3,relleno_zarzamora_fruitfil_puratos,0.021604003038262386,16.41,759.49
2024-05-13,2024-05-27,3,chips_rojo_alpezzi,0.0023571837422264844,1.79,759.49
2024-05-13,2024-05-27,3,capacillo_floreado_alegria,3.51103890002226e-06,0.0,759.49
2024-05-13,2024-05-27,3,inix_contenedor_mantecadas,2.4632696105534237e-20,0.0,759.49
2024-05-13,2024-05-27,3,otros,0.20205018396669785,153.46,759.49
2024-05-13,2024-06-03,4,fondant_sin_especificacion,1.1640261349926495e-06,0.0,435.0999999999999
2024-05-13,2024-06-03,4,nutella,0.008080194830202786,3.52,435.0999999999999
2024-05-13,2024-06-03,4,tegral_satin_creme_cake_sabor_no_especificado,0.006617448490090932,2.88,435.0999999999999
2024-05-13,2024-06-03,4,chantilly_sin_especificacion,8.258786340898812e-13,0.0,435.0999999999999
2024-05-13,2024-06-03,4,crema_batir_ambiente_1_l,0.2152490016971982,93.66,435.0999999999999
2024-05-13,2024-06-03,4,queso_philadelphia,0.0005031139261628678,0.22,435.0999999999999
2024-05-13,2024-06-03,4,tegral_satin_red_velvet,0.0221770514007005,9.65,435.0999999999999
2024-05-13,2024-06-03,4,easy_pastel_tres_leches_sabor_no_especificado,5.3273818238966974e-11,0.0,435.0999999999999
2024-05-13,2024-06-03,4,transfer_sin_especificacion,9.346125291955455e-08,0.0,435.0999999999999
2024-05-13,2024-06-03,4,chantilly_dulce,0.0008329045513482673,0.36,435.0999999999999
2024-05-13,2024-06-03,4,chantilly_asturias,0.0007527253538128808,0.33,435.0999999999999
2024-05-13,2024-06-03,4,chips_blanco_alpezzi,0.1710552574319133,74.43,435.0999999999999
2024-05-13,2024-06-03,4,fondant_nata_coco_blanco,0.07147517890021894,31.1,435.0999999999999
2024-05-13,2024-06-03,4,chantilly_dull,3.0126412154131175e-11,0.0,435.0999999999999
2024-05-13,2024-06-03,4,capacillos,0.03069403519117079,13.36,435.0999999999999
2024-05-13,2024-06-03,4,huevo_sin_especificacion,0.0001155243249366415,0.05,435.0999999999999
2024-05-13,2024-06-03,4,contenedor_mantecadas_inix_25_pz,0.0014057132545018801,0.61,435.0999999999999
2024-05-13,2024-06-03,4,confitier_semiamargo_turin,0.05788199838730962,25.18,435.0999999999999
2024-05-13,2024-06-03,4,chips_chocolate_semi,1.8024257946389325e-07,0.0,435.0999999999999
2024-05-13,2024-06-03,4,tegral_satin_vainilla,0.08342308312373335,36.3,435.0999999999999
2024-05-13,2024-06-03,4,transfer_hoja_de_arroz_gruesa,0.0002534736740111246,0.11,435.0999999999999
2024-05-13,2024-06-03,4,tegral_satin_chocolate,0.03461961844090378,15.06,435.0999999999999
2024-05-13,2024-06-03,4,domo_cupcake_12,0.011147487229306655,4.85,435.0999999999999
2024-05-13,2024-06-03,4,mantequilla_gloria_presentacion_no_especificada,0.0018128511483080747,0.79,435.0999999999999
2024-05-13,2024-06-03,4,ferrero_rocher_t16,2.3632866952598735e-06,0.0,435.0999999999999
2024-05-13,2024-06-03,4,huevo_san_juan,8.11463852516308e-08,0.0,435.0999999999999
2024-05-13,2024-06-03,4,relleno_zarzamora_puratos,2.8789068372235758e-08,0.0,435.0999999999999
2024-05-13,2024-06-03,4,aceite_sin_especificacion,2.4438253678182433e-13,0.0,435.0999999999999
2024-05-13,2024-06-03,4,matizador,8.296983038409573e-07,0.0,435.0999999999999
2024-05-13,2024-06-03,4,caja_de_carton_para_cupcake_6_pz,2.176016572784288e-18,0.0,435.0999999999999
2024-05-13,2024-06-03,4,carlos_v_stick,1.2406723450889795e-07,0.0,435.0999999999999
2024-05-13,2024-06-03,4,kisses_leche,3.150658614879261e-05,0.01,435.0999999999999
2024-05-13,2024-06-03,4,empaque_32_x_32_x_30,3.0851131970845142e-06,0.0,435.0999999999999
2024-05-13,2024-06-03,4,ferrero_sin_especificacion,1.1826965591870381e-10,0.0,435.0999999999999
2024-05-13,2024-06-03,4,domo_media_plancha_inix,0.026347509422498718,11.46,435.0999999999999
2024-05-13,2024-06-03,4,deiman_plumones_magicos,5.161942250722509e-20,0.0,435.0999999999999
2024-05-13,2024-06-03,4,empaque_30_x_30_x_30,2.872346769699375e-06,0.0,435.0999999999999
2024-05-13,2024-06-03,4,queso_crema_suelto,2.7834242621073753e-11,0.0,435.0999999999999
2024-05-13,2024-06-03,4,royal_icing_deiman_50_sin_unidad,2.509702821732393e-11,0.0,435.0999999999999
2024-05-13,2024-06-03,4,pegamento_fondant,0.011384996923969885,4.95,435.0999999999999
2024-05-13,2024-06-03,4,base_28_cm,9.07709439421774e-09,0.0,435.0999999999999
2024-05-13,2024-06-03,4,bailey_s,5.1283750658565955e-06,0.0,435.0999999999999
2024-05-13,2024-06-03,4,domo_1_4_plancha,0.006324629594034638,2.75,435.0999999999999
2024-05-13,2024-06-03,4,colorantes_9_colores,1.8096438018904095e-12,0.0,435.0999999999999
2024-05-13,2024-06-03,4,sabrosano,0.00010275338222596397,0.05,435.0999999999999
2024-05-13,2024-06-03,4,huevo_blanco_tepa_de_linea,3.1654816470692216e-09,0.0,435.0999999999999
2024-05-13,2024-06-03,4,mangas,4.8507999733506356e-05,0.02,435.0999999999999
2024-05-13,2024-06-03,4,relleno_durazno_puratos,0.00020624254334864432,0.09,435.0999999999999
2024-05-13,2024-06-03,4,kit_kat_9_pz,0.00014988884423670996,0.07,435.0999999999999
2024-05-13,2024-06-03,4,oblea_arroz,0.0025137795187282564,1.09,435.0999999999999
2024-05-13,2024-06-03,4,huevo_calvario,0.0002686310154180392,0.12,435.0999999999999
2024-05-13,2024-06-03,4,bisagra_12_cupcakes,6.051136336629473e-07,0.0,435.0999999999999
2024-05-13,2024-06-03,4,chocolate_sin_especificacion,3.863583167321295e-10,0.0,435.0999999999999
2024-05-13,2024-06-03,4,caja_cupcake_12,1.8477789538522432e-11,0.0,435.0999999999999
2024-05-13,2024-06-03,4,empaque_31_x_31_x_20,1.968089453312535e-06,0.0,435.0999999999999
2024-05-13,2024-06-03,4,oreo_273_6,9.56478504199346e-07,0.0,435.0999999999999
2024-05-13,2024-06-03,4,perlas_sin_especificacion,3.355589705690366e-08,0.0,435.0999999999999
2024-05-13,2024-06-03,4,chips_chocolate_con_l,7.116982370656417e-11,0.0,435.0999999999999
2024-05-13,2024-06-03,4,relleno_fresa_frutifru,1.1104811493769677e-07,0.0,435.0999999999999
2024-05-13,2024-06-03,4,base_36_cm_doble,4.223507001472449e-10,0.0,435.0999999999999
2024-05-13,2024-06-03,4,harina_red_velvet_esp,3.010511807775378e-15,0.0,435.0999999999999
2024-05-13,2024-06-03,4,mantequilla_gloria_verde,0.008346882605374025,3.63,435.0999999999999
2024-05-13,2024-06-03,4,caja_cupcake_6,1.1146408665145328e-08,0.0,435.0999999999999
2024-05-13,2024-06-03,4,botellas_jack_daniels,1.5931943465786252e-07,0.0,435.0999999999999
2024-05-13,2024-06-03,4,royal_icing_sin_especificacion,1.9561960119432697e-05,0.01,435.0999999999999
2024-05-13,2024-06-03,4,azucar_glass,5.30508059269358e-07,0.0,435.0999999999999
2024-05-13,2024-06-03,4,kisses_leche_choc_bl_807_gr,6.872821789762891e-11,0.0,435.0999999999999
2024-05-13,2024-06-03,4,dlr_malvavisco_chocolate_32_pz,4.4050977901061266e-08,0.0,435.0999999999999
2024-05-13,2024-06-03,4,alpezzi_blanco,2.2148889577971566e-07,0.0,435.0999999999999
2024-05-13,2024-06-03,4,relleno_queso_creme_p,1.858647056197157e-08,0.0,435.0999999999999
2024-05-13,2024-06-03,4,ac_au800,4.8640838472704044e-11,0.0,435.0999999999999
2024-05-13,2024-06-03,4,domo_cupcake_6,3.982985866454007e-08,0.0,435.0999999999999
2024-05-13,2024-06-03,4,caja_cupcake_sin_capacidad,8.545548317187665e-16,0.0,435.0999999999999
2024-05-13,2024-06-03,4,red_velvet,3.048497393334352e-13,0.0,435.0999999999999
2024-05-13,2024-06-03,4,cereza_con_rabo_diana,7.74144034330264e-08,0.0,435.0999999999999
2024-05-13,2024-06-03,4,charola_galletera_alta_grande,0.0001228253027860128,0.05,435.0999999999999
2024-05-13,2024-06-03,4,mantequilla_gloria_22,4.605690651239637e-10,0.0,435.0999999999999
2024-05-13,2024-06-03,4,domo_cupcake_sin_capacidad,3.883454637224197e-20,0.0,435.0999999999999
2024-05-13,2024-06-03,4,relleno_zarzamora_fruitfil_puratos,0.021604003038262386,9.4,435.0999999999999
2024-05-13,2024-06-03,4,chips_rojo_alpezzi,0.0023571837422264844,1.03,435.0999999999999
2024-05-13,2024-06-03,4,capacillo_floreado_alegria,3.51103890002226e-06,0.0,435.0999999999999
2024-05-13,2024-06-03,4,inix_contenedor_mantecadas,2.4632696105534237e-20,0.0,435.0999999999999
2024-05-13,2024-06-03,4,otros,0.20205018396669785,87.91,435.0999999999999
2024-05-20,2024-05-20,1,fondant_sin_especificacion,1.1640261349926495e-06,0.0,812.3199999999999
2024-05-20,2024-05-20,1,nutella,0.008080194830202784,6.56,812.3199999999999
2024-05-20,2024-05-20,1,tegral_satin_creme_cake_sabor_no_especificado,0.00661744849009093,5.38,812.3199999999999
2024-05-20,2024-05-20,1,chantilly_sin_especificacion,8.258786340898811e-13,0.0,812.3199999999999
2024-05-20,2024-05-20,1,crema_batir_ambiente_1_l,0.21524900169719824,174.85,812.3199999999999
2024-05-20,2024-05-20,1,queso_philadelphia,0.0005031139261628677,0.41,812.3199999999999
2024-05-20,2024-05-20,1,tegral_satin_red_velvet,0.022177051400700504,18.02,812.3199999999999
2024-05-20,2024-05-20,1,easy_pastel_tres_leches_sabor_no_especificado,5.327381823896698e-11,0.0,812.3199999999999
2024-05-20,2024-05-20,1,transfer_sin_especificacion,9.346125291955455e-08,0.0,812.3199999999999
2024-05-20,2024-05-20,1,chantilly_dulce,0.0008329045513482673,0.68,812.3199999999999
2024-05-20,2024-05-20,1,chantilly_asturias,0.0007527253538128808,0.61,812.3199999999999
2024-05-20,2024-05-20,1,chips_blanco_alpezzi,0.17105525743191327,138.95,812.3199999999999
2024-05-20,2024-05-20,1,fondant_nata_coco_blanco,0.07147517890021896,58.06,812.3199999999999
2024-05-20,2024-05-20,1,chantilly_dull,3.012641215413117e-11,0.0,812.3199999999999
2024-05-20,2024-05-20,1,capacillos,0.030694035191170782,24.93,812.3199999999999
2024-05-20,2024-05-20,1,huevo_sin_especificacion,0.00011552432493664148,0.09,812.3199999999999
2024-05-20,2024-05-20,1,contenedor_mantecadas_inix_25_pz,0.0014057132545018801,1.14,812.3199999999999
2024-05-20,2024-05-20,1,confitier_semiamargo_turin,0.05788199838730961,47.02,812.3199999999999
2024-05-20,2024-05-20,1,chips_chocolate_semi,1.8024257946389325e-07,0.0,812.3199999999999
2024-05-20,2024-05-20,1,tegral_satin_vainilla,0.08342308312373335,67.77,812.3199999999999
2024-05-20,2024-05-20,1,transfer_hoja_de_arroz_gruesa,0.0002534736740111246,0.21,812.3199999999999
2024-05-20,2024-05-20,1,tegral_satin_chocolate,0.03461961844090377,28.12,812.3199999999999
2024-05-20,2024-05-20,1,domo_cupcake_12,0.011147487229306655,9.06,812.3199999999999
2024-05-20,2024-05-20,1,mantequilla_gloria_presentacion_no_especificada,0.0018128511483080742,1.47,812.3199999999999
2024-05-20,2024-05-20,1,ferrero_rocher_t16,2.363286695259874e-06,0.0,812.3199999999999
2024-05-20,2024-05-20,1,huevo_san_juan,8.114638525163082e-08,0.0,812.3199999999999
2024-05-20,2024-05-20,1,relleno_zarzamora_puratos,2.8789068372235755e-08,0.0,812.3199999999999
2024-05-20,2024-05-20,1,aceite_sin_especificacion,2.4438253678182443e-13,0.0,812.3199999999999
2024-05-20,2024-05-20,1,matizador,8.296983038409571e-07,0.0,812.3199999999999
2024-05-20,2024-05-20,1,caja_de_carton_para_cupcake_6_pz,2.1760165727842883e-18,0.0,812.3199999999999
2024-05-20,2024-05-20,1,carlos_v_stick,1.2406723450889795e-07,0.0,812.3199999999999
2024-05-20,2024-05-20,1,kisses_leche,3.150658614879261e-05,0.03,812.3199999999999
2024-05-20,2024-05-20,1,empaque_32_x_32_x_30,3.0851131970845146e-06,0.0,812.3199999999999
2024-05-20,2024-05-20,1,ferrero_sin_especificacion,1.1826965591870384e-10,0.0,812.3199999999999
2024-05-20,2024-05-20,1,domo_media_plancha_inix,0.026347509422498715,21.4,812.3199999999999
2024-05-20,2024-05-20,1,deiman_plumones_magicos,5.1619422507225084e-20,0.0,812.3199999999999
2024-05-20,2024-05-20,1,empaque_30_x_30_x_30,2.8723467696993754e-06,0.0,812.3199999999999
2024-05-20,2024-05-20,1,queso_crema_suelto,2.7834242621073747e-11,0.0,812.3199999999999
2024-05-20,2024-05-20,1,royal_icing_deiman_50_sin_unidad,2.5097028217323927e-11,0.0,812.3199999999999
2024-05-20,2024-05-20,1,pegamento_fondant,0.011384996923969886,9.25,812.3199999999999
2024-05-20,2024-05-20,1,base_28_cm,9.07709439421774e-09,0.0,812.3199999999999
2024-05-20,2024-05-20,1,bailey_s,5.128375065856595e-06,0.0,812.3199999999999
2024-05-20,2024-05-20,1,domo_1_4_plancha,0.006324629594034639,5.14,812.3199999999999
2024-05-20,2024-05-20,1,colorantes_9_colores,1.8096438018904095e-12,0.0,812.3199999999999
2024-05-20,2024-05-20,1,sabrosano,0.00010275338222596397,0.08,812.3199999999999
2024-05-20,2024-05-20,1,huevo_blanco_tepa_de_linea,3.165481647069222e-09,0.0,812.3199999999999
2024-05-20,2024-05-20,1,mangas,4.850799973350635e-05,0.04,812.3199999999999
2024-05-20,2024-05-20,1,relleno_durazno_puratos,0.00020624254334864432,0.17,812.3199999999999
2024-05-20,2024-05-20,1,kit_kat_9_pz,0.00014988884423670996,0.12,812.3199999999999
2024-05-20,2024-05-20,1,oblea_arroz,0.002513779518728256,2.04,812.3199999999999
2024-05-20,2024-05-20,1,huevo_calvario,0.0002686310154180392,0.22,812.3199999999999
2024-05-20,2024-05-20,1,bisagra_12_cupcakes,6.051136336629474e-07,0.0,812.3199999999999
2024-05-20,2024-05-20,1,chocolate_sin_especificacion,3.863583167321295e-10,0.0,812.3199999999999
2024-05-20,2024-05-20,1,caja_cupcake_12,1.8477789538522432e-11,0.0,812.3199999999999
2024-05-20,2024-05-20,1,empaque_31_x_31_x_20,1.9680894533125353e-06,0.0,812.3199999999999
2024-05-20,2024-05-20,1,oreo_273_6,9.56478504199346e-07,0.0,812.3199999999999
2024-05-20,2024-05-20,1,perlas_sin_especificacion,3.3555897056903676e-08,0.0,812.3199999999999
2024-05-20,2024-05-20,1,chips_chocolate_con_l,7.116982370656418e-11,0.0,812.3199999999999
2024-05-20,2024-05-20,1,relleno_fresa_frutifru,1.1104811493769677e-07,0.0,812.3199999999999
2024-05-20,2024-05-20,1,base_36_cm_doble,4.2235070014724483e-10,0.0,812.3199999999999
2024-05-20,2024-05-20,1,harina_red_velvet_esp,3.0105118077753785e-15,0.0,812.3199999999999
2024-05-20,2024-05-20,1,mantequilla_gloria_verde,0.008346882605374025,6.78,812.3199999999999
2024-05-20,2024-05-20,1,caja_cupcake_6,1.1146408665145328e-08,0.0,812.3199999999999
2024-05-20,2024-05-20,1,botellas_jack_daniels,1.5931943465786252e-07,0.0,812.3199999999999
2024-05-20,2024-05-20,1,royal_icing_sin_especificacion,1.9561960119432703e-05,0.02,812.3199999999999
2024-05-20,2024-05-20,1,azucar_glass,5.30508059269358e-07,0.0,812.3199999999999
2024-05-20,2024-05-20,1,kisses_leche_choc_bl_807_gr,6.872821789762891e-11,0.0,812.3199999999999
2024-05-20,2024-05-20,1,dlr_malvavisco_chocolate_32_pz,4.4050977901061266e-08,0.0,812.3199999999999
2024-05-20,2024-05-20,1,alpezzi_blanco,2.214888957797157e-07,0.0,812.3199999999999
2024-05-20,2024-05-20,1,relleno_queso_creme_p,1.858647056197157e-08,0.0,812.3199999999999
2024-05-20,2024-05-20,1,ac_au800,4.864083847270403e-11,0.0,812.3199999999999
2024-05-20,2024-05-20,1,domo_cupcake_6,3.982985866454007e-08,0.0,812.3199999999999
2024-05-20,2024-05-20,1,caja_cupcake_sin_capacidad,8.545548317187665e-16,0.0,812.3199999999999
2024-05-20,2024-05-20,1,red_velvet,3.048497393334352e-13,0.0,812.3199999999999
2024-05-20,2024-05-20,1,cereza_con_rabo_diana,7.741440343302639e-08,0.0,812.3199999999999
2024-05-20,2024-05-20,1,charola_galletera_alta_grande,0.0001228253027860128,0.1,812.3199999999999
2024-05-20,2024-05-20,1,mantequilla_gloria_22,4.6056906512396363e-10,0.0,812.3199999999999
2024-05-20,2024-05-20,1,domo_cupcake_sin_capacidad,3.883454637224197e-20,0.0,812.3199999999999
2024-05-20,2024-05-20,1,relleno_zarzamora_fruitfil_puratos,0.021604003038262386,17.55,812.3199999999999
2024-05-20,2024-05-20,1,chips_rojo_alpezzi,0.0023571837422264835,1.92,812.3199999999999
2024-05-20,2024-05-20,1,capacillo_floreado_alegria,3.51103890002226e-06,0.0,812.3199999999999
2024-05-20,2024-05-20,1,inix_contenedor_mantecadas,2.4632696105534237e-20,0.0,812.3199999999999
2024-05-20,2024-05-20,1,otros,0.20205018396669783,164.13,812.3199999999999
2024-05-20,2024-05-27,2,fondant_sin_especificacion,1.1640261349926495e-06,0.0,747.6500000000001
2024-05-20,2024-05-27,2,nutella,0.008080194830202784,6.04,747.6500000000001
2024-05-20,2024-05-27,2,tegral_satin_creme_cake_sabor_no_especificado,0.00661744849009093,4.95,747.6500000000001
2024-05-20,2024-05-27,2,chantilly_sin_especificacion,8.258786340898811e-13,0.0,747.6500000000001
2024-05-20,2024-05-27,2,crema_batir_ambiente_1_l,0.21524900169719824,160.93,747.6500000000001
2024-05-20,2024-05-27,2,queso_philadelphia,0.0005031139261628677,0.38,747.6500000000001
2024-05-20,2024-05-27,2,tegral_satin_red_velvet,0.022177051400700504,16.58,747.6500000000001
2024-05-20,2024-05-27,2,easy_pastel_tres_leches_sabor_no_especificado,5.327381823896698e-11,0.0,747.6500000000001
2024-05-20,2024-05-27,2,transfer_sin_especificacion,9.346125291955455e-08,0.0,747.6500000000001
2024-05-20,2024-05-27,2,chantilly_dulce,0.0008329045513482673,0.62,747.6500000000001
2024-05-20,2024-05-27,2,chantilly_asturias,0.0007527253538128808,0.56,747.6500000000001
2024-05-20,2024-05-27,2,chips_blanco_alpezzi,0.17105525743191327,127.89,747.6500000000001
2024-05-20,2024-05-27,2,fondant_nata_coco_blanco,0.07147517890021896,53.44,747.6500000000001
2024-05-20,2024-05-27,2,chantilly_dull,3.012641215413117e-11,0.0,747.6500000000001
2024-05-20,2024-05-27,2,capacillos,0.030694035191170782,22.95,747.6500000000001
2024-05-20,2024-05-27,2,huevo_sin_especificacion,0.00011552432493664148,0.09,747.6500000000001
2024-05-20,2024-05-27,2,contenedor_mantecadas_inix_25_pz,0.0014057132545018801,1.05,747.6500000000001
2024-05-20,2024-05-27,2,confitier_semiamargo_turin,0.05788199838730961,43.28,747.6500000000001
2024-05-20,2024-05-27,2,chips_chocolate_semi,1.8024257946389325e-07,0.0,747.6500000000001
2024-05-20,2024-05-27,2,tegral_satin_vainilla,0.08342308312373335,62.37,747.6500000000001
2024-05-20,2024-05-27,2,transfer_hoja_de_arroz_gruesa,0.0002534736740111246,0.19,747.6500000000001
2024-05-20,2024-05-27,2,tegral_satin_chocolate,0.03461961844090377,25.88,747.6500000000001
2024-05-20,2024-05-27,2,domo_cupcake_12,0.011147487229306655,8.34,747.6500000000001
2024-05-20,2024-05-27,2,mantequilla_gloria_presentacion_no_especificada,0.0018128511483080742,1.36,747.6500000000001
2024-05-20,2024-05-27,2,ferrero_rocher_t16,2.363286695259874e-06,0.0,747.6500000000001
2024-05-20,2024-05-27,2,huevo_san_juan,8.114638525163082e-08,0.0,747.6500000000001
2024-05-20,2024-05-27,2,relleno_zarzamora_puratos,2.8789068372235755e-08,0.0,747.6500000000001
2024-05-20,2024-05-27,2,aceite_sin_especificacion,2.4438253678182443e-13,0.0,747.6500000000001
2024-05-20,2024-05-27,2,matizador,8.296983038409571e-07,0.0,747.6500000000001
2024-05-20,2024-05-27,2,caja_de_carton_para_cupcake_6_pz,2.1760165727842883e-18,0.0,747.6500000000001
2024-05-20,2024-05-27,2,carlos_v_stick,1.2406723450889795e-07,0.0,747.6500000000001
2024-05-20,2024-05-27,2,kisses_leche,3.150658614879261e-05,0.02,747.6500000000001
2024-05-20,2024-05-27,2,empaque_32_x_32_x_30,3.0851131970845146e-06,0.0,747.6500000000001
2024-05-20,2024-05-27,2,ferrero_sin_especificacion,1.1826965591870384e-10,0.0,747.6500000000001
2024-05-20,2024-05-27,2,domo_media_plancha_inix,0.026347509422498715,19.7,747.6500000000001
2024-05-20,2024-05-27,2,deiman_plumones_magicos,5.1619422507225084e-20,0.0,747.6500000000001
2024-05-20,2024-05-27,2,empaque_30_x_30_x_30,2.8723467696993754e-06,0.0,747.6500000000001
2024-05-20,2024-05-27,2,queso_crema_suelto,2.7834242621073747e-11,0.0,747.6500000000001
2024-05-20,2024-05-27,2,royal_icing_deiman_50_sin_unidad,2.5097028217323927e-11,0.0,747.6500000000001
2024-05-20,2024-05-27,2,pegamento_fondant,0.011384996923969886,8.51,747.6500000000001
2024-05-20,2024-05-27,2,base_28_cm,9.07709439421774e-09,0.0,747.6500000000001
2024-05-20,2024-05-27,2,bailey_s,5.128375065856595e-06,0.0,747.6500000000001
2024-05-20,2024-05-27,2,domo_1_4_plancha,0.006324629594034639,4.73,747.6500000000001
2024-05-20,2024-05-27,2,colorantes_9_colores,1.8096438018904095e-12,0.0,747.6500000000001
2024-05-20,2024-05-27,2,sabrosano,0.00010275338222596397,0.08,747.6500000000001
2024-05-20,2024-05-27,2,huevo_blanco_tepa_de_linea,3.165481647069222e-09,0.0,747.6500000000001
2024-05-20,2024-05-27,2,mangas,4.850799973350635e-05,0.04,747.6500000000001
2024-05-20,2024-05-27,2,relleno_durazno_puratos,0.00020624254334864432,0.16,747.6500000000001
2024-05-20,2024-05-27,2,kit_kat_9_pz,0.00014988884423670996,0.11,747.6500000000001
2024-05-20,2024-05-27,2,oblea_arroz,0.002513779518728256,1.88,747.6500000000001
2024-05-20,2024-05-27,2,huevo_calvario,0.0002686310154180392,0.2,747.6500000000001
2024-05-20,2024-05-27,2,bisagra_12_cupcakes,6.051136336629474e-07,0.0,747.6500000000001
2024-05-20,2024-05-27,2,chocolate_sin_especificacion,3.863583167321295e-10,0.0,747.6500000000001
2024-05-20,2024-05-27,2,caja_cupcake_12,1.8477789538522432e-11,0.0,747.6500000000001
2024-05-20,2024-05-27,2,empaque_31_x_31_x_20,1.9680894533125353e-06,0.0,747.6500000000001
2024-05-20,2024-05-27,2,oreo_273_6,9.56478504199346e-07,0.0,747.6500000000001
2024-05-20,2024-05-27,2,perlas_sin_especificacion,3.3555897056903676e-08,0.0,747.6500000000001
2024-05-20,2024-05-27,2,chips_chocolate_con_l,7.116982370656418e-11,0.0,747.6500000000001
2024-05-20,2024-05-27,2,relleno_fresa_frutifru,1.1104811493769677e-07,0.0,747.6500000000001
2024-05-20,2024-05-27,2,base_36_cm_doble,4.2235070014724483e-10,0.0,747.6500000000001
2024-05-20,2024-05-27,2,harina_red_velvet_esp,3.0105118077753785e-15,0.0,747.6500000000001
2024-05-20,2024-05-27,2,mantequilla_gloria_verde,0.008346882605374025,6.24,747.6500000000001
2024-05-20,2024-05-27,2,caja_cupcake_6,1.1146408665145328e-08,0.0,747.6500000000001
2024-05-20,2024-05-27,2,botellas_jack_daniels,1.5931943465786252e-07,0.0,747.6500000000001
2024-05-20,2024-05-27,2,royal_icing_sin_especificacion,1.9561960119432703e-05,0.02,747.6500000000001
2024-05-20,2024-05-27,2,azucar_glass,5.30508059269358e-07,0.0,747.6500000000001
2024-05-20,2024-05-27,2,kisses_leche_choc_bl_807_gr,6.872821789762891e-11,0.0,747.6500000000001
2024-05-20,2024-05-27,2,dlr_malvavisco_chocolate_32_pz,4.4050977901061266e-08,0.0,747.6500000000001
2024-05-20,2024-05-27,2,alpezzi_blanco,2.214888957797157e-07,0.0,747.6500000000001
2024-05-20,2024-05-27,2,relleno_queso_creme_p,1.858647056197157e-08,0.0,747.6500000000001
2024-05-20,2024-05-27,2,ac_au800,4.864083847270403e-11,0.0,747.6500000000001
2024-05-20,2024-05-27,2,domo_cupcake_6,3.982985866454007e-08,0.0,747.6500000000001
2024-05-20,2024-05-27,2,caja_cupcake_sin_capacidad,8.545548317187665e-16,0.0,747.6500000000001
2024-05-20,2024-05-27,2,red_velvet,3.048497393334352e-13,0.0,747.6500000000001
2024-05-20,2024-05-27,2,cereza_con_rabo_diana,7.741440343302639e-08,0.0,747.6500000000001
2024-05-20,2024-05-27,2,charola_galletera_alta_grande,0.0001228253027860128,0.09,747.6500000000001
2024-05-20,2024-05-27,2,mantequilla_gloria_22,4.6056906512396363e-10,0.0,747.6500000000001
2024-05-20,2024-05-27,2,domo_cupcake_sin_capacidad,3.883454637224197e-20,0.0,747.6500000000001
2024-05-20,2024-05-27,2,relleno_zarzamora_fruitfil_puratos,0.021604003038262386,16.15,747.6500000000001
2024-05-20,2024-05-27,2,chips_rojo_alpezzi,0.0023571837422264835,1.76,747.6500000000001
2024-05-20,2024-05-27,2,capacillo_floreado_alegria,3.51103890002226e-06,0.0,747.6500000000001
2024-05-20,2024-05-27,2,inix_contenedor_mantecadas,2.4632696105534237e-20,0.0,747.6500000000001
2024-05-20,2024-05-27,2,otros,0.20205018396669783,151.06,747.6500000000001
2024-05-20,2024-06-03,3,fondant_sin_especificacion,1.1640261349926495e-06,0.0,758.1400000000001
2024-05-20,2024-06-03,3,nutella,0.008080194830202784,6.13,758.1400000000001
2024-05-20,2024-06-03,3,tegral_satin_creme_cake_sabor_no_especificado,0.00661744849009093,5.02,758.1400000000001
2024-05-20,2024-06-03,3,chantilly_sin_especificacion,8.258786340898811e-13,0.0,758.1400000000001
2024-05-20,2024-06-03,3,crema_batir_ambiente_1_l,0.21524900169719824,163.19,758.1400000000001
2024-05-20,2024-06-03,3,queso_philadelphia,0.0005031139261628677,0.38,758.1400000000001
2024-05-20,2024-06-03,3,tegral_satin_red_velvet,0.022177051400700504,16.81,758.1400000000001
2024-05-20,2024-06-03,3,easy_pastel_tres_leches_sabor_no_especificado,5.327381823896698e-11,0.0,758.1400000000001
2024-05-20,2024-06-03,3,transfer_sin_especificacion,9.346125291955455e-08,0.0,758.1400000000001
2024-05-20,2024-06-03,3,chantilly_dulce,0.0008329045513482673,0.63,758.1400000000001
2024-05-20,2024-06-03,3,chantilly_asturias,0.0007527253538128808,0.57,758.1400000000001
2024-05-20,2024-06-03,3,chips_blanco_alpezzi,0.17105525743191327,129.68,758.1400000000001
2024-05-20,2024-06-03,3,fondant_nata_coco_blanco,0.07147517890021896,54.19,758.1400000000001
2024-05-20,2024-06-03,3,chantilly_dull,3.012641215413117e-11,0.0,758.1400000000001
2024-05-20,2024-06-03,3,capacillos,0.030694035191170782,23.27,758.1400000000001
2024-05-20,2024-06-03,3,huevo_sin_especificacion,0.00011552432493664148,0.09,758.1400000000001
2024-05-20,2024-06-03,3,contenedor_mantecadas_inix_25_pz,0.0014057132545018801,1.07,758.1400000000001
2024-05-20,2024-06-03,3,confitier_semiamargo_turin,0.05788199838730961,43.88,758.1400000000001
2024-05-20,2024-06-03,3,chips_chocolate_semi,1.8024257946389325e-07,0.0,758.1400000000001
2024-05-20,2024-06-03,3,tegral_satin_vainilla,0.08342308312373335,63.25,758.1400000000001
2024-05-20,2024-06-03,3,transfer_hoja_de_arroz_gruesa,0.0002534736740111246,0.19,758.1400000000001
2024-05-20,2024-06-03,3,tegral_satin_chocolate,0.03461961844090377,26.25,758.1400000000001
2024-05-20,2024-06-03,3,domo_cupcake_12,0.011147487229306655,8.45,758.1400000000001
2024-05-20,2024-06-03,3,mantequilla_gloria_presentacion_no_especificada,0.0018128511483080742,1.37,758.1400000000001
2024-05-20,2024-06-03,3,ferrero_rocher_t16,2.363286695259874e-06,0.0,758.1400000000001
2024-05-20,2024-06-03,3,huevo_san_juan,8.114638525163082e-08,0.0,758.1400000000001
2024-05-20,2024-06-03,3,relleno_zarzamora_puratos,2.8789068372235755e-08,0.0,758.1400000000001
2024-05-20,2024-06-03,3,aceite_sin_especificacion,2.4438253678182443e-13,0.0,758.1400000000001
2024-05-20,2024-06-03,3,matizador,8.296983038409571e-07,0.0,758.1400000000001
2024-05-20,2024-06-03,3,caja_de_carton_para_cupcake_6_pz,2.1760165727842883e-18,0.0,758.1400000000001
2024-05-20,2024-06-03,3,carlos_v_stick,1.2406723450889795e-07,0.0,758.1400000000001
2024-05-20,2024-06-03,3,kisses_leche,3.150658614879261e-05,0.02,758.1400000000001
2024-05-20,2024-06-03,3,empaque_32_x_32_x_30,3.0851131970845146e-06,0.0,758.1400000000001
2024-05-20,2024-06-03,3,ferrero_sin_especificacion,1.1826965591870384e-10,0.0,758.1400000000001
2024-05-20,2024-06-03,3,domo_media_plancha_inix,0.026347509422498715,19.98,758.1400000000001
2024-05-20,2024-06-03,3,deiman_plumones_magicos,5.1619422507225084e-20,0.0,758.1400000000001
2024-05-20,2024-06-03,3,empaque_30_x_30_x_30,2.8723467696993754e-06,0.0,758.1400000000001
2024-05-20,2024-06-03,3,queso_crema_suelto,2.7834242621073747e-11,0.0,758.1400000000001
2024-05-20,2024-06-03,3,royal_icing_deiman_50_sin_unidad,2.5097028217323927e-11,0.0,758.1400000000001
2024-05-20,2024-06-03,3,pegamento_fondant,0.011384996923969886,8.63,758.1400000000001
2024-05-20,2024-06-03,3,base_28_cm,9.07709439421774e-09,0.0,758.1400000000001
2024-05-20,2024-06-03,3,bailey_s,5.128375065856595e-06,0.0,758.1400000000001
2024-05-20,2024-06-03,3,domo_1_4_plancha,0.006324629594034639,4.8,758.1400000000001
2024-05-20,2024-06-03,3,colorantes_9_colores,1.8096438018904095e-12,0.0,758.1400000000001
2024-05-20,2024-06-03,3,sabrosano,0.00010275338222596397,0.08,758.1400000000001
2024-05-20,2024-06-03,3,huevo_blanco_tepa_de_linea,3.165481647069222e-09,0.0,758.1400000000001
2024-05-20,2024-06-03,3,mangas,4.850799973350635e-05,0.04,758.1400000000001
2024-05-20,2024-06-03,3,relleno_durazno_puratos,0.00020624254334864432,0.16,758.1400000000001
2024-05-20,2024-06-03,3,kit_kat_9_pz,0.00014988884423670996,0.11,758.1400000000001
2024-05-20,2024-06-03,3,oblea_arroz,0.002513779518728256,1.91,758.1400000000001
2024-05-20,2024-06-03,3,huevo_calvario,0.0002686310154180392,0.2,758.1400000000001
2024-05-20,2024-06-03,3,bisagra_12_cupcakes,6.051136336629474e-07,0.0,758.1400000000001
2024-05-20,2024-06-03,3,chocolate_sin_especificacion,3.863583167321295e-10,0.0,758.1400000000001
2024-05-20,2024-06-03,3,caja_cupcake_12,1.8477789538522432e-11,0.0,758.1400000000001
2024-05-20,2024-06-03,3,empaque_31_x_31_x_20,1.9680894533125353e-06,0.0,758.1400000000001
2024-05-20,2024-06-03,3,oreo_273_6,9.56478504199346e-07,0.0,758.1400000000001
2024-05-20,2024-06-03,3,perlas_sin_especificacion,3.3555897056903676e-08,0.0,758.1400000000001
2024-05-20,2024-06-03,3,chips_chocolate_con_l,7.116982370656418e-11,0.0,758.1400000000001
2024-05-20,2024-06-03,3,relleno_fresa_frutifru,1.1104811493769677e-07,0.0,758.1400000000001
2024-05-20,2024-06-03,3,base_36_cm_doble,4.2235070014724483e-10,0.0,758.1400000000001
2024-05-20,2024-06-03,3,harina_red_velvet_esp,3.0105118077753785e-15,0.0,758.1400000000001
2024-05-20,2024-06-03,3,mantequilla_gloria_verde,0.008346882605374025,6.33,758.1400000000001
2024-05-20,2024-06-03,3,caja_cupcake_6,1.1146408665145328e-08,0.0,758.1400000000001
2024-05-20,2024-06-03,3,botellas_jack_daniels,1.5931943465786252e-07,0.0,758.1400000000001
2024-05-20,2024-06-03,3,royal_icing_sin_especificacion,1.9561960119432703e-05,0.02,758.1400000000001
2024-05-20,2024-06-03,3,azucar_glass,5.30508059269358e-07,0.0,758.1400000000001
2024-05-20,2024-06-03,3,kisses_leche_choc_bl_807_gr,6.872821789762891e-11,0.0,758.1400000000001
2024-05-20,2024-06-03,3,dlr_malvavisco_chocolate_32_pz,4.4050977901061266e-08,0.0,758.1400000000001
2024-05-20,2024-06-03,3,alpezzi_blanco,2.214888957797157e-07,0.0,758.1400000000001
2024-05-20,2024-06-03,3,relleno_queso_creme_p,1.858647056197157e-08,0.0,758.1400000000001
2024-05-20,2024-06-03,3,ac_au800,4.864083847270403e-11,0.0,758.1400000000001
2024-05-20,2024-06-03,3,domo_cupcake_6,3.982985866454007e-08,0.0,758.1400000000001
2024-05-20,2024-06-03,3,caja_cupcake_sin_capacidad,8.545548317187665e-16,0.0,758.1400000000001
2024-05-20,2024-06-03,3,red_velvet,3.048497393334352e-13,0.0,758.1400000000001
2024-05-20,2024-06-03,3,cereza_con_rabo_diana,7.741440343302639e-08,0.0,758.1400000000001
2024-05-20,2024-06-03,3,charola_galletera_alta_grande,0.0001228253027860128,0.09,758.1400000000001
2024-05-20,2024-06-03,3,mantequilla_gloria_22,4.6056906512396363e-10,0.0,758.1400000000001
2024-05-20,2024-06-03,3,domo_cupcake_sin_capacidad,3.883454637224197e-20,0.0,758.1400000000001
2024-05-20,2024-06-03,3,relleno_zarzamora_fruitfil_puratos,0.021604003038262386,16.38,758.1400000000001
2024-05-20,2024-06-03,3,chips_rojo_alpezzi,0.0023571837422264835,1.79,758.1400000000001
2024-05-20,2024-06-03,3,capacillo_floreado_alegria,3.51103890002226e-06,0.0,758.1400000000001
2024-05-20,2024-06-03,3,inix_contenedor_mantecadas,2.4632696105534237e-20,0.0,758.1400000000001
2024-05-20,2024-06-03,3,otros,0.20205018396669783,153.18,758.1400000000001
2024-05-20,2024-06-10,4,fondant_sin_especificacion,1.1640261349926495e-06,0.0,480.82000000000005
2024-05-20,2024-06-10,4,nutella,0.008080194830202784,3.89,480.82000000000005
2024-05-20,2024-06-10,4,tegral_satin_creme_cake_sabor_no_especificado,0.00661744849009093,3.18,480.82000000000005
2024-05-20,2024-06-10,4,chantilly_sin_especificacion,8.258786340898811e-13,0.0,480.82000000000005
2024-05-20,2024-06-10,4,crema_batir_ambiente_1_l,0.21524900169719824,103.5,480.82000000000005
2024-05-20,2024-06-10,4,queso_philadelphia,0.0005031139261628677,0.24,480.82000000000005
2024-05-20,2024-06-10,4,tegral_satin_red_velvet,0.022177051400700504,10.66,480.82000000000005
2024-05-20,2024-06-10,4,easy_pastel_tres_leches_sabor_no_especificado,5.327381823896698e-11,0.0,480.82000000000005
2024-05-20,2024-06-10,4,transfer_sin_especificacion,9.346125291955455e-08,0.0,480.82000000000005
2024-05-20,2024-06-10,4,chantilly_dulce,0.0008329045513482673,0.4,480.82000000000005
2024-05-20,2024-06-10,4,chantilly_asturias,0.0007527253538128808,0.36,480.82000000000005
2024-05-20,2024-06-10,4,chips_blanco_alpezzi,0.17105525743191327,82.25,480.82000000000005
2024-05-20,2024-06-10,4,fondant_nata_coco_blanco,0.07147517890021896,34.37,480.82000000000005
2024-05-20,2024-06-10,4,chantilly_dull,3.012641215413117e-11,0.0,480.82000000000005
2024-05-20,2024-06-10,4,capacillos,0.030694035191170782,14.76,480.82000000000005
2024-05-20,2024-06-10,4,huevo_sin_especificacion,0.00011552432493664148,0.06,480.82000000000005
2024-05-20,2024-06-10,4,contenedor_mantecadas_inix_25_pz,0.0014057132545018801,0.68,480.82000000000005
2024-05-20,2024-06-10,4,confitier_semiamargo_turin,0.05788199838730961,27.83,480.82000000000005
2024-05-20,2024-06-10,4,chips_chocolate_semi,1.8024257946389325e-07,0.0,480.82000000000005
2024-05-20,2024-06-10,4,tegral_satin_vainilla,0.08342308312373335,40.11,480.82000000000005
2024-05-20,2024-06-10,4,transfer_hoja_de_arroz_gruesa,0.0002534736740111246,0.12,480.82000000000005
2024-05-20,2024-06-10,4,tegral_satin_chocolate,0.03461961844090377,16.65,480.82000000000005
2024-05-20,2024-06-10,4,domo_cupcake_12,0.011147487229306655,5.36,480.82000000000005
2024-05-20,2024-06-10,4,mantequilla_gloria_presentacion_no_especificada,0.0018128511483080742,0.87,480.82000000000005
2024-05-20,2024-06-10,4,ferrero_rocher_t16,2.363286695259874e-06,0.0,480.82000000000005
2024-05-20,2024-06-10,4,huevo_san_juan,8.114638525163082e-08,0.0,480.82000000000005
2024-05-20,2024-06-10,4,relleno_zarzamora_puratos,2.8789068372235755e-08,0.0,480.82000000000005
2024-05-20,2024-06-10,4,aceite_sin_especificacion,2.4438253678182443e-13,0.0,480.82000000000005
2024-05-20,2024-06-10,4,matizador,8.296983038409571e-07,0.0,480.82000000000005
2024-05-20,2024-06-10,4,caja_de_carton_para_cupcake_6_pz,2.1760165727842883e-18,0.0,480.82000000000005
2024-05-20,2024-06-10,4,carlos_v_stick,1.2406723450889795e-07,0.0,480.82000000000005
2024-05-20,2024-06-10,4,kisses_leche,3.150658614879261e-05,0.02,480.82000000000005
2024-05-20,2024-06-10,4,empaque_32_x_32_x_30,3.0851131970845146e-06,0.0,480.82000000000005
2024-05-20,2024-06-10,4,ferrero_sin_especificacion,1.1826965591870384e-10,0.0,480.82000000000005
2024-05-20,2024-06-10,4,domo_media_plancha_inix,0.026347509422498715,12.67,480.82000000000005
2024-05-20,2024-06-10,4,deiman_plumones_magicos,5.1619422507225084e-20,0.0,480.82000000000005
2024-05-20,2024-06-10,4,empaque_30_x_30_x_30,2.8723467696993754e-06,0.0,480.82000000000005
2024-05-20,2024-06-10,4,queso_crema_suelto,2.7834242621073747e-11,0.0,480.82000000000005
2024-05-20,2024-06-10,4,royal_icing_deiman_50_sin_unidad,2.5097028217323927e-11,0.0,480.82000000000005
2024-05-20,2024-06-10,4,pegamento_fondant,0.011384996923969886,5.47,480.82000000000005
2024-05-20,2024-06-10,4,base_28_cm,9.07709439421774e-09,0.0,480.82000000000005
2024-05-20,2024-06-10,4,bailey_s,5.128375065856595e-06,0.0,480.82000000000005
2024-05-20,2024-06-10,4,domo_1_4_plancha,0.006324629594034639,3.04,480.82000000000005
2024-05-20,2024-06-10,4,colorantes_9_colores,1.8096438018904095e-12,0.0,480.82000000000005
2024-05-20,2024-06-10,4,sabrosano,0.00010275338222596397,0.05,480.82000000000005
2024-05-20,2024-06-10,4,huevo_blanco_tepa_de_linea,3.165481647069222e-09,0.0,480.82000000000005
2024-05-20,2024-06-10,4,mangas,4.850799973350635e-05,0.02,480.82000000000005
2024-05-20,2024-06-10,4,relleno_durazno_puratos,0.00020624254334864432,0.1,480.82000000000005
2024-05-20,2024-06-10,4,kit_kat_9_pz,0.00014988884423670996,0.07,480.82000000000005
2024-05-20,2024-06-10,4,oblea_arroz,0.002513779518728256,1.21,480.82000000000005
2024-05-20,2024-06-10,4,huevo_calvario,0.0002686310154180392,0.13,480.82000000000005
2024-05-20,2024-06-10,4,bisagra_12_cupcakes,6.051136336629474e-07,0.0,480.82000000000005
2024-05-20,2024-06-10,4,chocolate_sin_especificacion,3.863583167321295e-10,0.0,480.82000000000005
2024-05-20,2024-06-10,4,caja_cupcake_12,1.8477789538522432e-11,0.0,480.82000000000005
2024-05-20,2024-06-10,4,empaque_31_x_31_x_20,1.9680894533125353e-06,0.0,480.82000000000005
2024-05-20,2024-06-10,4,oreo_273_6,9.56478504199346e-07,0.0,480.82000000000005
2024-05-20,2024-06-10,4,perlas_sin_especificacion,3.3555897056903676e-08,0.0,480.82000000000005
2024-05-20,2024-06-10,4,chips_chocolate_con_l,7.116982370656418e-11,0.0,480.82000000000005
2024-05-20,2024-06-10,4,relleno_fresa_frutifru,1.1104811493769677e-07,0.0,480.82000000000005
2024-05-20,2024-06-10,4,base_36_cm_doble,4.2235070014724483e-10,0.0,480.82000000000005
2024-05-20,2024-06-10,4,harina_red_velvet_esp,3.0105118077753785e-15,0.0,480.82000000000005
2024-05-20,2024-06-10,4,mantequilla_gloria_verde,0.008346882605374025,4.01,480.82000000000005
2024-05-20,2024-06-10,4,caja_cupcake_6,1.1146408665145328e-08,0.0,480.82000000000005
2024-05-20,2024-06-10,4,botellas_jack_daniels,1.5931943465786252e-07,0.0,480.82000000000005
2024-05-20,2024-06-10,4,royal_icing_sin_especificacion,1.9561960119432703e-05,0.01,480.82000000000005
2024-05-20,2024-06-10,4,azucar_glass,5.30508059269358e-07,0.0,480.82000000000005
2024-05-20,2024-06-10,4,kisses_leche_choc_bl_807_gr,6.872821789762891e-11,0.0,480.82000000000005
2024-05-20,2024-06-10,4,dlr_malvavisco_chocolate_32_pz,4.4050977901061266e-08,0.0,480.82000000000005
2024-05-20,2024-06-10,4,alpezzi_blanco,2.214888957797157e-07,0.0,480.82000000000005
2024-05-20,2024-06-10,4,relleno_queso_creme_p,1.858647056197157e-08,0.0,480.82000000000005
2024-05-20,2024-06-10,4,ac_au800,4.864083847270403e-11,0.0,480.82000000000005
2024-05-20,2024-06-10,4,domo_cupcake_6,3.982985866454007e-08,0.0,480.82000000000005
2024-05-20,2024-06-10,4,caja_cupcake_sin_capacidad,8.545548317187665e-16,0.0,480.82000000000005
2024-05-20,2024-06-10,4,red_velvet,3.048497393334352e-13,0.0,480.82000000000005
2024-05-20,2024-06-10,4,cereza_con_rabo_diana,7.741440343302639e-08,0.0,480.82000000000005
2024-05-20,2024-06-10,4,charola_galletera_alta_grande,0.0001228253027860128,0.06,480.82000000000005
2024-05-20,2024-06-10,4,mantequilla_gloria_22,4.6056906512396363e-10,0.0,480.82000000000005
2024-05-20,2024-06-10,4,domo_cupcake_sin_capacidad,3.883454637224197e-20,0.0,480.82000000000005
2024-05-20,2024-06-10,4,relleno_zarzamora_fruitfil_puratos,0.021604003038262386,10.39,480.82000000000005
2024-05-20,2024-06-10,4,chips_rojo_alpezzi,0.0023571837422264835,1.13,480.82000000000005
2024-05-20,2024-06-10,4,capacillo_floreado_alegria,3.51103890002226e-06,0.0,480.82000000000005
2024-05-20,2024-06-10,4,inix_contenedor_mantecadas,2.4632696105534237e-20,0.0,480.82000000000005
2024-05-20,2024-06-10,4,otros,0.20205018396669783,97.15,480.82000000000005
2024-05-27,2024-05-27,1,fondant_sin_especificacion,1.1640261349926495e-06,0.0,765.8199999999999
2024-05-27,2024-05-27,1,nutella,0.008080194830202784,6.19,765.8199999999999
2024-05-27,2024-05-27,1,tegral_satin_creme_cake_sabor_no_especificado,0.00661744849009093,5.07,765.8199999999999
2024-05-27,2024-05-27,1,chantilly_sin_especificacion,8.25878634089881e-13,0.0,765.8199999999999
2024-05-27,2024-05-27,1,crema_batir_ambiente_1_l,0.2152490016971982,164.84,765.8199999999999
2024-05-27,2024-05-27,1,queso_philadelphia,0.0005031139261628678,0.39,765.8199999999999
2024-05-27,2024-05-27,1,tegral_satin_red_velvet,0.0221770514007005,16.98,765.8199999999999
2024-05-27,2024-05-27,1,easy_pastel_tres_leches_sabor_no_especificado,5.327381823896696e-11,0.0,765.8199999999999
2024-05-27,2024-05-27,1,transfer_sin_especificacion,9.346125291955455e-08,0.0,765.8199999999999
2024-05-27,2024-05-27,1,chantilly_dulce,0.0008329045513482673,0.64,765.8199999999999
2024-05-27,2024-05-27,1,chantilly_asturias,0.0007527253538128809,0.58,765.8199999999999
2024-05-27,2024-05-27,1,chips_blanco_alpezzi,0.1710552574319133,131.0,765.8199999999999
2024-05-27,2024-05-27,1,fondant_nata_coco_blanco,0.07147517890021894,54.74,765.8199999999999
2024-05-27,2024-05-27,1,chantilly_dull,3.0126412154131175e-11,0.0,765.8199999999999
2024-05-27,2024-05-27,1,capacillos,0.030694035191170782,23.51,765.8199999999999
2024-05-27,2024-05-27,1,huevo_sin_especificacion,0.00011552432493664149,0.09,765.8199999999999
2024-05-27,2024-05-27,1,contenedor_mantecadas_inix_25_pz,0.00140571325450188,1.08,765.8199999999999
2024-05-27,2024-05-27,1,confitier_semiamargo_turin,0.05788199838730961,44.33,765.8199999999999
2024-05-27,2024-05-27,1,chips_chocolate_semi,1.8024257946389323e-07,0.0,765.8199999999999
2024-05-27,2024-05-27,1,tegral_satin_vainilla,0.08342308312373332,63.89,765.8199999999999
2024-05-27,2024-05-27,1,transfer_hoja_de_arroz_gruesa,0.0002534736740111246,0.19,765.8199999999999
2024-05-27,2024-05-27,1,tegral_satin_chocolate,0.03461961844090377,26.51,765.8199999999999
2024-05-27,2024-05-27,1,domo_cupcake_12,0.011147487229306655,8.54,765.8199999999999
2024-05-27,2024-05-27,1,mantequilla_gloria_presentacion_no_especificada,0.0018128511483080742,1.39,765.8199999999999
2024-05-27,2024-05-27,1,ferrero_rocher_t16,2.363286695259873e-06,0.0,765.8199999999999
2024-05-27,2024-05-27,1,huevo_san_juan,8.11463852516308e-08,0.0,765.8199999999999
2024-05-27,2024-05-27,1,relleno_zarzamora_puratos,2.8789068372235748e-08,0.0,765.8199999999999
2024-05-27,2024-05-27,1,aceite_sin_especificacion,2.4438253678182433e-13,0.0,765.8199999999999
2024-05-27,2024-05-27,1,matizador,8.29698303840957e-07,0.0,765.8199999999999
2024-05-27,2024-05-27,1,caja_de_carton_para_cupcake_6_pz,2.176016572784288e-18,0.0,765.8199999999999
2024-05-27,2024-05-27,1,carlos_v_stick,1.2406723450889795e-07,0.0,765.8199999999999
2024-05-27,2024-05-27,1,kisses_leche,3.150658614879261e-05,0.02,765.8199999999999
2024-05-27,2024-05-27,1,empaque_32_x_32_x_30,3.0851131970845142e-06,0.0,765.8199999999999
2024-05-27,2024-05-27,1,ferrero_sin_especificacion,1.1826965591870381e-10,0.0,765.8199999999999
2024-05-27,2024-05-27,1,domo_media_plancha_inix,0.026347509422498715,20.18,765.8199999999999
2024-05-27,2024-05-27,1,deiman_plumones_magicos,5.1619422507225084e-20,0.0,765.8199999999999
2024-05-27,2024-05-27,1,empaque_30_x_30_x_30,2.872346769699375e-06,0.0,765.8199999999999
2024-05-27,2024-05-27,1,queso_crema_suelto,2.783424262107375e-11,0.0,765.8199999999999
2024-05-27,2024-05-27,1,royal_icing_deiman_50_sin_unidad,2.5097028217323927e-11,0.0,765.8199999999999
2024-05-27,2024-05-27,1,pegamento_fondant,0.011384996923969883,8.72,765.8199999999999
2024-05-27,2024-05-27,1,base_28_cm,9.077094394217742e-09,0.0,765.8199999999999
2024-05-27,2024-05-27,1,bailey_s,5.1283750658565955e-06,0.0,765.8199999999999
2024-05-27,2024-05-27,1,domo_1_4_plancha,0.006324629594034638,4.84,765.8199999999999
2024-05-27,2024-05-27,1,colorantes_9_colores,1.8096438018904095e-12,0.0,765.8199999999999
2024-05-27,2024-05-27,1,sabrosano,0.00010275338222596397,0.08,765.8199999999999
2024-05-27,2024-05-27,1,huevo_blanco_tepa_de_linea,3.165481647069221e-09,0.0,765.8199999999999
2024-05-27,2024-05-27,1,mangas,4.850799973350635e-05,0.04,765.8199999999999
2024-05-27,2024-05-27,1,relleno_durazno_puratos,0.0002062425433486443,0.16,765.8199999999999
2024-05-27,2024-05-27,1,kit_kat_9_pz,0.00014988884423670996,0.11,765.8199999999999
2024-05-27,2024-05-27,1,oblea_arroz,0.0025137795187282555,1.93,765.8199999999999
2024-05-27,2024-05-27,1,huevo_calvario,0.00026863101541803916,0.21,765.8199999999999
2024-05-27,2024-05-27,1,bisagra_12_cupcakes,6.051136336629473e-07,0.0,765.8199999999999
2024-05-27,2024-05-27,1,chocolate_sin_especificacion,3.8635831673212953e-10,0.0,765.8199999999999
2024-05-27,2024-05-27,1,caja_cupcake_12,1.847778953852243e-11,0.0,765.8199999999999
2024-05-27,2024-05-27,1,empaque_31_x_31_x_20,1.968089453312535e-06,0.0,765.8199999999999
2024-05-27,2024-05-27,1,oreo_273_6,9.56478504199346e-07,0.0,765.8199999999999
2024-05-27,2024-05-27,1,perlas_sin_especificacion,3.355589705690366e-08,0.0,765.8199999999999
2024-05-27,2024-05-27,1,chips_chocolate_con_l,7.116982370656417e-11,0.0,765.8199999999999
2024-05-27,2024-05-27,1,relleno_fresa_frutifru,1.1104811493769677e-07,0.0,765.8199999999999
2024-05-27,2024-05-27,1,base_36_cm_doble,4.2235070014724483e-10,0.0,765.8199999999999
2024-05-27,2024-05-27,1,harina_red_velvet_esp,3.0105118077753777e-15,0.0,765.8199999999999
2024-05-27,2024-05-27,1,mantequilla_gloria_verde,0.008346882605374023,6.39,765.8199999999999
2024-05-27,2024-05-27,1,caja_cupcake_6,1.1146408665145328e-08,0.0,765.8199999999999
2024-05-27,2024-05-27,1,botellas_jack_daniels,1.5931943465786252e-07,0.0,765.8199999999999
2024-05-27,2024-05-27,1,royal_icing_sin_especificacion,1.9561960119432697e-05,0.01,765.8199999999999
2024-05-27,2024-05-27,1,azucar_glass,5.30508059269358e-07,0.0,765.8199999999999
2024-05-27,2024-05-27,1,kisses_leche_choc_bl_807_gr,6.872821789762891e-11,0.0,765.8199999999999
2024-05-27,2024-05-27,1,dlr_malvavisco_chocolate_32_pz,4.405097790106125e-08,0.0,765.8199999999999
2024-05-27,2024-05-27,1,alpezzi_blanco,2.2148889577971566e-07,0.0,765.8199999999999
2024-05-27,2024-05-27,1,relleno_queso_creme_p,1.8586470561971572e-08,0.0,765.8199999999999
2024-05-27,2024-05-27,1,ac_au800,4.864083847270404e-11,0.0,765.8199999999999
2024-05-27,2024-05-27,1,domo_cupcake_6,3.982985866454008e-08,0.0,765.8199999999999
2024-05-27,2024-05-27,1,caja_cupcake_sin_capacidad,8.545548317187665e-16,0.0,765.8199999999999
2024-05-27,2024-05-27,1,red_velvet,3.048497393334352e-13,0.0,765.8199999999999
2024-05-27,2024-05-27,1,cereza_con_rabo_diana,7.741440343302639e-08,0.0,765.8199999999999
2024-05-27,2024-05-27,1,charola_galletera_alta_grande,0.00012282530278601278,0.09,765.8199999999999
2024-05-27,2024-05-27,1,mantequilla_gloria_22,4.6056906512396373e-10,0.0,765.8199999999999
2024-05-27,2024-05-27,1,domo_cupcake_sin_capacidad,3.8834546372241975e-20,0.0,765.8199999999999
2024-05-27,2024-05-27,1,relleno_zarzamora_fruitfil_puratos,0.021604003038262383,16.54,765.8199999999999
2024-05-27,2024-05-27,1,chips_rojo_alpezzi,0.0023571837422264835,1.81,765.8199999999999
2024-05-27,2024-05-27,1,capacillo_floreado_alegria,3.5110389000222596e-06,0.0,765.8199999999999
2024-05-27,2024-05-27,1,inix_contenedor_mantecadas,2.4632696105534237e-20,0.0,765.8199999999999
2024-05-27,2024-05-27,1,otros,0.20205018396669785,154.73,765.8199999999999
2024-05-27,2024-06-03,2,fondant_sin_especificacion,1.1640261349926495e-06,0.0,793.86
2024-05-27,2024-06-03,2,nutella,0.008080194830202784,6.41,793.86
2024-05-27,2024-06-03,2,tegral_satin_creme_cake_sabor_no_especificado,0.00661744849009093,5.25,793.86
2024-05-27,2024-06-03,2,chantilly_sin_especificacion,8.25878634089881e-13,0.0,793.86
2024-05-27,2024-06-03,2,crema_batir_ambiente_1_l,0.2152490016971982,170.88,793.86
2024-05-27,2024-06-03,2,queso_philadelphia,0.0005031139261628678,0.4,793.86
2024-05-27,2024-06-03,2,tegral_satin_red_velvet,0.0221770514007005,17.61,793.86
2024-05-27,2024-06-03,2,easy_pastel_tres_leches_sabor_no_especificado,5.327381823896696e-11,0.0,793.86
2024-05-27,2024-06-03,2,transfer_sin_especificacion,9.346125291955455e-08,0.0,793.86
2024-05-27,2024-06-03,2,chantilly_dulce,0.0008329045513482673,0.66,793.86
2024-05-27,2024-06-03,2,chantilly_asturias,0.0007527253538128809,0.6,793.86
2024-05-27,2024-06-03,2,chips_blanco_alpezzi,0.1710552574319133,135.79,793.86
2024-05-27,2024-06-03,2,fondant_nata_coco_blanco,0.07147517890021894,56.74,793.86
2024-05-27,2024-06-03,2,chantilly_dull,3.0126412154131175e-11,0.0,793.86
2024-05-27,2024-06-03,2,capacillos,0.030694035191170782,24.37,793.86
2024-05-27,2024-06-03,2,huevo_sin_especificacion,0.00011552432493664149,0.09,793.86
2024-05-27,2024-06-03,2,contenedor_mantecadas_inix_25_pz,0.00140571325450188,1.12,793.86
2024-05-27,2024-06-03,2,confitier_semiamargo_turin,0.05788199838730961,45.95,793.86
2024-05-27,2024-06-03,2,chips_chocolate_semi,1.8024257946389323e-07,0.0,793.86
2024-05-27,2024-06-03,2,tegral_satin_vainilla,0.08342308312373332,66.23,793.86
2024-05-27,2024-06-03,2,transfer_hoja_de_arroz_gruesa,0.0002534736740111246,0.2,793.86
2024-05-27,2024-06-03,2,tegral_satin_chocolate,0.03461961844090377,27.48,793.86
2024-05-27,2024-06-03,2,domo_cupcake_12,0.011147487229306655,8.85,793.86
2024-05-27,2024-06-03,2,mantequilla_gloria_presentacion_no_especificada,0.0018128511483080742,1.44,793.86
2024-05-27,2024-06-03,2,ferrero_rocher_t16,2.363286695259873e-06,0.0,793.86
2024-05-27,2024-06-03,2,huevo_san_juan,8.11463852516308e-08,0.0,793.86
2024-05-27,2024-06-03,2,relleno_zarzamora_puratos,2.8789068372235748e-08,0.0,793.86
2024-05-27,2024-06-03,2,aceite_sin_especificacion,2.4438253678182433e-13,0.0,793.86
2024-05-27,2024-06-03,2,matizador,8.29698303840957e-07,0.0,793.86
2024-05-27,2024-06-03,2,caja_de_carton_para_cupcake_6_pz,2.176016572784288e-18,0.0,793.86
2024-05-27,2024-06-03,2,carlos_v_stick,1.2406723450889795e-07,0.0,793.86
2024-05-27,2024-06-03,2,kisses_leche,3.150658614879261e-05,0.03,793.86
2024-05-27,2024-06-03,2,empaque_32_x_32_x_30,3.0851131970845142e-06,0.0,793.86
2024-05-27,2024-06-03,2,ferrero_sin_especificacion,1.1826965591870381e-10,0.0,793.86
2024-05-27,2024-06-03,2,domo_media_plancha_inix,0.026347509422498715,20.92,793.86
2024-05-27,2024-06-03,2,deiman_plumones_magicos,5.1619422507225084e-20,0.0,793.86
2024-05-27,2024-06-03,2,empaque_30_x_30_x_30,2.872346769699375e-06,0.0,793.86
2024-05-27,2024-06-03,2,queso_crema_suelto,2.783424262107375e-11,0.0,793.86
2024-05-27,2024-06-03,2,royal_icing_deiman_50_sin_unidad,2.5097028217323927e-11,0.0,793.86
2024-05-27,2024-06-03,2,pegamento_fondant,0.011384996923969883,9.04,793.86
2024-05-27,2024-06-03,2,base_28_cm,9.077094394217742e-09,0.0,793.86
2024-05-27,2024-06-03,2,bailey_s,5.1283750658565955e-06,0.0,793.86
2024-05-27,2024-06-03,2,domo_1_4_plancha,0.006324629594034638,5.02,793.86
2024-05-27,2024-06-03,2,colorantes_9_colores,1.8096438018904095e-12,0.0,793.86
2024-05-27,2024-06-03,2,sabrosano,0.00010275338222596397,0.08,793.86
2024-05-27,2024-06-03,2,huevo_blanco_tepa_de_linea,3.165481647069221e-09,0.0,793.86
2024-05-27,2024-06-03,2,mangas,4.850799973350635e-05,0.04,793.86
2024-05-27,2024-06-03,2,relleno_durazno_puratos,0.0002062425433486443,0.16,793.86
2024-05-27,2024-06-03,2,kit_kat_9_pz,0.00014988884423670996,0.12,793.86
2024-05-27,2024-06-03,2,oblea_arroz,0.0025137795187282555,2.0,793.86
2024-05-27,2024-06-03,2,huevo_calvario,0.00026863101541803916,0.21,793.86
2024-05-27,2024-06-03,2,bisagra_12_cupcakes,6.051136336629473e-07,0.0,793.86
2024-05-27,2024-06-03,2,chocolate_sin_especificacion,3.8635831673212953e-10,0.0,793.86
2024-05-27,2024-06-03,2,caja_cupcake_12,1.847778953852243e-11,0.0,793.86
2024-05-27,2024-06-03,2,empaque_31_x_31_x_20,1.968089453312535e-06,0.0,793.86
2024-05-27,2024-06-03,2,oreo_273_6,9.56478504199346e-07,0.0,793.86
2024-05-27,2024-06-03,2,perlas_sin_especificacion,3.355589705690366e-08,0.0,793.86
2024-05-27,2024-06-03,2,chips_chocolate_con_l,7.116982370656417e-11,0.0,793.86
2024-05-27,2024-06-03,2,relleno_fresa_frutifru,1.1104811493769677e-07,0.0,793.86
2024-05-27,2024-06-03,2,base_36_cm_doble,4.2235070014724483e-10,0.0,793.86
2024-05-27,2024-06-03,2,harina_red_velvet_esp,3.0105118077753777e-15,0.0,793.86
2024-05-27,2024-06-03,2,mantequilla_gloria_verde,0.008346882605374023,6.63,793.86
2024-05-27,2024-06-03,2,caja_cupcake_6,1.1146408665145328e-08,0.0,793.86
2024-05-27,2024-06-03,2,botellas_jack_daniels,1.5931943465786252e-07,0.0,793.86
2024-05-27,2024-06-03,2,royal_icing_sin_especificacion,1.9561960119432697e-05,0.02,793.86
2024-05-27,2024-06-03,2,azucar_glass,5.30508059269358e-07,0.0,793.86
2024-05-27,2024-06-03,2,kisses_leche_choc_bl_807_gr,6.872821789762891e-11,0.0,793.86
2024-05-27,2024-06-03,2,dlr_malvavisco_chocolate_32_pz,4.405097790106125e-08,0.0,793.86
2024-05-27,2024-06-03,2,alpezzi_blanco,2.2148889577971566e-07,0.0,793.86
2024-05-27,2024-06-03,2,relleno_queso_creme_p,1.8586470561971572e-08,0.0,793.86
2024-05-27,2024-06-03,2,ac_au800,4.864083847270404e-11,0.0,793.86
2024-05-27,2024-06-03,2,domo_cupcake_6,3.982985866454008e-08,0.0,793.86
2024-05-27,2024-06-03,2,caja_cupcake_sin_capacidad,8.545548317187665e-16,0.0,793.86
2024-05-27,2024-06-03,2,red_velvet,3.048497393334352e-13,0.0,793.86
2024-05-27,2024-06-03,2,cereza_con_rabo_diana,7.741440343302639e-08,0.0,793.86
2024-05-27,2024-06-03,2,charola_galletera_alta_grande,0.00012282530278601278,0.1,793.86
2024-05-27,2024-06-03,2,mantequilla_gloria_22,4.6056906512396373e-10,0.0,793.86
2024-05-27,2024-06-03,2,domo_cupcake_sin_capacidad,3.8834546372241975e-20,0.0,793.86
2024-05-27,2024-06-03,2,relleno_zarzamora_fruitfil_puratos,0.021604003038262383,17.15,793.86
2024-05-27,2024-06-03,2,chips_rojo_alpezzi,0.0023571837422264835,1.87,793.86
2024-05-27,2024-06-03,2,capacillo_floreado_alegria,3.5110389000222596e-06,0.0,793.86
2024-05-27,2024-06-03,2,inix_contenedor_mantecadas,2.4632696105534237e-20,0.0,793.86
2024-05-27,2024-06-03,2,otros,0.20205018396669785,160.4,793.86
2024-05-27,2024-06-10,3,fondant_sin_especificacion,1.1640261349926495e-06,0.0,763.9700000000001
2024-05-27,2024-06-10,3,nutella,0.008080194830202784,6.17,763.9700000000001
2024-05-27,2024-06-10,3,tegral_satin_creme_cake_sabor_no_especificado,0.00661744849009093,5.06,763.9700000000001
2024-05-27,2024-06-10,3,chantilly_sin_especificacion,8.25878634089881e-13,0.0,763.9700000000001
2024-05-27,2024-06-10,3,crema_batir_ambiente_1_l,0.2152490016971982,164.44,763.9700000000001
2024-05-27,2024-06-10,3,queso_philadelphia,0.0005031139261628678,0.38,763.9700000000001
2024-05-27,2024-06-10,3,tegral_satin_red_velvet,0.0221770514007005,16.94,763.9700000000001
2024-05-27,2024-06-10,3,easy_pastel_tres_leches_sabor_no_especificado,5.327381823896696e-11,0.0,763.9700000000001
2024-05-27,2024-06-10,3,transfer_sin_especificacion,9.346125291955455e-08,0.0,763.9700000000001
2024-05-27,2024-06-10,3,chantilly_dulce,0.0008329045513482673,0.64,763.9700000000001
2024-05-27,2024-06-10,3,chantilly_asturias,0.0007527253538128809,0.58,763.9700000000001
2024-05-27,2024-06-10,3,chips_blanco_alpezzi,0.1710552574319133,130.68,763.9700000000001
2024-05-27,2024-06-10,3,fondant_nata_coco_blanco,0.07147517890021894,54.61,763.9700000000001
2024-05-27,2024-06-10,3,chantilly_dull,3.0126412154131175e-11,0.0,763.9700000000001
2024-05-27,2024-06-10,3,capacillos,0.030694035191170782,23.45,763.9700000000001
2024-05-27,2024-06-10,3,huevo_sin_especificacion,0.00011552432493664149,0.09,763.9700000000001
2024-05-27,2024-06-10,3,contenedor_mantecadas_inix_25_pz,0.00140571325450188,1.07,763.9700000000001
2024-05-27,2024-06-10,3,confitier_semiamargo_turin,0.05788199838730961,44.22,763.9700000000001
2024-05-27,2024-06-10,3,chips_chocolate_semi,1.8024257946389323e-07,0.0,763.9700000000001
2024-05-27,2024-06-10,3,tegral_satin_vainilla,0.08342308312373332,63.73,763.9700000000001
2024-05-27,2024-06-10,3,transfer_hoja_de_arroz_gruesa,0.0002534736740111246,0.19,763.9700000000001
2024-05-27,2024-06-10,3,tegral_satin_chocolate,0.03461961844090377,26.45,763.9700000000001
2024-05-27,2024-06-10,3,domo_cupcake_12,0.011147487229306655,8.52,763.9700000000001
2024-05-27,2024-06-10,3,mantequilla_gloria_presentacion_no_especificada,0.0018128511483080742,1.39,763.9700000000001
2024-05-27,2024-06-10,3,ferrero_rocher_t16,2.363286695259873e-06,0.0,763.9700000000001
2024-05-27,2024-06-10,3,huevo_san_juan,8.11463852516308e-08,0.0,763.9700000000001
2024-05-27,2024-06-10,3,relleno_zarzamora_puratos,2.8789068372235748e-08,0.0,763.9700000000001
2024-05-27,2024-06-10,3,aceite_sin_especificacion,2.4438253678182433e-13,0.0,763.9700000000001
2024-05-27,2024-06-10,3,matizador,8.29698303840957e-07,0.0,763.9700000000001
2024-05-27,2024-06-10,3,caja_de_carton_para_cupcake_6_pz,2.176016572784288e-18,0.0,763.9700000000001
2024-05-27,2024-06-10,3,carlos_v_stick,1.2406723450889795e-07,0.0,763.9700000000001
2024-05-27,2024-06-10,3,kisses_leche,3.150658614879261e-05,0.02,763.9700000000001
2024-05-27,2024-06-10,3,empaque_32_x_32_x_30,3.0851131970845142e-06,0.0,763.9700000000001
2024-05-27,2024-06-10,3,ferrero_sin_especificacion,1.1826965591870381e-10,0.0,763.9700000000001
2024-05-27,2024-06-10,3,domo_media_plancha_inix,0.026347509422498715,20.13,763.9700000000001
2024-05-27,2024-06-10,3,deiman_plumones_magicos,5.1619422507225084e-20,0.0,763.9700000000001
2024-05-27,2024-06-10,3,empaque_30_x_30_x_30,2.872346769699375e-06,0.0,763.9700000000001
2024-05-27,2024-06-10,3,queso_crema_suelto,2.783424262107375e-11,0.0,763.9700000000001
2024-05-27,2024-06-10,3,royal_icing_deiman_50_sin_unidad,2.5097028217323927e-11,0.0,763.9700000000001
2024-05-27,2024-06-10,3,pegamento_fondant,0.011384996923969883,8.7,763.9700000000001
2024-05-27,2024-06-10,3,base_28_cm,9.077094394217742e-09,0.0,763.9700000000001
2024-05-27,2024-06-10,3,bailey_s,5.1283750658565955e-06,0.0,763.9700000000001
2024-05-27,2024-06-10,3,domo_1_4_plancha,0.006324629594034638,4.83,763.9700000000001
2024-05-27,2024-06-10,3,colorantes_9_colores,1.8096438018904095e-12,0.0,763.9700000000001
2024-05-27,2024-06-10,3,sabrosano,0.00010275338222596397,0.08,763.9700000000001
2024-05-27,2024-06-10,3,huevo_blanco_tepa_de_linea,3.165481647069221e-09,0.0,763.9700000000001
2024-05-27,2024-06-10,3,mangas,4.850799973350635e-05,0.04,763.9700000000001
2024-05-27,2024-06-10,3,relleno_durazno_puratos,0.0002062425433486443,0.16,763.9700000000001
2024-05-27,2024-06-10,3,kit_kat_9_pz,0.00014988884423670996,0.11,763.9700000000001
2024-05-27,2024-06-10,3,oblea_arroz,0.0025137795187282555,1.92,763.9700000000001
2024-05-27,2024-06-10,3,huevo_calvario,0.00026863101541803916,0.21,763.9700000000001
2024-05-27,2024-06-10,3,bisagra_12_cupcakes,6.051136336629473e-07,0.0,763.9700000000001
2024-05-27,2024-06-10,3,chocolate_sin_especificacion,3.8635831673212953e-10,0.0,763.9700000000001
2024-05-27,2024-06-10,3,caja_cupcake_12,1.847778953852243e-11,0.0,763.9700000000001
2024-05-27,2024-06-10,3,empaque_31_x_31_x_20,1.968089453312535e-06,0.0,763.9700000000001
2024-05-27,2024-06-10,3,oreo_273_6,9.56478504199346e-07,0.0,763.9700000000001
2024-05-27,2024-06-10,3,perlas_sin_especificacion,3.355589705690366e-08,0.0,763.9700000000001
2024-05-27,2024-06-10,3,chips_chocolate_con_l,7.116982370656417e-11,0.0,763.9700000000001
2024-05-27,2024-06-10,3,relleno_fresa_frutifru,1.1104811493769677e-07,0.0,763.9700000000001
2024-05-27,2024-06-10,3,base_36_cm_doble,4.2235070014724483e-10,0.0,763.9700000000001
2024-05-27,2024-06-10,3,harina_red_velvet_esp,3.0105118077753777e-15,0.0,763.9700000000001
2024-05-27,2024-06-10,3,mantequilla_gloria_verde,0.008346882605374023,6.38,763.9700000000001
2024-05-27,2024-06-10,3,caja_cupcake_6,1.1146408665145328e-08,0.0,763.9700000000001
2024-05-27,2024-06-10,3,botellas_jack_daniels,1.5931943465786252e-07,0.0,763.9700000000001
2024-05-27,2024-06-10,3,royal_icing_sin_especificacion,1.9561960119432697e-05,0.02,763.9700000000001
2024-05-27,2024-06-10,3,azucar_glass,5.30508059269358e-07,0.0,763.9700000000001
2024-05-27,2024-06-10,3,kisses_leche_choc_bl_807_gr,6.872821789762891e-11,0.0,763.9700000000001
2024-05-27,2024-06-10,3,dlr_malvavisco_chocolate_32_pz,4.405097790106125e-08,0.0,763.9700000000001
2024-05-27,2024-06-10,3,alpezzi_blanco,2.2148889577971566e-07,0.0,763.9700000000001
2024-05-27,2024-06-10,3,relleno_queso_creme_p,1.8586470561971572e-08,0.0,763.9700000000001
2024-05-27,2024-06-10,3,ac_au800,4.864083847270404e-11,0.0,763.9700000000001
2024-05-27,2024-06-10,3,domo_cupcake_6,3.982985866454008e-08,0.0,763.9700000000001
2024-05-27,2024-06-10,3,caja_cupcake_sin_capacidad,8.545548317187665e-16,0.0,763.9700000000001
2024-05-27,2024-06-10,3,red_velvet,3.048497393334352e-13,0.0,763.9700000000001
2024-05-27,2024-06-10,3,cereza_con_rabo_diana,7.741440343302639e-08,0.0,763.9700000000001
2024-05-27,2024-06-10,3,charola_galletera_alta_grande,0.00012282530278601278,0.09,763.9700000000001
2024-05-27,2024-06-10,3,mantequilla_gloria_22,4.6056906512396373e-10,0.0,763.9700000000001
2024-05-27,2024-06-10,3,domo_cupcake_sin_capacidad,3.8834546372241975e-20,0.0,763.9700000000001
2024-05-27,2024-06-10,3,relleno_zarzamora_fruitfil_puratos,0.021604003038262383,16.51,763.9700000000001
2024-05-27,2024-06-10,3,chips_rojo_alpezzi,0.0023571837422264835,1.8,763.9700000000001
2024-05-27,2024-06-10,3,capacillo_floreado_alegria,3.5110389000222596e-06,0.0,763.9700000000001
2024-05-27,2024-06-10,3,inix_contenedor_mantecadas,2.4632696105534237e-20,0.0,763.9700000000001
2024-05-27,2024-06-10,3,otros,0.20205018396669785,154.36,763.9700000000001
2024-05-27,2024-06-17,4,fondant_sin_especificacion,1.1640261349926495e-06,0.0,453.78000000000003
2024-05-27,2024-06-17,4,nutella,0.008080194830202784,3.67,453.78000000000003
2024-05-27,2024-06-17,4,tegral_satin_creme_cake_sabor_no_especificado,0.00661744849009093,3.0,453.78000000000003
2024-05-27,2024-06-17,4,chantilly_sin_especificacion,8.25878634089881e-13,0.0,453.78000000000003
2024-05-27,2024-06-17,4,crema_batir_ambiente_1_l,0.2152490016971982,97.68,453.78000000000003
2024-05-27,2024-06-17,4,queso_philadelphia,0.0005031139261628678,0.23,453.78000000000003
2024-05-27,2024-06-17,4,tegral_satin_red_velvet,0.0221770514007005,10.06,453.78000000000003
2024-05-27,2024-06-17,4,easy_pastel_tres_leches_sabor_no_especificado,5.327381823896696e-11,0.0,453.78000000000003
2024-05-27,2024-06-17,4,transfer_sin_especificacion,9.346125291955455e-08,0.0,453.78000000000003
2024-05-27,2024-06-17,4,chantilly_dulce,0.0008329045513482673,0.38,453.78000000000003
2024-05-27,2024-06-17,4,chantilly_asturias,0.0007527253538128809,0.34,453.78000000000003
2024-05-27,2024-06-17,4,chips_blanco_alpezzi,0.1710552574319133,77.62,453.78000000000003
2024-05-27,2024-06-17,4,fondant_nata_coco_blanco,0.07147517890021894,32.43,453.78000000000003
2024-05-27,2024-06-17,4,chantilly_dull,3.0126412154131175e-11,0.0,453.78000000000003
2024-05-27,2024-06-17,4,capacillos,0.030694035191170782,13.93,453.78000000000003
2024-05-27,2024-06-17,4,huevo_sin_especificacion,0.00011552432493664149,0.05,453.78000000000003
2024-05-27,2024-06-17,4,contenedor_mantecadas_inix_25_pz,0.00140571325450188,0.64,453.78000000000003
2024-05-27,2024-06-17,4,confitier_semiamargo_turin,0.05788199838730961,26.27,453.78000000000003
2024-05-27,2024-06-17,4,chips_chocolate_semi,1.8024257946389323e-07,0.0,453.78000000000003
2024-05-27,2024-06-17,4,tegral_satin_vainilla,0.08342308312373332,37.86,453.78000000000003
2024-05-27,2024-06-17,4,transfer_hoja_de_arroz_gruesa,0.0002534736740111246,0.11,453.78000000000003
2024-05-27,2024-06-17,4,tegral_satin_chocolate,0.03461961844090377,15.71,453.78000000000003
2024-05-27,2024-06-17,4,domo_cupcake_12,0.011147487229306655,5.06,453.78000000000003
2024-05-27,2024-06-17,4,mantequilla_gloria_presentacion_no_especificada,0.0018128511483080742,0.82,453.78000000000003
2024-05-27,2024-06-17,4,ferrero_rocher_t16,2.363286695259873e-06,0.0,453.78000000000003
2024-05-27,2024-06-17,4,huevo_san_juan,8.11463852516308e-08,0.0,453.78000000000003
2024-05-27,2024-06-17,4,relleno_zarzamora_puratos,2.8789068372235748e-08,0.0,453.78000000000003
2024-05-27,2024-06-17,4,aceite_sin_especificacion,2.4438253678182433e-13,0.0,453.78000000000003
2024-05-27,2024-06-17,4,matizador,8.29698303840957e-07,0.0,453.78000000000003
2024-05-27,2024-06-17,4,caja_de_carton_para_cupcake_6_pz,2.176016572784288e-18,0.0,453.78000000000003
2024-05-27,2024-06-17,4,carlos_v_stick,1.2406723450889795e-07,0.0,453.78000000000003
2024-05-27,2024-06-17,4,kisses_leche,3.150658614879261e-05,0.01,453.78000000000003
2024-05-27,2024-06-17,4,empaque_32_x_32_x_30,3.0851131970845142e-06,0.0,453.78000000000003
2024-05-27,2024-06-17,4,ferrero_sin_especificacion,1.1826965591870381e-10,0.0,453.78000000000003
2024-05-27,2024-06-17,4,domo_media_plancha_inix,0.026347509422498715,11.96,453.78000000000003
2024-05-27,2024-06-17,4,deiman_plumones_magicos,5.1619422507225084e-20,0.0,453.78000000000003
2024-05-27,2024-06-17,4,empaque_30_x_30_x_30,2.872346769699375e-06,0.0,453.78000000000003
2024-05-27,2024-06-17,4,queso_crema_suelto,2.783424262107375e-11,0.0,453.78000000000003
2024-05-27,2024-06-17,4,royal_icing_deiman_50_sin_unidad,2.5097028217323927e-11,0.0,453.78000000000003
2024-05-27,2024-06-17,4,pegamento_fondant,0.011384996923969883,5.17,453.78000000000003
2024-05-27,2024-06-17,4,base_28_cm,9.077094394217742e-09,0.0,453.78000000000003
2024-05-27,2024-06-17,4,bailey_s,5.1283750658565955e-06,0.0,453.78000000000003
2024-05-27,2024-06-17,4,domo_1_4_plancha,0.006324629594034638,2.87,453.78000000000003
2024-05-27,2024-06-17,4,colorantes_9_colores,1.8096438018904095e-12,0.0,453.78000000000003
2024-05-27,2024-06-17,4,sabrosano,0.00010275338222596397,0.05,453.78000000000003
2024-05-27,2024-06-17,4,huevo_blanco_tepa_de_linea,3.165481647069221e-09,0.0,453.78000000000003
2024-05-27,2024-06-17,4,mangas,4.850799973350635e-05,0.02,453.78000000000003
2024-05-27,2024-06-17,4,relleno_durazno_puratos,0.0002062425433486443,0.09,453.78000000000003
2024-05-27,2024-06-17,4,kit_kat_9_pz,0.00014988884423670996,0.07,453.78000000000003
2024-05-27,2024-06-17,4,oblea_arroz,0.0025137795187282555,1.14,453.78000000000003
2024-05-27,2024-06-17,4,huevo_calvario,0.00026863101541803916,0.12,453.78000000000003
2024-05-27,2024-06-17,4,bisagra_12_cupcakes,6.051136336629473e-07,0.0,453.78000000000003
2024-05-27,2024-06-17,4,chocolate_sin_especificacion,3.8635831673212953e-10,0.0,453.78000000000003
2024-05-27,2024-06-17,4,caja_cupcake_12,1.847778953852243e-11,0.0,453.78000000000003
2024-05-27,2024-06-17,4,empaque_31_x_31_x_20,1.968089453312535e-06,0.0,453.78000000000003
2024-05-27,2024-06-17,4,oreo_273_6,9.56478504199346e-07,0.0,453.78000000000003
2024-05-27,2024-06-17,4,perlas_sin_especificacion,3.355589705690366e-08,0.0,453.78000000000003
2024-05-27,2024-06-17,4,chips_chocolate_con_l,7.116982370656417e-11,0.0,453.78000000000003
2024-05-27,2024-06-17,4,relleno_fresa_frutifru,1.1104811493769677e-07,0.0,453.78000000000003
2024-05-27,2024-06-17,4,base_36_cm_doble,4.2235070014724483e-10,0.0,453.78000000000003
2024-05-27,2024-06-17,4,harina_red_velvet_esp,3.0105118077753777e-15,0.0,453.78000000000003
2024-05-27,2024-06-17,4,mantequilla_gloria_verde,0.008346882605374023,3.79,453.78000000000003
2024-05-27,2024-06-17,4,caja_cupcake_6,1.1146408665145328e-08,0.0,453.78000000000003
2024-05-27,2024-06-17,4,botellas_jack_daniels,1.5931943465786252e-07,0.0,453.78000000000003
2024-05-27,2024-06-17,4,royal_icing_sin_especificacion,1.9561960119432697e-05,0.01,453.78000000000003
2024-05-27,2024-06-17,4,azucar_glass,5.30508059269358e-07,0.0,453.78000000000003
2024-05-27,2024-06-17,4,kisses_leche_choc_bl_807_gr,6.872821789762891e-11,0.0,453.78000000000003
2024-05-27,2024-06-17,4,dlr_malvavisco_chocolate_32_pz,4.405097790106125e-08,0.0,453.78000000000003
2024-05-27,2024-06-17,4,alpezzi_blanco,2.2148889577971566e-07,0.0,453.78000000000003
2024-05-27,2024-06-17,4,relleno_queso_creme_p,1.8586470561971572e-08,0.0,453.78000000000003
2024-05-27,2024-06-17,4,ac_au800,4.864083847270404e-11,0.0,453.78000000000003
2024-05-27,2024-06-17,4,domo_cupcake_6,3.982985866454008e-08,0.0,453.78000000000003
2024-05-27,2024-06-17,4,caja_cupcake_sin_capacidad,8.545548317187665e-16,0.0,453.78000000000003
2024-05-27,2024-06-17,4,red_velvet,3.048497393334352e-13,0.0,453.78000000000003
2024-05-27,2024-06-17,4,cereza_con_rabo_diana,7.741440343302639e-08,0.0,453.78000000000003
2024-05-27,2024-06-17,4,charola_galletera_alta_grande,0.00012282530278601278,0.06,453.78000000000003
2024-05-27,2024-06-17,4,mantequilla_gloria_22,4.6056906512396373e-10,0.0,453.78000000000003
2024-05-27,2024-06-17,4,domo_cupcake_sin_capacidad,3.8834546372241975e-20,0.0,453.78000000000003
2024-05-27,2024-06-17,4,relleno_zarzamora_fruitfil_puratos,0.021604003038262383,9.8,453.78000000000003
2024-05-27,2024-06-17,4,chips_rojo_alpezzi,0.0023571837422264835,1.07,453.78000000000003
2024-05-27,2024-06-17,4,capacillo_floreado_alegria,3.5110389000222596e-06,0.0,453.78000000000003
2024-05-27,2024-06-17,4,inix_contenedor_mantecadas,2.4632696105534237e-20,0.0,453.78000000000003
2024-05-27,2024-06-17,4,otros,0.20205018396669785,91.69,453.78000000000003
2024-06-03,2024-06-03,1,fondant_sin_especificacion,1.1640261349926495e-06,0.0,747.55
2024-06-03,2024-06-03,1,nutella,0.008080194830202786,6.04,747.55
2024-06-03,2024-06-03,1,tegral_satin_creme_cake_sabor_no_especificado,0.006617448490090933,4.95,747.55
2024-06-03,2024-06-03,1,chantilly_sin_especificacion,8.25878634089881e-13,0.0,747.55
2024-06-03,2024-06-03,1,crema_batir_ambiente_1_l,0.2152490016971982,160.91,747.55
2024-06-03,2024-06-03,1,queso_philadelphia,0.0005031139261628677,0.38,747.55
2024-06-03,2024-06-03,1,tegral_satin_red_velvet,0.022177051400700507,16.58,747.55
2024-06-03,2024-06-03,1,easy_pastel_tres_leches_sabor_no_especificado,5.3273818238966974e-11,0.0,747.55
2024-06-03,2024-06-03,1,transfer_sin_especificacion,9.346125291955458e-08,0.0,747.55
2024-06-03,2024-06-03,1,chantilly_dulce,0.0008329045513482674,0.62,747.55
2024-06-03,2024-06-03,1,chantilly_asturias,0.0007527253538128809,0.56,747.55
2024-06-03,2024-06-03,1,chips_blanco_alpezzi,0.1710552574319133,127.87,747.55
2024-06-03,2024-06-03,1,fondant_nata_coco_blanco,0.07147517890021896,53.43,747.55
2024-06-03,2024-06-03,1,chantilly_dull,3.0126412154131175e-11,0.0,747.55
2024-06-03,2024-06-03,1,capacillos,0.03069403519117079,22.95,747.55
2024-06-03,2024-06-03,1,huevo_sin_especificacion,0.00011552432493664148,0.09,747.55
2024-06-03,2024-06-03,1,contenedor_mantecadas_inix_25_pz,0.0014057132545018801,1.05,747.55
2024-06-03,2024-06-03,1,confitier_semiamargo_turin,0.05788199838730962,43.27,747.55
2024-06-03,2024-06-03,1,chips_chocolate_semi,1.8024257946389323e-07,0.0,747.55
2024-06-03,2024-06-03,1,tegral_satin_vainilla,0.08342308312373335,62.36,747.55
2024-06-03,2024-06-03,1,transfer_hoja_de_arroz_gruesa,0.0002534736740111246,0.19,747.55
2024-06-03,2024-06-03,1,tegral_satin_chocolate,0.03461961844090377,25.88,747.55
2024-06-03,2024-06-03,1,domo_cupcake_12,0.011147487229306655,8.33,747.55
2024-06-03,2024-06-03,1,mantequilla_gloria_presentacion_no_especificada,0.0018128511483080751,1.36,747.55
2024-06-03,2024-06-03,1,ferrero_rocher_t16,2.3632866952598735e-06,0.0,747.55
2024-06-03,2024-06-03,1,huevo_san_juan,8.114638525163082e-08,0.0,747.55
2024-06-03,2024-06-03,1,relleno_zarzamora_puratos,2.8789068372235758e-08,0.0,747.55
2024-06-03,2024-06-03,1,aceite_sin_especificacion,2.4438253678182443e-13,0.0,747.55
2024-06-03,2024-06-03,1,matizador,8.296983038409571e-07,0.0,747.55
2024-06-03,2024-06-03,1,caja_de_carton_para_cupcake_6_pz,2.176016572784288e-18,0.0,747.55
2024-06-03,2024-06-03,1,carlos_v_stick,1.2406723450889797e-07,0.0,747.55
2024-06-03,2024-06-03,1,kisses_leche,3.150658614879261e-05,0.02,747.55
2024-06-03,2024-06-03,1,empaque_32_x_32_x_30,3.0851131970845142e-06,0.0,747.55
2024-06-03,2024-06-03,1,ferrero_sin_especificacion,1.1826965591870381e-10,0.0,747.55
2024-06-03,2024-06-03,1,domo_media_plancha_inix,0.026347509422498718,19.7,747.55
2024-06-03,2024-06-03,1,deiman_plumones_magicos,5.161942250722509e-20,0.0,747.55
2024-06-03,2024-06-03,1,empaque_30_x_30_x_30,2.872346769699375e-06,0.0,747.55
2024-06-03,2024-06-03,1,queso_crema_suelto,2.783424262107375e-11,0.0,747.55
2024-06-03,2024-06-03,1,royal_icing_deiman_50_sin_unidad,2.509702821732393e-11,0.0,747.55
2024-06-03,2024-06-03,1,pegamento_fondant,0.011384996923969886,8.51,747.55
2024-06-03,2024-06-03,1,base_28_cm,9.077094394217742e-09,0.0,747.55
2024-06-03,2024-06-03,1,bailey_s,5.1283750658565955e-06,0.0,747.55
2024-06-03,2024-06-03,1,domo_1_4_plancha,0.00632462959403464,4.73,747.55
2024-06-03,2024-06-03,1,colorantes_9_colores,1.8096438018904095e-12,0.0,747.55
2024-06-03,2024-06-03,1,sabrosano,0.00010275338222596396,0.08,747.55
2024-06-03,2024-06-03,1,huevo_blanco_tepa_de_linea,3.1654816470692224e-09,0.0,747.55
2024-06-03,2024-06-03,1,mangas,4.850799973350636e-05,0.04,747.55
2024-06-03,2024-06-03,1,relleno_durazno_puratos,0.0002062425433486443,0.16,747.55
2024-06-03,2024-06-03,1,kit_kat_9_pz,0.00014988884423670996,0.11,747.55
2024-06-03,2024-06-03,1,oblea_arroz,0.002513779518728256,1.88,747.55
2024-06-03,2024-06-03,1,huevo_calvario,0.0002686310154180392,0.2,747.55
2024-06-03,2024-06-03,1,bisagra_12_cupcakes,6.051136336629474e-07,0.0,747.55
2024-06-03,2024-06-03,1,chocolate_sin_especificacion,3.8635831673212953e-10,0.0,747.55
2024-06-03,2024-06-03,1,caja_cupcake_12,1.8477789538522432e-11,0.0,747.55
2024-06-03,2024-06-03,1,empaque_31_x_31_x_20,1.968089453312535e-06,0.0,747.55
2024-06-03,2024-06-03,1,oreo_273_6,9.56478504199346e-07,0.0,747.55
2024-06-03,2024-06-03,1,perlas_sin_especificacion,3.3555897056903676e-08,0.0,747.55
2024-06-03,2024-06-03,1,chips_chocolate_con_l,7.116982370656418e-11,0.0,747.55
2024-06-03,2024-06-03,1,relleno_fresa_frutifru,1.1104811493769675e-07,0.0,747.55
2024-06-03,2024-06-03,1,base_36_cm_doble,4.223507001472449e-10,0.0,747.55
2024-06-03,2024-06-03,1,harina_red_velvet_esp,3.0105118077753785e-15,0.0,747.55
2024-06-03,2024-06-03,1,mantequilla_gloria_verde,0.008346882605374025,6.24,747.55
2024-06-03,2024-06-03,1,caja_cupcake_6,1.114640866514533e-08,0.0,747.55
2024-06-03,2024-06-03,1,botellas_jack_daniels,1.5931943465786255e-07,0.0,747.55
2024-06-03,2024-06-03,1,royal_icing_sin_especificacion,1.95619601194327e-05,0.02,747.55
2024-06-03,2024-06-03,1,azucar_glass,5.305080592693581e-07,0.0,747.55
2024-06-03,2024-06-03,1,kisses_leche_choc_bl_807_gr,6.872821789762891e-11,0.0,747.55
2024-06-03,2024-06-03,1,dlr_malvavisco_chocolate_32_pz,4.405097790106127e-08,0.0,747.55
2024-06-03,2024-06-03,1,alpezzi_blanco,2.214888957797157e-07,0.0,747.55
2024-06-03,2024-06-03,1,relleno_queso_creme_p,1.8586470561971572e-08,0.0,747.55
2024-06-03,2024-06-03,1,ac_au800,4.8640838472704044e-11,0.0,747.55
2024-06-03,2024-06-03,1,domo_cupcake_6,3.982985866454008e-08,0.0,747.55
2024-06-03,2024-06-03,1,caja_cupcake_sin_capacidad,8.545548317187666e-16,0.0,747.55
2024-06-03,2024-06-03,1,red_velvet,3.0484973933343513e-13,0.0,747.55
2024-06-03,2024-06-03,1,cereza_con_rabo_diana,7.741440343302639e-08,0.0,747.55
2024-06-03,2024-06-03,1,charola_galletera_alta_grande,0.0001228253027860128,0.09,747.55
2024-06-03,2024-06-03,1,mantequilla_gloria_22,4.605690651239637e-10,0.0,747.55
2024-06-03,2024-06-03,1,domo_cupcake_sin_capacidad,3.8834546372241975e-20,0.0,747.55
2024-06-03,2024-06-03,1,relleno_zarzamora_fruitfil_puratos,0.021604003038262386,16.15,747.55
2024-06-03,2024-06-03,1,chips_rojo_alpezzi,0.0023571837422264844,1.76,747.55
2024-06-03,2024-06-03,1,capacillo_floreado_alegria,3.5110389000222605e-06,0.0,747.55
2024-06-03,2024-06-03,1,inix_contenedor_mantecadas,2.4632696105534237e-20,0.0,747.55
2024-06-03,2024-06-03,1,otros,0.20205018396669788,151.04,747.55
2024-06-03,2024-06-10,2,fondant_sin_especificacion,1.1640261349926495e-06,0.0,748.74
2024-06-03,2024-06-10,2,nutella,0.008080194830202786,6.05,748.74
2024-06-03,2024-06-10,2,tegral_satin_creme_cake_sabor_no_especificado,0.006617448490090933,4.96,748.74
2024-06-03,2024-06-10,2,chantilly_sin_especificacion,8.25878634089881e-13,0.0,748.74
2024-06-03,2024-06-10,2,crema_batir_ambiente_1_l,0.2152490016971982,161.17,748.74
2024-06-03,2024-06-10,2,queso_philadelphia,0.0005031139261628677,0.38,748.74
2024-06-03,2024-06-10,2,tegral_satin_red_velvet,0.022177051400700507,16.61,748.74
2024-06-03,2024-06-10,2,easy_pastel_tres_leches_sabor_no_especificado,5.3273818238966974e-11,0.0,748.74
2024-06-03,2024-06-10,2,transfer_sin_especificacion,9.346125291955458e-08,0.0,748.74
2024-06-03,2024-06-10,2,chantilly_dulce,0.0008329045513482674,0.62,748.74
2024-06-03,2024-06-10,2,chantilly_asturias,0.0007527253538128809,0.56,748.74
2024-06-03,2024-06-10,2,chips_blanco_alpezzi,0.1710552574319133,128.08,748.74
2024-06-03,2024-06-10,2,fondant_nata_coco_blanco,0.07147517890021896,53.52,748.74
2024-06-03,2024-06-10,2,chantilly_dull,3.0126412154131175e-11,0.0,748.74
2024-06-03,2024-06-10,2,capacillos,0.03069403519117079,22.98,748.74
2024-06-03,2024-06-10,2,huevo_sin_especificacion,0.00011552432493664148,0.09,748.74
2024-06-03,2024-06-10,2,contenedor_mantecadas_inix_25_pz,0.0014057132545018801,1.05,748.74
2024-06-03,2024-06-10,2,confitier_semiamargo_turin,0.05788199838730962,43.34,748.74
2024-06-03,2024-06-10,2,chips_chocolate_semi,1.8024257946389323e-07,0.0,748.74
2024-06-03,2024-06-10,2,tegral_satin_vainilla,0.08342308312373335,62.46,748.74
2024-06-03,2024-06-10,2,transfer_hoja_de_arroz_gruesa,0.0002534736740111246,0.19,748.74
2024-06-03,2024-06-10,2,tegral_satin_chocolate,0.03461961844090377,25.92,748.74
2024-06-03,2024-06-10,2,domo_cupcake_12,0.011147487229306655,8.35,748.74
2024-06-03,2024-06-10,2,mantequilla_gloria_presentacion_no_especificada,0.0018128511483080751,1.36,748.74
2024-06-03,2024-06-10,2,ferrero_rocher_t16,2.3632866952598735e-06,0.0,748.74
2024-06-03,2024-06-10,2,huevo_san_juan,8.114638525163082e-08,0.0,748.74
2024-06-03,2024-06-10,2,relleno_zarzamora_puratos,2.8789068372235758e-08,0.0,748.74
2024-06-03,2024-06-10,2,aceite_sin_especificacion,2.4438253678182443e-13,0.0,748.74
2024-06-03,2024-06-10,2,matizador,8.296983038409571e-07,0.0,748.74
2024-06-03,2024-06-10,2,caja_de_carton_para_cupcake_6_pz,2.176016572784288e-18,0.0,748.74
2024-06-03,2024-06-10,2,carlos_v_stick,1.2406723450889797e-07,0.0,748.74
2024-06-03,2024-06-10,2,kisses_leche,3.150658614879261e-05,0.02,748.74
2024-06-03,2024-06-10,2,empaque_32_x_32_x_30,3.0851131970845142e-06,0.0,748.74
2024-06-03,2024-06-10,2,ferrero_sin_especificacion,1.1826965591870381e-10,0.0,748.74
2024-06-03,2024-06-10,2,domo_media_plancha_inix,0.026347509422498718,19.73,748.74
2024-06-03,2024-06-10,2,deiman_plumones_magicos,5.161942250722509e-20,0.0,748.74
2024-06-03,2024-06-10,2,empaque_30_x_30_x_30,2.872346769699375e-06,0.0,748.74
2024-06-03,2024-06-10,2,queso_crema_suelto,2.783424262107375e-11,0.0,748.74
2024-06-03,2024-06-10,2,royal_icing_deiman_50_sin_unidad,2.509702821732393e-11,0.0,748.74
2024-06-03,2024-06-10,2,pegamento_fondant,0.011384996923969886,8.52,748.74
2024-06-03,2024-06-10,2,base_28_cm,9.077094394217742e-09,0.0,748.74
2024-06-03,2024-06-10,2,bailey_s,5.1283750658565955e-06,0.0,748.74
2024-06-03,2024-06-10,2,domo_1_4_plancha,0.00632462959403464,4.74,748.74
2024-06-03,2024-06-10,2,colorantes_9_colores,1.8096438018904095e-12,0.0,748.74
2024-06-03,2024-06-10,2,sabrosano,0.00010275338222596396,0.08,748.74
2024-06-03,2024-06-10,2,huevo_blanco_tepa_de_linea,3.1654816470692224e-09,0.0,748.74
2024-06-03,2024-06-10,2,mangas,4.850799973350636e-05,0.04,748.74
2024-06-03,2024-06-10,2,relleno_durazno_puratos,0.0002062425433486443,0.15,748.74
2024-06-03,2024-06-10,2,kit_kat_9_pz,0.00014988884423670996,0.11,748.74
2024-06-03,2024-06-10,2,oblea_arroz,0.002513779518728256,1.88,748.74
2024-06-03,2024-06-10,2,huevo_calvario,0.0002686310154180392,0.2,748.74
2024-06-03,2024-06-10,2,bisagra_12_cupcakes,6.051136336629474e-07,0.0,748.74
2024-06-03,2024-06-10,2,chocolate_sin_especificacion,3.8635831673212953e-10,0.0,748.74
2024-06-03,2024-06-10,2,caja_cupcake_12,1.8477789538522432e-11,0.0,748.74
2024-06-03,2024-06-10,2,empaque_31_x_31_x_20,1.968089453312535e-06,0.0,748.74
2024-06-03,2024-06-10,2,oreo_273_6,9.56478504199346e-07,0.0,748.74
2024-06-03,2024-06-10,2,perlas_sin_especificacion,3.3555897056903676e-08,0.0,748.74
2024-06-03,2024-06-10,2,chips_chocolate_con_l,7.116982370656418e-11,0.0,748.74
2024-06-03,2024-06-10,2,relleno_fresa_frutifru,1.1104811493769675e-07,0.0,748.74
2024-06-03,2024-06-10,2,base_36_cm_doble,4.223507001472449e-10,0.0,748.74
2024-06-03,2024-06-10,2,harina_red_velvet_esp,3.0105118077753785e-15,0.0,748.74
2024-06-03,2024-06-10,2,mantequilla_gloria_verde,0.008346882605374025,6.25,748.74
2024-06-03,2024-06-10,2,caja_cupcake_6,1.114640866514533e-08,0.0,748.74
2024-06-03,2024-06-10,2,botellas_jack_daniels,1.5931943465786255e-07,0.0,748.74
2024-06-03,2024-06-10,2,royal_icing_sin_especificacion,1.95619601194327e-05,0.01,748.74
2024-06-03,2024-06-10,2,azucar_glass,5.305080592693581e-07,0.0,748.74
2024-06-03,2024-06-10,2,kisses_leche_choc_bl_807_gr,6.872821789762891e-11,0.0,748.74
2024-06-03,2024-06-10,2,dlr_malvavisco_chocolate_32_pz,4.405097790106127e-08,0.0,748.74
2024-06-03,2024-06-10,2,alpezzi_blanco,2.214888957797157e-07,0.0,748.74
2024-06-03,2024-06-10,2,relleno_queso_creme_p,1.8586470561971572e-08,0.0,748.74
2024-06-03,2024-06-10,2,ac_au800,4.8640838472704044e-11,0.0,748.74
2024-06-03,2024-06-10,2,domo_cupcake_6,3.982985866454008e-08,0.0,748.74
2024-06-03,2024-06-10,2,caja_cupcake_sin_capacidad,8.545548317187666e-16,0.0,748.74
2024-06-03,2024-06-10,2,red_velvet,3.0484973933343513e-13,0.0,748.74
2024-06-03,2024-06-10,2,cereza_con_rabo_diana,7.741440343302639e-08,0.0,748.74
2024-06-03,2024-06-10,2,charola_galletera_alta_grande,0.0001228253027860128,0.09,748.74
2024-06-03,2024-06-10,2,mantequilla_gloria_22,4.605690651239637e-10,0.0,748.74
2024-06-03,2024-06-10,2,domo_cupcake_sin_capacidad,3.8834546372241975e-20,0.0,748.74
2024-06-03,2024-06-10,2,relleno_zarzamora_fruitfil_puratos,0.021604003038262386,16.18,748.74
2024-06-03,2024-06-10,2,chips_rojo_alpezzi,0.0023571837422264844,1.77,748.74
2024-06-03,2024-06-10,2,capacillo_floreado_alegria,3.5110389000222605e-06,0.0,748.74
2024-06-03,2024-06-10,2,inix_contenedor_mantecadas,2.4632696105534237e-20,0.0,748.74
2024-06-03,2024-06-10,2,otros,0.20205018396669788,151.28,748.74
2024-06-03,2024-06-17,3,fondant_sin_especificacion,1.1640261349926495e-06,0.0,754.77
2024-06-03,2024-06-17,3,nutella,0.008080194830202786,6.1,754.77
2024-06-03,2024-06-17,3,tegral_satin_creme_cake_sabor_no_especificado,0.006617448490090933,4.99,754.77
2024-06-03,2024-06-17,3,chantilly_sin_especificacion,8.25878634089881e-13,0.0,754.77
2024-06-03,2024-06-17,3,crema_batir_ambiente_1_l,0.2152490016971982,162.46,754.77
2024-06-03,2024-06-17,3,queso_philadelphia,0.0005031139261628677,0.38,754.77
2024-06-03,2024-06-17,3,tegral_satin_red_velvet,0.022177051400700507,16.74,754.77
2024-06-03,2024-06-17,3,easy_pastel_tres_leches_sabor_no_especificado,5.3273818238966974e-11,0.0,754.77
2024-06-03,2024-06-17,3,transfer_sin_especificacion,9.346125291955458e-08,0.0,754.77
2024-06-03,2024-06-17,3,chantilly_dulce,0.0008329045513482674,0.63,754.77
2024-06-03,2024-06-17,3,chantilly_asturias,0.0007527253538128809,0.57,754.77
2024-06-03,2024-06-17,3,chips_blanco_alpezzi,0.1710552574319133,129.11,754.77
2024-06-03,2024-06-17,3,fondant_nata_coco_blanco,0.07147517890021896,53.95,754.77
2024-06-03,2024-06-17,3,chantilly_dull,3.0126412154131175e-11,0.0,754.77
2024-06-03,2024-06-17,3,capacillos,0.03069403519117079,23.17,754.77
2024-06-03,2024-06-17,3,huevo_sin_especificacion,0.00011552432493664148,0.09,754.77
2024-06-03,2024-06-17,3,contenedor_mantecadas_inix_25_pz,0.0014057132545018801,1.06,754.77
2024-06-03,2024-06-17,3,confitier_semiamargo_turin,0.05788199838730962,43.69,754.77
2024-06-03,2024-06-17,3,chips_chocolate_semi,1.8024257946389323e-07,0.0,754.77
2024-06-03,2024-06-17,3,tegral_satin_vainilla,0.08342308312373335,62.97,754.77
2024-06-03,2024-06-17,3,transfer_hoja_de_arroz_gruesa,0.0002534736740111246,0.19,754.77
2024-06-03,2024-06-17,3,tegral_satin_chocolate,0.03461961844090377,26.13,754.77
2024-06-03,2024-06-17,3,domo_cupcake_12,0.011147487229306655,8.41,754.77
2024-06-03,2024-06-17,3,mantequilla_gloria_presentacion_no_especificada,0.0018128511483080751,1.37,754.77
2024-06-03,2024-06-17,3,ferrero_rocher_t16,2.3632866952598735e-06,0.0,754.77
2024-06-03,2024-06-17,3,huevo_san_juan,8.114638525163082e-08,0.0,754.77
2024-06-03,2024-06-17,3,relleno_zarzamora_puratos,2.8789068372235758e-08,0.0,754.77
2024-06-03,2024-06-17,3,aceite_sin_especificacion,2.4438253678182443e-13,0.0,754.77
2024-06-03,2024-06-17,3,matizador,8.296983038409571e-07,0.0,754.77
2024-06-03,2024-06-17,3,caja_de_carton_para_cupcake_6_pz,2.176016572784288e-18,0.0,754.77
2024-06-03,2024-06-17,3,carlos_v_stick,1.2406723450889797e-07,0.0,754.77
2024-06-03,2024-06-17,3,kisses_leche,3.150658614879261e-05,0.02,754.77
2024-06-03,2024-06-17,3,empaque_32_x_32_x_30,3.0851131970845142e-06,0.0,754.77
2024-06-03,2024-06-17,3,ferrero_sin_especificacion,1.1826965591870381e-10,0.0,754.77
2024-06-03,2024-06-17,3,domo_media_plancha_inix,0.026347509422498718,19.89,754.77
2024-06-03,2024-06-17,3,deiman_plumones_magicos,5.161942250722509e-20,0.0,754.77
2024-06-03,2024-06-17,3,empaque_30_x_30_x_30,2.872346769699375e-06,0.0,754.77
2024-06-03,2024-06-17,3,queso_crema_suelto,2.783424262107375e-11,0.0,754.77
2024-06-03,2024-06-17,3,royal_icing_deiman_50_sin_unidad,2.509702821732393e-11,0.0,754.77
2024-06-03,2024-06-17,3,pegamento_fondant,0.011384996923969886,8.59,754.77
2024-06-03,2024-06-17,3,base_28_cm,9.077094394217742e-09,0.0,754.77
2024-06-03,2024-06-17,3,bailey_s,5.1283750658565955e-06,0.0,754.77
2024-06-03,2024-06-17,3,domo_1_4_plancha,0.00632462959403464,4.77,754.77
2024-06-03,2024-06-17,3,colorantes_9_colores,1.8096438018904095e-12,0.0,754.77
2024-06-03,2024-06-17,3,sabrosano,0.00010275338222596396,0.08,754.77
2024-06-03,2024-06-17,3,huevo_blanco_tepa_de_linea,3.1654816470692224e-09,0.0,754.77
2024-06-03,2024-06-17,3,mangas,4.850799973350636e-05,0.04,754.77
2024-06-03,2024-06-17,3,relleno_durazno_puratos,0.0002062425433486443,0.16,754.77
2024-06-03,2024-06-17,3,kit_kat_9_pz,0.00014988884423670996,0.11,754.77
2024-06-03,2024-06-17,3,oblea_arroz,0.002513779518728256,1.9,754.77
2024-06-03,2024-06-17,3,huevo_calvario,0.0002686310154180392,0.2,754.77
2024-06-03,2024-06-17,3,bisagra_12_cupcakes,6.051136336629474e-07,0.0,754.77
2024-06-03,2024-06-17,3,chocolate_sin_especificacion,3.8635831673212953e-10,0.0,754.77
2024-06-03,2024-06-17,3,caja_cupcake_12,1.8477789538522432e-11,0.0,754.77
2024-06-03,2024-06-17,3,empaque_31_x_31_x_20,1.968089453312535e-06,0.0,754.77
2024-06-03,2024-06-17,3,oreo_273_6,9.56478504199346e-07,0.0,754.77
2024-06-03,2024-06-17,3,perlas_sin_especificacion,3.3555897056903676e-08,0.0,754.77
2024-06-03,2024-06-17,3,chips_chocolate_con_l,7.116982370656418e-11,0.0,754.77
2024-06-03,2024-06-17,3,relleno_fresa_frutifru,1.1104811493769675e-07,0.0,754.77
2024-06-03,2024-06-17,3,base_36_cm_doble,4.223507001472449e-10,0.0,754.77
2024-06-03,2024-06-17,3,harina_red_velvet_esp,3.0105118077753785e-15,0.0,754.77
2024-06-03,2024-06-17,3,mantequilla_gloria_verde,0.008346882605374025,6.3,754.77
2024-06-03,2024-06-17,3,caja_cupcake_6,1.114640866514533e-08,0.0,754.77
2024-06-03,2024-06-17,3,botellas_jack_daniels,1.5931943465786255e-07,0.0,754.77
2024-06-03,2024-06-17,3,royal_icing_sin_especificacion,1.95619601194327e-05,0.02,754.77
2024-06-03,2024-06-17,3,azucar_glass,5.305080592693581e-07,0.0,754.77
2024-06-03,2024-06-17,3,kisses_leche_choc_bl_807_gr,6.872821789762891e-11,0.0,754.77
2024-06-03,2024-06-17,3,dlr_malvavisco_chocolate_32_pz,4.405097790106127e-08,0.0,754.77
2024-06-03,2024-06-17,3,alpezzi_blanco,2.214888957797157e-07,0.0,754.77
2024-06-03,2024-06-17,3,relleno_queso_creme_p,1.8586470561971572e-08,0.0,754.77
2024-06-03,2024-06-17,3,ac_au800,4.8640838472704044e-11,0.0,754.77
2024-06-03,2024-06-17,3,domo_cupcake_6,3.982985866454008e-08,0.0,754.77
2024-06-03,2024-06-17,3,caja_cupcake_sin_capacidad,8.545548317187666e-16,0.0,754.77
2024-06-03,2024-06-17,3,red_velvet,3.0484973933343513e-13,0.0,754.77
2024-06-03,2024-06-17,3,cereza_con_rabo_diana,7.741440343302639e-08,0.0,754.77
2024-06-03,2024-06-17,3,charola_galletera_alta_grande,0.0001228253027860128,0.09,754.77
2024-06-03,2024-06-17,3,mantequilla_gloria_22,4.605690651239637e-10,0.0,754.77
2024-06-03,2024-06-17,3,domo_cupcake_sin_capacidad,3.8834546372241975e-20,0.0,754.77
2024-06-03,2024-06-17,3,relleno_zarzamora_fruitfil_puratos,0.021604003038262386,16.31,754.77
2024-06-03,2024-06-17,3,chips_rojo_alpezzi,0.0023571837422264844,1.78,754.77
2024-06-03,2024-06-17,3,capacillo_floreado_alegria,3.5110389000222605e-06,0.0,754.77
2024-06-03,2024-06-17,3,inix_contenedor_mantecadas,2.4632696105534237e-20,0.0,754.77
2024-06-03,2024-06-17,3,otros,0.20205018396669788,152.5,754.77
2024-06-03,2024-06-24,4,fondant_sin_especificacion,1.1640261349926495e-06,0.0,535.1999999999999
2024-06-03,2024-06-24,4,nutella,0.008080194830202786,4.32,535.1999999999999
2024-06-03,2024-06-24,4,tegral_satin_creme_cake_sabor_no_especificado,0.006617448490090933,3.54,535.1999999999999
2024-06-03,2024-06-24,4,chantilly_sin_especificacion,8.25878634089881e-13,0.0,535.1999999999999
2024-06-03,2024-06-24,4,crema_batir_ambiente_1_l,0.2152490016971982,115.2,535.1999999999999
2024-06-03,2024-06-24,4,queso_philadelphia,0.0005031139261628677,0.27,535.1999999999999
2024-06-03,2024-06-24,4,tegral_satin_red_velvet,0.022177051400700507,11.87,535.1999999999999
2024-06-03,2024-06-24,4,easy_pastel_tres_leches_sabor_no_especificado,5.3273818238966974e-11,0.0,535.1999999999999
2024-06-03,2024-06-24,4,transfer_sin_especificacion,9.346125291955458e-08,0.0,535.1999999999999
2024-06-03,2024-06-24,4,chantilly_dulce,0.0008329045513482674,0.45,535.1999999999999
2024-06-03,2024-06-24,4,chantilly_asturias,0.0007527253538128809,0.4,535.1999999999999
2024-06-03,2024-06-24,4,chips_blanco_alpezzi,0.1710552574319133,91.55,535.1999999999999
2024-06-03,2024-06-24,4,fondant_nata_coco_blanco,0.07147517890021896,38.25,535.1999999999999
2024-06-03,2024-06-24,4,chantilly_dull,3.0126412154131175e-11,0.0,535.1999999999999
2024-06-03,2024-06-24,4,capacillos,0.03069403519117079,16.43,535.1999999999999
2024-06-03,2024-06-24,4,huevo_sin_especificacion,0.00011552432493664148,0.06,535.1999999999999
2024-06-03,2024-06-24,4,contenedor_mantecadas_inix_25_pz,0.0014057132545018801,0.75,535.1999999999999
2024-06-03,2024-06-24,4,confitier_semiamargo_turin,0.05788199838730962,30.98,535.1999999999999
2024-06-03,2024-06-24,4,chips_chocolate_semi,1.8024257946389323e-07,0.0,535.1999999999999
2024-06-03,2024-06-24,4,tegral_satin_vainilla,0.08342308312373335,44.65,535.1999999999999
2024-06-03,2024-06-24,4,transfer_hoja_de_arroz_gruesa,0.0002534736740111246,0.14,535.1999999999999
2024-06-03,2024-06-24,4,tegral_satin_chocolate,0.03461961844090377,18.53,535.1999999999999
2024-06-03,2024-06-24,4,domo_cupcake_12,0.011147487229306655,5.97,535.1999999999999
2024-06-03,2024-06-24,4,mantequilla_gloria_presentacion_no_especificada,0.0018128511483080751,0.97,535.1999999999999
2024-06-03,2024-06-24,4,ferrero_rocher_t16,2.3632866952598735e-06,0.0,535.1999999999999
2024-06-03,2024-06-24,4,huevo_san_juan,8.114638525163082e-08,0.0,535.1999999999999
2024-06-03,2024-06-24,4,relleno_zarzamora_puratos,2.8789068372235758e-08,0.0,535.1999999999999
2024-06-03,2024-06-24,4,aceite_sin_especificacion,2.4438253678182443e-13,0.0,535.1999999999999
2024-06-03,2024-06-24,4,matizador,8.296983038409571e-07,0.0,535.1999999999999
2024-06-03,2024-06-24,4,caja_de_carton_para_cupcake_6_pz,2.176016572784288e-18,0.0,535.1999999999999
2024-06-03,2024-06-24,4,carlos_v_stick,1.2406723450889797e-07,0.0,535.1999999999999
2024-06-03,2024-06-24,4,kisses_leche,3.150658614879261e-05,0.02,535.1999999999999
2024-06-03,2024-06-24,4,empaque_32_x_32_x_30,3.0851131970845142e-06,0.0,535.1999999999999
2024-06-03,2024-06-24,4,ferrero_sin_especificacion,1.1826965591870381e-10,0.0,535.1999999999999
2024-06-03,2024-06-24,4,domo_media_plancha_inix,0.026347509422498718,14.1,535.1999999999999
2024-06-03,2024-06-24,4,deiman_plumones_magicos,5.161942250722509e-20,0.0,535.1999999999999
2024-06-03,2024-06-24,4,empaque_30_x_30_x_30,2.872346769699375e-06,0.0,535.1999999999999
2024-06-03,2024-06-24,4,queso_crema_suelto,2.783424262107375e-11,0.0,535.1999999999999
2024-06-03,2024-06-24,4,royal_icing_deiman_50_sin_unidad,2.509702821732393e-11,0.0,535.1999999999999
2024-06-03,2024-06-24,4,pegamento_fondant,0.011384996923969886,6.09,535.1999999999999
2024-06-03,2024-06-24,4,base_28_cm,9.077094394217742e-09,0.0,535.1999999999999
2024-06-03,2024-06-24,4,bailey_s,5.1283750658565955e-06,0.0,535.1999999999999
2024-06-03,2024-06-24,4,domo_1_4_plancha,0.00632462959403464,3.38,535.1999999999999
2024-06-03,2024-06-24,4,colorantes_9_colores,1.8096438018904095e-12,0.0,535.1999999999999
2024-06-03,2024-06-24,4,sabrosano,0.00010275338222596396,0.06,535.1999999999999
2024-06-03,2024-06-24,4,huevo_blanco_tepa_de_linea,3.1654816470692224e-09,0.0,535.1999999999999
2024-06-03,2024-06-24,4,mangas,4.850799973350636e-05,0.03,535.1999999999999
2024-06-03,2024-06-24,4,relleno_durazno_puratos,0.0002062425433486443,0.11,535.1999999999999
2024-06-03,2024-06-24,4,kit_kat_9_pz,0.00014988884423670996,0.08,535.1999999999999
2024-06-03,2024-06-24,4,oblea_arroz,0.002513779518728256,1.35,535.1999999999999
2024-06-03,2024-06-24,4,huevo_calvario,0.0002686310154180392,0.14,535.1999999999999
2024-06-03,2024-06-24,4,bisagra_12_cupcakes,6.051136336629474e-07,0.0,535.1999999999999
2024-06-03,2024-06-24,4,chocolate_sin_especificacion,3.8635831673212953e-10,0.0,535.1999999999999
2024-06-03,2024-06-24,4,caja_cupcake_12,1.8477789538522432e-11,0.0,535.1999999999999
2024-06-03,2024-06-24,4,empaque_31_x_31_x_20,1.968089453312535e-06,0.0,535.1999999999999
2024-06-03,2024-06-24,4,oreo_273_6,9.56478504199346e-07,0.0,535.1999999999999
2024-06-03,2024-06-24,4,perlas_sin_especificacion,3.3555897056903676e-08,0.0,535.1999999999999
2024-06-03,2024-06-24,4,chips_chocolate_con_l,7.116982370656418e-11,0.0,535.1999999999999
2024-06-03,2024-06-24,4,relleno_fresa_frutifru,1.1104811493769675e-07,0.0,535.1999999999999
2024-06-03,2024-06-24,4,base_36_cm_doble,4.223507001472449e-10,0.0,535.1999999999999
2024-06-03,2024-06-24,4,harina_red_velvet_esp,3.0105118077753785e-15,0.0,535.1999999999999
2024-06-03,2024-06-24,4,mantequilla_gloria_verde,0.008346882605374025,4.47,535.1999999999999
2024-06-03,2024-06-24,4,caja_cupcake_6,1.114640866514533e-08,0.0,535.1999999999999
2024-06-03,2024-06-24,4,botellas_jack_daniels,1.5931943465786255e-07,0.0,535.1999999999999
2024-06-03,2024-06-24,4,royal_icing_sin_especificacion,1.95619601194327e-05,0.01,535.1999999999999
2024-06-03,2024-06-24,4,azucar_glass,5.305080592693581e-07,0.0,535.1999999999999
2024-06-03,2024-06-24,4,kisses_leche_choc_bl_807_gr,6.872821789762891e-11,0.0,535.1999999999999
2024-06-03,2024-06-24,4,dlr_malvavisco_chocolate_32_pz,4.405097790106127e-08,0.0,535.1999999999999
2024-06-03,2024-06-24,4,alpezzi_blanco,2.214888957797157e-07,0.0,535.1999999999999
2024-06-03,2024-06-24,4,relleno_queso_creme_p,1.8586470561971572e-08,0.0,535.1999999999999
2024-06-03,2024-06-24,4,ac_au800,4.8640838472704044e-11,0.0,535.1999999999999
2024-06-03,2024-06-24,4,domo_cupcake_6,3.982985866454008e-08,0.0,535.1999999999999
2024-06-03,2024-06-24,4,caja_cupcake_sin_capacidad,8.545548317187666e-16,0.0,535.1999999999999
2024-06-03,2024-06-24,4,red_velvet,3.0484973933343513e-13,0.0,535.1999999999999
2024-06-03,2024-06-24,4,cereza_con_rabo_diana,7.741440343302639e-08,0.0,535.1999999999999
2024-06-03,2024-06-24,4,charola_galletera_alta_grande,0.0001228253027860128,0.07,535.1999999999999
2024-06-03,2024-06-24,4,mantequilla_gloria_22,4.605690651239637e-10,0.0,535.1999999999999
2024-06-03,2024-06-24,4,domo_cupcake_sin_capacidad,3.8834546372241975e-20,0.0,535.1999999999999
2024-06-03,2024-06-24,4,relleno_zarzamora_fruitfil_puratos,0.021604003038262386,11.56,535.1999999999999
2024-06-03,2024-06-24,4,chips_rojo_alpezzi,0.0023571837422264844,1.26,535.1999999999999
2024-06-03,2024-06-24,4,capacillo_floreado_alegria,3.5110389000222605e-06,0.0,535.1999999999999
2024-06-03,2024-06-24,4,inix_contenedor_mantecadas,2.4632696105534237e-20,0.0,535.1999999999999
2024-06-03,2024-06-24,4,otros,0.20205018396669788,108.14,535.1999999999999
2024-06-10,2024-06-10,1,fondant_sin_especificacion,3.6198353638342024e-07,0.0,1317.5900000000001
2024-06-10,2024-06-10,1,nutella,0.22421625354598115,295.43,1317.5900000000001
2024-06-10,2024-06-10,1,tegral_satin_creme_cake_sabor_no_especificado,0.0020578639381609474,2.71,1317.5900000000001
2024-06-10,2024-06-10,1,chantilly_sin_especificacion,2.568279694108859e-13,0.0,1317.5900000000001
2024-06-10,2024-06-10,1,crema_batir_ambiente_1_l,0.06693715243588123,88.2,1317.5900000000001
2024-06-10,2024-06-10,1,queso_philadelphia,0.00015645607321121866,0.21,1317.5900000000001
2024-06-10,2024-06-10,1,tegral_satin_red_velvet,0.006896518257842334,9.09,1317.5900000000001
2024-06-10,2024-06-10,1,easy_pastel_tres_leches_sabor_no_especificado,1.6566848924668343e-11,0.0,1317.5900000000001
2024-06-10,2024-06-10,1,transfer_sin_especificacion,2.9064153999307985e-08,0.0,1317.5900000000001
2024-06-10,2024-06-10,1,chantilly_dulce,0.0002590128571028998,0.34,1317.5900000000001
2024-06-10,2024-06-10,1,chantilly_asturias,0.0002340790960852167,0.31,1317.5900000000001
2024-06-10,2024-06-10,1,chips_blanco_alpezzi,0.05319398348609356,70.09,1317.5900000000001
2024-06-10,2024-06-10,1,fondant_nata_coco_blanco,0.1349312758866469,177.78,1317.5900000000001
2024-06-10,2024-06-10,1,chantilly_dull,9.368574194569713e-12,0.0,1317.5900000000001
2024-06-10,2024-06-10,1,capacillos,0.009545091016747073,12.58,1317.5900000000001
2024-06-10,2024-06-10,1,huevo_sin_especificacion,3.5925227468485405e-05,0.05,1317.5900000000001
2024-06-10,2024-06-10,1,contenedor_mantecadas_inix_25_pz,0.0004371422940678653,0.58,1317.5900000000001
2024-06-10,2024-06-10,1,confitier_semiamargo_turin,0.017999879761557137,23.72,1317.5900000000001
2024-06-10,2024-06-10,1,chips_chocolate_semi,5.605101497280535e-08,0.0,1317.5900000000001
2024-06-10,2024-06-10,1,tegral_satin_vainilla,0.02594252975714133,34.18,1317.5900000000001
2024-06-10,2024-06-10,1,transfer_hoja_de_arroz_gruesa,7.882408662518951e-05,0.1,1317.5900000000001
2024-06-10,2024-06-10,1,tegral_satin_chocolate,0.09367472518815706,123.42,1317.5900000000001
2024-06-10,2024-06-10,1,domo_cupcake_12,0.0034665947161735496,4.57,1317.5900000000001
2024-06-10,2024-06-10,1,mantequilla_gloria_presentacion_no_especificada,0.0005637521786445499,0.74,1317.5900000000001
2024-06-10,2024-06-10,1,ferrero_rocher_t16,7.34924113575386e-07,0.0,1317.5900000000001
2024-06-10,2024-06-10,1,huevo_san_juan,2.523453264071449e-08,0.0,1317.5900000000001
2024-06-10,2024-06-10,1,relleno_zarzamora_puratos,8.952693127145109e-09,0.0,1317.5900000000001
2024-06-10,2024-06-10,1,aceite_sin_especificacion,7.599696624955477e-14,0.0,1317.5900000000001
2024-06-10,2024-06-10,1,matizador,2.580157928821519e-07,0.0,1317.5900000000001
2024-06-10,2024-06-10,1,caja_de_carton_para_cupcake_6_pz,6.766877053412214e-19,0.0,1317.5900000000001
2024-06-10,2024-06-10,1,carlos_v_stick,3.858186250871902e-08,0.0,1317.5900000000001
2024-06-10,2024-06-10,1,kisses_leche,9.797774406139818e-06,0.01,1317.5900000000001
2024-06-10,2024-06-10,1,empaque_32_x_32_x_30,9.593944256508164e-07,0.0,1317.5900000000001
2024-06-10,2024-06-10,1,ferrero_sin_especificacion,3.67789579712255e-11,0.0,1317.5900000000001
2024-06-10,2024-06-10,1,domo_media_plancha_inix,0.008193428265003518,10.8,1317.5900000000001
2024-06-10,2024-06-10,1,deiman_plumones_magicos,1.6052372488486478e-20,0.0,1317.5900000000001
2024-06-10,2024-06-10,1,empaque_30_x_30_x_30,8.932292928473118e-07,0.0,1317.5900000000001
2024-06-10,2024-06-10,1,queso_crema_suelto,8.655765771611324e-12,0.0,1317.5900000000001
2024-06-10,2024-06-10,1,royal_icing_deiman_50_sin_unidad,7.804559325361513e-12,0.0,1317.5900000000001
2024-06-10,2024-06-10,1,pegamento_fondant,0.003540454397339631,4.66,1317.5900000000001
2024-06-10,2024-06-10,1,base_28_cm,2.8227533988537178e-09,0.0,1317.5900000000001
2024-06-10,2024-06-10,1,bailey_s,1.5947986788553064e-06,0.0,1317.5900000000001
2024-06-10,2024-06-10,1,domo_1_4_plancha,0.001966804453903736,2.59,1317.5900000000001
2024-06-10,2024-06-10,1,colorantes_9_colores,5.62754772689674e-13,0.0,1317.5900000000001
2024-06-10,2024-06-10,1,sabrosano,3.195377797401997e-05,0.04,1317.5900000000001
2024-06-10,2024-06-10,1,huevo_blanco_tepa_de_linea,9.843870395316913e-10,0.0,1317.5900000000001
2024-06-10,2024-06-10,1,mangas,1.5084796430736087e-05,0.02,1317.5900000000001
2024-06-10,2024-06-10,1,relleno_durazno_puratos,6.413636511221852e-05,0.08,1317.5900000000001
2024-06-10,2024-06-10,1,kit_kat_9_pz,4.6611748886179894e-05,0.06,1317.5900000000001
2024-06-10,2024-06-10,1,oblea_arroz,0.0007817236851672685,1.03,1317.5900000000001
2024-06-10,2024-06-10,1,huevo_calvario,8.35376474978416e-05,0.11,1317.5900000000001
2024-06-10,2024-06-10,1,bisagra_12_cupcakes,1.8817547685775835e-07,0.0,1317.5900000000001
2024-06-10,2024-06-10,1,chocolate_sin_especificacion,1.201479465087139e-10,0.0,1317.5900000000001
2024-06-10,2024-06-10,1,caja_cupcake_12,5.7461386824834085e-12,0.0,1317.5900000000001
2024-06-10,2024-06-10,1,empaque_31_x_31_x_20,6.120274784324173e-07,0.0,1317.5900000000001
2024-06-10,2024-06-10,1,oreo_273_6,2.974413211323556e-07,0.0,1317.5900000000001
2024-06-10,2024-06-10,1,perlas_sin_especificacion,1.0435059761998126e-08,0.0,1317.5900000000001
2024-06-10,2024-06-10,1,chips_chocolate_con_l,2.213206705126888e-11,0.0,1317.5900000000001
2024-06-10,2024-06-10,1,relleno_fresa_frutifru,3.453323610651906e-08,0.0,1317.5900000000001
2024-06-10,2024-06-10,1,base_36_cm_doble,1.3134069368148566e-10,0.0,1317.5900000000001
2024-06-10,2024-06-10,1,harina_red_velvet_esp,9.36195225985589e-16,0.0,1317.5900000000001
2024-06-10,2024-06-10,1,mantequilla_gloria_verde,0.002595675468480461,3.42,1317.5900000000001
2024-06-10,2024-06-10,1,caja_cupcake_6,0.09327248694528778,122.9,1317.5900000000001
2024-06-10,2024-06-10,1,botellas_jack_daniels,4.954443086660121e-08,0.0,1317.5900000000001
2024-06-10,2024-06-10,1,royal_icing_sin_especificacion,6.0832891030134795e-06,0.01,1317.5900000000001
2024-06-10,2024-06-10,1,azucar_glass,1.6497497573406291e-07,0.0,1317.5900000000001
2024-06-10,2024-06-10,1,kisses_leche_choc_bl_807_gr,2.1372787617067628e-11,0.0,1317.5900000000001
2024-06-10,2024-06-10,1,dlr_malvavisco_chocolate_32_pz,1.3698772117238369e-08,0.0,1317.5900000000001
2024-06-10,2024-06-10,1,alpezzi_blanco,6.887760622703423e-08,0.0,1317.5900000000001
2024-06-10,2024-06-10,1,relleno_queso_creme_p,5.779935811279093e-09,0.0,1317.5900000000001
2024-06-10,2024-06-10,1,ac_au800,1.5126106015751372e-11,0.0,1317.5900000000001
2024-06-10,2024-06-10,1,domo_cupcake_6,1.2386107716673452e-08,0.0,1317.5900000000001
2024-06-10,2024-06-10,1,caja_cupcake_sin_capacidad,2.6574556250925673e-16,0.0,1317.5900000000001
2024-06-10,2024-06-10,1,red_velvet,9.480078100667177e-14,0.0,1317.5900000000001
2024-06-10,2024-06-10,1,cereza_con_rabo_diana,2.4073977962596726e-08,0.0,1317.5900000000001
2024-06-10,2024-06-10,1,charola_galletera_alta_grande,3.8195652248070905e-05,0.05,1317.5900000000001
2024-06-10,2024-06-10,1,mantequilla_gloria_22,1.4322566644384749e-10,0.0,1317.5900000000001
2024-06-10,2024-06-10,1,domo_cupcake_sin_capacidad,1.2076590041304221e-20,0.0,1317.5900000000001
2024-06-10,2024-06-10,1,relleno_zarzamora_fruitfil_puratos,0.00671831429272656,8.85,1317.5900000000001
2024-06-10,2024-06-10,1,chips_rojo_alpezzi,0.0007330262450868728,0.97,1317.5900000000001
2024-06-10,2024-06-10,1,capacillo_floreado_alegria,1.091846857388505e-06,0.0,1317.5900000000001
2024-06-10,2024-06-10,1,inix_contenedor_mantecadas,7.660163443835128e-21,0.0,1317.5900000000001
2024-06-10,2024-06-10,1,otros,0.24126808702002653,317.89,1317.5900000000001
2024-06-10,2024-06-17,2,fondant_sin_especificacion,3.6198353638342024e-07,0.0,797.4
2024-06-10,2024-06-17,2,nutella,0.22421625354598115,178.79,797.4
2024-06-10,2024-06-17,2,tegral_satin_creme_cake_sabor_no_especificado,0.0020578639381609474,1.64,797.4
2024-06-10,2024-06-17,2,chantilly_sin_especificacion,2.568279694108859e-13,0.0,797.4
2024-06-10,2024-06-17,2,crema_batir_ambiente_1_l,0.06693715243588123,53.38,797.4
2024-06-10,2024-06-17,2,queso_philadelphia,0.00015645607321121866,0.12,797.4
2024-06-10,2024-06-17,2,tegral_satin_red_velvet,0.006896518257842334,5.5,797.4
2024-06-10,2024-06-17,2,easy_pastel_tres_leches_sabor_no_especificado,1.6566848924668343e-11,0.0,797.4
2024-06-10,2024-06-17,2,transfer_sin_especificacion,2.9064153999307985e-08,0.0,797.4
2024-06-10,2024-06-17,2,chantilly_dulce,0.0002590128571028998,0.21,797.4
2024-06-10,2024-06-17,2,chantilly_asturias,0.0002340790960852167,0.19,797.4
2024-06-10,2024-06-17,2,chips_blanco_alpezzi,0.05319398348609356,42.42,797.4
2024-06-10,2024-06-17,2,fondant_nata_coco_blanco,0.1349312758866469,107.59,797.4
2024-06-10,2024-06-17,2,chantilly_dull,9.368574194569713e-12,0.0,797.4
2024-06-10,2024-06-17,2,capacillos,0.009545091016747073,7.61,797.4
2024-06-10,2024-06-17,2,huevo_sin_especificacion,3.5925227468485405e-05,0.03,797.4
2024-06-10,2024-06-17,2,contenedor_mantecadas_inix_25_pz,0.0004371422940678653,0.35,797.4
2024-06-10,2024-06-17,2,confitier_semiamargo_turin,0.017999879761557137,14.35,797.4
2024-06-10,2024-06-17,2,chips_chocolate_semi,5.605101497280535e-08,0.0,797.4
2024-06-10,2024-06-17,2,tegral_satin_vainilla,0.02594252975714133,20.69,797.4
2024-06-10,2024-06-17,2,transfer_hoja_de_arroz_gruesa,7.882408662518951e-05,0.06,797.4
2024-06-10,2024-06-17,2,tegral_satin_chocolate,0.09367472518815706,74.7,797.4
2024-06-10,2024-06-17,2,domo_cupcake_12,0.0034665947161735496,2.76,797.4
2024-06-10,2024-06-17,2,mantequilla_gloria_presentacion_no_especificada,0.0005637521786445499,0.45,797.4
2024-06-10,2024-06-17,2,ferrero_rocher_t16,7.34924113575386e-07,0.0,797.4
2024-06-10,2024-06-17,2,huevo_san_juan,2.523453264071449e-08,0.0,797.4
2024-06-10,2024-06-17,2,relleno_zarzamora_puratos,8.952693127145109e-09,0.0,797.4
2024-06-10,2024-06-17,2,aceite_sin_especificacion,7.599696624955477e-14,0.0,797.4
2024-06-10,2024-06-17,2,matizador,2.580157928821519e-07,0.0,797.4
2024-06-10,2024-06-17,2,caja_de_carton_para_cupcake_6_pz,6.766877053412214e-19,0.0,797.4
2024-06-10,2024-06-17,2,carlos_v_stick,3.858186250871902e-08,0.0,797.4
2024-06-10,2024-06-17,2,kisses_leche,9.797774406139818e-06,0.01,797.4
2024-06-10,2024-06-17,2,empaque_32_x_32_x_30,9.593944256508164e-07,0.0,797.4
2024-06-10,2024-06-17,2,ferrero_sin_especificacion,3.67789579712255e-11,0.0,797.4
2024-06-10,2024-06-17,2,domo_media_plancha_inix,0.008193428265003518,6.53,797.4
2024-06-10,2024-06-17,2,deiman_plumones_magicos,1.6052372488486478e-20,0.0,797.4
2024-06-10,2024-06-17,2,empaque_30_x_30_x_30,8.932292928473118e-07,0.0,797.4
2024-06-10,2024-06-17,2,queso_crema_suelto,8.655765771611324e-12,0.0,797.4
2024-06-10,2024-06-17,2,royal_icing_deiman_50_sin_unidad,7.804559325361513e-12,0.0,797.4
2024-06-10,2024-06-17,2,pegamento_fondant,0.003540454397339631,2.82,797.4
2024-06-10,2024-06-17,2,base_28_cm,2.8227533988537178e-09,0.0,797.4
2024-06-10,2024-06-17,2,bailey_s,1.5947986788553064e-06,0.0,797.4
2024-06-10,2024-06-17,2,domo_1_4_plancha,0.001966804453903736,1.57,797.4
2024-06-10,2024-06-17,2,colorantes_9_colores,5.62754772689674e-13,0.0,797.4
2024-06-10,2024-06-17,2,sabrosano,3.195377797401997e-05,0.03,797.4
2024-06-10,2024-06-17,2,huevo_blanco_tepa_de_linea,9.843870395316913e-10,0.0,797.4
2024-06-10,2024-06-17,2,mangas,1.5084796430736087e-05,0.01,797.4
2024-06-10,2024-06-17,2,relleno_durazno_puratos,6.413636511221852e-05,0.05,797.4
2024-06-10,2024-06-17,2,kit_kat_9_pz,4.6611748886179894e-05,0.04,797.4
2024-06-10,2024-06-17,2,oblea_arroz,0.0007817236851672685,0.62,797.4
2024-06-10,2024-06-17,2,huevo_calvario,8.35376474978416e-05,0.07,797.4
2024-06-10,2024-06-17,2,bisagra_12_cupcakes,1.8817547685775835e-07,0.0,797.4
2024-06-10,2024-06-17,2,chocolate_sin_especificacion,1.201479465087139e-10,0.0,797.4
2024-06-10,2024-06-17,2,caja_cupcake_12,5.7461386824834085e-12,0.0,797.4
2024-06-10,2024-06-17,2,empaque_31_x_31_x_20,6.120274784324173e-07,0.0,797.4
2024-06-10,2024-06-17,2,oreo_273_6,2.974413211323556e-07,0.0,797.4
2024-06-10,2024-06-17,2,perlas_sin_especificacion,1.0435059761998126e-08,0.0,797.4
2024-06-10,2024-06-17,2,chips_chocolate_con_l,2.213206705126888e-11,0.0,797.4
2024-06-10,2024-06-17,2,relleno_fresa_frutifru,3.453323610651906e-08,0.0,797.4
2024-06-10,2024-06-17,2,base_36_cm_doble,1.3134069368148566e-10,0.0,797.4
2024-06-10,2024-06-17,2,harina_red_velvet_esp,9.36195225985589e-16,0.0,797.4
2024-06-10,2024-06-17,2,mantequilla_gloria_verde,0.002595675468480461,2.07,797.4
2024-06-10,2024-06-17,2,caja_cupcake_6,0.09327248694528778,74.38,797.4
2024-06-10,2024-06-17,2,botellas_jack_daniels,4.954443086660121e-08,0.0,797.4
2024-06-10,2024-06-17,2,royal_icing_sin_especificacion,6.0832891030134795e-06,0.0,797.4
2024-06-10,2024-06-17,2,azucar_glass,1.6497497573406291e-07,0.0,797.4
2024-06-10,2024-06-17,2,kisses_leche_choc_bl_807_gr,2.1372787617067628e-11,0.0,797.4
2024-06-10,2024-06-17,2,dlr_malvavisco_chocolate_32_pz,1.3698772117238369e-08,0.0,797.4
2024-06-10,2024-06-17,2,alpezzi_blanco,6.887760622703423e-08,0.0,797.4
2024-06-10,2024-06-17,2,relleno_queso_creme_p,5.779935811279093e-09,0.0,797.4
2024-06-10,2024-06-17,2,ac_au800,1.5126106015751372e-11,0.0,797.4
2024-06-10,2024-06-17,2,domo_cupcake_6,1.2386107716673452e-08,0.0,797.4
2024-06-10,2024-06-17,2,caja_cupcake_sin_capacidad,2.6574556250925673e-16,0.0,797.4
2024-06-10,2024-06-17,2,red_velvet,9.480078100667177e-14,0.0,797.4
2024-06-10,2024-06-17,2,cereza_con_rabo_diana,2.4073977962596726e-08,0.0,797.4
2024-06-10,2024-06-17,2,charola_galletera_alta_grande,3.8195652248070905e-05,0.03,797.4
2024-06-10,2024-06-17,2,mantequilla_gloria_22,1.4322566644384749e-10,0.0,797.4
2024-06-10,2024-06-17,2,domo_cupcake_sin_capacidad,1.2076590041304221e-20,0.0,797.4
2024-06-10,2024-06-17,2,relleno_zarzamora_fruitfil_puratos,0.00671831429272656,5.36,797.4
2024-06-10,2024-06-17,2,chips_rojo_alpezzi,0.0007330262450868728,0.58,797.4
2024-06-10,2024-06-17,2,capacillo_floreado_alegria,1.091846857388505e-06,0.0,797.4
2024-06-10,2024-06-17,2,inix_contenedor_mantecadas,7.660163443835128e-21,0.0,797.4
2024-06-10,2024-06-17,2,otros,0.24126808702002653,192.39,797.4
2024-06-10,2024-06-24,3,fondant_sin_especificacion,3.6198353638342024e-07,0.0,764.6600000000001
2024-06-10,2024-06-24,3,nutella,0.22421625354598115,171.45,764.6600000000001
2024-06-10,2024-06-24,3,tegral_satin_creme_cake_sabor_no_especificado,0.0020578639381609474,1.57,764.6600000000001
2024-06-10,2024-06-24,3,chantilly_sin_especificacion,2.568279694108859e-13,0.0,764.6600000000001
2024-06-10,2024-06-24,3,crema_batir_ambiente_1_l,0.06693715243588123,51.18,764.6600000000001
2024-06-10,2024-06-24,3,queso_philadelphia,0.00015645607321121866,0.12,764.6600000000001
2024-06-10,2024-06-24,3,tegral_satin_red_velvet,0.006896518257842334,5.27,764.6600000000001
2024-06-10,2024-06-24,3,easy_pastel_tres_leches_sabor_no_especificado,1.6566848924668343e-11,0.0,764.6600000000001
2024-06-10,2024-06-24,3,transfer_sin_especificacion,2.9064153999307985e-08,0.0,764.6600000000001
2024-06-10,2024-06-24,3,chantilly_dulce,0.0002590128571028998,0.2,764.6600000000001
2024-06-10,2024-06-24,3,chantilly_asturias,0.0002340790960852167,0.18,764.6600000000001
2024-06-10,2024-06-24,3,chips_blanco_alpezzi,0.05319398348609356,40.68,764.6600000000001
2024-06-10,2024-06-24,3,fondant_nata_coco_blanco,0.1349312758866469,103.18,764.6600000000001
2024-06-10,2024-06-24,3,chantilly_dull,9.368574194569713e-12,0.0,764.6600000000001
2024-06-10,2024-06-24,3,capacillos,0.009545091016747073,7.3,764.6600000000001
2024-06-10,2024-06-24,3,huevo_sin_especificacion,3.5925227468485405e-05,0.03,764.6600000000001
2024-06-10,2024-06-24,3,contenedor_mantecadas_inix_25_pz,0.0004371422940678653,0.33,764.6600000000001
2024-06-10,2024-06-24,3,confitier_semiamargo_turin,0.017999879761557137,13.76,764.6600000000001
2024-06-10,2024-06-24,3,chips_chocolate_semi,5.605101497280535e-08,0.0,764.6600000000001
2024-06-10,2024-06-24,3,tegral_satin_vainilla,0.02594252975714133,19.84,764.6600000000001
2024-06-10,2024-06-24,3,transfer_hoja_de_arroz_gruesa,7.882408662518951e-05,0.06,764.6600000000001
2024-06-10,2024-06-24,3,tegral_satin_chocolate,0.09367472518815706,71.63,764.6600000000001
2024-06-10,2024-06-24,3,domo_cupcake_12,0.0034665947161735496,2.65,764.6600000000001
2024-06-10,2024-06-24,3,mantequilla_gloria_presentacion_no_especificada,0.0005637521786445499,0.43,764.6600000000001
2024-06-10,2024-06-24,3,ferrero_rocher_t16,7.34924113575386e-07,0.0,764.6600000000001
2024-06-10,2024-06-24,3,huevo_san_juan,2.523453264071449e-08,0.0,764.6600000000001
2024-06-10,2024-06-24,3,relleno_zarzamora_puratos,8.952693127145109e-09,0.0,764.6600000000001
2024-06-10,2024-06-24,3,aceite_sin_especificacion,7.599696624955477e-14,0.0,764.6600000000001
2024-06-10,2024-06-24,3,matizador,2.580157928821519e-07,0.0,764.6600000000001
2024-06-10,2024-06-24,3,caja_de_carton_para_cupcake_6_pz,6.766877053412214e-19,0.0,764.6600000000001
2024-06-10,2024-06-24,3,carlos_v_stick,3.858186250871902e-08,0.0,764.6600000000001
2024-06-10,2024-06-24,3,kisses_leche,9.797774406139818e-06,0.01,764.6600000000001
2024-06-10,2024-06-24,3,empaque_32_x_32_x_30,9.593944256508164e-07,0.0,764.6600000000001
2024-06-10,2024-06-24,3,ferrero_sin_especificacion,3.67789579712255e-11,0.0,764.6600000000001
2024-06-10,2024-06-24,3,domo_media_plancha_inix,0.008193428265003518,6.27,764.6600000000001
2024-06-10,2024-06-24,3,deiman_plumones_magicos,1.6052372488486478e-20,0.0,764.6600000000001
2024-06-10,2024-06-24,3,empaque_30_x_30_x_30,8.932292928473118e-07,0.0,764.6600000000001
2024-06-10,2024-06-24,3,queso_crema_suelto,8.655765771611324e-12,0.0,764.6600000000001
2024-06-10,2024-06-24,3,royal_icing_deiman_50_sin_unidad,7.804559325361513e-12,0.0,764.6600000000001
2024-06-10,2024-06-24,3,pegamento_fondant,0.003540454397339631,2.71,764.6600000000001
2024-06-10,2024-06-24,3,base_28_cm,2.8227533988537178e-09,0.0,764.6600000000001
2024-06-10,2024-06-24,3,bailey_s,1.5947986788553064e-06,0.0,764.6600000000001
2024-06-10,2024-06-24,3,domo_1_4_plancha,0.001966804453903736,1.5,764.6600000000001
2024-06-10,2024-06-24,3,colorantes_9_colores,5.62754772689674e-13,0.0,764.6600000000001
2024-06-10,2024-06-24,3,sabrosano,3.195377797401997e-05,0.02,764.6600000000001
2024-06-10,2024-06-24,3,huevo_blanco_tepa_de_linea,9.843870395316913e-10,0.0,764.6600000000001
2024-06-10,2024-06-24,3,mangas,1.5084796430736087e-05,0.01,764.6600000000001
2024-06-10,2024-06-24,3,relleno_durazno_puratos,6.413636511221852e-05,0.05,764.6600000000001
2024-06-10,2024-06-24,3,kit_kat_9_pz,4.6611748886179894e-05,0.04,764.6600000000001
2024-06-10,2024-06-24,3,oblea_arroz,0.0007817236851672685,0.6,764.6600000000001
2024-06-10,2024-06-24,3,huevo_calvario,8.35376474978416e-05,0.06,764.6600000000001
2024-06-10,2024-06-24,3,bisagra_12_cupcakes,1.8817547685775835e-07,0.0,764.6600000000001
2024-06-10,2024-06-24,3,chocolate_sin_especificacion,1.201479465087139e-10,0.0,764.6600000000001
2024-06-10,2024-06-24,3,caja_cupcake_12,5.7461386824834085e-12,0.0,764.6600000000001
2024-06-10,2024-06-24,3,empaque_31_x_31_x_20,6.120274784324173e-07,0.0,764.6600000000001
2024-06-10,2024-06-24,3,oreo_273_6,2.974413211323556e-07,0.0,764.6600000000001
2024-06-10,2024-06-24,3,perlas_sin_especificacion,1.0435059761998126e-08,0.0,764.6600000000001
2024-06-10,2024-06-24,3,chips_chocolate_con_l,2.213206705126888e-11,0.0,764.6600000000001
2024-06-10,2024-06-24,3,relleno_fresa_frutifru,3.453323610651906e-08,0.0,764.6600000000001
2024-06-10,2024-06-24,3,base_36_cm_doble,1.3134069368148566e-10,0.0,764.6600000000001
2024-06-10,2024-06-24,3,harina_red_velvet_esp,9.36195225985589e-16,0.0,764.6600000000001
2024-06-10,2024-06-24,3,mantequilla_gloria_verde,0.002595675468480461,1.99,764.6600000000001
2024-06-10,2024-06-24,3,caja_cupcake_6,0.09327248694528778,71.32,764.6600000000001
2024-06-10,2024-06-24,3,botellas_jack_daniels,4.954443086660121e-08,0.0,764.6600000000001
2024-06-10,2024-06-24,3,royal_icing_sin_especificacion,6.0832891030134795e-06,0.0,764.6600000000001
2024-06-10,2024-06-24,3,azucar_glass,1.6497497573406291e-07,0.0,764.6600000000001
2024-06-10,2024-06-24,3,kisses_leche_choc_bl_807_gr,2.1372787617067628e-11,0.0,764.6600000000001
2024-06-10,2024-06-24,3,dlr_malvavisco_chocolate_32_pz,1.3698772117238369e-08,0.0,764.6600000000001
2024-06-10,2024-06-24,3,alpezzi_blanco,6.887760622703423e-08,0.0,764.6600000000001
2024-06-10,2024-06-24,3,relleno_queso_creme_p,5.779935811279093e-09,0.0,764.6600000000001
2024-06-10,2024-06-24,3,ac_au800,1.5126106015751372e-11,0.0,764.6600000000001
2024-06-10,2024-06-24,3,domo_cupcake_6,1.2386107716673452e-08,0.0,764.6600000000001
2024-06-10,2024-06-24,3,caja_cupcake_sin_capacidad,2.6574556250925673e-16,0.0,764.6600000000001
2024-06-10,2024-06-24,3,red_velvet,9.480078100667177e-14,0.0,764.6600000000001
2024-06-10,2024-06-24,3,cereza_con_rabo_diana,2.4073977962596726e-08,0.0,764.6600000000001
2024-06-10,2024-06-24,3,charola_galletera_alta_grande,3.8195652248070905e-05,0.03,764.6600000000001
2024-06-10,2024-06-24,3,mantequilla_gloria_22,1.4322566644384749e-10,0.0,764.6600000000001
2024-06-10,2024-06-24,3,domo_cupcake_sin_capacidad,1.2076590041304221e-20,0.0,764.6600000000001
2024-06-10,2024-06-24,3,relleno_zarzamora_fruitfil_puratos,0.00671831429272656,5.14,764.6600000000001
2024-06-10,2024-06-24,3,chips_rojo_alpezzi,0.0007330262450868728,0.56,764.6600000000001
2024-06-10,2024-06-24,3,capacillo_floreado_alegria,1.091846857388505e-06,0.0,764.6600000000001
2024-06-10,2024-06-24,3,inix_contenedor_mantecadas,7.660163443835128e-21,0.0,764.6600000000001
2024-06-10,2024-06-24,3,otros,0.24126808702002653,184.49,764.6600000000001
2024-06-17,2024-06-17,1,fondant_sin_especificacion,3.6198353638342024e-07,0.0,1329.75
2024-06-17,2024-06-17,1,nutella,0.2242162535459811,298.15,1329.75
2024-06-17,2024-06-17,1,tegral_satin_creme_cake_sabor_no_especificado,0.0020578639381609474,2.74,1329.75
2024-06-17,2024-06-17,1,chantilly_sin_especificacion,2.5682796941088587e-13,0.0,1329.75
2024-06-17,2024-06-17,1,crema_batir_ambiente_1_l,0.06693715243588123,89.01,1329.75
2024-06-17,2024-06-17,1,queso_philadelphia,0.00015645607321121863,0.21,1329.75
2024-06-17,2024-06-17,1,tegral_satin_red_velvet,0.006896518257842333,9.17,1329.75
2024-06-17,2024-06-17,1,easy_pastel_tres_leches_sabor_no_especificado,1.656684892466834e-11,0.0,1329.75
2024-06-17,2024-06-17,1,transfer_sin_especificacion,2.9064153999307978e-08,0.0,1329.75
2024-06-17,2024-06-17,1,chantilly_dulce,0.0002590128571028998,0.34,1329.75
2024-06-17,2024-06-17,1,chantilly_asturias,0.0002340790960852167,0.31,1329.75
2024-06-17,2024-06-17,1,chips_blanco_alpezzi,0.05319398348609357,70.73,1329.75
2024-06-17,2024-06-17,1,fondant_nata_coco_blanco,0.1349312758866469,179.43,1329.75
2024-06-17,2024-06-17,1,chantilly_dull,9.368574194569711e-12,0.0,1329.75
2024-06-17,2024-06-17,1,capacillos,0.009545091016747073,12.69,1329.75
2024-06-17,2024-06-17,1,huevo_sin_especificacion,3.592522746848541e-05,0.05,1329.75
2024-06-17,2024-06-17,1,contenedor_mantecadas_inix_25_pz,0.00043714229406786523,0.58,1329.75
2024-06-17,2024-06-17,1,confitier_semiamargo_turin,0.017999879761557137,23.94,1329.75
2024-06-17,2024-06-17,1,chips_chocolate_semi,5.6051014972805344e-08,0.0,1329.75
2024-06-17,2024-06-17,1,tegral_satin_vainilla,0.025942529757141335,34.5,1329.75
2024-06-17,2024-06-17,1,transfer_hoja_de_arroz_gruesa,7.882408662518953e-05,0.11,1329.75
2024-06-17,2024-06-17,1,tegral_satin_chocolate,0.09367472518815706,124.56,1329.75
2024-06-17,2024-06-17,1,domo_cupcake_12,0.0034665947161735496,4.61,1329.75
2024-06-17,2024-06-17,1,mantequilla_gloria_presentacion_no_especificada,0.0005637521786445499,0.75,1329.75
2024-06-17,2024-06-17,1,ferrero_rocher_t16,7.34924113575386e-07,0.0,1329.75
2024-06-17,2024-06-17,1,huevo_san_juan,2.5234532640714485e-08,0.0,1329.75
2024-06-17,2024-06-17,1,relleno_zarzamora_puratos,8.952693127145107e-09,0.0,1329.75
2024-06-17,2024-06-17,1,aceite_sin_especificacion,7.599696624955477e-14,0.0,1329.75
2024-06-17,2024-06-17,1,matizador,2.5801579288215185e-07,0.0,1329.75
2024-06-17,2024-06-17,1,caja_de_carton_para_cupcake_6_pz,6.766877053412213e-19,0.0,1329.75
2024-06-17,2024-06-17,1,carlos_v_stick,3.858186250871902e-08,0.0,1329.75
2024-06-17,2024-06-17,1,kisses_leche,9.797774406139818e-06,0.01,1329.75
2024-06-17,2024-06-17,1,empaque_32_x_32_x_30,9.593944256508162e-07,0.0,1329.75
2024-06-17,2024-06-17,1,ferrero_sin_especificacion,3.6778957971225496e-11,0.0,1329.75
2024-06-17,2024-06-17,1,domo_media_plancha_inix,0.008193428265003517,10.9,1329.75
2024-06-17,2024-06-17,1,deiman_plumones_magicos,1.6052372488486478e-20,0.0,1329.75
2024-06-17,2024-06-17,1,empaque_30_x_30_x_30,8.932292928473116e-07,0.0,1329.75
2024-06-17,2024-06-17,1,queso_crema_suelto,8.655765771611324e-12,0.0,1329.75
2024-06-17,2024-06-17,1,royal_icing_deiman_50_sin_unidad,7.804559325361514e-12,0.0,1329.75
2024-06-17,2024-06-17,1,pegamento_fondant,0.003540454397339631,4.71,1329.75
2024-06-17,2024-06-17,1,base_28_cm,2.8227533988537186e-09,0.0,1329.75
2024-06-17,2024-06-17,1,bailey_s,1.5947986788553064e-06,0.0,1329.75
2024-06-17,2024-06-17,1,domo_1_4_plancha,0.001966804453903736,2.62,1329.75
2024-06-17,2024-06-17,1,colorantes_9_colores,5.627547726896738e-13,0.0,1329.75
2024-06-17,2024-06-17,1,sabrosano,3.1953777974019974e-05,0.04,1329.75
2024-06-17,2024-06-17,1,huevo_blanco_tepa_de_linea,9.84387039531691e-10,0.0,1329.75
2024-06-17,2024-06-17,1,mangas,1.5084796430736082e-05,0.02,1329.75
2024-06-17,2024-06-17,1,relleno_durazno_puratos,6.413636511221849e-05,0.09,1329.75
2024-06-17,2024-06-17,1,kit_kat_9_pz,4.6611748886179894e-05,0.06,1329.75
2024-06-17,2024-06-17,1,oblea_arroz,0.0007817236851672683,1.04,1329.75
2024-06-17,2024-06-17,1,huevo_calvario,8.353764749784158e-05,0.11,1329.75
2024-06-17,2024-06-17,1,bisagra_12_cupcakes,1.8817547685775833e-07,0.0,1329.75
2024-06-17,2024-06-17,1,chocolate_sin_especificacion,1.2014794650871386e-10,0.0,1329.75
2024-06-17,2024-06-17,1,caja_cupcake_12,5.746138682483408e-12,0.0,1329.75
2024-06-17,2024-06-17,1,empaque_31_x_31_x_20,6.120274784324172e-07,0.0,1329.75
2024-06-17,2024-06-17,1,oreo_273_6,2.9744132113235554e-07,0.0,1329.75
2024-06-17,2024-06-17,1,perlas_sin_especificacion,1.0435059761998126e-08,0.0,1329.75
2024-06-17,2024-06-17,1,chips_chocolate_con_l,2.213206705126888e-11,0.0,1329.75
2024-06-17,2024-06-17,1,relleno_fresa_frutifru,3.453323610651906e-08,0.0,1329.75
2024-06-17,2024-06-17,1,base_36_cm_doble,1.3134069368148566e-10,0.0,1329.75
2024-06-17,2024-06-17,1,harina_red_velvet_esp,9.361952259855888e-16,0.0,1329.75
2024-06-17,2024-06-17,1,mantequilla_gloria_verde,0.002595675468480461,3.45,1329.75
2024-06-17,2024-06-17,1,caja_cupcake_6,0.0932724869452878,124.03,1329.75
2024-06-17,2024-06-17,1,botellas_jack_daniels,4.95444308666012e-08,0.0,1329.75
2024-06-17,2024-06-17,1,royal_icing_sin_especificacion,6.08328910301348e-06,0.01,1329.75
2024-06-17,2024-06-17,1,azucar_glass,1.6497497573406291e-07,0.0,1329.75
2024-06-17,2024-06-17,1,kisses_leche_choc_bl_807_gr,2.1372787617067628e-11,0.0,1329.75
2024-06-17,2024-06-17,1,dlr_malvavisco_chocolate_32_pz,1.369877211723837e-08,0.0,1329.75
2024-06-17,2024-06-17,1,alpezzi_blanco,6.887760622703423e-08,0.0,1329.75
2024-06-17,2024-06-17,1,relleno_queso_creme_p,5.779935811279092e-09,0.0,1329.75
2024-06-17,2024-06-17,1,ac_au800,1.512610601575137e-11,0.0,1329.75
2024-06-17,2024-06-17,1,domo_cupcake_6,1.238610771667345e-08,0.0,1329.75
2024-06-17,2024-06-17,1,caja_cupcake_sin_capacidad,2.6574556250925673e-16,0.0,1329.75
2024-06-17,2024-06-17,1,red_velvet,9.480078100667176e-14,0.0,1329.75
2024-06-17,2024-06-17,1,cereza_con_rabo_diana,2.4073977962596726e-08,0.0,1329.75
2024-06-17,2024-06-17,1,charola_galletera_alta_grande,3.8195652248070905e-05,0.05,1329.75
2024-06-17,2024-06-17,1,mantequilla_gloria_22,1.4322566644384746e-10,0.0,1329.75
2024-06-17,2024-06-17,1,domo_cupcake_sin_capacidad,1.207659004130422e-20,0.0,1329.75
2024-06-17,2024-06-17,1,relleno_zarzamora_fruitfil_puratos,0.00671831429272656,8.93,1329.75
2024-06-17,2024-06-17,1,chips_rojo_alpezzi,0.0007330262450868728,0.97,1329.75
2024-06-17,2024-06-17,1,capacillo_floreado_alegria,1.0918468573885047e-06,0.0,1329.75
2024-06-17,2024-06-17,1,inix_contenedor_mantecadas,7.660163443835126e-21,0.0,1329.75
2024-06-17,2024-06-17,1,otros,0.24126808702002653,320.83,1329.75
2024-06-17,2024-06-24,2,fondant_sin_especificacion,3.6198353638342024e-07,0.0,800.66
2024-06-17,2024-06-24,2,nutella,0.2242162535459811,179.52,800.66
2024-06-17,2024-06-24,2,tegral_satin_creme_cake_sabor_no_especificado,0.0020578639381609474,1.65,800.66
2024-06-17,2024-06-24,2,chantilly_sin_especificacion,2.5682796941088587e-13,0.0,800.66
2024-06-17,2024-06-24,2,crema_batir_ambiente_1_l,0.06693715243588123,53.59,800.66
2024-06-17,2024-06-24,2,queso_philadelphia,0.00015645607321121863,0.13,800.66
2024-06-17,2024-06-24,2,tegral_satin_red_velvet,0.006896518257842333,5.52,800.66
2024-06-17,2024-06-24,2,easy_pastel_tres_leches_sabor_no_especificado,1.656684892466834e-11,0.0,800.66
2024-06-17,2024-06-24,2,transfer_sin_especificacion,2.9064153999307978e-08,0.0,800.66
2024-06-17,2024-06-24,2,chantilly_dulce,0.0002590128571028998,0.21,800.66
2024-06-17,2024-06-24,2,chantilly_asturias,0.0002340790960852167,0.19,800.66
2024-06-17,2024-06-24,2,chips_blanco_alpezzi,0.05319398348609357,42.59,800.66
2024-06-17,2024-06-24,2,fondant_nata_coco_blanco,0.1349312758866469,108.03,800.66
2024-06-17,2024-06-24,2,chantilly_dull,9.368574194569711e-12,0.0,800.66
2024-06-17,2024-06-24,2,capacillos,0.009545091016747073,7.64,800.66
2024-06-17,2024-06-24,2,huevo_sin_especificacion,3.592522746848541e-05,0.03,800.66
2024-06-17,2024-06-24,2,contenedor_mantecadas_inix_25_pz,0.00043714229406786523,0.35,800.66
2024-06-17,2024-06-24,2,confitier_semiamargo_turin,0.017999879761557137,14.41,800.66
2024-06-17,2024-06-24,2,chips_chocolate_semi,5.6051014972805344e-08,0.0,800.66
2024-06-17,2024-06-24,2,tegral_satin_vainilla,0.025942529757141335,20.77,800.66
2024-06-17,2024-06-24,2,transfer_hoja_de_arroz_gruesa,7.882408662518953e-05,0.06,800.66
2024-06-17,2024-06-24,2,tegral_satin_chocolate,0.09367472518815706,75.0,800.66
2024-06-17,2024-06-24,2,domo_cupcake_12,0.0034665947161735496,2.78,800.66
2024-06-17,2024-06-24,2,mantequilla_gloria_presentacion_no_especificada,0.0005637521786445499,0.45,800.66
2024-06-17,2024-06-24,2,ferrero_rocher_t16,7.34924113575386e-07,0.0,800.66
2024-06-17,2024-06-24,2,huevo_san_juan,2.5234532640714485e-08,0.0,800.66
2024-06-17,2024-06-24,2,relleno_zarzamora_puratos,8.952693127145107e-09,0.0,800.66
2024-06-17,2024-06-24,2,aceite_sin_especificacion,7.599696624955477e-14,0.0,800.66
2024-06-17,2024-06-24,2,matizador,2.5801579288215185e-07,0.0,800.66
2024-06-17,2024-06-24,2,caja_de_carton_para_cupcake_6_pz,6.766877053412213e-19,0.0,800.66
2024-06-17,2024-06-24,2,carlos_v_stick,3.858186250871902e-08,0.0,800.66
2024-06-17,2024-06-24,2,kisses_leche,9.797774406139818e-06,0.01,800.66
2024-06-17,2024-06-24,2,empaque_32_x_32_x_30,9.593944256508162e-07,0.0,800.66
2024-06-17,2024-06-24,2,ferrero_sin_especificacion,3.6778957971225496e-11,0.0,800.66
2024-06-17,2024-06-24,2,domo_media_plancha_inix,0.008193428265003517,6.56,800.66
2024-06-17,2024-06-24,2,deiman_plumones_magicos,1.6052372488486478e-20,0.0,800.66
2024-06-17,2024-06-24,2,empaque_30_x_30_x_30,8.932292928473116e-07,0.0,800.66
2024-06-17,2024-06-24,2,queso_crema_suelto,8.655765771611324e-12,0.0,800.66
2024-06-17,2024-06-24,2,royal_icing_deiman_50_sin_unidad,7.804559325361514e-12,0.0,800.66
2024-06-17,2024-06-24,2,pegamento_fondant,0.003540454397339631,2.83,800.66
2024-06-17,2024-06-24,2,base_28_cm,2.8227533988537186e-09,0.0,800.66
2024-06-17,2024-06-24,2,bailey_s,1.5947986788553064e-06,0.0,800.66
2024-06-17,2024-06-24,2,domo_1_4_plancha,0.001966804453903736,1.57,800.66
2024-06-17,2024-06-24,2,colorantes_9_colores,5.627547726896738e-13,0.0,800.66
2024-06-17,2024-06-24,2,sabrosano,3.1953777974019974e-05,0.03,800.66
2024-06-17,2024-06-24,2,huevo_blanco_tepa_de_linea,9.84387039531691e-10,0.0,800.66
2024-06-17,2024-06-24,2,mangas,1.5084796430736082e-05,0.01,800.66
2024-06-17,2024-06-24,2,relleno_durazno_puratos,6.413636511221849e-05,0.05,800.66
2024-06-17,2024-06-24,2,kit_kat_9_pz,4.6611748886179894e-05,0.04,800.66
2024-06-17,2024-06-24,2,oblea_arroz,0.0007817236851672683,0.63,800.66
2024-06-17,2024-06-24,2,huevo_calvario,8.353764749784158e-05,0.07,800.66
2024-06-17,2024-06-24,2,bisagra_12_cupcakes,1.8817547685775833e-07,0.0,800.66
2024-06-17,2024-06-24,2,chocolate_sin_especificacion,1.2014794650871386e-10,0.0,800.66
2024-06-17,2024-06-24,2,caja_cupcake_12,5.746138682483408e-12,0.0,800.66
2024-06-17,2024-06-24,2,empaque_31_x_31_x_20,6.120274784324172e-07,0.0,800.66
2024-06-17,2024-06-24,2,oreo_273_6,2.9744132113235554e-07,0.0,800.66
2024-06-17,2024-06-24,2,perlas_sin_especificacion,1.0435059761998126e-08,0.0,800.66
2024-06-17,2024-06-24,2,chips_chocolate_con_l,2.213206705126888e-11,0.0,800.66
2024-06-17,2024-06-24,2,relleno_fresa_frutifru,3.453323610651906e-08,0.0,800.66
2024-06-17,2024-06-24,2,base_36_cm_doble,1.3134069368148566e-10,0.0,800.66
2024-06-17,2024-06-24,2,harina_red_velvet_esp,9.361952259855888e-16,0.0,800.66
2024-06-17,2024-06-24,2,mantequilla_gloria_verde,0.002595675468480461,2.08,800.66
2024-06-17,2024-06-24,2,caja_cupcake_6,0.0932724869452878,74.68,800.66
2024-06-17,2024-06-24,2,botellas_jack_daniels,4.95444308666012e-08,0.0,800.66
2024-06-17,2024-06-24,2,royal_icing_sin_especificacion,6.08328910301348e-06,0.01,800.66
2024-06-17,2024-06-24,2,azucar_glass,1.6497497573406291e-07,0.0,800.66
2024-06-17,2024-06-24,2,kisses_leche_choc_bl_807_gr,2.1372787617067628e-11,0.0,800.66
2024-06-17,2024-06-24,2,dlr_malvavisco_chocolate_32_pz,1.369877211723837e-08,0.0,800.66
2024-06-17,2024-06-24,2,alpezzi_blanco,6.887760622703423e-08,0.0,800.66
2024-06-17,2024-06-24,2,relleno_queso_creme_p,5.779935811279092e-09,0.0,800.66
2024-06-17,2024-06-24,2,ac_au800,1.512610601575137e-11,0.0,800.66
2024-06-17,2024-06-24,2,domo_cupcake_6,1.238610771667345e-08,0.0,800.66
2024-06-17,2024-06-24,2,caja_cupcake_sin_capacidad,2.6574556250925673e-16,0.0,800.66
2024-06-17,2024-06-24,2,red_velvet,9.480078100667176e-14,0.0,800.66
2024-06-17,2024-06-24,2,cereza_con_rabo_diana,2.4073977962596726e-08,0.0,800.66
2024-06-17,2024-06-24,2,charola_galletera_alta_grande,3.8195652248070905e-05,0.03,800.66
2024-06-17,2024-06-24,2,mantequilla_gloria_22,1.4322566644384746e-10,0.0,800.66
2024-06-17,2024-06-24,2,domo_cupcake_sin_capacidad,1.207659004130422e-20,0.0,800.66
2024-06-17,2024-06-24,2,relleno_zarzamora_fruitfil_puratos,0.00671831429272656,5.38,800.66
2024-06-17,2024-06-24,2,chips_rojo_alpezzi,0.0007330262450868728,0.59,800.66
2024-06-17,2024-06-24,2,capacillo_floreado_alegria,1.0918468573885047e-06,0.0,800.66
2024-06-17,2024-06-24,2,inix_contenedor_mantecadas,7.660163443835126e-21,0.0,800.66
2024-06-17,2024-06-24,2,otros,0.24126808702002653,193.17,800.66
2024-06-24,2024-06-24,1,fondant_sin_especificacion,3.619835363834203e-07,0.0,1313.94
2024-06-24,2024-06-24,1,nutella,0.22421625354598118,294.61,1313.94
2024-06-24,2024-06-24,1,tegral_satin_creme_cake_sabor_no_especificado,0.0020578639381609474,2.7,1313.94
2024-06-24,2024-06-24,1,chantilly_sin_especificacion,2.5682796941088587e-13,0.0,1313.94
2024-06-24,2024-06-24,1,crema_batir_ambiente_1_l,0.06693715243588123,87.95,1313.94
2024-06-24,2024-06-24,1,queso_philadelphia,0.00015645607321121866,0.21,1313.94
2024-06-24,2024-06-24,1,tegral_satin_red_velvet,0.006896518257842335,9.06,1313.94
2024-06-24,2024-06-24,1,easy_pastel_tres_leches_sabor_no_especificado,1.6566848924668343e-11,0.0,1313.94
2024-06-24,2024-06-24,1,transfer_sin_especificacion,2.906415399930798e-08,0.0,1313.94
2024-06-24,2024-06-24,1,chantilly_dulce,0.00025901285710289976,0.34,1313.94
2024-06-24,2024-06-24,1,chantilly_asturias,0.00023407909608521676,0.31,1313.94
2024-06-24,2024-06-24,1,chips_blanco_alpezzi,0.05319398348609356,69.89,1313.94
2024-06-24,2024-06-24,1,fondant_nata_coco_blanco,0.1349312758866469,177.29,1313.94
2024-06-24,2024-06-24,1,chantilly_dull,9.368574194569713e-12,0.0,1313.94
2024-06-24,2024-06-24,1,capacillos,0.009545091016747073,12.54,1313.94
2024-06-24,2024-06-24,1,huevo_sin_especificacion,3.592522746848541e-05,0.05,1313.94
2024-06-24,2024-06-24,1,contenedor_mantecadas_inix_25_pz,0.00043714229406786534,0.58,1313.94
2024-06-24,2024-06-24,1,confitier_semiamargo_turin,0.017999879761557137,23.65,1313.94
2024-06-24,2024-06-24,1,chips_chocolate_semi,5.605101497280534e-08,0.0,1313.94
2024-06-24,2024-06-24,1,tegral_satin_vainilla,0.02594252975714133,34.09,1313.94
2024-06-24,2024-06-24,1,transfer_hoja_de_arroz_gruesa,7.882408662518953e-05,0.1,1313.94
2024-06-24,2024-06-24,1,tegral_satin_chocolate,0.09367472518815706,123.08,1313.94
2024-06-24,2024-06-24,1,domo_cupcake_12,0.0034665947161735505,4.56,1313.94
2024-06-24,2024-06-24,1,mantequilla_gloria_presentacion_no_especificada,0.00056375217864455,0.74,1313.94
2024-06-24,2024-06-24,1,ferrero_rocher_t16,7.349241135753862e-07,0.0,1313.94
2024-06-24,2024-06-24,1,huevo_san_juan,2.523453264071449e-08,0.0,1313.94
2024-06-24,2024-06-24,1,relleno_zarzamora_puratos,8.952693127145107e-09,0.0,1313.94
2024-06-24,2024-06-24,1,aceite_sin_especificacion,7.599696624955477e-14,0.0,1313.94
2024-06-24,2024-06-24,1,matizador,2.580157928821519e-07,0.0,1313.94
2024-06-24,2024-06-24,1,caja_de_carton_para_cupcake_6_pz,6.766877053412215e-19,0.0,1313.94
2024-06-24,2024-06-24,1,carlos_v_stick,3.858186250871901e-08,0.0,1313.94
2024-06-24,2024-06-24,1,kisses_leche,9.79777440613982e-06,0.01,1313.94
2024-06-24,2024-06-24,1,empaque_32_x_32_x_30,9.593944256508162e-07,0.0,1313.94
2024-06-24,2024-06-24,1,ferrero_sin_especificacion,3.677895797122551e-11,0.0,1313.94
2024-06-24,2024-06-24,1,domo_media_plancha_inix,0.008193428265003517,10.77,1313.94
2024-06-24,2024-06-24,1,deiman_plumones_magicos,1.605237248848648e-20,0.0,1313.94
2024-06-24,2024-06-24,1,empaque_30_x_30_x_30,8.932292928473116e-07,0.0,1313.94
2024-06-24,2024-06-24,1,queso_crema_suelto,8.655765771611324e-12,0.0,1313.94
2024-06-24,2024-06-24,1,royal_icing_deiman_50_sin_unidad,7.804559325361514e-12,0.0,1313.94
2024-06-24,2024-06-24,1,pegamento_fondant,0.0035404543973396314,4.65,1313.94
2024-06-24,2024-06-24,1,base_28_cm,2.8227533988537178e-09,0.0,1313.94
2024-06-24,2024-06-24,1,bailey_s,1.5947986788553068e-06,0.0,1313.94
2024-06-24,2024-06-24,1,domo_1_4_plancha,0.001966804453903736,2.58,1313.94
2024-06-24,2024-06-24,1,colorantes_9_colores,5.627547726896739e-13,0.0,1313.94
2024-06-24,2024-06-24,1,sabrosano,3.1953777974019974e-05,0.04,1313.94
2024-06-24,2024-06-24,1,huevo_blanco_tepa_de_linea,9.84387039531691e-10,0.0,1313.94
2024-06-24,2024-06-24,1,mangas,1.5084796430736087e-05,0.02,1313.94
2024-06-24,2024-06-24,1,relleno_durazno_puratos,6.41363651122185e-05,0.09,1313.94
2024-06-24,2024-06-24,1,kit_kat_9_pz,4.6611748886179894e-05,0.06,1313.94
2024-06-24,2024-06-24,1,oblea_arroz,0.0007817236851672685,1.03,1313.94
2024-06-24,2024-06-24,1,huevo_calvario,8.353764749784158e-05,0.11,1313.94
2024-06-24,2024-06-24,1,bisagra_12_cupcakes,1.8817547685775833e-07,0.0,1313.94
2024-06-24,2024-06-24,1,chocolate_sin_especificacion,1.2014794650871392e-10,0.0,1313.94
2024-06-24,2024-06-24,1,caja_cupcake_12,5.746138682483409e-12,0.0,1313.94
2024-06-24,2024-06-24,1,empaque_31_x_31_x_20,6.120274784324172e-07,0.0,1313.94
2024-06-24,2024-06-24,1,oreo_273_6,2.9744132113235564e-07,0.0,1313.94
2024-06-24,2024-06-24,1,perlas_sin_especificacion,1.0435059761998126e-08,0.0,1313.94
2024-06-24,2024-06-24,1,chips_chocolate_con_l,2.2132067051268887e-11,0.0,1313.94
2024-06-24,2024-06-24,1,relleno_fresa_frutifru,3.453323610651906e-08,0.0,1313.94
2024-06-24,2024-06-24,1,base_36_cm_doble,1.3134069368148566e-10,0.0,1313.94
2024-06-24,2024-06-24,1,harina_red_velvet_esp,9.361952259855888e-16,0.0,1313.94
2024-06-24,2024-06-24,1,mantequilla_gloria_verde,0.002595675468480462,3.41,1313.94
2024-06-24,2024-06-24,1,caja_cupcake_6,0.09327248694528778,122.56,1313.94
2024-06-24,2024-06-24,1,botellas_jack_daniels,4.9544430866601216e-08,0.0,1313.94
2024-06-24,2024-06-24,1,royal_icing_sin_especificacion,6.08328910301348e-06,0.01,1313.94
2024-06-24,2024-06-24,1,azucar_glass,1.6497497573406291e-07,0.0,1313.94
2024-06-24,2024-06-24,1,kisses_leche_choc_bl_807_gr,2.137278761706763e-11,0.0,1313.94
2024-06-24,2024-06-24,1,dlr_malvavisco_chocolate_32_pz,1.369877211723837e-08,0.0,1313.94
2024-06-24,2024-06-24,1,alpezzi_blanco,6.887760622703423e-08,0.0,1313.94
2024-06-24,2024-06-24,1,relleno_queso_creme_p,5.779935811279094e-09,0.0,1313.94
2024-06-24,2024-06-24,1,ac_au800,1.512610601575137e-11,0.0,1313.94
2024-06-24,2024-06-24,1,domo_cupcake_6,1.2386107716673452e-08,0.0,1313.94
2024-06-24,2024-06-24,1,caja_cupcake_sin_capacidad,2.6574556250925673e-16,0.0,1313.94
2024-06-24,2024-06-24,1,red_velvet,9.480078100667178e-14,0.0,1313.94
2024-06-24,2024-06-24,1,cereza_con_rabo_diana,2.4073977962596723e-08,0.0,1313.94
2024-06-24,2024-06-24,1,charola_galletera_alta_grande,3.8195652248070905e-05,0.05,1313.94
2024-06-24,2024-06-24,1,mantequilla_gloria_22,1.4322566644384746e-10,0.0,1313.94
2024-06-24,2024-06-24,1,domo_cupcake_sin_capacidad,1.2076590041304221e-20,0.0,1313.94
2024-06-24,2024-06-24,1,relleno_zarzamora_fruitfil_puratos,0.006718314292726561,8.83,1313.94
2024-06-24,2024-06-24,1,chips_rojo_alpezzi,0.000733026245086873,0.96,1313.94
2024-06-24,2024-06-24,1,capacillo_floreado_alegria,1.091846857388505e-06,0.0,1313.94
2024-06-24,2024-06-24,1,inix_contenedor_mantecadas,7.660163443835128e-21,0.0,1313.94
2024-06-24,2024-06-24,1,otros,0.2412680870200265,317.01,1313.94
