PROVEEDOR,fecha,NUMERO,CANT,U#MEDIDA,descripcion,importe_nominal,P#UNITARIO,CLASIFICACION,SUBCLASIFICACION,registro_id,descripcion_normalizada,es_sintetico,motivo,semana_inicio
repostearte,2025-07-30,24221,1.0,pz,disco dorado pasteloso 16 cm,5.0,5.0,BASES,14,2,DISCO DORADO PASTELOSO 16 CM,False,,2025-07-28
cravioto,2025-07-22,219757,1.0,paq,celofan 9x12 100 pz,12.9,12.9,EMPAQUE,14,3,CELOFAN 9X12 100 PZ,False,,2025-07-21
repostearte,2025-07-22,25035,1.0,pz,disco blanco pasteloso 20 cm,6.0,6.0,BASES,14,4,DISCO BLANCO PASTELOSO 20 CM,False,,2025-07-21
MEGA PLAST,2025-07-22,138444,1.0,lts,Crema para batir ambiante 1 lt,72.0,72.0,AMBIANTE,14,5,CREMA PARA BATIR AMBIANTE 1 LT,False,,2025-07-21
megaplast,2025-07-22,138444,3.0,kg,tegral satin red velet cake puratos,246.0,82.0,HARINA,RED VELVET,6,TEGRAL SATIN RED VELET CAKE PURATOS,False,,2025-07-21
repostearte,2025-07-17,24816,2.0,paq,caja cupcake 12 cav,52.0,26.0,EMPAQUE,14,7,CAJA CUPCAKE 12 CAV,False,,2025-07-14
MEGA PLAST,2025-07-17,137343,1.0,Kg,queso crema philadelphia,45.0,45.0,QUESO CREMA,14,8,QUESO CREMA PHILADELPHIA,False,,2025-07-14
megaplast,2025-07-17,137343,1.0,kg,tegral satin creme cake vainilla,64.0,64.0,HARINA,VAINILLA,9,TEGRAL SATIN CREME CAKE VAINILLA,False,,2025-07-14
b. aurrera,2025-07-16,316955,1.0,paq,au huevo 3,95.0,95.0,HUEVO,14,10,AU HUEVO 3,False,,2025-07-14
b. aurrera,2025-07-16,316955,1.0,paq,chant dull,91.0,91.0,CHANTILLY,14,11,CHANT DULL,False,,2025-07-14
megaplast,2025-07-14,136719,5.0,kg,rompope coronado,85.0,170.0,LICORES,rompope,12,ROMPOPE CORONADO,False,,2025-07-14
repostearte,2025-07-14,24699,1.0,kg,fondant sabor nata coco blanco,87.0,92.0,FONDANT,nata coco,13,FONDANT SABOR NATA COCO BLANCO,False,,2025-07-14
b. aurera,2025-07-12,625103,1.0,paq,chant dull,91.0,91.0,CHANTILLY,14,14,CHANT DULL,False,,2025-07-07
MEGA PLAST,2025-07-10,135845,1.0,kg,cocoa hershey's c 1kg,42.0,420.0,CHOCOLATE,cocoa,15,COCOA HERSHEY'S C 1KG,False,,2025-07-07
mega plast,2025-07-10,135845,1.0,kg,tegral satin creme cake vainilla,64.0,64.0,HARINA,VAINILLA,16,TEGRAL SATIN CREME CAKE VAINILLA,False,,2025-07-07
MEGA PLAST,2025-07-10,135845,1.0,kg,confiter  chocolate semi amargo,29.0,290.0,CHOCOLATE,CHOCOLATE,17,CONFITER CHOCOLATE SEMI AMARGO,False,,2025-07-07
MEGA PLAST,2025-07-10,135845,2.0,paq,queso crema philadelphia,90.0,45.0,QUESO CREMA,14,18,QUESO CREMA PHILADELPHIA,False,,2025-07-07
MEGA PLAST,2025-07-10,135845,1.0,lts,Crema para batir ambiante 1 lt,72.0,72.0,AMBIANTE,14,19,CREMA PARA BATIR AMBIANTE 1 LT,False,,2025-07-07
MEGA PLAST,2025-07-10,135845,2.0,kg,Tegral Satin Creme cake chocolate,158.0,79.0,HARINA,CHOCOLATE,20,TEGRAL SATIN CREME CAKE CHOCOLATE,False,,2025-07-07
repostearte,2025-07-10,24501,1.0,pz,plumon ma market,30.0,30.0,DECORACION,14,21,PLUMON MA MARKET,False,,2025-07-07
REPOSTEARTE,2025-07-10,24501,3.0,pz,base dorada pasteloso 30 cm,39.0,13.0,BASES,14,22,BASE DORADA PASTELOSO 30 CM,False,,2025-07-07
REPOSTEARTE,2025-07-10,24501,1.0,pz,pegamento de fondant,45.0,45.0,DECORACION,14,23,PEGAMENTO DE FONDANT,False,,2025-07-07
REPOSTEARTE,2025-07-10,24501,1.0,paq,capacillo alegria baby colores10,56.0,56.0,CAPACILLOS,14,24,CAPACILLO ALEGRIA BABY COLORES10,False,,2025-07-07
repostearte,2025-07-10,24501,1.0,kg,perlas y granillo,40.0,440.0,DECORACION,14,25,PERLAS Y GRANILLO,False,,2025-07-07
REPOSTEARTE,2025-07-03,24221,1.0,pz,disco plateado pasteloso 20 cm,7.0,7.0,BASES,14,26,DISCO PLATEADO PASTELOSO 20 CM,False,,2025-06-30
REPOSTEARTE,2025-07-03,24221,1.0,Kg,fondant sabor nata coco blanco,87.0,92.0,FONDANT,nata coco,27,FONDANT SABOR NATA COCO BLANCO,False,,2025-06-30
b. aurrera,2025-07-01,643581909,2.0,kg,chant dull,182.0,91.0,CHANTILLY,14,28,CHANT DULL,False,,2025-06-30
repostearte,2025-06-30,24079,1.0,pz,base fantasia pasteloso 30 cm,62.0,62.0,BASES,14,29,BASE FANTASIA PASTELOSO 30 CM,False,,2025-06-30
REPOSTEARTE,2025-06-30,24079,1.0,pz,base 32 doble liston,48.0,48.0,BASES,14,30,BASE 32 DOBLE LISTON,False,,2025-06-30
REPOSTEARTE,2025-06-30,24079,4.0,kg,fondant sabor nata coco blanco,348.0,92.0,FONDANT,nata coco,31,FONDANT SABOR NATA COCO BLANCO,False,,2025-06-30
mega plast,2025-06-30,133740,3.0,kg,tegral satin red velet cake puratos,246.0,82.0,HARINA,RED VELVET,32,TEGRAL SATIN RED VELET CAKE PURATOS,False,,2025-06-30
MEGA PLAST,2025-06-30,133740,2.0,Kg,confiter  chocolate semi amargo,58.0,290.0,CHOCOLATE,CHOCOLATE,33,CONFITER CHOCOLATE SEMI AMARGO,False,,2025-06-30
MEGA PLAST,2025-06-30,133740,2.0,pz,chips blanco alpezzi c/500 gr,288.0,180.0,CHOCOLATE,14,34,CHIPS BLANCO ALPEZZI C/500 GR,False,,2025-06-30
MEGA PLAST,2025-06-30,133740,1.0,pz,chips sabor chocolate semiamargo,128.0,180.0,CHOCOLATE,CHOCOLATE,35,CHIPS SABOR CHOCOLATE SEMIAMARGO,False,,2025-06-30
MEGA PLAST,2025-06-30,133740,1.0,kg,relleno zarzamora fruitfill purat,68.0,68.0,RELLENO,zarzamora,36,RELLENO ZARZAMORA FRUITFILL PURAT,False,,2025-06-30
MEGA PLAST,2025-06-30,133740,1.0,kg,Tegral Satin Creme cake chocolate,79.0,79.0,HARINA,CHOCOLATE,37,TEGRAL SATIN CREME CAKE CHOCOLATE,False,,2025-06-30
REPOSTEARTE,2025-06-30,24079,1.0,pz,base fantasia pasteloso 40cm,62.0,62.0,BASES,14,38,BASE FANTASIA PASTELOSO 40CM,False,,2025-06-30
MEGA PLAST,2025-06-30,133740,1.0,kg,nutella,205.0,205.0,CHOCOLATE,NUTELLA,39,NUTELLA,False,,2025-06-30
MEGA PLAST,2025-06-30,133740,1.0,Kg,tegral satin creme cake vainilla,64.0,64.0,HARINA,VAINILLA,40,TEGRAL SATIN CREME CAKE VAINILLA,False,,2025-06-30
REPOSTEARTE,2025-06-30,24079,1.0,pz,base plateada doble c/liston past,55.0,55.0,BASES,14,41,BASE PLATEADA DOBLE C/LISTON PAST,False,,2025-06-30
CRAVIOTO,2025-06-29,266638,2.0,paq,fiorentina vela luces pastel gr,30.44,15.22,VELAS,14,42,FIORENTINA VELA LUCES PASTEL GR,False,,2025-06-23
cravioto,2025-06-29,266638,1.0,paq,alegria capacillo rosa love 100pz,40.72,40.72,CAPACILLOS,14,43,ALEGRIA CAPACILLO ROSA LOVE 100PZ,False,,2025-06-23
CRAVIOTO,2025-06-29,266638,1.0,paq,alegria capacillo met dorado 50 pz,45.24,45.24,CAPACILLOS,14,44,ALEGRIA CAPACILLO MET DORADO 50 PZ,False,,2025-06-23
CRAVIOTO,2025-06-29,266638,2.0,paq,fiorentina vela luces p/pastel,21.76,10.88,VELAS,14,45,FIORENTINA VELA LUCES P/PASTEL,False,,2025-06-23
repostearte,2025-06-25,14,1.0,pz,vela espiral color primario alegr,45.0,45.0,VELAS,14,46,VELA ESPIRAL COLOR PRIMARIO ALEGR,False,,2025-06-23
MEGA PLAST,2025-06-24,132490,2.0,g,confiter  chocolate semi amargo,50.0,250.0,CHOCOLATE,CHOCOLATE,47,CONFITER CHOCOLATE SEMI AMARGO,False,,2025-06-23
repostearte,2025-06-24,23839,1.0,pz,base dorada pasteloso32 cm,16.0,16.0,BASES,14,48,BASE DORADA PASTELOSO32 CM,False,,2025-06-23
REPOSTEARTE,2025-06-24,23840,2.0,cj,caja cupcake blanca 6 cav,36.0,18.0,EMPAQUE,14,49,CAJA CUPCAKE BLANCA 6 CAV,False,,2025-06-23
MEGA PLAST,2025-06-24,132490,1.0,kg,jarabe tres leches dulcerito puratos,47.5,47.5,JARABE,tres leches,50,JARABE TRES LECHES DULCERITO PURATOS,False,,2025-06-23
MEGA PLAST,2025-06-24,132490,1.0,lts,crema para batir ambiante puratos,72.0,72.0,AMBIANTE,14,51,CREMA PARA BATIR AMBIANTE PURATOS,False,,2025-06-23
REPOSTEARTE,2025-06-24,23839,1.0,kg,fondant sabor nata coco blanco,87.0,92.0,FONDANT,nata coco,52,FONDANT SABOR NATA COCO BLANCO,False,,2025-06-23
ESTRELLA,2025-06-24,1567,10.0,pz,BASES  26 cm,145.0,14.5,BASES,14,53,BASES 26 CM,False,,2025-06-23
ESTRELLA,2025-06-24,1567,10.0,cj,CAJAS 26*26,499.0,49.9,EMPAQUE,14,54,CAJAS 26*26,False,,2025-06-23
B. AURRERA,2025-06-24,14,1.0,kg,chant dull,91.0,91.0,CHANTILLY,14,55,CHANT DULL,False,,2025-06-23
MEGAPLAST,2025-06-24,122195,600.0,g,GALLETA OREO BASE,84.0,140.0,GALLETAS,14,56,GALLETA OREO BASE,False,,2025-06-23
megaplast,2025-06-24,132490,2.0,kg,tegral Satin Creme cake vainilla,128.0,64.0,HARINA,VAINILLA,57,TEGRAL SATIN CREME CAKE VAINILLA,False,,2025-06-23
repostearte,2025-06-24,23840,2.0,cj,caja cupcake blanca 12 cav,52.0,26.0,EMPAQUE,14,58,CAJA CUPCAKE BLANCA 12 CAV,False,,2025-06-23
MEGA PLAST,2025-06-24,132490,25.0,g,papel encerado,21.25,85.0,DECORACION,14,59,PAPEL ENCERADO,False,,2025-06-23
b. aurrera,2025-06-10,173821,1.0,pz,gloria man,107.0,107.0,MANTEQUILLA,14,60,GLORIA MAN,False,,2025-06-09
b. aurrera,2025-06-10,173821,1.0,paq,sjuan hvo,91.0,91.0,HUEVO,14,61,SJUAN HVO,False,,2025-06-09
b. aurrera,2025-06-09,570809128,1.0,kg,harina tri,17.5,17.5,HARINA,14,62,HARINA TRI,False,,2025-06-09
B. AURRERA,2025-06-09,570809128,1.0,kg,zulka azucar glass 500 g,27.5,27.5,AZUCAR,GLASS,63,ZULKA AZUCAR GLASS 500 G,False,,2025-06-09
MEGA PLAST,2025-06-04,128357,2.0,pz,domo cupcake 12 cav,36.0,18.0,EMPAQUE,14,64,DOMO CUPCAKE 12 CAV,False,,2025-06-02
MEGA PLAST,2025-06-04,128357,1.0,lts,Crema para batir ambiante 1 lt,72.0,72.0,AMBIANTE,14,65,CREMA PARA BATIR AMBIANTE 1 LT,False,,2025-06-02
MEGA PLAST,2025-06-04,128357,2.0,paq,mantequilla 225gr gloria verde,124.0,62.0,MANTEQUILLA,14,66,MANTEQUILLA 225GR GLORIA VERDE,False,,2025-06-02
MEGA PLAST,2025-06-04,128357,5.0,pz,domo cupcake 6 cav,40.0,8.0,EMPAQUE,14,67,DOMO CUPCAKE 6 CAV,False,,2025-06-02
REPOSTEARTE,2025-06-04,23030,2.0,pz,base dorada pasteloso 30 cm,26.0,13.0,BASES,14,68,BASE DORADA PASTELOSO 30 CM,False,,2025-06-02
repostrearte,2025-06-04,23030,1.0,pz,base dorada pasteloso 26 cm,10.0,10.0,BASES,14,69,BASE DORADA PASTELOSO 26 CM,False,,2025-06-02
megaplst,2025-06-04,128357,1.0,kg,Tegral Satin Cremea cake vainilla,64.0,64.0,HARINA,VAINILLA,70,TEGRAL SATIN CREMEA CAKE VAINILLA,False,,2025-06-02
cravioto,2025-05-24,239432,1.0,pz,diana cereza c/tallo,33.72,33.72,DULCERIA,14,71,DIANA CEREZA C/TALLO,False,,2025-05-19
REPOSTEARTE,2025-05-20,22412,1.0,cj,caja de acetato para pastel 4-2 c,38.0,38.0,EMPAQUE,14,72,CAJA DE ACETATO PARA PASTEL 4-2 C,False,,2025-05-19
REPOSTEARTE,2025-05-20,22412,4.0,cj,caja cupcake 12 cav,104.0,26.0,EMPAQUE,14,73,CAJA CUPCAKE 12 CAV,False,,2025-05-19
REPOSTEARTE,2025-05-20,22412,1.0,pz,base plateada pasteloso 16 cm,5.0,5.0,BASES,14,74,BASE PLATEADA PASTELOSO 16 CM,False,,2025-05-19
megaplast,2025-05-20,125143,1.0,kg,tegral Satin Creme cake vainilla,64.0,64.0,HARINA,VAINILLA,75,TEGRAL SATIN CREME CAKE VAINILLA,False,,2025-05-19
B. AURRERA,2025-05-19,14,1.0,paq,OREO DISP,37.0,37.0,GALLETAS,14,76,OREO DISP,False,,2025-05-19
megaplast,2025-05-10,123235,25.0,kg,papel encerado,21.25,85.0,DECORACION,14,77,PAPEL ENCERADO,False,,2025-05-05
B. AURRERA,2025-05-06,429927777,2.0,paq,OREO DISP,74.0,37.0,GALLETAS,14,78,OREO DISP,False,,2025-05-05
REPOSTEARTE,2025-05-06,21843,3.0,pz,PANERA RECTO ALUMINIO #16,135.0,45.0,HERRAMIENTA,14,79,PANERA RECTO ALUMINIO #16,False,,2025-05-05
b. aurrera,2025-05-06,429927777,4.0,paq,huevo blan,244.0,61.0,HUEVO,14,80,HUEVO BLAN,False,,2025-05-05
B. AURRERA,2025-05-06,429927777,1.0,paq,chant dull,91.0,91.0,CHANTILLY,14,81,CHANT DULL,False,,2025-05-05
PARISINA,2025-05-05,326223,1.0,pz,FLOR ARTIFICIAL TULIPAN,39.99,39.99,DECORACION,14,82,FLOR ARTIFICIAL TULIPAN,False,,2025-05-05
PARISINA,2025-05-05,326223,1.0,pz,ASTROMELIA ARTIFICIAL,44.99,44.99,DECORACION,14,83,ASTROMELIA ARTIFICIAL,False,,2025-05-05
PARISINA,2025-05-05,326223,1.0,pz,ROSAS ARTIFICIALES,49.99,49.99,DECORACION,14,84,ROSAS ARTIFICIALES,False,,2025-05-05
PARISINA,2025-05-05,326223,1.0,pz,ROSAS ARTIFICIALES,29.99,29.99,DECORACION,14,85,ROSAS ARTIFICIALES,False,,2025-05-05
PARISINA,2025-05-05,326223,1.0,pz,CINTA FLORAL,19.99,19.99,CINTA,14,86,CINTA FLORAL,False,,2025-05-05
ESTRELLA,2025-05-05,1567,3.0,pz,CAJAS 30*30,180.0,60.0,EMPAQUE,14,87,CAJAS 30*30,False,,2025-05-05
ESTRELLA,2025-05-05,1567,1.0,pz,BASES 32 CM LISTON,40.0,40.0,BASES,14,88,BASES 32 CM LISTON,False,,2025-05-05
ESTRELLA,2025-05-05,1567,3.0,pz,BASE 30 CM LISTON,108.0,36.0,BASES,14,89,BASE 30 CM LISTON,False,,2025-05-05
PARISINA,2025-05-05,326223,1.0,pz,MARGARITA ARTIFICIAL,49.99,49.99,DECORACION,14,90,MARGARITA ARTIFICIAL,False,,2025-05-05
PARISINA,2025-05-05,326223,1.0,pz,GERBERA,49.99,49.99,DECORACION,14,91,GERBERA,False,,2025-05-05
PARISINA,2025-05-05,326223,1.0,pz,FLOR ARTIFICIAL LILY,39.99,39.99,DECORACION,14,92,FLOR ARTIFICIAL LILY,False,,2025-05-05
megaplast,2025-05-02,121121,1.0,Kg,tegral satin creme cake vainilla,64.0,64.0,HARINA,VAINILLA,93,TEGRAL SATIN CREME CAKE VAINILLA,False,,2025-04-28
megaplast,2025-05-01,121083,1.0,pz,domo 1/2 de plancha inix 25 pzs,48.0,48.0,EMPAQUE,14,94,DOMO 1/2 DE PLANCHA INIX 25 PZS,False,,2025-04-28
megaplast,2025-04-14,136719,1.0,kg,Tegral Satin Creme Cake Chocolate,79.0,79.0,HARINA,CHOCOLATE,95,TEGRAL SATIN CREME CAKE CHOCOLATE,False,,2025-04-14
REPOSTEARTE,2024-06-04,9629,4.0,pz,caja cupcake 6 cav,72.0,18.0,EMPAQUE,14,96,CAJA CUPCAKE 6 CAV,False,,2024-06-03
MEGA PLAST,2024-06-04,55718,0.2,kg,PASA GRANDE CHILENA,18.0,90.0,DECORACION,14,97,PASA GRANDE CHILENA,False,,2024-06-03
CRAVIOTO,2024-06-04,177051,1.0,1,fenix cuchara pastelera 50 pz,10.44,10.44,CONSUMIBLES,14,98,FENIX CUCHARA PASTELERA 50 PZ,False,,2024-06-03
CRAVIOTO,2024-06-04,177051,1.0,1,"reyma tapa n.10, 50 pz",20.7,20.7,CONSUMIBLES,14,99,"REYMA TAPA N.10, 50 PZ",False,,2024-06-03
CRAVIOTO,2024-06-04,177051,1.0,1,reyma vaso n.10 50 pz,30.6,30.6,CONSUMIBLES,14,100,REYMA VASO N.10 50 PZ,False,,2024-06-03
CRAVIOTO,2024-06-04,80969,1.0,pz,nutella frasco 950 g,171.14,171.14,RELLENO,14,101,NUTELLA FRASCO 950 G,False,,2024-06-03
REPOSTEARTE,2024-06-04,9630,1.0,kg,fondant sabor nata coco blanco,87.0,87.0,FONDANT,14,102,FONDANT SABOR NATA COCO BLANCO,False,,2024-06-03
REPOSTEARTE,2024-06-04,9629,1.0,pz,base dorada pasteloso 28 cm,12.0,12.0,BASES,14,103,BASE DORADA PASTELOSO 28 CM,False,,2024-06-03
MEGA PLAST,2024-06-04,55718,0.2,Kg,NUEZ GRANILLO,46.0,230.0,DECORACION,14,104,NUEZ GRANILLO,False,,2024-06-03
MEGA PLAST,2024-06-04,55718,1.0,pz,TEGRAL SATIN CREME CAKE CHOCOLATE,64.0,64.0,HARINA,CHOCOLATE,105,TEGRAL SATIN CREME CAKE CHOCOLATE,False,,2024-06-03
MEGA PLAST,2024-05-05,50047,5.0,kg,Tegral Satin Creme Cake Vainilla,270.0,57.0,HARINA,VAINILLA,106,TEGRAL SATIN CREME CAKE VAINILLA,False,,2024-04-29
REPOSTEARTE,2024-05-05,8585,2.0,pz,caja cupcake blanca 6 cav,36.0,18.0,EMPAQUE,14,107,CAJA CUPCAKE BLANCA 6 CAV,False,,2024-04-29
REPOSTEARTE,2024-05-05,8585,1.0,pz,base fantasia pasteloso 36 cm,55.0,55.0,BASES,14,108,BASE FANTASIA PASTELOSO 36 CM,False,,2024-04-29
REPOSTEARTE,2024-05-05,8585,2.0,pz,disco dorado pasteloso 32 cm,28.0,14.0,BASES,14,109,DISCO DORADO PASTELOSO 32 CM,False,,2024-04-29
REPOSTEARTE,2024-05-05,8585,2.0,kg,fondant sabor nata coco blanco,174.0,92.0,FONDANT,14,110,FONDANT SABOR NATA COCO BLANCO,False,,2024-04-29
REPOSTEARTE,2024-05-05,8585,1.0,Paq,capacillo verde puntos alegria,56.0,56.0,HORNEADO,14,111,CAPACILLO VERDE PUNTOS ALEGRIA,False,,2024-04-29
REPOSTEARTE,2024-05-05,8585,1.0,pz,pegamento para fondant 30 ml,45.0,45.0,DECORACION,14,112,PEGAMENTO PARA FONDANT 30 ML,False,,2024-04-29
MEGA PLAST,2024-05-05,50047,2.0,pz,Crema para batir ambiante 1 lt,132.0,66.0,AMBIANTE,14,113,CREMA PARA BATIR AMBIANTE 1 LT,False,,2024-04-29
MEGA PLAST,2024-05-05,50047,0.2,kg,confiter semi amargo,44.0,220.0,CHOCOLATE,14,114,CONFITER SEMI AMARGO,False,,2024-04-29
MEGA PLAST,2024-05-05,50047,1.0,pz,jarabe tres leches dulcerito puratos,45.0,45.0,JARABE,14,115,JARABE TRES LECHES DULCERITO PURATOS,False,,2024-04-29
MEGA PLAST,2024-05-05,50047,1.0,paq,chips blanco alpezi c/500 g,126.0,160.0,CHOCOLATE,14,116,CHIPS BLANCO ALPEZI C/500 G,False,,2024-04-29
MEGA PLAST,2024-05-05,50047,2.0,pz,Domo mantecada 12 cavidades,32.0,16.0,EMPAQUE,14,117,DOMO MANTECADA 12 CAVIDADES,False,,2024-04-29
MEGA PLAST,2024-05-05,50047,1.0,pz,relleno zarzamora fruitfill purat,57.0,57.0,RELLENO,14,118,RELLENO ZARZAMORA FRUITFILL PURAT,False,,2024-04-29
MEGA PLAST,2024-05-05,50047,1.0,kg,tegral satin red velet cake puratos,72.0,72.0,HARINA,RED VELVET,119,TEGRAL SATIN RED VELET CAKE PURATOS,False,,2024-04-29
REPOSTEARTE,2024-05-05,8585,0.1,kg,perlas y granillo diamantado ma b,40.0,400.0,DECORACION,14,120,PERLAS Y GRANILLO DIAMANTADO MA B,False,,2024-04-29
MEGA PLAST,2024-05-05,50047,1.0,pz,domo 1/2 de plancha inix,48.0,48.0,EMPAQUE,14,121,DOMO 1/2 DE PLANCHA INIX,False,,2024-04-29
MEGA PLAST,2024-05-05,50047,1.0,pz,domo 1/4 plancha,25.0,25.0,EMPAQUE,14,122,DOMO 1/4 PLANCHA,False,,2024-04-29
MEGA PLAST,2024-05-05,50047,0.5,g,galleta oreo base,55.0,110.0,RELLENO,14,123,GALLETA OREO BASE,False,,2024-04-29
MEGA PLAST,2024-05-05,50047,0.1,g,granillo chocolate combinado turin,25.0,250.0,CHOCOLATE,14,124,GRANILLO CHOCOLATE COMBINADO TURIN,False,,2024-04-29
MEGA PLAST,2024-05-05,50047,1.0,paq,chips sabor chocolate semiamargo,107.0,160.0,CHOCOLATE,14,125,CHIPS SABOR CHOCOLATE SEMIAMARGO,False,,2024-04-29
MEGA PLAST,2024-04-28,48561,1.0,pz,Crema para batir ambiante 1 lt,66.0,66.0,AMBIANTE,14,126,CREMA PARA BATIR AMBIANTE 1 LT,False,,2024-04-22
MEGA PLAST,2024-04-28,48561,0.5,g,chips blanco alpezi c/500 g,63.0,160.0,CHOCOLATE,14,127,CHIPS BLANCO ALPEZI C/500 G,False,,2024-04-22
MEGA PLAST,2024-04-13,45448,1.0,pz,domo 1/2 de plancha inix,48.0,48.0,EMPAQUE,14,128,DOMO 1/2 DE PLANCHA INIX,False,,2024-04-08
REPOSTEARTE,2024-04-13,7723,1.0,paq,capacillo party color alegria,56.0,56.0,HORNEADO,14,129,CAPACILLO PARTY COLOR ALEGRIA,False,,2024-04-08
REPOSTEARTE,2024-04-13,7723,1.0,pz,base dorada pasteloso 30cm,12.0,12.0,BASES,14,130,BASE DORADA PASTELOSO 30CM,False,,2024-04-08
REPOSTEARTE,2024-04-13,7723,1.0,pz,base dorada pasteloso 28 cm,12.0,12.0,BASES,14,131,BASE DORADA PASTELOSO 28 CM,False,,2024-04-08
MEGA PLAST,2024-04-13,45448,1.0,kg,Tegral Satin Creme Cake Chocolate,64.0,64.0,HARINA,CHOCOLATE,132,TEGRAL SATIN CREME CAKE CHOCOLATE,False,,2024-04-08
MEGA PLAST,2024-04-13,45448,0.5,Kg,papel encerado,42.8,85.0,CONSUMIBLES,14,133,PAPEL ENCERADO,False,,2024-04-08
REPOSTEARTE,2024-04-13,7723,1.0,Paq,capacillo blanco mini corazones,56.0,56.0,HORNEADO,14,134,CAPACILLO BLANCO MINI CORAZONES,False,,2024-04-08
MEGA PLAST,2024-04-13,45448,1.0,pz,papel pelicula 150m meta film,45.0,45.0,OTROS,14,135,PAPEL PELICULA 150M META FILM,False,,2024-04-08
MEGA PLAST,2024-04-13,45448,1.0,paq,royal icing deiman 500g,55.0,55.0,ROYALICING,14,136,ROYAL ICING DEIMAN 500G,False,,2024-04-08
REPOSTEARTE,2024-04-13,7723,1.0,kg,Foundant sabor nata coco blanco,87.0,92.0,FONDANT,14,137,FOUNDANT SABOR NATA COCO BLANCO,False,,2024-04-08
MEGA PLAST,2024-04-04,43733,0.5,g,confitier chocolate semiamargo tu,110.0,220.0,CHOCOLATE,14,138,CONFITIER CHOCOLATE SEMIAMARGO TU,False,,2024-04-01
MEGA PLAST,2024-04-04,43733,1.0,pz,Crema para batir ambiante 1 lt,66.0,66.0,AMBIANTE,14,139,CREMA PARA BATIR AMBIANTE 1 LT,False,,2024-04-01
MEGA PLAST,2024-03-28,42495,2.0,pz,Crema para batir ambiante 1 lt,123.0,66.0,AMBIANTE,14,140,CREMA PARA BATIR AMBIANTE 1 LT,False,,2024-03-25
MEGA PLAST,2024-03-28,42495,5.0,Kg,Tegral Satin Creme Cake Chocolate,320.0,64.0,HARINA,CHOCOLATE,141,TEGRAL SATIN CREME CAKE CHOCOLATE,False,,2024-03-25
MEGA PLAST,2024-03-28,42495,1.0,Kg,tegral satin creme cake vainilla,54.0,54.0,HARINA,VAINILLA,142,TEGRAL SATIN CREME CAKE VAINILLA,False,,2024-03-25
MEGA PLAST,2024-03-28,42495,1.0,Paq,chips blanco alpezi c/500 g,126.0,160.0,CHOCOLATE,,143,CHIPS BLANCO ALPEZI C/500 G,False,,2024-03-25
MEGA PLAST,2024-03-28,42495,1.0,pz,nutella 1 kg,175.0,160.0,RELLENO,14,144,NUTELLA 1 KG,False,,2024-03-25
MEGA PLAST,2024-03-28,42495,1.0,Kg,confiter semi amargo,185.0,220.0,CHOCOLATE,,145,CONFITER SEMI AMARGO,False,,2024-03-25
MEGA PLAST,2024-03-28,42495,1.0,paq,chips sabor chocolate semiamargo,107.0,160.0,CHOCOLATE,,146,CHIPS SABOR CHOCOLATE SEMIAMARGO,False,,2024-03-25
MEGA PLAST,2024-03-28,42495,0.1,Kg,chips amarillo alpezzi c/500 gr,16.0,160.0,CHOCOLATE,,147,CHIPS AMARILLO ALPEZZI C/500 GR,False,,2024-03-25
MEGA PLAST,2024-03-28,42495,0.3,Kg,chips rojo alpezzi c/500g,48.0,160.0,CHOCOLATE,,148,CHIPS ROJO ALPEZZI C/500G,False,,2024-03-25
MEGA PLAST,2024-03-28,42495,2.0,Kg,tegral Satin Creme cake puratos,144.0,72.0,HARINA,VAINILL,149,TEGRAL SATIN CREME CAKE PURATOS,False,,2024-03-25
MEGA PLAST,2024-03-28,42495,4.0,pz,Domo mantecada 12 cavidades,64.0,16.0,EMPAQUE,14,150,DOMO MANTECADA 12 CAVIDADES,False,,2024-03-25
MEGA PLAST,2024-03-14,39780,1.0,pz,relleno zarzamora fruitfill purat,57.0,57.0,RELLENO,14,151,RELLENO ZARZAMORA FRUITFILL PURAT,False,,2024-03-11
MEGA PLAST,2024-03-14,39780,1.0,Kg,Tegral Satin Creme Cake Vainilla,54.0,54.0,HARINA,VAINILLA,152,TEGRAL SATIN CREME CAKE VAINILLA,False,,2024-03-11
MEGA PLAST,2024-03-14,39780,0.1,kg,kisses plateados,32.0,320.0,CHOCOLATE,14,153,KISSES PLATEADOS,False,,2024-03-11
MEGA PLAST,2024-03-14,39780,0.1,Kg,goma aro manzana lucky gummys,15.0,150.0,DULCERIA,14,154,GOMA ARO MANZANA LUCKY GUMMYS,False,,2024-03-11
MEGA PLAST,2024-03-14,39780,1.0,pz,oblea arroz,20.0,20.0,DECORACION,14,155,OBLEA ARROZ,False,,2024-03-11
MEGA PLAST,2024-03-14,39780,1.0,pz,Crema para batir ambiante 1 lt,66.0,66.0,AMBIANTE,14,156,CREMA PARA BATIR AMBIANTE 1 LT,False,,2024-03-11
MEGA PLAST,2024-03-09,38719,1.0,kg,chips sabor chocolate semiamargo,107.0,160.0,CHOCOLATE,14,157,CHIPS SABOR CHOCOLATE SEMIAMARGO,False,,2024-03-04
MEGA PLAST,2024-03-09,38719,1.0,kg,mantequilla 1 kg gloria verde,199.0,199.0,MANTEQUILLA,MANTEQUILLA,158,MANTEQUILLA 1 KG GLORIA VERDE,False,,2024-03-04
MEGA PLAST,2024-03-09,38719,0.1,g,confitier chocolate semiamargo tu,22.0,220.0,CHOCOLATE,14,159,CONFITIER CHOCOLATE SEMIAMARGO TU,False,,2024-03-04
MEGA PLAST,2024-03-09,38719,0.5,g,chips blanco alpezi c/500 g,63.0,160.0,CHOCOLATE,14,160,CHIPS BLANCO ALPEZI C/500 G,False,,2024-03-04
MEGA PLAST,2024-03-09,38719,1.0,kg,tegral satin red velet cake puratos,72.0,72.0,HARINA,RED VELVET,161,TEGRAL SATIN RED VELET CAKE PURATOS,False,,2024-03-04
MEGA PLAST,2024-03-09,38719,1.0,kg,royal icing deiman 500g,50.0,50.0,ROYALICING,14,162,ROYAL ICING DEIMAN 500G,False,,2024-03-04
MEGA PLAST,2024-03-01,37121,1.0,pz,domo rigido 35-25 inix,38.0,38.0,EMPAQUE,14,163,DOMO RIGIDO 35-25 INIX,False,,2024-02-26
MEGA PLAST,2024-03-01,37121,2.0,kg,tegral satin creme cake vainilla,108.0,54.0,HARINA,VAINILLA,164,TEGRAL SATIN CREME CAKE VAINILLA,False,,2024-02-26
MEGA PLAST,2024-03-01,37121,0.1,kg,confitier chocolate semiamargo turin,22.0,220.0,CHOCOLATE,14,165,CONFITIER CHOCOLATE SEMIAMARGO TURIN,False,,2024-02-26
MEGA PLAST,2024-03-01,37121,1.0,pz,cremfil cream cheese filling puratos,99.0,99.0,QUESO CREMA,14,166,CREMFIL CREAM CHEESE FILLING PURATOS,False,,2024-02-26
MEGA PLAST,2024-03-01,37121,0.5,kg,chips blanco alpezi c/500 g,63.0,160.0,CHOCOLATE,14,167,CHIPS BLANCO ALPEZI C/500 G,False,,2024-02-26
MEGA PLAST,2024-02-17,14,1.0,PZ,Relleno durazno puratos,62.0,62.0,RELLENO,14,168,RELLENO DURAZNO PURATOS,False,,2024-02-12
REPOSTEARTE,2024-02-17,14,1.0,pz,color morado enco 40g,49.0,49.0,COLORANTES,14,169,COLOR MORADO ENCO 40G,False,,2024-02-12
REPOSTEARTE,2024-02-17,14,1.0,pz,color rojo enco 40g,43.0,43.0,COLORANTES,14,170,COLOR ROJO ENCO 40G,False,,2024-02-12
REPOSTEARTE,2024-02-17,14,1.0,kg,fondant sabor nata coco blanco,83.0,83.0,FONDANT,14,171,FONDANT SABOR NATA COCO BLANCO,False,,2024-02-12
MEGA PLAST,2024-02-17,14,1.0,pz,Tegral Satin Red Velvet Cake Puratos,72.0,72.0,HARINA,14,172,TEGRAL SATIN RED VELVET CAKE PURATOS,False,,2024-02-12
B. AURRERA,2024-02-16,14,1.0,paq,oreo vainilla,21.5,21.5,GALLETAS,14,173,OREO VAINILLA,False,,2024-02-12
B. AURRERA,2024-02-16,14,1.0,kg,harina trigo,18.0,18.0,HARINA,14,174,HARINA TRIGO,False,,2024-02-12
B. AURRERA,2024-02-16,14,2.0,pz,lechera,52.0,26.0,LECHERA,14,175,LECHERA,False,,2024-02-12
B. AURRERA,2024-02-16,14,3.0,pz,oreo,64.5,21.5,GALLETAS,14,176,OREO,False,,2024-02-12
B. AURRERA,2024-02-16,14,4.0,pz,dmonte elote,60.0,15.0,HORNEADO,14,177,DMONTE ELOTE,False,,2024-02-12
B. AURRERA,2024-02-16,14,2.0,kg,chantilly dulce,142.0,71.0,CHANTILLY,14,178,CHANTILLY DULCE,False,,2024-02-12
B. AURRERA,2024-02-16,14,1.0,pz,zulka glass,24.5,24.5,AZUCAR,GLASS,179,ZULKA GLASS,False,,2024-02-12
B. AURRERA,2024-02-16,14,2.0,paq,Queso philadelphia 190g,70.0,35.0,QUESO CREMA,14,180,QUESO PHILADELPHIA 190G,False,,2024-02-12
B. AURRERA,2024-02-16,14,1.0,paq,huevo calvario,80.0,80.0,HUEVO,14,181,HUEVO CALVARIO,False,,2024-02-12
MEGA PLAST,2024-02-15,14,1.0,kg,chips blanco alpezzi c/ 500 g,126.0,126.0,CHOCOLATE,14,182,CHIPS BLANCO ALPEZZI C/ 500 G,False,,2024-02-12
REPOSTEARTE,2024-02-15,14,1.0,paq,caketopper happy birthday tx,35.0,35.0,DECORACION,14,183,CAKETOPPER HAPPY BIRTHDAY TX,False,,2024-02-12
REPOSTEARTE,2024-02-15,14,2.0,pz,manga para decorar color verde ,14.0,7.0,CONSUMIBLES,14,184,MANGA PARA DECORAR COLOR VERDE,False,,2024-02-12
REPOSTEARTE,2024-02-15,14,1.0,kg,fondant sabor nata coco blanco,83.0,83.0,FONDANT,14,185,FONDANT SABOR NATA COCO BLANCO,False,,2024-02-12
REPOSTEARTE,2024-02-15,14,2.0,paq,paquete palitos para paletas,30.0,15.0,DECORACION,14,186,PAQUETE PALITOS PARA PALETAS,False,,2024-02-12
MEGA PLAST,2024-02-15,14,1.0,kg,Crema para batir ambiante 1 lt,66.0,66.0,AMBIANTE,14,187,CREMA PARA BATIR AMBIANTE 1 LT,False,,2024-02-12
GASOLINERIA,2024-02-14,14,30.0,lts,gasolina,680.7,22.69,COMBUSTIBLE,14,188,GASOLINA,False,,2024-02-12
B. AURRERA,2024-02-14,14,1.0,kg,chantilly dulce,71.0,71.0,CHANTILLY,14,189,CHANTILLY DULCE,False,,2024-02-12
CASETA,2024-02-14,14,1.0,tick,peaje,65.0,65.0,CASETAS,14,190,PEAJE,False,,2024-02-12
CASETA,2024-02-14,14,1.0,tick,peaje,65.0,65.0,CASETAS,14,191,PEAJE,False,,2024-02-12
MEGA PLAST,2024-02-13,14,1.0,paq,malv c/ chocolate 32 pz cod,66.29,66.29,DULCERIA,14,192,MALV C/ CHOCOLATE 32 PZ COD,False,,2024-02-12
MEGA PLAST,2024-02-13,14,1.0,paq,celofan 9x12 100 pz,12.9,12.9,EMPAQUE,14,193,CELOFAN 9X12 100 PZ,False,,2024-02-12
REPOSTEARTE,2024-02-12,14,2.0,pz,base dorada pasteloso 28 cm,24.0,12.0,BASES,14,194,BASE DORADA PASTELOSO 28 CM,False,,2024-02-12
MEGA PLAST,2024-02-12,14,1.0,paq,bolsa de celofan,40.0,40.0,EMPAQUE,14,195,BOLSA DE CELOFAN,False,,2024-02-12
DULCERIA,2024-02-12,ND,1.0,paq,kit kat 9 pz,45.0,45.0,CHOCOLATE,14,196,KIT KAT 9 PZ,False,,2024-02-12
REPOSTEARTE,2024-02-12,14,1.0,pz,hoja de arroz gruesa,25.0,25.0,DECORACION,14,197,HOJA DE ARROZ GRUESA,False,,2024-02-12
MEGA PLAST,2024-02-12,14,5.0,kg,chantilly 5 kg asturias,205.0,41.0,CHANTILLY,14,198,CHANTILLY 5 KG ASTURIAS,False,,2024-02-12
MEGA PLAST,2024-02-12,14,1.0,kg,Harina piña colada espiga mix,41.0,41.0,HARINA,PIÑA COLADA,199,HARINA PINA COLADA ESPIGA MIX,False,,2024-02-12
MEGA PLAST,2024-02-12,14,1.0,kg,Tegral Satin Creme Cake Chocolate,64.0,64.0,HARINA,CHOCOLATE,200,TEGRAL SATIN CREME CAKE CHOCOLATE,False,,2024-02-12
MEGA PLAST,2024-02-12,14,2.0,kg,Tegral Satin Creme Cake Vainilla,108.0,54.0,HARINA,VAINILLA,201,TEGRAL SATIN CREME CAKE VAINILLA,False,,2024-02-12
MEGA PLAST,2024-02-12,14,1.0,kg,Crema para batir ambiante 1 lt,66.0,66.0,AMBIANTE,14,202,CREMA PARA BATIR AMBIANTE 1 LT,False,,2024-02-12
B. AURRERA,2024-02-12,14,1.0,paq,au huevo 1,77.0,77.0,HUEVO,14,203,AU HUEVO 1,False,,2024-02-12
B. AURRERA,2024-02-12,14,1.0,paq,nido f 120,25.0,25.0,LECHE EN POLVO,14,204,NIDO F 120,False,,2024-02-12
B. AURRERA,2024-02-12,14,1.0,paq,inca mante,22.0,22.0,MANTECA VEGETAL,14,205,INCA MANTE,False,,2024-02-12
TIENDAS TRES B,2024-02-12,14,1.0,kg,AzucZulka,60.0,60.0,AZUCAR,14,206,AZUCZULKA,False,,2024-02-12
TIENDAS TRES B,2024-02-12,14,1.0,paq,hue12pzCR,32.0,32.0,HUEVO,14,207,HUE12PZCR,False,,2024-02-12
TIENDAS TRES B,2024-02-12,14,1.0,pz,nescafe 4 ,34.0,34.0,DECORACION,14,208,NESCAFE 4,False,,2024-02-12
TIENDAS TRES B,2024-02-12,14,1.0,pz,soyaradir,32.0,32.0,OTROS,14,209,SOYARADIR,False,,2024-02-12
REPOSTEARTE,2024-02-11,14,50.9,gr,perla neon y confeti ma baker,28.0,550.0982,DECORACION,14,210,PERLA NEON Y CONFETI MA BAKER,False,,2024-02-05
REPOSTEARTE,2024-02-11,14,1.0,pz,fondant sabor nata coco blanco,83.0,83.0,FONDANT,14,211,FONDANT SABOR NATA COCO BLANCO,False,,2024-02-05
REPOSTEARTE,2024-02-10,14,1.0,pz,fondant sabor nata coco blanco,83.0,83.0,FONDANT,14,212,FONDANT SABOR NATA COCO BLANCO,False,,2024-02-05
REPOSTEARTE,2024-02-10,14,1.0,pz,base doble liston negra 36cm,55.0,55.0,BASES,14,213,BASE DOBLE LISTON NEGRA 36CM,False,,2024-02-05
REPOSTEARTE,2024-02-10,14,2.0,pz,hoja de arroz gruesa,50.0,25.0,DECORACION,14,214,HOJA DE ARROZ GRUESA,False,,2024-02-05
MEGA PLAST,2024-02-06,14,1.0,paq,inix contenedor mantecadas 25 pz,153.6,153.6,EMPAQUE,14,215,INIX CONTENEDOR MANTECADAS 25 PZ,False,,2024-02-05
MEGA PLAST,2024-02-06,14,2.0,pz,mantequilla 225 g gloria,116.0,58.0,MANTEQUILLA,14,216,MANTEQUILLA 225 G GLORIA,False,,2024-02-05
MEGA PLAST,2024-02-06,14,1.0,paq,marian surtido navideño 340g,66.53,66.53,GALLETAS,14,217,MARIAN SURTIDO NAVIDENO 340G,False,,2024-02-05
MEGA PLAST,2024-02-06,14,1.0,kg,Tegral Satin Creme Cake Chocolate,64.0,64.0,HARINA,CHOCOLATE,218,TEGRAL SATIN CREME CAKE CHOCOLATE,False,,2024-02-05
MEGA PLAST,2024-02-06,14,2.0,kg,Tegral Satin Creme Cake Vainilla,108.0,54.0,HARINA,VAINILLA,219,TEGRAL SATIN CREME CAKE VAINILLA,False,,2024-02-05
MEGA PLAST,2024-02-06,14,100.0,gr,chips blanco alpezzi c/ 500 g,16.0,160.0,CHOCOLATE,14,220,CHIPS BLANCO ALPEZZI C/ 500 G,False,,2024-02-05
MEGA PLAST,2024-02-06,14,1.0,paq,puratos fruitfil fresa 1 kg,60.48,60.48,RELLENO,14,221,PURATOS FRUITFIL FRESA 1 KG,False,,2024-02-05
MEGA PLAST,2024-02-06,14,1.0,paq,alegria capacillo bco dots colores 100pz,39.15,39.15,CAPACILLOS,14,222,ALEGRIA CAPACILLO BCO DOTS COLORES 100PZ,False,,2024-02-05
MEGA PLAST,2024-02-06,14,1.0,pz,fiorentina manga no 12 10 pz,35.96,35.96,RELLENO,14,223,FIORENTINA MANGA NO 12 10 PZ,False,,2024-02-05
REPOSTEARTE,2024-02-06,14,1.0,pz,fondant sabor nata coco blanco,83.0,83.0,FONDANT,14,224,FONDANT SABOR NATA COCO BLANCO,False,,2024-02-05
MEGA PLAST,2024-02-06,14,1.0,paq,inix contenedor mantecadas 25 pz,179.32,179.32,EMPAQUE,14,225,INIX CONTENEDOR MANTECADAS 25 PZ,False,,2024-02-05
MEGA PLAST,2024-01-24,14,100.0,gr,chips rosa alpezzi c/500g,16.0,160.0,CHOCOLATE,14,226,CHIPS ROSA ALPEZZI C/500G,False,,2024-01-22
MEGA PLAST,2024-01-24,14,100.0,gr,chips rojo alpezzi c/500g,16.0,160.0,CHOCOLATE,14,227,CHIPS ROJO ALPEZZI C/500G,False,,2024-01-22
MEGA PLAST,2024-01-24,14,1.0,kg,Tegral Satin Creme Cake Chocolate,64.0,64.0,CHOCOLATE,14,228,TEGRAL SATIN CREME CAKE CHOCOLATE,False,,2024-01-22
MEGA PLAST,2024-01-24,14,1.0,kg,Crema para batir ambiante 1 lt,66.0,66.0,AMBIANTE,14,229,CREMA PARA BATIR AMBIANTE 1 LT,False,,2024-01-22
MEGA PLAST,2024-01-24,14,1.0,kg,Tegral Satin Red Velvet Cake Puratos,72.0,72.0,CHOCOLATE,14,230,TEGRAL SATIN RED VELVET CAKE PURATOS,False,,2024-01-22
MEGA PLAST,2024-01-24,14,1.0,paq,sprinkles,50.0,50.0,DECORACION,14,231,SPRINKLES,False,,2024-01-22
GASOLINERIA,2024-01-24,14,10.0,lts,gasolina,219.9,21.99,COMBUSTIBLE,14,232,GASOLINA,False,,2024-01-22
MEGA PLAST,2024-01-24,14,1.0,kg,mantequilla 225gr gloria,58.0,58.0,MANTEQUILLA,14,233,MANTEQUILLA 225GR GLORIA,False,,2024-01-22
B. AURRERA,2024-01-15,14,2.0,paq,gloria man,115.0,57.5,MANTEQUILLA,14,234,GLORIA MAN,False,,2024-01-15
CASETA,2024-01-14,14,1.0,tick,peaje,65.0,65.0,CASETAS,14,235,PEAJE,False,,2024-01-08
SAMS,2024-01-13,14,4.0,paq,harina de trigo,70.59,17.6475,HARINA,14,236,HARINA DE TRIGO,False,,2024-01-08
SAMS,2024-01-13,14,4.0,paq,Queso philadelphia 190g,142.2,35.55,QUESO CREMA,14,237,QUESO PHILADELPHIA 190G,False,,2024-01-08
SAMS,2024-01-13,14,30.0,pz,huevo,83.89,2.7963,HUEVO,14,238,HUEVO,False,,2024-01-08
REPOSTEARTE,2024-01-13,14,3.0,pz,transfer hoja de arroz gruesa,135.0,45.0,DECORACION,14,239,TRANSFER HOJA DE ARROZ GRUESA,False,,2024-01-08
REPOSTEARTE,2024-01-10,14,50.9,gr,perla neon y confeti ma baker,28.0,550.0982,DECORACION,14,240,PERLA NEON Y CONFETI MA BAKER,False,,2024-01-08
REPOSTEARTE,2024-01-10,14,1.0,pz,color negro enco 40g,46.0,46.0,COLORANTES,14,241,COLOR NEGRO ENCO 40G,False,,2024-01-08
MEGA PLAST,2024-01-10,14,4.0,pz,Domo mantecada 12 cavidades,64.0,16.0,EMPAQUE,14,242,DOMO MANTECADA 12 CAVIDADES,False,,2024-01-08
MEGA PLAST,2024-01-10,14,1.0,pz,mantequilla 225gr gloria,58.0,58.0,MANTEQUILLA,14,243,MANTEQUILLA 225GR GLORIA,False,,2024-01-08
MEGA PLAST,2024-01-10,14,100.0,gr,chips rojo alpezzi c/500g,16.0,160.0,CHOCOLATE,14,244,CHIPS ROJO ALPEZZI C/500G,False,,2024-01-08
MEGA PLAST,2024-01-10,14,100.0,gr,confitier chocolate semiamargo tu,22.0,220.0,CHOCOLATE,14,245,CONFITIER CHOCOLATE SEMIAMARGO TU,False,,2024-01-08
MEGA PLAST,2024-01-10,14,1.0,kg,Tegral Satin Creme Cake Vainilla,54.0,54.0,HARINA,VAINILLA,246,TEGRAL SATIN CREME CAKE VAINILLA,False,,2024-01-08
MEGA PLAST,2024-01-10,14,1.0,kg,Tegral Satin Red Velvet Cake Puratos,72.0,72.0,HARINA,RED VELVET,247,TEGRAL SATIN RED VELVET CAKE PURATOS,False,,2024-01-08
REPOSTEARTE,2024-01-10,14,2.0,pz,base plateada pasteloso 30 cm,24.0,12.0,BASES,14,248,BASE PLATEADA PASTELOSO 30 CM,False,,2024-01-08
REPOSTEARTE,2024-01-10,14,1.0,kg,fondant sabor nata coco blanco,83.0,83.0,FONDANT,14,249,FONDANT SABOR NATA COCO BLANCO,False,,2024-01-08
CASETA,2024-01-01,14,1.0,tick,peaje,65.0,65.0,CASETAS,14,250,PEAJE,False,,2024-01-01
CASETA,2023-12-31,14,1.0,tick,peaje,65.0,65.0,CASETAS,14,251,PEAJE,False,,2023-12-25
B. AURRERA,2023-12-30,14,1.0,paq,au huevo 1,32.0,32.0,HUEVO,14,252,AU HUEVO 1,False,,2023-12-25
B. AURRERA,2023-12-30,14,1.0,paq,cremas,56.0,56.0,NO DEFINIDO,14,253,CREMAS,False,,2023-12-25
B. AURRERA,2023-12-30,14,2.0,paq,Queso philadelphia 190g,80.0,40.0,QUESO CREMA,14,254,QUESO PHILADELPHIA 190G,False,,2023-12-25
B. AURRERA,2023-12-30,14,1.0,kg,chantilly dulce,71.0,71.0,CHANTILLY,14,255,CHANTILLY DULCE,False,,2023-12-25
MEGA PLAST,2023-12-29,14,1.0,kg,Crema para batir ambiante 1 lt,66.0,66.0,AMBIANTE,14,256,CREMA PARA BATIR AMBIANTE 1 LT,False,,2023-12-25
REPOSTEARTE,2023-12-29,14,1.0,pz,charola galletera alta grande,175.0,175.0,EMPAQUE,14,257,CHAROLA GALLETERA ALTA GRANDE,False,,2023-12-25
MEGA PLAST,2023-12-29,14,500.0,gr,chips blanco alpezzi c/ 500 g,63.0,126.0,CHOCOLATE,14,258,CHIPS BLANCO ALPEZZI C/ 500 G,False,,2023-12-25
MEGA PLAST,2023-12-29,14,1.0,kg,Tegral Satin Red Velvet Cake Puratos,72.0,72.0,HARINA,RED VELVET,259,TEGRAL SATIN RED VELVET CAKE PURATOS,False,,2023-12-25
MEGA PLAST,2023-12-29,14,100.0,gr,chips rojo alpezzi c/ 500 g,16.0,160.0,CHOCOLATE,14,260,CHIPS ROJO ALPEZZI C/ 500 G,False,,2023-12-25
MEGA PLAST,2023-12-29,14,3.0,pz,papel estrella pliego,18.0,6.0,CONSUMIBLES,14,261,PAPEL ESTRELLA PLIEGO,False,,2023-12-25
MEGA PLAST,2023-12-29,14,1.0,pz,domo rigido 35-25 inix,38.0,38.0,EMPAQUE,14,262,DOMO RIGIDO 35-25 INIX,False,,2023-12-25
B. AURRERA,2023-12-29,14,1.0,kg,chantilly dulce,71.0,71.0,CHANTILLY,14,263,CHANTILLY DULCE,False,,2023-12-25
B. AURRERA,2023-12-29,14,1.0,paq,huevo blanco,48.0,48.0,HUEVO,14,264,HUEVO BLANCO,False,,2023-12-25
MEGA PLAST,2023-12-29,14,300.0,gr,confitier chocolate semiamargo tu,66.0,220.0,CHOCOLATE,14,265,CONFITIER CHOCOLATE SEMIAMARGO TU,False,,2023-12-25
MEGA PLAST,2023-12-29,14,1.0,pz,domo 1/2 de plancha inix,48.0,48.0,EMPAQUE,14,266,DOMO 1/2 DE PLANCHA INIX,False,,2023-12-25
MEGA PLAST,2023-12-24,14,100.0,gr,nuez pedazo,28.0,280.0,RELLENO,14,267,NUEZ PEDAZO,False,,2023-12-18
MEGA PLAST,2023-12-24,14,250.0,gr,papel encerado,21.25,85.0,CONSUMIBLES,14,268,PAPEL ENCERADO,False,,2023-12-18
MEGA PLAST,2023-12-24,14,1.0,pz,durazno mitades en almibar 820g,45.0,45.0,RELLENO,14,269,DURAZNO MITADES EN ALMIBAR 820G,False,,2023-12-18
MEGA PLAST,2023-12-24,14,1.0,pz,rebanadas de piña en almibar 800g,43.0,43.0,RELLENO,14,270,REBANADAS DE PINA EN ALMIBAR 800G,False,,2023-12-18
B. AURRERA,2023-12-21,14,1.0,kg,zulka glass,22.5,22.5,AZUCAR,GLASS,271,ZULKA GLASS,False,,2023-12-18
B. AURRERA,2023-12-21,14,2.0,lts,sabrosano,82.0,41.0,ACEITE,14,272,SABROSANO,False,,2023-12-18
B. AURRERA,2023-12-21,14,2.0,paq,oreo,60.0,30.0,GALLETAS,14,273,OREO,False,,2023-12-18
B. AURRERA,2023-12-21,14,1.0,kg,azucar,37.0,37.0,AZUCAR,14,274,AZUCAR,False,,2023-12-18
MEGA PLAST,2023-12-17,14,100.0,gr,granillo chocolate combinado turin,25.0,250.0,CHOCOLATE,14,275,GRANILLO CHOCOLATE COMBINADO TURIN,False,,2023-12-11
MEGA PLAST,2023-12-17,14,1.0,kg,Tegral Satin Creme Cake Chocolate,64.0,64.0,HARINA,CHOCOLATE,276,TEGRAL SATIN CREME CAKE CHOCOLATE,False,,2023-12-11
MEGA PLAST,2023-12-17,14,5.0,kg,chantilly 5 kg asturias,205.0,41.0,CHANTILLY,14,277,CHANTILLY 5 KG ASTURIAS,False,,2023-12-11
MEGA PLAST,2023-12-17,14,1.0,pz,domo rigido 35-25 inix,38.0,38.0,EMPAQUE,14,278,DOMO RIGIDO 35-25 INIX,False,,2023-12-11
MEGA PLAST,2023-12-17,14,100.0,gr,granillo chocolate semiamargo,22.0,220.0,CHOCOLATE,14,279,GRANILLO CHOCOLATE SEMIAMARGO,False,,2023-12-11
MEGA PLAST,2023-12-17,14,500.0,gr,chips blanco aplezzi c/ 500g,63.0,126.0,CHOCOLATE,14,280,CHIPS BLANCO APLEZZI C/ 500G,False,,2023-12-11
GASOLINERIA,2023-12-13,14,10.0,lts,gasolina,212.4,21.24,COMBUSTIBLE,14,281,GASOLINA,False,,2023-12-11
B. AURRERA,2023-12-13,14,1.0,pz,bowl mezcl,199.0,199.0,HERRAMIENTA,14,282,BOWL MEZCL,False,,2023-12-11
REPOSTEARTE,2023-12-11,14,1.0,pz,color rosa brillante enco 40g,43.0,43.0,COLORANTES,14,283,COLOR ROSA BRILLANTE ENCO 40G,False,,2023-12-11
REPOSTEARTE,2023-12-11,14,1.0,pz,duya aluminio repo no. 70,40.0,40.0,HERRAMIENTA,14,284,DUYA ALUMINIO REPO NO. 70,False,,2023-12-11
REPOSTEARTE,2023-12-11,14,1.0,kg,Foundant sabor nata coco blanco,83.0,83.0,FONDANT,14,285,FOUNDANT SABOR NATA COCO BLANCO,False,,2023-12-11
REPOSTEARTE,2023-12-11,14,1.0,pz,color azul brillante enco,42.0,42.0,COLORANTES,14,286,COLOR AZUL BRILLANTE ENCO,False,,2023-12-11
MEGA PLAST,2023-12-11,14,1.0,kg,tegral satin creme cake vainilla,54.0,54.0,HARINA,VAINILLA,287,TEGRAL SATIN CREME CAKE VAINILLA,False,,2023-12-11
MEGA PLAST,2023-12-11,14,1.0,kg,relleno zarzamora fruitfill purat,57.0,57.0,RELLENO,14,288,RELLENO ZARZAMORA FRUITFILL PURAT,False,,2023-12-11
MEGA PLAST,2023-12-11,14,1.0,kg,Crema para batir ambiante 1 lt,66.0,66.0,AMBIANTE,14,289,CREMA PARA BATIR AMBIANTE 1 LT,False,,2023-12-11
REPOSTEARTE,2023-12-11,14,2.0,pz,transfer hoja de arroz gruesa,90.0,45.0,DECORACION,14,290,TRANSFER HOJA DE ARROZ GRUESA,False,,2023-12-11
MEGA PLAST,2023-12-11,14,1.0,kg,Tegral Satin Creme Cake Chocolate,64.0,64.0,HARINA,CHOCOLATE,291,TEGRAL SATIN CREME CAKE CHOCOLATE,False,,2023-12-11
SAMS,2023-12-10,14,4.0,pz,Queso philadelphia 190g,142.2,35.55,QUESO CREMA,14,292,QUESO PHILADELPHIA 190G,False,,2023-12-04
GASOLINERIA,2023-12-09,14,20.0,lts,gasolina,425.0,21.25,COMBUSTIBLE,14,293,GASOLINA,False,,2023-12-04
B. AURRERA,2023-12-08,14,1.0,kg,chantilly dulce,71.0,71.0,CHANTILLY,14,294,CHANTILLY DULCE,False,,2023-12-04
B. AURRERA,2023-12-08,14,1.0,kg,zulka glass,22.5,22.5,AZUCAR,GLASS,295,ZULKA GLASS,False,,2023-12-04
B. AURRERA,2023-12-08,14,1.0,kg,chantilly dulce,71.0,71.0,CHANTILLY,14,296,CHANTILLY DULCE,False,,2023-12-04
CASETA,2023-12-08,14,1.0,tick,peaje,65.0,65.0,CASETAS,14,297,PEAJE,False,,2023-12-04
CASETA,2023-12-08,14,1.0,tick,peaje,65.0,65.0,CASETAS,14,298,PEAJE,False,,2023-12-04
REPOSTEARTE,2023-12-07,14,1.0,pz,transfer hoja de arroz gruesa,45.0,45.0,DECORACION,14,299,TRANSFER HOJA DE ARROZ GRUESA,False,,2023-12-04
MEGA PLAST,2023-12-07,14,1.0,pz,Queso philadelphia 190g,37.0,37.0,QUESO CREMA,14,300,QUESO PHILADELPHIA 190G,False,,2023-12-04
REPOSTEARTE,2023-12-07,14,100.0,gr,perlas y granillo diamantado ma b,40.0,400.0,DECORACION,14,301,PERLAS Y GRANILLO DIAMANTADO MA B,False,,2023-12-04
REPOSTEARTE,2023-12-07,14,1.0,kg,Foundant sabor nata coco blanco,83.0,83.0,FONDANT,14,302,FOUNDANT SABOR NATA COCO BLANCO,False,,2023-12-04
MEGA PLAST,2023-12-07,14,1.0,kg,Tegral Satin Red Velvet Cake Puratos,72.0,72.0,HARINA,RED VELVET,303,TEGRAL SATIN RED VELVET CAKE PURATOS,False,,2023-12-04
MEGA PLAST,2023-12-07,14,1.0,kg,Tegral Satin Creme Cake Chocolate,64.0,64.0,HARINA,CHOCOLATE,304,TEGRAL SATIN CREME CAKE CHOCOLATE,False,,2023-12-04
MEGA PLAST,2023-12-07,14,1.0,kg,Tegral Satin Creme Cake Vainilla,54.0,54.0,HARINA,VAINILLA,305,TEGRAL SATIN CREME CAKE VAINILLA,False,,2023-12-04
MEGA PLAST,2023-12-07,14,1.0,kg,Mantequilla Gloria Verde,199.0,199.0,MANTEQUILLA,14,306,MANTEQUILLA GLORIA VERDE,False,,2023-12-04
MEGA PLAST,2023-12-07,14,1.0,pz,domo 1/2 de plancha inix,48.0,48.0,EMPAQUE,14,307,DOMO 1/2 DE PLANCHA INIX,False,,2023-12-04
MEGA PLAST,2023-12-07,14,1.0,pz,domo rigido 35-25 inix,38.0,38.0,EMPAQUE,14,308,DOMO RIGIDO 35-25 INIX,False,,2023-12-04
MEGA PLAST,2023-12-07,14,500.0,gr,chips blanco alpezzi c/ 500 g,63.0,126.0,CHOCOLATE,14,309,CHIPS BLANCO ALPEZZI C/ 500 G,False,,2023-12-04
MEGA PLAST,2023-12-07,14,100.0,gr,chips negro alpezzi c/500g,16.0,160.0,CHOCOLATE,14,310,CHIPS NEGRO ALPEZZI C/500G,False,,2023-12-04
REPOSTEARTE,2023-12-07,14,1.0,paq,capacillos blanco hollidays,56.0,56.0,CAPACILLOS,14,311,CAPACILLOS BLANCO HOLLIDAYS,False,,2023-12-04
MEGA PLAST,2023-12-06,14,1.0,paq,malv c/ chocolate 32 pz cod,66.29,66.29,DULCERIA,14,312,MALV C/ CHOCOLATE 32 PZ COD,False,,2023-12-04
MEGA PLAST,2023-12-06,14,1.0,paq,celofan 12x13,25.97,25.97,EMPAQUE,14,313,CELOFAN 12X13,False,,2023-12-04
MEGA PLAST,2023-12-06,14,1.0,kg,Tegral Satin Creme Cake Vainilla,54.0,54.0,HARINA,VAINILLA,314,TEGRAL SATIN CREME CAKE VAINILLA,False,,2023-12-04
REPOSTEARTE,2023-12-06,14,2.0,pz,caja de acetato 17x11x3,42.0,21.0,EMPAQUE,14,315,CAJA DE ACETATO 17X11X3,False,,2023-12-04
REPOSTEARTE,2023-12-06,14,2.0,pz,caja de acetato corazon chico,36.0,18.0,EMPAQUE,14,316,CAJA DE ACETATO CORAZON CHICO,False,,2023-12-04
ESTRELLA,2023-12-06,14,1.0,pz,domo grande,19.0,19.0,EMPAQUE,14,317,DOMO GRANDE,False,,2023-12-04
REPOSTEARTE,2023-12-06,14,2.0,pz,transfer hoja de arroz gruesa,90.0,45.0,DECORACION,14,318,TRANSFER HOJA DE ARROZ GRUESA,False,,2023-12-04
ESTRELLA,2023-12-06,14,100.0,gr,nuez pedazo,28.5,285.0,RELLENO,14,319,NUEZ PEDAZO,False,,2023-12-04
REPOSTEARTE,2023-12-06,14,2.0,pz,manga p/ decorar color verde alegr,20.0,10.0,CONSUMIBLES,14,320,MANGA P/ DECORAR COLOR VERDE ALEGR,False,,2023-12-04
REPOSTEARTE,2023-12-06,14,1.0,pz,color azul brillante enco,42.0,42.0,COLORANTES,14,321,COLOR AZUL BRILLANTE ENCO,False,,2023-12-04
ESTRELLA,2023-12-06,14,1.0,kg,royal icing,95.0,95.0,ROYALICING,14,322,ROYAL ICING,False,,2023-12-04
ESTRELLA,2023-12-06,14,100.0,gr,luneta,20.0,200.0,RELLENO,14,323,LUNETA,False,,2023-12-04
SAMS,2023-12-06,14,2.0,kg,nutella,337.58,168.79,RELLENO,14,324,NUTELLA,False,,2023-12-04
SAMS,2023-12-06,14,4.0,kg,harina de trigo,70.59,17.6475,HARINA,14,325,HARINA DE TRIGO,False,,2023-12-04
PARISINA,2023-12-06,14,1.0,paq,pinceles,149.99,149.99,OTROS,14,326,PINCELES,False,,2023-12-04
ESTRELLA,2023-12-06,14,1.0,pz,Domo mantecada 12 cavidades,9.5,9.5,EMPAQUE,14,327,DOMO MANTECADA 12 CAVIDADES,False,,2023-12-04
PARISINA,2023-12-04,14,5.0,pz,cajita mini,99.95,19.99,OTROS,14,328,CAJITA MINI,False,,2023-12-04
MEGA PLAST,2023-12-04,14,1.0,paq,malv c/ chocolate 32 pz cod,66.29,66.29,DULCERIA,14,329,MALV C/ CHOCOLATE 32 PZ COD,False,,2023-12-04
B. AURRERA,2023-12-03,14,1.0,paq,gloria man,76.0,76.0,MANTEQUILLA,14,330,GLORIA MAN,False,,2023-11-27
B. AURRERA,2023-12-03,14,1.0,kg,harina trigo,17.0,17.0,HARINA,14,331,HARINA TRIGO,False,,2023-11-27
B. AURRERA,2023-12-03,14,1.0,kg,au azucar,37.0,37.0,AZUCAR,14,332,AU AZUCAR,False,,2023-11-27
B. AURRERA,2023-12-03,14,1.0,kg,zulka glass,24.0,24.0,AZUCAR,GLASS,333,ZULKA GLASS,False,,2023-11-27
B. AURRERA,2023-12-03,14,2.0,paq,oreo,53.0,26.5,GALLETAS,14,334,OREO,False,,2023-11-27
REPOSTEARTE,2023-12-02,14,100.0,gr,perlas y granillo diamantado ma b,40.0,400.0,DECORACION,14,335,PERLAS Y GRANILLO DIAMANTADO MA B,False,,2023-11-27
REPOSTEARTE,2023-12-02,14,2.0,pz,transfer hoja de arroz gruesa,90.0,45.0,DECORACION,14,336,TRANSFER HOJA DE ARROZ GRUESA,False,,2023-11-27
MEGA PLAST,2023-11-30,14,14.0,paq,nestle bota felices fiestas,415.94,29.71,NO DEFINIDO,14,337,NESTLE BOTA FELICES FIESTAS,False,,2023-11-27
MEGA PLAST,2023-11-29,14,250.0,gr,papel encerado,21.25,85.0,CONSUMIBLES,14,338,PAPEL ENCERADO,False,,2023-11-27
MEGA PLAST,2023-11-29,14,100.0,gr,nuez granillo,26.0,260.0,RELLENO,14,339,NUEZ GRANILLO,False,,2023-11-27
REPOSTEARTE,2023-11-29,14,6.0,pz,caja cupcake 2 cav,78.0,13.0,EMPAQUE,14,340,CAJA CUPCAKE 2 CAV,False,,2023-11-27
B. AURRERA,2023-11-28,14,1.0,pz,cortagalletas,25.0,25.0,HERRAMIENTA,14,341,CORTAGALLETAS,False,,2023-11-27
B. AURRERA,2023-11-28,14,1.0,pz,porta,22.0,22.0,NO DEFINIDO,14,342,PORTA,False,,2023-11-27
B. AURRERA,2023-11-28,14,1.0,pz,contenedor,22.0,22.0,EMPAQUE,14,343,CONTENEDOR,False,,2023-11-27
B. AURRERA,2023-11-28,14,1.0,pz,caja ic,22.0,22.0,EMPAQUE,14,344,CAJA IC,False,,2023-11-27
B. AURRERA,2023-11-28,14,1.0,pz,espatulas,35.0,35.0,HERRAMIENTA,14,345,ESPATULAS,False,,2023-11-27
B. AURRERA,2023-11-28,14,1.0,pz,150 capacillos,22.0,22.0,CAPACILLOS,14,346,150 CAPACILLOS,False,,2023-11-27
B. AURRERA,2023-11-28,14,1.0,paq,gloria man,76.0,76.0,MANTEQUILLA,14,347,GLORIA MAN,False,,2023-11-27
B. AURRERA,2023-11-28,14,1.0,pz,canister,59.0,59.0,HERRAMIENTA,14,348,CANISTER,False,,2023-11-27
MEGA PLAST,2023-11-26,14,1.0,kg,chips sabor chocolate semiamargo,107.0,107.0,CHOCOLATE,14,349,CHIPS SABOR CHOCOLATE SEMIAMARGO,False,,2023-11-20
MEGA PLAST,2023-11-26,14,1.0,kg,Crema para batir ambiante 1 lt,66.0,66.0,AMBIANTE,14,350,CREMA PARA BATIR AMBIANTE 1 LT,False,,2023-11-20
MEGA PLAST,2023-11-26,14,6.0,pz,Domo mantecada 12 cavidades,96.0,16.0,EMPAQUE,14,351,DOMO MANTECADA 12 CAVIDADES,False,,2023-11-20
MEGA PLAST,2023-11-26,14,1.0,kg,Tegral Satin Creme Cake Chocolate,64.0,64.0,HARINA,CHOCOLATE,352,TEGRAL SATIN CREME CAKE CHOCOLATE,False,,2023-11-20
SAMS,2023-11-25,14,1.0,paq,kisses leche,149.0,149.0,CHOCOLATE,14,353,KISSES LECHE,False,,2023-11-20
TUZOPRINT,2023-11-24,TC6452,1.0,pz,vinil brillante 140x50 cm,210.0,210.0,ADMINISTRACION,14,354,VINIL BRILLANTE 140X50 CM,False,,2023-11-20
TUZOPRINT,2023-11-24,TC6452,1.0,pz,estructura,310.0,310.0,OTROS,14,355,ESTRUCTURA,False,,2023-11-20
TUZOPRINT,2023-11-24,TC6452,1.0,pz,lona  de 80x180 cm,123.0,123.0,OTROS,14,356,LONA DE 80X180 CM,False,,2023-11-20
REPOSTEARTE,2023-11-16,14,1.0,kg,Foundant sabor nata coco blanco,83.0,83.0,FONDANT,14,357,FOUNDANT SABOR NATA COCO BLANCO,False,,2023-11-13
MEGA PLAST,2023-11-16,14,1.0,kg,Tegral Satin Creme cake chocolate,64.0,64.0,HARINA,CHOCOLATE,358,TEGRAL SATIN CREME CAKE CHOCOLATE,False,,2023-11-13
MEGA PLAST,2023-11-16,14,1.0,kg,Tegral Satin Red Velvet Puratos,72.0,72.0,HARINA,RED VELVET,359,TEGRAL SATIN RED VELVET PURATOS,False,,2023-11-13
REPOSTEARTE,2023-11-16,14,1.0,pz,base dorada pasteloso 46x66 cm,46.0,46.0,BASES,14,360,BASE DORADA PASTELOSO 46X66 CM,False,,2023-11-13
MEGA PLAST,2023-11-14,14,1.0,kg,Harina piña colada espiga mix,41.0,41.0,HARINA,PIÑA COLADA,361,HARINA PINA COLADA ESPIGA MIX,False,,2023-11-13
ESTRELLA,2023-11-13,14,50.0,pz,bolsa de celofan,25.0,0.5,EMPAQUE,14,362,BOLSA DE CELOFAN,False,,2023-11-13
ESTRELLA,2023-11-13,14,1.0,pz,papel encerado,6.0,6.0,CONSUMIBLES,14,363,PAPEL ENCERADO,False,,2023-11-13
ESTRELLA,2023-11-13,14,1.0,paq,palo para brocheta,20.0,20.0,CONSUMIBLES,14,364,PALO PARA BROCHETA,False,,2023-11-13
ESTRELLA,2023-11-13,14,1.0,pz,molde,18.5,18.5,HERRAMIENTA,14,365,MOLDE,False,,2023-11-13
ESTRELLA,2023-11-13,14,1.0,kg,royal icing,95.0,95.0,ROYALICING,14,366,ROYAL ICING,False,,2023-11-13
B. AURRERA,2023-11-13,14,1.0,paq,zulka glass,24.0,24.0,AZUCAR,GLASS,367,ZULKA GLASS,False,,2023-11-13
B. AURRERA,2023-11-13,14,1.0,paq,saborizant,15.0,15.0,SABORIZANTE,14,368,SABORIZANT,False,,2023-11-13
B. AURRERA,2023-11-13,14,1.0,paq,gloria man,76.0,76.0,MANTEQUILLA,14,369,GLORIA MAN,False,,2023-11-13
B. AURRERA,2023-11-13,14,1.0,kg,chantilly dulce,71.0,71.0,CHANTILLY,14,370,CHANTILLY DULCE,False,,2023-11-13
B. AURRERA,2023-11-13,14,1.0,paq,harina tri,17.0,17.0,HARINA,TRIGO,371,HARINA TRI,False,,2023-11-13
GASOLINERIA,2023-11-09,14,10.0,lts,gasolina,209.7,20.97,COMBUSTIBLE,14,372,GASOLINA,False,,2023-11-06
MEGA PLAST,2023-11-09,14,1.0,kg,Tegral Satin Red Velvet Puratos,72.0,72.0,HARINA,RED VELVET,373,TEGRAL SATIN RED VELVET PURATOS,False,,2023-11-06
MEGA PLAST,2023-11-09,14,1.0,kg,tegral satin creme cake vainilla,54.0,54.0,HARINA,VAINILLA,374,TEGRAL SATIN CREME CAKE VAINILLA,False,,2023-11-06
REPOSTEARTE,2023-11-09,14,2.0,kg,Foundant sabor nata coco blanco,83.0,41.5,FONDANT,14,375,FOUNDANT SABOR NATA COCO BLANCO,False,,2023-11-06
MEGA PLAST,2023-11-09,14,1.0,kg,chips blanco alpezi c/500 g,126.0,126.0,CHOCOLATE,14,376,CHIPS BLANCO ALPEZI C/500 G,False,,2023-11-06
B. AURRERA,2023-11-05,14,1.0,paq,huevo calvario,80.0,80.0,HUEVO,14,377,HUEVO CALVARIO,False,,2023-10-30
B. AURRERA,2023-11-05,14,1.0,paq,iberia 90,16.0,16.0,MANTEQUILLA,14,378,IBERIA 90,False,,2023-10-30
REPOSTEARTE,2023-11-05,14,2.0,pz,base dorada pasteloso 30cm,12.0,6.0,BASES,14,379,BASE DORADA PASTELOSO 30CM,False,,2023-10-30
MEGA PLAST,2023-11-05,14,1.0,kg,tegral satin creme cake vainilla,54.0,54.0,HARINA,VAINILLA,380,TEGRAL SATIN CREME CAKE VAINILLA,False,,2023-10-30
GASOLINERIA,2023-11-03,ND,20.0,lts,gasolina,419.6,20.98,COMBUSTIBLE,14,381,GASOLINA,False,,2023-10-30
B. AURRERA,2023-11-02,14,1.0,paq,oreo 273.6,28.5,28.5,GALLETAS,14,382,OREO 273.6,False,,2023-10-30
B. AURRERA,2023-11-02,14,1.0,paq,oreo vainilla,28.5,28.5,GALLETAS,14,383,OREO VAINILLA,False,,2023-10-30
CRAVIOTO,2023-11-01,14,1.0,paq,ferrero rocher T-16,106.98,106.98,CHOCOLATE,14,384,FERRERO ROCHER T-16,False,,2023-10-30
CRAVIOTO,2023-11-01,14,1.0,pz,celofan 8x12,12.32,12.32,EMPAQUE,14,385,CELOFAN 8X12,False,,2023-10-30
CASETA,2023-11-01,14,1.0,tick,peaje,63.0,63.0,CASETAS,14,386,PEAJE,False,,2023-10-30
CRAVIOTO,2023-11-01,14,1.0,pz,nutella frasco 950 g,162.99,162.99,RELLENO,14,387,NUTELLA FRASCO 950 G,False,,2023-10-30
CRAVIOTO,2023-11-01,14,1.0,pz,mars m&m mini vit 215.6g,100.51,100.51,CHOCOLATE,14,388,MARS M&M MINI VIT 215.6G,False,,2023-10-30
GASOLINERIA,2023-10-31,ND,10.0,lts,gasolina (aprox),220.0,22.0,COMBUSTIBLE,14,389,GASOLINA (APROX),False,,2023-10-30
TIENDAS TRES B,2023-10-31,14,1.0,paq,bolsa jumbo,21.0,21.0,OTROS,14,390,BOLSA JUMBO,False,,2023-10-30
TIENDAS TRES B,2023-10-31,14,2.0,paq,hue1pzSan,72.0,36.0,HUEVO,14,391,HUE1PZSAN,False,,2023-10-30
ESTRELLA,2023-10-30,0271,2.0,paq,15-14-chs,109.0,54.5,EMPAQUE,14,392,15-14-CHS,False,,2023-10-30
MEGA PLAST,2023-10-30,14,5.0,kg,chantilly 5 kg asturias,205.0,41.0,CHANTILLY,14,393,CHANTILLY 5 KG ASTURIAS,False,,2023-10-30
GASOLINERIA,2023-10-30,ND,10.0,lts,gasolina,218.0,21.8,COMBUSTIBLE,14,394,GASOLINA,False,,2023-10-30
REPOSTEARTE,2023-10-30,14,2.0,paq,capacillo floreado alegria,166.0,83.0,CAPACILLOS,14,395,CAPACILLO FLOREADO ALEGRIA,False,,2023-10-30
REPOSTEARTE,2023-10-30,14,1.0,pz,Transfer hoja de arroz gruesa,45.0,45.0,TRANSFER,14,396,TRANSFER HOJA DE ARROZ GRUESA,False,,2023-10-30
REPOSTEARTE,2023-10-30,14,1.0,kg,Foundant sabor nata coco blanco,83.0,83.0,FONDANT,14,397,FOUNDANT SABOR NATA COCO BLANCO,False,,2023-10-30
MEGA PLAST,2023-10-30,14,1.0,kg,Tegral Satin Red Velvet Puratos,72.0,72.0,HARINA,RED VELVET,398,TEGRAL SATIN RED VELVET PURATOS,False,,2023-10-30
MEGA PLAST,2023-10-30,14,1.0,pz,nutella 650g,99.0,99.0,RELLENO,14,399,NUTELLA 650G,False,,2023-10-30
MEGA PLAST,2023-10-30,14,500.0,g,azucar glass de primera,25.0,50.0,AZUCAR,GLASS,400,AZUCAR GLASS DE PRIMERA,False,,2023-10-30
MEGA PLAST,2023-10-30,14,1.0,pz,relleno zarzamora fruitfill purat,57.0,57.0,RELLENO,14,401,RELLENO ZARZAMORA FRUITFILL PURAT,False,,2023-10-30
MEGA PLAST,2023-10-30,14,1.0,kg,Tegral Satin Creme cake chocolate,64.0,64.0,HARINA,CHOCOLATE,402,TEGRAL SATIN CREME CAKE CHOCOLATE,False,,2023-10-30
MEGA PLAST,2023-10-30,14,1.0,kg,tegral satin creme cake vainilla,54.0,54.0,HARINA,VAINILLA,403,TEGRAL SATIN CREME CAKE VAINILLA,False,,2023-10-30
PARISINA,2023-10-21,14,2.5,mt,rollo 45,37.48,14.992,OTROS,14,404,ROLLO 45,False,,2023-10-16
PARISINA,2023-10-21,14,3.0,pz,foami con diamantina carta,29.97,9.99,OTROS,14,405,FOAMI CON DIAMANTINA CARTA,False,,2023-10-16
REPOSTEARTE,2023-10-19,14,1.0,paq,capacillo blanco mini corazones ,56.0,56.0,CAPACILLOS,14,406,CAPACILLO BLANCO MINI CORAZONES,False,,2023-10-16
REPOSTEARTE,2023-10-19,14,1.0,pz,Transfer hoja de arroz gruesa,45.0,45.0,TRANSFER,14,407,TRANSFER HOJA DE ARROZ GRUESA,False,,2023-10-16
REPOSTEARTE,2023-10-19,14,1.0,kg,Foundant sabor nata coco blanco,83.0,83.0,FONDANT,14,408,FOUNDANT SABOR NATA COCO BLANCO,False,,2023-10-16
MEGA PLAST,2023-10-19,14,5.0,pz,Domo mantecada 12 cavidades,80.0,16.0,EMPAQUE,14,409,DOMO MANTECADA 12 CAVIDADES,False,,2023-10-16
HAZ IDEAS,2023-10-17,ND,1.0,pz,comision cobro con tarjea,41.52,41.52,OTROS,14,410,COMISION COBRO CON TARJEA,False,,2023-10-16
HAZ IDEAS,2023-10-17,ND,12.0,pz,30*30*30,324.0,27.0,EMPAQUE,14,411,30*30*30,False,,2023-10-16
HAZ IDEAS,2023-10-17,ND,12.0,pz,32*32*30,348.0,29.0,EMPAQUE,14,412,32*32*30,False,,2023-10-16
HAZ IDEAS,2023-10-17,ND,12.0,pz,31*31*20,222.0,18.5,EMPAQUE,14,413,31*31*20,False,,2023-10-16
HAZ IDEAS,2023-10-17,ND,1.0,pz,envio,200.0,200.0,OTROS,14,414,ENVIO,False,,2023-10-16
HAZ IDEAS,2023-10-17,ND,12.0,pz,cupcakes  de 6 cav,144.0,12.0,EMPAQUE,14,415,CUPCAKES DE 6 CAV,False,,2023-10-16
B. AURRERA,2023-10-16,14,2.0,kg,chantilly dulce,142.0,71.0,CHANTILLY,14,416,CHANTILLY DULCE,False,,2023-10-16
MEGA PLAST,2023-10-16,14,2.0,pz,papel estrella pliego,12.0,6.0,CONSUMIBLES,14,417,PAPEL ESTRELLA PLIEGO,False,,2023-10-16
MEGA PLAST,2023-10-16,14,1.0,kg,tegral satin creme cake vainilla,51.0,51.0,HARINA,VAINILLA,418,TEGRAL SATIN CREME CAKE VAINILLA,False,,2023-10-16
MEGA PLAST,2023-10-16,14,1.0,kg,Tegral Satin Creme cake chocolate,61.0,61.0,HARINA,CHOCOLATE,419,TEGRAL SATIN CREME CAKE CHOCOLATE,False,,2023-10-16
MEGA PLAST,2023-10-16,14,200.0,g,confitier chocolate semiamargo tu,44.0,220.0,CHOCOLATE,14,420,CONFITIER CHOCOLATE SEMIAMARGO TU,False,,2023-10-16
MEGA PLAST,2023-10-16,14,1.0,pz,mantequilla 225 g,58.0,58.0,MANTEQUILLA,14,421,MANTEQUILLA 225 G,False,,2023-10-16
MEGA PLAST,2023-10-16,14,1.0,pz,Crema para batir ambiante 1 lt,66.0,66.0,AMBIANTE,14,422,CREMA PARA BATIR AMBIANTE 1 LT,False,,2023-10-16
REPOSTEARTE,2023-10-16,14,1.0,pz,base dorada pasteloso 30cm,12.0,12.0,BASES,14,423,BASE DORADA PASTELOSO 30CM,False,,2023-10-16
MEGA PLAST,2023-10-16,14,1.0,pz,kit kat 9 pz,23.2,23.2,CHOCOLATE,14,424,KIT KAT 9 PZ,False,,2023-10-16
B. AURRERA,2023-10-16,14,1.0,paq,huevo calvario,78.0,78.0,HUEVO,14,425,HUEVO CALVARIO,False,,2023-10-16
REPOSTEARTE,2023-10-16,14,1.0,kg,Foundant sabor nata coco blanco,83.0,83.0,FONDANT,14,426,FOUNDANT SABOR NATA COCO BLANCO,False,,2023-10-16
CASETA,2023-10-15,14,1.0,tick,peaje,37.0,37.0,CASETAS,14,427,PEAJE,False,,2023-10-09
B. AURRERA,2023-10-13,14,1.0,paq,huevo aurrera,30.5,30.5,HUEVO,14,428,HUEVO AURRERA,False,,2023-10-09
REPOSTEARTE,2023-10-10,14,1.0,pz,base dorada pasteloso 30cm,12.0,12.0,BASES,14,429,BASE DORADA PASTELOSO 30CM,False,,2023-10-09
MEGA PLAST,2023-10-10,14,1.0,kg,tregal satin creme cake chocolate,61.0,61.0,HARINA,CHOCOLATE,430,TREGAL SATIN CREME CAKE CHOCOLATE,False,,2023-10-09
MEGA PLAST,2023-10-10,14,1.0,pz,relleno fresa frutifil puratos,52.0,52.0,RELLENO,14,431,RELLENO FRESA FRUTIFIL PURATOS,False,,2023-10-09
MEGA PLAST,2023-10-10,14,1.0,pz,chips blanco alpezzi 500 g,126.0,126.0,CHOCOLATE,14,432,CHIPS BLANCO ALPEZZI 500 G,False,,2023-10-09
MEGA PLAST,2023-10-10,14,100.0,g,confitier chocolate semiamargo tu,22.0,220.0,CHOCOLATE,14,433,CONFITIER CHOCOLATE SEMIAMARGO TU,False,,2023-10-09
MEGA PLAST,2023-10-10,14,100.0,g,kisses plateados,32.0,320.0,CHOCOLATE,14,434,KISSES PLATEADOS,False,,2023-10-09
MEGA PLAST,2023-10-10,14,1.0,kg,Crema para batir ambiante 1 lt,66.0,66.0,AMBIANTE,14,435,CREMA PARA BATIR AMBIANTE 1 LT,False,,2023-10-09
MEGA PLAST,2023-10-10,14,100.0,g,granillo chocolate semiamargo,22.0,220.0,CHOCOLATE,14,436,GRANILLO CHOCOLATE SEMIAMARGO,False,,2023-10-09
MEGA PLAST,2023-10-10,14,5.0,pz,Domo mantecada 12 cavidades,80.0,16.0,EMPAQUE,14,437,DOMO MANTECADA 12 CAVIDADES,False,,2023-10-09
REPOSTEARTE,2023-10-10,14,70.0,g,sprinkles,45.5,650.0,DECORACION,14,438,SPRINKLES,False,,2023-10-09
MEGA PLAST,2023-10-10,14,2.0,kg,tregal satin creme cake vainilla,102.0,51.0,HARINA,VAINILLA,439,TREGAL SATIN CREME CAKE VAINILLA,False,,2023-10-09
REPOSTEARTE,2023-10-10,14,1.0,pz,base dorada pasteloso 28 cm,12.0,12.0,BASES,14,440,BASE DORADA PASTELOSO 28 CM,False,,2023-10-09
REPOSTEARTE,2023-10-10,14,2.0,kg,Foundant sabor nata coco blanco,166.0,83.0,FONDANT,14,441,FOUNDANT SABOR NATA COCO BLANCO,False,,2023-10-09
REPOSTEARTE,2023-10-10,14,3.0,pz,Transfer hoja de arroz gruesa,135.0,45.0,TRANSFER,14,442,TRANSFER HOJA DE ARROZ GRUESA,False,,2023-10-09
SORIANA,2023-10-05,14,1.0,bot,bailey's,300.0,300.0,LICORES,14,443,BAILEY'S,False,,2023-10-02
MEGA PLAST,2023-10-05,14,1.0,kg,jarabe tres leches dulcerito puratos,45.0,45.0,RELLENO,14,444,JARABE TRES LECHES DULCERITO PURATOS,False,,2023-10-02
MEGA PLAST,2023-10-05,14,1.0,kg,tegral satin creme cake vainilla,51.0,51.0,HARINA,VAINILLA,445,TEGRAL SATIN CREME CAKE VAINILLA,False,,2023-10-02
MEGA PLAST,2023-10-05,14,1.0,kg,relleno de baileys,95.0,95.0,RELLENO,14,446,RELLENO DE BAILEYS,False,,2023-10-02
REPOSTEARTE,2023-10-01,ND,1.0,pz,molde de silicon,59.0,59.0,HERRAMIENTA,14,447,MOLDE DE SILICON,False,,2023-09-25
REPOSTEARTE,2023-10-01,ND,1.0,pz,base 32,15.0,15.0,BASES,14,448,BASE 32,False,,2023-09-25
REPOSTEARTE,2023-10-01,ND,1.0,kg,Foundant,83.0,83.0,FONDANT,14,449,FOUNDANT,False,,2023-09-25
B. AURRERA,2023-09-28,14,1.0,paq,oreo 273.6,31.5,31.5,GALLETAS,14,450,OREO 273.6,False,,2023-09-25
B. AURRERA,2023-09-28,14,1.0,paq,oreo charo,36.0,36.0,GALLETAS,14,451,OREO CHARO,False,,2023-09-25
B. AURRERA,2023-09-28,14,1.0,kg,chantilly dulce,71.0,71.0,CHANTILLY,14,452,CHANTILLY DULCE,False,,2023-09-25
REPOSTEARTE,2023-09-26,14,1.0,kg,Foundant sabor nata coco blanco,83.0,83.0,FONDANT,14,453,FOUNDANT SABOR NATA COCO BLANCO,False,,2023-09-25
MEGA PLAST,2023-09-26,14,500.0,g,chips blanco alpezzi,63.0,126.0,CHOCOLATE,14,454,CHIPS BLANCO ALPEZZI,False,,2023-09-25
REPOSTEARTE,2023-09-26,14,1.0,pz,Transfer hoja de arroz gruesa,45.0,45.0,TRANSFER,14,455,TRANSFER HOJA DE ARROZ GRUESA,False,,2023-09-25
REPOSTEARTE,2023-09-26,14,1.0,pz,molde de silicon girasol,45.0,45.0,HERRAMIENTA,14,456,MOLDE DE SILICON GIRASOL,False,,2023-09-25
MEGA PLAST,2023-09-26,14,1.0,kg,tegral satin creme cake vainilla,51.0,51.0,HARINA,VAINILLA,457,TEGRAL SATIN CREME CAKE VAINILLA,False,,2023-09-25
OXXO,2023-09-25,ND,1.0,pz,mantequilla sin sal,30.5,30.5,MANTEQUILLA,14,458,MANTEQUILLA SIN SAL,False,,2023-09-25
OXXO,2023-09-25,ND,1.0,kg,harina selecta,21.5,21.5,HARINA,TRIGO,459,HARINA SELECTA,False,,2023-09-25
GASOLINERIA,2023-09-24,14,10.0,lts,gasolina,213.9,21.39,COMBUSTIBLE,14,460,GASOLINA,False,,2023-09-18
CASETA,2023-09-22,14,1.0,tick,peaje,38.0,38.0,CASETAS,14,461,PEAJE,False,,2023-09-18
MEGA PLAST,2023-09-21,14,1.0,pz,Crema para batir ambiante 1 lt,66.0,66.0,AMBIANTE,14,462,CREMA PARA BATIR AMBIANTE 1 LT,False,,2023-09-18
MEGA PLAST,2023-09-21,14,1.0,kg,tegral satin red velet cake puratos,68.0,68.0,HARINA,RED VELVET,463,TEGRAL SATIN RED VELET CAKE PURATOS,False,,2023-09-18
REPOSTEARTE,2023-09-21,14,1.0,pz,pegamento de fondant,65.0,65.0,DECORACION,14,464,PEGAMENTO DE FONDANT,False,,2023-09-18
REPOSTEARTE,2023-09-21,14,2.0,pz,base dorada pasteloso 30cm,24.0,12.0,BASES,14,465,BASE DORADA PASTELOSO 30CM,False,,2023-09-18
REPOSTEARTE,2023-09-21,14,1.0,pz,matizador,70.0,70.0,DECORACION,14,466,MATIZADOR,False,,2023-09-18
MEGA PLAST,2023-09-21,14,0.1,pz,kisses plateados,32.0,320.0,CHOCOLATE,14,467,KISSES PLATEADOS,False,,2023-09-18
MEGA PLAST,2023-09-21,14,100.0,g,confitier chocolate semiamargo tu,22.0,220.0,CHOCOLATE,14,468,CONFITIER CHOCOLATE SEMIAMARGO TU,False,,2023-09-18
B. AURRERA,2023-09-17,14,3.0,pz,philadelphia qso,99.0,33.0,QUESO CREMA,14,469,PHILADELPHIA QSO,False,,2023-09-11
MEGA PLAST,2023-09-15,14,1.0,kg,Tegral Satin Red Velvet Puratos,68.0,68.0,HARINA,RED VELVET,470,TEGRAL SATIN RED VELVET PURATOS,False,,2023-09-11
MEGA PLAST,2023-09-15,14,200.0,g,granillo magic colors - varios,20.0,100.0,COLORANTES,14,471,GRANILLO MAGIC COLORS - VARIOS,False,,2023-09-11
B. AURRERA,2023-09-11,14,2.0,kg,chantilly dulce,138.0,69.0,CHANTILLY,14,472,CHANTILLY DULCE,False,,2023-09-11
B. AURRERA,2023-09-11,14,1.0,pz,philadelphia qso,41.0,41.0,QUESO CREMA,14,473,PHILADELPHIA QSO,False,,2023-09-11
ESTRELLA,2023-09-11,14,1.0,pz,bolsa g,3.0,3.0,OTROS,14,474,BOLSA G,False,,2023-09-11
ESTRELLA,2023-09-11,14,1.0,pz,molde acetato,39.5,39.5,HERRAMIENTA,14,475,MOLDE ACETATO,False,,2023-09-11
ESTRELLA,2023-09-11,14,100.0,g,kisses,35.0,350.0,CHOCOLATE,14,476,KISSES,False,,2023-09-11
ESTRELLA,2023-09-11,14,4.0,pz,bisagra 12 cupcakes,78.0,19.5,EMPAQUE,14,477,BISAGRA 12 CUPCAKES,False,,2023-09-11
CRAVIOTO,2023-09-09,172962,40.0,pz,2 paq nestle carlos v stick 20 pz,77.14,1.9285,CHOCOLATE,14,478,2 PAQ NESTLE CARLOS V STICK 20 PZ,False,,2023-09-04
CRAVIOTO,2023-09-09,172962,3.0,pz,djana cereza c/ tallo 460g,136.92,45.64,DULCERIA,14,479,DJANA CEREZA C/ TALLO 460G,False,,2023-09-04
CRAVIOTO,2023-09-09,172962,50.0,pz,2 paq inix contenedor mantecada 25 pz,358.64,7.1728,EMPAQUE,14,480,2 PAQ INIX CONTENEDOR MANTECADA 25 PZ,False,,2023-09-04
CRAVIOTO,2023-09-09,172962,1.0,pz,nutella frasco 950 g,162.99,162.99,RELLENO,14,481,NUTELLA FRASCO 950 G,False,,2023-09-04
CRAVIOTO,2023-09-09,172962,1.0,paq,zulka azucar glass 500 g,24.56,24.56,AZUCAR,GLASS,482,ZULKA AZUCAR GLASS 500 G,False,,2023-09-04
CRAVIOTO,2023-09-09,172962,1.0,paq,puratos fruitfil zarzamora 1 kg,56.47,56.47,RELLENO,14,483,PURATOS FRUITFIL ZARZAMORA 1 KG,False,,2023-09-04
CRAVIOTO,2023-09-09,172962,16.0,pz,ferrero rocher t-16,106.98,6.6863,CHOCOLATE,14,484,FERRERO ROCHER T-16,False,,2023-09-04
CRAVIOTO,2023-09-09,172962,100.0,pz,alegria capacillo polka negro 100 pz,39.15,0.3915,CAPACILLOS,14,485,ALEGRIA CAPACILLO POLKA NEGRO 100 PZ,False,,2023-09-04
MEGA PLAST,2023-09-07,ND,1.0,pz,domo 1/4 plancha,25.0,25.0,EMPAQUE,14,486,DOMO 1/4 PLANCHA,False,,2023-09-04
MEGA PLAST,2023-09-07,14,1.0,pz,domo 1/4 plancha,25.0,25.0,EMPAQUE,14,487,DOMO 1/4 PLANCHA,False,,2023-09-04
MEGA PLAST,2023-09-07,14,1.0,kg,tegral satin creme cake vainilla,51.0,51.0,HARINA,VAINILLA,488,TEGRAL SATIN CREME CAKE VAINILLA,False,,2023-09-04
MEGA PLAST,2023-09-07,14,200.0,g,cereza con rabo diana,44.0,220.0,DULCERIA,14,489,CEREZA CON RABO DIANA,False,,2023-09-04
MEGA PLAST,2023-09-07,14,200.0,g,chips negro alpezzi c/500g,32.0,160.0,CHOCOLATE,14,490,CHIPS NEGRO ALPEZZI C/500G,False,,2023-09-04
MEGA PLAST,2023-09-07,14,100.0,g,chips rojo alpezzi c/500g,16.0,160.0,CHOCOLATE,14,491,CHIPS ROJO ALPEZZI C/500G,False,,2023-09-04
MEGA PLAST,2023-09-07,14,1.0,pz,Crema para batir ambiante 1 lt,66.0,66.0,AMBIANTE,14,492,CREMA PARA BATIR AMBIANTE 1 LT,False,,2023-09-04
REPOSTEARTE,2023-09-06,ND,2.0,pz,Transfer,90.0,45.0,TRANSFER,14,493,TRANSFER,False,,2023-09-04
REPOSTEARTE,2023-09-06,ND,2.0,pz,botellas jack daniels,190.0,95.0,LICORES,14,494,BOTELLAS JACK DANIELS,False,,2023-09-04
REPOSTEARTE,2023-09-06,ND,100.0,g,perlas,40.0,400.0,DECORACION,14,495,PERLAS,False,,2023-09-04
REPOSTEARTE,2023-09-06,ND,1.0,pz,color humedo,46.0,46.0,COLORANTES,14,496,COLOR HUMEDO,False,,2023-09-04
REPOSTEARTE,2023-09-06,ND,1.0,kg,Foundant,83.0,83.0,FONDANT,14,497,FOUNDANT,False,,2023-09-04
B. AURRERA,2023-09-05,14,1.0,paq,Carlos V stk,54.0,54.0,CHOCOLATE,14,498,CARLOS V STK,False,,2023-09-04
B. AURRERA,2023-09-05,14,1.0,paq,huevo san juan,75.0,75.0,HUEVO,14,499,HUEVO SAN JUAN,False,,2023-09-04
MEGA PLAST,2023-09-04,14,1.0,kg,Tegral Satin Creme cake chocolate,68.0,68.0,HARINA,CHOCOLATE,500,TEGRAL SATIN CREME CAKE CHOCOLATE,False,,2023-09-04
MEGA PLAST,2023-09-04,14,1.0,kg,tegral satin creme cake vainilla,51.0,51.0,HARINA,VAINILLA,501,TEGRAL SATIN CREME CAKE VAINILLA,False,,2023-09-04
ESTRELLA,2023-09-04,14,200.0,g,turin semi trozo,44.0,220.0,CHOCOLATE,14,502,TURIN SEMI TROZO,False,,2023-09-04
ESTRELLA,2023-09-04,14,100.0,g,Granillo Turin Semi amargo,22.5,225.0,CHOCOLATE,14,503,GRANILLO TURIN SEMI AMARGO,False,,2023-09-04
ESTRELLA,2023-09-04,14,5.0,pz,domo 6 cupcakes,47.5,9.5,EMPAQUE,14,504,DOMO 6 CUPCAKES,False,,2023-09-04
ESTRELLA,2023-09-04,14,2.0,pz,alpezzi blanco 500 g,124.0,62.0,CHOCOLATE,14,505,ALPEZZI BLANCO 500 G,False,,2023-09-04
REPOSTEARTE,2023-09-04,ND,1.0,kg,Foundant,83.0,83.0,FONDANT,14,506,FOUNDANT,False,,2023-09-04
MEGA PLAST,2023-09-04,14,1.0,pz,Crema para batir ambiante 1 lt,66.0,66.0,AMBIANTE,14,507,CREMA PARA BATIR AMBIANTE 1 LT,False,,2023-09-04
ESTRELLA,2023-09-04,14,5.0,pz,bisagra 12 cupcakes,97.5,19.5,EMPAQUE,14,508,BISAGRA 12 CUPCAKES,False,,2023-09-04
B. AURRERA,2023-09-03,14,1.0,kg,chantilly dulce,69.0,69.0,CHANTILLY,14,509,CHANTILLY DULCE,False,,2023-08-28
MEGA PLAST,2023-09-01,14,1.0,kg,tegral satin creme cake vainilla,51.0,51.0,HARINA,VAINILLA,510,TEGRAL SATIN CREME CAKE VAINILLA,False,,2023-08-28
GASOLINERIA,2023-08-31,ND,10.0,lts,gasolina (aprox),220.0,22.0,COMBUSTIBLE,14,511,GASOLINA (APROX),False,,2023-08-28
EXPOPAN,2023-08-28,ND,24.0,pz,cupcake 6,0.0,0.0,EMPAQUE,14,512,CUPCAKE 6,False,,2023-08-28
EXPOPAN,2023-08-28,ND,1.0,pz,"varios articulos (domo, bases, caketopper, sprinkles)",2000.0,2000.0,DOMO,14,513,"VARIOS ARTICULOS (DOMO, BASES, CAKETOPPER, SPRINKLES)",False,,2023-08-28
EXPOPAN,2023-08-28,ND,1.0,paq,sprinkles,50.0,50.0,DECORACION,14,514,SPRINKLES,False,,2023-08-28
EXPOPAN,2023-08-28,ND,2.0,pz,caketopper harry potter,35.0,17.5,DECORACION,14,515,CAKETOPPER HARRY POTTER,False,,2023-08-28
EXPOPAN,2023-08-28,ND,5.0,pz,bases para pastel 30,0.0,0.0,BASES,14,516,BASES PARA PASTEL 30,False,,2023-08-28
EXPOPAN,2023-08-28,ND,5.0,pz,bases para pastel 28,0.0,0.0,BASES,14,517,BASES PARA PASTEL 28,False,,2023-08-28
EXPOPAN,2023-08-28,ND,12.0,pz,pastel alto,0.0,0.0,EMPAQUE,14,518,PASTEL ALTO,False,,2023-08-28
EXPOPAN,2023-08-28,ND,24.0,pz,cupcake 12,0.0,0.0,EMPAQUE,14,519,CUPCAKE 12,False,,2023-08-28
GASOLINERIA,2023-08-28,ND,10.0,lts,gasolina (aprox),220.0,22.0,COMBUSTIBLE,14,520,GASOLINA (APROX),False,,2023-08-28
B. AURRERA,2023-08-24,14,1.0,kg,chantilly dulce,69.0,69.0,CHANTILLY,14,521,CHANTILLY DULCE,False,,2023-08-21
B. AURRERA,2023-08-23,14,1.0,kg,huevo calvario,76.0,76.0,HUEVO,14,522,HUEVO CALVARIO,False,,2023-08-21
ESTRELLA,2023-08-22,14,500.0,g,alpezzi blanco,62.0,124.0,CHOCOLATE,14,523,ALPEZZI BLANCO,False,,2023-08-21
MEGA PLAST,2023-08-22,14,1.0,kg,Tegral Satin Creme cake chocolate,61.0,61.0,HARINA,CHOCOLATE,524,TEGRAL SATIN CREME CAKE CHOCOLATE,False,,2023-08-21
MEGA PLAST,2023-08-22,14,1.0,pz,carboximetil celulosa deiman,42.0,42.0,CONSUMIBLES,14,525,CARBOXIMETIL CELULOSA DEIMAN,False,,2023-08-21
MEGA PLAST,2023-08-22,14,1.0,pz,Crema para batir ambiante 1 lt,66.0,66.0,AMBIANTE,14,526,CREMA PARA BATIR AMBIANTE 1 LT,False,,2023-08-21
MEGA PLAST,2023-08-22,14,1.0,pz,cream cheese filling puratos,93.0,93.0,RELLENO,14,527,CREAM CHEESE FILLING PURATOS,False,,2023-08-21
MEGA PLAST,2023-08-22,14,1.0,pz,relleno fresa frutifru,52.0,52.0,RELLENO,14,528,RELLENO FRESA FRUTIFRU,False,,2023-08-21
MEGA PLAST,2023-08-18,14,300.0,g,Confitier semiamargo TURIN,66.0,220.0,CHOCOLATE,14,529,CONFITIER SEMIAMARGO TURIN,False,,2023-08-14
MEGA PLAST,2023-08-18,14,1.0,kg,Queso philadelphia 190g,37.0,37.0,QUESO CREMA,14,530,QUESO PHILADELPHIA 190G,False,,2023-08-14
MEGA PLAST,2023-08-18,14,1.0,kg,Tegral Satin Creme ca ,51.0,51.0,HARINA,VAINILLA,531,TEGRAL SATIN CREME CA,False,,2023-08-14
MEGA PLAST,2023-08-18,14,1.0,kg,chips chocolate semi,107.0,107.0,CHOCOLATE,14,532,CHIPS CHOCOLATE SEMI,False,,2023-08-14
REPOSTEARTE,2023-08-18,14,1.0,kg,Foundant sabor nata coco blanco,83.0,83.0,FONDANT,14,533,FOUNDANT SABOR NATA COCO BLANCO,False,,2023-08-14
MEGA PLAST,2023-08-18,14,1.0,kg,Tegral Satin Red Velvet Puratos,65.0,65.0,HARINA,RED VELVET,534,TEGRAL SATIN RED VELVET PURATOS,False,,2023-08-14
REPOSTEARTE,2023-08-18,14,1.0,pz,base fantasia pasteloso 28cm,14.0,14.0,BASES,14,535,BASE FANTASIA PASTELOSO 28CM,False,,2023-08-14
B. AURRERA,2023-08-16,14,1.0,kg,chantilly dulce,69.0,69.0,CHANTILLY,14,536,CHANTILLY DULCE,False,,2023-08-14
MEGA PLAST,2023-08-12,14,1.0,kg,Tegral Satin Creme ca ,51.0,51.0,HARINA,VAINILLA,537,TEGRAL SATIN CREME CA,False,,2023-08-07
MEGA PLAST,2023-08-12,14,100.0,g,chips rojo alpezzi c/,16.0,160.0,CHOCOLATE,14,538,CHIPS ROJO ALPEZZI C/,False,,2023-08-07
MEGA PLAST,2023-08-12,14,200.0,g,cereza con rabo diana,44.0,220.0,DULCERIA,14,539,CEREZA CON RABO DIANA,False,,2023-08-07
CRAVIOTO,2023-08-08,112701,25.0,pz,capacillo No. 72 decorado 25 pz,17.37,0.6948,CAPACILLOS,14,540,CAPACILLO NO. 72 DECORADO 25 PZ,False,,2023-08-07
REPOSTEARTE,2023-08-08,14,1.0,paq,capacillos a granel,25.0,25.0,CAPACILLOS,14,541,CAPACILLOS A GRANEL,False,,2023-08-07
CRAVIOTO,2023-08-08,112701,32.0,pz,dlr malv c/ chocolate 32 pz,62.98,1.9681,CHOCOLATE,14,542,DLR MALV C/ CHOCOLATE 32 PZ,False,,2023-08-07
B. AURRERA,2023-08-08,14,1.0,pz,calahua cre,29.5,29.5,RELLENO,14,543,CALAHUA CRE,False,,2023-08-07
MEGA PLAST,2023-08-08,14,1.0,pz,domo 1/4 plancha,25.0,25.0,EMPAQUE,14,544,DOMO 1/4 PLANCHA,False,,2023-08-07
MEGA PLAST,2023-08-08,14,1.0,pz,Crema para batir ambiante 1 lt,66.0,66.0,AMBIANTE,14,545,CREMA PARA BATIR AMBIANTE 1 LT,False,,2023-08-07
ESTRELLA,2023-08-08,14,250.0,g,Removedor 15,20.0,80.0,HERRAMIENTA,14,546,REMOVEDOR 15,False,,2023-08-07
ESTRELLA,2023-08-08,14,4.0,pz,bisagra 12 cupcakes,78.0,19.5,EMPAQUE,14,547,BISAGRA 12 CUPCAKES,False,,2023-08-07
REPOSTEARTE,2023-08-08,14,1.0,pz,hoja comestible de oro (colores),48.0,48.0,DECORACION,14,548,HOJA COMESTIBLE DE ORO (COLORES),False,,2023-08-07
REPOSTEARTE,2023-08-08,14,1.0,pz,base fansasia pasteloso 28 cm,14.0,14.0,BASES,14,549,BASE FANSASIA PASTELOSO 28 CM,False,,2023-08-07
REPOSTEARTE,2023-08-08,14,1.0,pz,caja acetato 17x11x13,42.0,42.0,EMPAQUE,14,550,CAJA ACETATO 17X11X13,False,,2023-08-07
B. AURRERA,2023-08-08,14,1.0,kg,chantilly dulce,69.0,69.0,CHANTILLY,14,551,CHANTILLY DULCE,False,,2023-08-07
REPOSTEARTE,2023-08-08,14,1.0,pz,disco dorado pasteloso 32 cm,14.0,14.0,BASES,14,552,DISCO DORADO PASTELOSO 32 CM,False,,2023-08-07
REPOSTEARTE,2023-08-08,14,1.0,pz,Transfer hoja de arroz gruesa,90.0,90.0,TRANSFER,14,553,TRANSFER HOJA DE ARROZ GRUESA,False,,2023-08-07
B. AURRERA,2023-08-06,14,1.0,paq,Carlos V 8 pz,65.0,65.0,CHOCOLATE,14,554,CARLOS V 8 PZ,False,,2023-07-31
MEGA PLAST,2023-08-05,14,1.0,pz,relleno zarzamora puratos,54.0,54.0,RELLENO,14,555,RELLENO ZARZAMORA PURATOS,False,,2023-07-31
MEGA PLAST,2023-08-05,14,1.0,pz,Crema para batir ambiante 1 lt,66.0,66.0,AMBIANTE,14,556,CREMA PARA BATIR AMBIANTE 1 LT,False,,2023-07-31
MEGA PLAST,2023-08-05,14,1.0,pz,Relleno durazno puratos,62.0,62.0,RELLENO,14,557,RELLENO DURAZNO PURATOS,False,,2023-07-31
MEGA PLAST,2023-08-05,14,1.0,pz,nutella grande 650 gr,99.0,99.0,RELLENO,14,558,NUTELLA GRANDE 650 GR,False,,2023-07-31
MEGA PLAST,2023-08-05,14,100.0,g,chips rojo alpezzi c/,16.0,160.0,CHOCOLATE,14,559,CHIPS ROJO ALPEZZI C/,False,,2023-07-31
MEGA PLAST,2023-08-05,14,4.0,kg,Tegral Satin Creme ca ,204.0,51.0,HARINA,VAINILLA,560,TEGRAL SATIN CREME CA,False,,2023-07-31
MEGA PLAST,2023-08-05,14,600.0,g,Confitier semiamargo TURIN,132.0,220.0,CHOCOLATE,14,561,CONFITIER SEMIAMARGO TURIN,False,,2023-07-31
MEGA PLAST,2023-08-05,14,1.0,kg,Tegral Satin Creme ca ,61.0,61.0,HARINA,CHOCOLATE,562,TEGRAL SATIN CREME CA,False,,2023-07-31
MEGA PLAST,2023-08-05,14,1.0,pz,relleno queso creme p,93.0,93.0,RELLENO,14,563,RELLENO QUESO CREME P,False,,2023-07-31
MEGA PLAST,2023-08-05,14,100.0,g,cereza con rabo diana,22.0,220.0,DULCERIA,14,564,CEREZA CON RABO DIANA,False,,2023-07-31
REPOSTEARTE,2023-08-05,14,1.0,paq,capacillo metalico vencort,25.0,25.0,CAPACILLOS,14,565,CAPACILLO METALICO VENCORT,False,,2023-07-31
REPOSTEARTE,2023-08-05,14,1.0,kg,Foundant sabor nata coco blanco,166.0,166.0,FONDANT,14,566,FOUNDANT SABOR NATA COCO BLANCO,False,,2023-07-31
REPOSTEARTE,2023-08-05,14,1.0,pz,base plateada pasteloso 18 cm,5.0,5.0,BASES,14,567,BASE PLATEADA PASTELOSO 18 CM,False,,2023-07-31
REPOSTEARTE,2023-08-05,14,1.0,pz,base plateada pasteloso 30cm,12.0,12.0,BASES,14,568,BASE PLATEADA PASTELOSO 30CM,False,,2023-07-31
REPOSTEARTE,2023-08-05,14,1.0,pz,base dorada pasteloso 32cm,15.0,15.0,BASES,14,569,BASE DORADA PASTELOSO 32CM,False,,2023-07-31
B. AURRERA,2023-08-05,14,1.0,kg,chantilly dulce,69.0,69.0,CHANTILLY,14,570,CHANTILLY DULCE,False,,2023-07-31
B. AURRERA,2023-08-05,14,1.0,paq,Carlos V stk,51.0,51.0,CHOCOLATE,14,571,CARLOS V STK,False,,2023-07-31
REPOSTEARTE,2023-08-05,ND,1.0,pz,duya,65.0,65.0,HERRAMIENTA,14,572,DUYA,False,,2023-07-31
B. AURRERA,2023-08-02,14,1.0,paq,oreo 273.6,24.0,24.0,GALLETAS,14,573,OREO 273.6,False,,2023-07-31
B. AURRERA,2023-08-02,14,1.0,kg,chantilly dulce,69.0,69.0,CHANTILLY,14,574,CHANTILLY DULCE,False,,2023-07-31
TIENDAS TRES B,2023-08-01,14,2.0,paq,MariasDor,24.0,12.0,GALLETAS,14,575,MARIASDOR,False,,2023-07-31
MEGA PLAST,2023-08-01,14,2.0,pz,Queso philadelphia 190g,74.0,37.0,QUESO CREMA,14,576,QUESO PHILADELPHIA 190G,False,,2023-07-31
MEGA PLAST,2023-08-01,14,1.0,kg,chips chocolate semi,107.0,107.0,CHOCOLATE,14,577,CHIPS CHOCOLATE SEMI,False,,2023-07-31
MEGA PLAST,2023-08-01,14,1.0,pz,Crema para batir ambiante 1 lt,66.0,66.0,AMBIANTE,14,578,CREMA PARA BATIR AMBIANTE 1 LT,False,,2023-07-31
MEGA PLAST,2023-08-01,14,1.0,kg,Tegral Satin Creme ca ,61.0,61.0,HARINA,CHOCOLATE,579,TEGRAL SATIN CREME CA,False,,2023-07-31
TIENDAS TRES B,2023-08-01,14,1.0,kg,hue12pzCR,30.0,30.0,HUEVO,14,580,HUE12PZCR,False,,2023-07-31
REPOSTEARTE,2023-08-01,14,1.0,pz,base plateada pasteloso 35x47cm,23.0,23.0,BASES,14,581,BASE PLATEADA PASTELOSO 35X47CM,False,,2023-07-31
"DULCERIA Y MATERIAS PRIMAS ""EL GLOBO""",2023-07-29,14,1.0,paq,minicacahuate,28.95,28.95,OTROS,14,582,MINICACAHUATE,False,,2023-07-24
CRAVIOTO,2023-07-28,166568,100.0,pz,alegria capacillo polka negro 100 pz,39.15,0.3915,CAPACILLOS,14,583,ALEGRIA CAPACILLO POLKA NEGRO 100 PZ,False,,2023-07-24
CRAVIOTO,2023-07-28,166568,100.0,pz,alegria capacillo golosinas 100 pz,29.15,0.2915,CAPACILLOS,14,584,ALEGRIA CAPACILLO GOLOSINAS 100 PZ,False,,2023-07-24
CRAVIOTO,2023-07-28,166568,50.0,pz,alegria capacillo met dorado 50 pz,43.5,0.87,CAPACILLOS,14,585,ALEGRIA CAPACILLO MET DORADO 50 PZ,False,,2023-07-24
CRAVIOTO,2023-07-28,166568,25.0,pz,inix contenedor mantecadas 25 pz,179.32,7.1728,EMPAQUE,14,586,INIX CONTENEDOR MANTECADAS 25 PZ,False,,2023-07-24
B. AURRERA,2023-07-26,14,30.0,pz,huevo aurrera,52.5,1.75,HUEVO,14,587,HUEVO AURRERA,False,,2023-07-24
REPOSTEARTE,2023-07-25,ND,1.0,pz,base 28cm,12.0,12.0,BASES,14,588,BASE 28CM,False,,2023-07-24
MEGA PLAST,2023-07-25,14,1.0,pz,relleno zarzamora puratos,54.0,54.0,RELLENO,14,589,RELLENO ZARZAMORA PURATOS,False,,2023-07-24
MEGA PLAST,2023-07-25,14,500.0,g,chips blanco alpezzi,64.0,128.0,CHOCOLATE,14,590,CHIPS BLANCO ALPEZZI,False,,2023-07-24
MEGA PLAST,2023-07-25,14,1.0,kg,Tegral Satin Creme ca ,51.0,51.0,HARINA,VAINILLA,591,TEGRAL SATIN CREME CA,False,,2023-07-24
REPOSTEARTE,2023-07-25,ND,1.0,pz,base 30 cm,13.0,13.0,BASES,14,592,BASE 30 CM,False,,2023-07-24
REPOSTEARTE,2023-07-25,ND,1.0,paq,capacillos,30.0,30.0,CAPACILLOS,14,593,CAPACILLOS,False,,2023-07-24
MEGA PLAST,2023-07-25,14,1.0,kg,Tegral Satin Creme ca ,61.0,61.0,HARINA,CHOCOLATE,594,TEGRAL SATIN CREME CA,False,,2023-07-24
REPOSTEARTE,2023-07-25,ND,1.0,kg,Foundant,83.0,83.0,FONDANT,14,595,FOUNDANT,False,,2023-07-24
REPOSTEARTE,2023-07-22,ND,2.0,kg,Foundant,166.0,83.0,FONDANT,14,596,FOUNDANT,False,,2023-07-17
REPOSTEARTE,2023-07-22,ND,1.0,pz,base 32cm doble,15.0,15.0,BASES,14,597,BASE 32CM DOBLE,False,,2023-07-17
REPOSTEARTE,2023-07-22,ND,1.0,pz,base 28cm,14.0,14.0,BASES,14,598,BASE 28CM,False,,2023-07-17
REPOSTEARTE,2023-07-22,ND,1.0,pz,panera 16cm,45.0,45.0,EMPAQUE,14,599,PANERA 16CM,False,,2023-07-17
MEGA PLAST,2023-07-20,14,1.0,pz,relleno fresa frutifru,52.0,52.0,RELLENO,14,600,RELLENO FRESA FRUTIFRU,False,,2023-07-17
MEGA PLAST,2023-07-20,14,100.0,g,Confitier leche TURIN,23.0,230.0,CHOCOLATE,14,601,CONFITIER LECHE TURIN,False,,2023-07-17
MEGA PLAST,2023-07-20,14,100.0,g,cereza con rabo diana,22.0,220.0,DULCERIA,14,602,CEREZA CON RABO DIANA,False,,2023-07-17
MEGA PLAST,2023-07-20,14,1.0,pz,Crema para batir ambiante 1 lt,66.0,66.0,AMBIANTE,14,603,CREMA PARA BATIR AMBIANTE 1 LT,False,,2023-07-17
REPOSTEARTE,2023-07-19,ND,2.0,pz,caja 6 cupcakes,36.0,18.0,EMPAQUE,14,604,CAJA 6 CUPCAKES,False,,2023-07-17
MEGA PLAST,2023-07-19,14,1.0,kg,Tegral Satin Creme ca ,51.0,51.0,HARINA,VAINILLA,605,TEGRAL SATIN CREME CA,False,,2023-07-17
REPOSTEARTE,2023-07-19,ND,1.0,pz,base 30 cm,12.0,12.0,BASES,14,606,BASE 30 CM,False,,2023-07-17
REPOSTEARTE,2023-07-19,ND,1.0,pz,oblea arroz,45.0,45.0,TRANSFER,14,607,OBLEA ARROZ,False,,2023-07-17
B. AURRERA,2023-07-18,14,1.0,kg,chantilly dulce,69.0,69.0,CHANTILLY,14,608,CHANTILLY DULCE,False,,2023-07-17
B. AURRERA,2023-07-18,14,1.0,paq,huevo san juan,75.0,75.0,HUEVO,14,609,HUEVO SAN JUAN,False,,2023-07-17
MEGA PLAST,2023-07-16,14,500.0,g,Azucar glass de prime,25.0,50.0,AZUCAR,GLASS,610,AZUCAR GLASS DE PRIME,False,,2023-07-10
MEGA PLAST,2023-07-16,14,1.0,pz,pelicula 150 ,45.0,45.0,OTROS,14,611,PELICULA 150,False,,2023-07-10
MEGA PLAST,2023-07-16,14,2.0,kg,Tegral Satin Red Velvet Puratos,130.0,65.0,HARINA,RED VELVET,612,TEGRAL SATIN RED VELVET PURATOS,False,,2023-07-10
MEGA PLAST,2023-07-16,14,1.0,pz,Crema para batir ambiante 1 lt,66.0,66.0,AMBIANTE,14,613,CREMA PARA BATIR AMBIANTE 1 LT,False,,2023-07-10
MEGA PLAST,2023-07-16,14,1.0,pz,nutella grande 650 gr,99.0,99.0,RELLENO,14,614,NUTELLA GRANDE 650 GR,False,,2023-07-10
MEGA PLAST,2023-07-16,14,500.0,g,chips blanco alpezzi,64.0,128.0,CHOCOLATE,14,615,CHIPS BLANCO ALPEZZI,False,,2023-07-10
MEGA PLAST,2023-07-16,14,100.0,g,confitier amargo 70%,28.0,280.0,CHOCOLATE,14,616,CONFITIER AMARGO 70%,False,,2023-07-10
MEGA PLAST,2023-07-16,14,1.0,kg,Tegral Satin Creme ca ,61.0,61.0,HARINA,CHOCOLATE,617,TEGRAL SATIN CREME CA,False,,2023-07-10
REPOSTEARTE,2023-07-10,ND,2.0,kg,Foundant,166.0,83.0,FONDANT,14,618,FOUNDANT,False,,2023-07-10
MEGA PLAST,2023-07-10,14,1.0,pz,nutella grande 650 gr,99.0,99.0,RELLENO,14,619,NUTELLA GRANDE 650 GR,False,,2023-07-10
MEGA PLAST,2023-07-10,14,1.0,kg,chips chocolate semi,107.0,107.0,CHOCOLATE,14,620,CHIPS CHOCOLATE SEMI,False,,2023-07-10
REPOSTEARTE,2023-07-10,ND,2.0,pz,base 28 cm,24.0,12.0,BASES,14,621,BASE 28 CM,False,,2023-07-10
MEGA PLAST,2023-07-10,14,1.0,pz,Crema para batir ambiante 1 lt,66.0,66.0,AMBIANTE,14,622,CREMA PARA BATIR AMBIANTE 1 LT,False,,2023-07-10
MEGA PLAST,2023-07-10,14,200.0,g,confitier blanco turin,50.0,250.0,CHOCOLATE,14,623,CONFITIER BLANCO TURIN,False,,2023-07-10
MEGA PLAST,2023-07-10,14,2.0,kg,Tegral Satin Creme ca ,102.0,51.0,HARINA,VAINILLA,624,TEGRAL SATIN CREME CA,False,,2023-07-10
REPOSTEARTE,2023-07-10,ND,2.0,pz,caja cupcakes 6,36.0,18.0,EMPAQUE,14,625,CAJA CUPCAKES 6,False,,2023-07-10
REPOSTEARTE,2023-07-10,ND,1.0,pz,base 26 cm,10.0,10.0,BASES,14,626,BASE 26 CM,False,,2023-07-10
REPOSTEARTE,2023-07-10,ND,4.0,pz,Transfer,180.0,45.0,TRANSFER,14,627,TRANSFER,False,,2023-07-10
EL SOL FRIJOLERO,2023-07-10,14,1.51,kg,huevo blanco tepa de linea,41.53,27.5033,HUEVO,14,628,HUEVO BLANCO TEPA DE LINEA,False,,2023-07-10
B. AURRERA,2023-07-10,14,2.0,pz,philadelphia qso,68.0,34.0,QUESO CREMA,14,629,PHILADELPHIA QSO,False,,2023-07-10
B. AURRERA,2023-07-10,14,1.0,paq,kiss rosa,48.5,48.5,CHOCOLATE,14,630,KISS ROSA,False,,2023-07-10
B. AURRERA,2023-07-10,14,2.0,kg,chantilly dulce,138.0,69.0,CHANTILLY,14,631,CHANTILLY DULCE,False,,2023-07-10
MEGA PLAST,2023-07-10,14,500.0,g,chips blanco alpezzi,64.0,128.0,CHOCOLATE,14,632,CHIPS BLANCO ALPEZZI,False,,2023-07-10
REPOSTEARTE,2023-07-10,ND,1.0,pz,molde f 18,60.0,60.0,HERRAMIENTA,14,633,MOLDE F 18,False,,2023-07-10
MEGA PLAST,2023-07-02,14,2.0,pz,Queso philadelphia 190g,74.0,37.0,QUESO CREMA,14,634,QUESO PHILADELPHIA 190G,False,,2023-06-26
REPOSTEARTE,2023-07-02,ND,1.0,kg,Foundant,166.0,166.0,FONDANT,14,635,FOUNDANT,False,,2023-06-26
MEGA PLAST,2023-07-02,14,1.0,kg,Tegral Satin Creme ca ,61.0,61.0,HARINA,CHOCOLATE,636,TEGRAL SATIN CREME CA,False,,2023-06-26
MEGA PLAST,2023-07-02,14,1.0,kg,Tegral Satin Red Velvet Puratos,65.0,65.0,HARINA,RED VELVET,637,TEGRAL SATIN RED VELVET PURATOS,False,,2023-06-26
MEGA PLAST,2023-07-01,412380,1.0,kg,Tegral Satin Creme ca ,51.0,51.0,HARINA,VAINILLA,638,TEGRAL SATIN CREME CA,False,,2023-06-26
CRAVIOTO,2023-07-01,124816,16.0,pz,ferrero rocher t-16,106.98,6.6863,CHOCOLATE,14,639,FERRERO ROCHER T-16,False,,2023-06-26
CRAVIOTO,2023-07-01,124816,20.0,pz,nestle carlos v stick 20 pz,38.57,1.9285,CHOCOLATE,14,640,NESTLE CARLOS V STICK 20 PZ,False,,2023-06-26
GASOLINERIA,2023-06-30,ND,10.0,lts,gasolina (aprox),220.0,22.0,COMBUSTIBLE,14,641,GASOLINA (APROX),False,,2023-06-26
B. AURRERA,2023-06-17,14,1.0,paq,chantilly dulce,69.0,69.0,CHANTILLY,14,642,CHANTILLY DULCE,False,,2023-06-12
REPOSTEARTE,2023-06-10,ND,2.0,pz,entrepisos,28.0,14.0,BASES,14,643,ENTREPISOS,False,,2023-06-05
REPOSTEARTE,2023-06-10,ND,1.0,kg,Foundant,83.0,83.0,FONDANT,14,644,FOUNDANT,False,,2023-06-05
REPOSTEARTE,2023-06-10,ND,2.0,pz,caja con 12 cavidades,52.0,26.0,EMPAQUE,14,645,CAJA CON 12 CAVIDADES,False,,2023-06-05
B. AURRERA,2023-06-09,14,1.0,paq,kisses rojo,50.0,50.0,CHOCOLATE,14,646,KISSES ROJO,False,,2023-06-05
REPOSTEARTE,2023-05-30,ND,2.0,pz,base 26 cm,20.0,10.0,BASES,14,647,BASE 26 CM,False,,2023-05-29
ESTRELLA,2023-05-30,14,100.0,g,ilegible (glatea),7.0,70.0,OTROS,14,648,ILEGIBLE (GLATEA),False,,2023-05-29
ESTRELLA,2023-05-30,14,2.0,pz,molde,60.0,30.0,HERRAMIENTA,14,649,MOLDE,False,,2023-05-29
MEGA PLAST,2023-05-28,406780,1.0,pz,mantequilla gloria 22,58.0,58.0,MANTEQUILLA,14,650,MANTEQUILLA GLORIA 22,False,,2023-05-22
MEGA PLAST,2023-05-28,406780,2.0,kg,Tegral Satin Creme ca ,102.0,51.0,HARINA,VAINILLA,651,TEGRAL SATIN CREME CA,False,,2023-05-22
MEGA PLAST,2023-05-28,406780,1.0,pz,Crema para batir ambiante 1 lt,65.0,65.0,AMBIANTE,14,652,CREMA PARA BATIR AMBIANTE 1 LT,False,,2023-05-22
REPOSTEARTE,2023-05-28,ND,2.0,kg,Foundant,166.0,83.0,FONDANT,14,653,FOUNDANT,False,,2023-05-22
MEGA PLAST,2023-05-28,406780,500.0,g,chips blanco alpezzi,75.0,150.0,CHOCOLATE,14,654,CHIPS BLANCO ALPEZZI,False,,2023-05-22
MEGA PLAST,2023-05-28,406780,1.0,kg,chips chocolate semi,97.0,97.0,CHOCOLATE,14,655,CHIPS CHOCOLATE SEMI,False,,2023-05-22
MEGA PLAST,2023-05-28,406780,100.0,g,Confitier semiamargo TURIN,22.0,220.0,CHOCOLATE,14,656,CONFITIER SEMIAMARGO TURIN,False,,2023-05-22
MEGA PLAST,2023-05-28,406780,1.0,pz,nutella grande 650 gr,99.0,99.0,RELLENO,14,657,NUTELLA GRANDE 650 GR,False,,2023-05-22
MEGA PLAST,2023-05-28,406780,100.0,g,chips rojo alpezzi c/,15.0,150.0,CHOCOLATE,14,658,CHIPS ROJO ALPEZZI C/,False,,2023-05-22
REPOSTEARTE,2023-05-28,ND,1.0,pz,base 36 doble,50.0,50.0,BASES,14,659,BASE 36 DOBLE,False,,2023-05-22
FSM Paseos del Bosque,2023-05-27,14,2.0,pz,guante esteril-par (latex),30.0,15.0,CONSUMIBLES,14,660,GUANTE ESTERIL-PAR (LATEX),False,,2023-05-22
FSM Paseos del Bosque,2023-05-27,14,2.0,pz,cubreboca tricapa negro y de ,10.0,5.0,CONSUMIBLES,14,661,CUBREBOCA TRICAPA NEGRO Y DE,False,,2023-05-22
FSM Paseos del Bosque,2023-05-27,14,2.0,pz,cofia,6.0,3.0,CONSUMIBLES,14,662,COFIA,False,,2023-05-22
B. AURRERA,2023-05-26,14,1.0,pz,Queso philadelphia 190g,36.5,36.5,QUESO CREMA,14,663,QUESO PHILADELPHIA 190G,False,,2023-05-22
GASOLINERIA,2023-05-26,14,20.0,lts,gasolina,419.8,20.99,COMBUSTIBLE,14,664,GASOLINA,False,,2023-05-22
B. AURRERA,2023-05-26,14,1.0,paq,chocolate,49.0,49.0,CHOCOLATE,14,665,CHOCOLATE,False,,2023-05-22
B. AURRERA,2023-05-26,14,1.0,paq,kisses leche,77.0,77.0,CHOCOLATE,14,666,KISSES LECHE,False,,2023-05-22
GASOLINERIA,2023-05-26,14,10.0,lts,gas LP,90.2,9.02,COMBUSTIBLE,14,667,GAS LP,False,,2023-05-22
B. AURRERA,2023-05-26,14,1.0,kg,chantilly dulce,69.0,69.0,CHANTILLY,14,668,CHANTILLY DULCE,False,,2023-05-22
CRAVIOTO,2023-05-24,15631,16.0,pz,ferrero rocher ,106.98,6.6863,CHOCOLATE,14,669,FERRERO ROCHER,False,,2023-05-22
MEGA PLAST,2023-05-23,406026,1.0,kg,Tegral Satin Red Velvet Puratos,65.0,65.0,HARINA,RED VELVET,670,TEGRAL SATIN RED VELVET PURATOS,False,,2023-05-22
MEGA PLAST,2023-05-23,406026,1.0,pz,ferrero,15.0,15.0,CHOCOLATE,14,671,FERRERO,False,,2023-05-22
REPOSTEARTE,2023-05-18,ND,1.0,pz,base 26 cm,10.0,10.0,BASES,14,672,BASE 26 CM,False,,2023-05-15
REPOSTEARTE,2023-05-18,ND,1.0,pz,Transfer,45.0,45.0,TRANSFER,14,673,TRANSFER,False,,2023-05-15
EL SOL FRIJOLERO,2023-05-07,14,2.02,kg,huevo blanco tepa de linea,80.8,40.0,HUEVO,14,674,HUEVO BLANCO TEPA DE LINEA,False,,2023-05-01
REPOSTEARTE,2023-05-07,ND,1.0,pz,pegamento de fondant,65.0,65.0,DECORACION,14,675,PEGAMENTO DE FONDANT,False,,2023-05-01
MEGA PLAST,2023-05-07,403331,1.0,kg,Tegral Satin Creme ca ,61.0,61.0,HARINA,CHOCOLATE,676,TEGRAL SATIN CREME CA,False,,2023-05-01
MEGA PLAST,2023-05-07,403329,1.0,pz,Royal Icing Enco,75.0,75.0,ROYALICING,14,677,ROYAL ICING ENCO,False,,2023-05-01
GASOLINERIA,2023-05-05,14,10.0,lts,gasolina,217.0,21.7,COMBUSTIBLE,14,678,GASOLINA,False,,2023-05-01
MEGA PLAST,2023-05-02,402490,1.0,pz,Crema para batir ambiante 1 lt,66.0,66.0,AMBIANTE,14,679,CREMA PARA BATIR AMBIANTE 1 LT,False,,2023-05-01
MEGA PLAST,2023-05-02,402490,100.0,g,Confitier semiamargo TURIN,22.0,220.0,CHOCOLATE,14,680,CONFITIER SEMIAMARGO TURIN,False,,2023-05-01
MEGA PLAST,2023-05-02,402490,1.0,kg,Tegral Satin Creme ca ,65.0,65.0,HARINA,CHOCOLATE,681,TEGRAL SATIN CREME CA,False,,2023-05-01
MEGA PLAST,2023-05-02,402490,1.0,pz,nutella grande 650 gr,99.0,99.0,RELLENO,14,682,NUTELLA GRANDE 650 GR,False,,2023-05-01
MEGA PLAST,2023-05-02,402490,100.0,g,confitier blanco turin,25.0,250.0,CHOCOLATE,14,683,CONFITIER BLANCO TURIN,False,,2023-05-01
EL SOL FRIJOLERO,2023-05-02,402490,1.0,paq,huevo,73.0,73.0,HUEVO,14,684,HUEVO,False,,2023-05-01
MEGA PLAST,2023-05-02,402490,1.0,kg,chips blanco alpezzi,119.0,119.0,CHOCOLATE,14,685,CHIPS BLANCO ALPEZZI,False,,2023-05-01
MEGA PLAST,2023-05-02,402490,1.0,kg,Tegral Satin Creme ca ,61.0,61.0,HARINA,CHOCOLATE,686,TEGRAL SATIN CREME CA,False,,2023-05-01
REPOSTEARTE,2023-05-01,ND,1.0,kg,Foundant,83.0,83.0,FONDANT,14,687,FOUNDANT,False,,2023-05-01
REPOSTEARTE,2023-05-01,ND,1.0,pz,base 30 cm,12.0,12.0,BASES,14,688,BASE 30 CM,False,,2023-05-01
REPOSTEARTE,2023-05-01,ND,1.0,pz,molde f#18,60.0,60.0,HERRAMIENTA,14,689,MOLDE F#18,False,,2023-05-01
REPOSTEARTE,2023-05-01,ND,100.0,g,perlitas,35.0,350.0,DECORACION,14,690,PERLITAS,False,,2023-05-01
REPOSTEARTE,2023-05-01,ND,1.0,pz,base 28cm,12.0,12.0,BASES,14,691,BASE 28CM,False,,2023-05-01
REPOSTEARTE,2023-05-01,ND,2.0,pz,oblea arroz,90.0,45.0,TRANSFER,14,692,OBLEA ARROZ,False,,2023-05-01
B. AURRERA,2023-04-28,14,1.0,kg,chantilly dulce,69.0,69.0,CHANTILLY,14,693,CHANTILLY DULCE,False,,2023-04-24
GASOLINERIA,2023-04-25,14,10.0,lts,gasolina,215.19,21.519,COMBUSTIBLE,14,694,GASOLINA,False,,2023-04-24
MARNOU,2023-04-24,14,1.57,kg,huevo blanco tepa kilo,69.08,44.0,HUEVO,14,695,HUEVO BLANCO TEPA KILO,False,,2023-04-24
MEGA PLAST,2023-04-24,401187,1.0,pz,Queso philadelphia 190g,35.0,35.0,QUESO CREMA,14,696,QUESO PHILADELPHIA 190G,False,,2023-04-24
MEGA PLAST,2023-04-24,401187,1.0,pz,Crema para batir ambiante 1 lt,66.0,66.0,AMBIANTE,14,697,CREMA PARA BATIR AMBIANTE 1 LT,False,,2023-04-24
MEGA PLAST,2023-04-21,400667,200.0,g,Confitier semiamargo TURIN,44.0,220.0,CHOCOLATE,14,698,CONFITIER SEMIAMARGO TURIN,False,,2023-04-17
MEGA PLAST,2023-04-21,400667,200.0,g,Confitier leche TURIN,46.0,230.0,CHOCOLATE,14,699,CONFITIER LECHE TURIN,False,,2023-04-17
MEGA PLAST,2023-04-21,400667,1.0,kg,chips chocolate semi,97.0,97.0,CHOCOLATE,14,700,CHIPS CHOCOLATE SEMI,False,,2023-04-17
MEGA PLAST,2023-04-21,400667,1.0,kg,Tegral Satin Creme ca ,51.0,51.0,HARINA,VAINILLA,701,TEGRAL SATIN CREME CA,False,,2023-04-17
MEGA PLAST,2023-04-21,400667,100.0,g,cereza con rabo diana,22.0,220.0,DULCERIA,14,702,CEREZA CON RABO DIANA,False,,2023-04-17
MEGA PLAST,2023-04-21,400667,1.0,pz,domo df12a 34cm wow,20.0,20.0,EMPAQUE,14,703,DOMO DF12A 34CM WOW,False,,2023-04-17
B. AURRERA,2023-04-18,14,1.0,pz,de abeja,28.0,28.0,OTROS,14,704,DE ABEJA,False,,2023-04-17
B. AURRERA,2023-04-18,14,1.0,pz,marg245gr,30.0,30.0,MANTEQUILLA,14,705,MARG245GR,False,,2023-04-17
B. AURRERA,2023-04-18,14,1.0,kg,harina,27.5,27.5,HARINA,TRIGO,706,HARINA,False,,2023-04-17
B. AURRERA,2023-04-18,14,1.0,pz,nuez,58.0,58.0,RELLENO,14,707,NUEZ,False,,2023-04-17
B. AURRERA,2023-04-18,14,1.0,kg,zulka glass,15.0,15.0,AZUCAR,GLASS,708,ZULKA GLASS,False,,2023-04-17
B. AURRERA,2023-04-18,14,1.0,kg,san juan hvo,85.0,85.0,HUEVO,14,709,SAN JUAN HVO,False,,2023-04-17
B. AURRERA,2023-04-17,14,1.0,kg,chantilly dulce,69.0,69.0,CHANTILLY,14,710,CHANTILLY DULCE,False,,2023-04-17
MARNOU,2023-04-06,14,1.94,kg,huevo blanco los altos kilo,85.36,44.0,HUEVO,14,711,HUEVO BLANCO LOS ALTOS KILO,False,,2023-04-03
REPOSTEARTE,2023-04-06,ND,1.0,kg,Foundant,83.0,83.0,FONDANT,14,712,FOUNDANT,False,,2023-04-03
REPOSTEARTE,2023-04-02,ND,1.0,pz,base 30 cm,13.0,13.0,BASES,14,713,BASE 30 CM,False,,2023-03-27
REPOSTEARTE,2023-04-02,ND,1.0,pz,base 36cm doble,50.0,50.0,BASES,14,714,BASE 36CM DOBLE,False,,2023-03-27
REPOSTEARTE,2023-04-02,ND,1.0,pz,base 28 cm,12.0,12.0,BASES,14,715,BASE 28 CM,False,,2023-03-27
REPOSTEARTE,2023-04-02,ND,1.0,pz,base 26 cm,11.0,11.0,BASES,14,716,BASE 26 CM,False,,2023-03-27
REPOSTEARTE,2023-04-02,ND,2.0,kg,Foundant,166.0,83.0,FONDANT,14,717,FOUNDANT,False,,2023-03-27
REPOSTEARTE,2023-04-02,ND,1.0,pz,raspa,45.0,45.0,HERRAMIENTA,14,718,RASPA,False,,2023-03-27
REPOSTEARTE,2023-04-02,ND,1.0,pz,matizador,65.0,65.0,DECORACION,14,719,MATIZADOR,False,,2023-03-27
REPOSTEARTE,2023-04-01,ND,1.0,pz,base 30 cm,12.0,12.0,BASES,14,720,BASE 30 CM,False,,2023-03-27
REPOSTEARTE,2023-04-01,ND,1.0,pz,base 28,12.0,12.0,BASES,14,721,BASE 28,False,,2023-03-27
MEGA PLAST,2023-03-30,397213,200.0,g,chips chocolate semi,30.0,150.0,CHOCOLATE,14,722,CHIPS CHOCOLATE SEMI,False,,2023-03-27
MEGA PLAST,2023-03-30,397213,1.0,kg,Tegral Satin Creme ca ,61.0,61.0,HARINA,CHOCOLATE,723,TEGRAL SATIN CREME CA,False,,2023-03-27
MEGA PLAST,2023-03-30,397213,1.0,kg,Tegral Satin Creme ca ,51.0,51.0,HARINA,VAINILLA,724,TEGRAL SATIN CREME CA,False,,2023-03-27
MEGA PLAST,2023-03-30,397213,1.0,pz,Nutella chica 350 grs,65.0,65.0,RELLENO,14,725,NUTELLA CHICA 350 GRS,False,,2023-03-27
MEGA PLAST,2023-03-30,397213,100.0,g,Confitier semiamargo TURIN,22.0,220.0,CHOCOLATE,14,726,CONFITIER SEMIAMARGO TURIN,False,,2023-03-27
MEGA PLAST,2023-03-30,397213,1.0,pz,Crema para batir ambiante 1 lt,66.0,66.0,AMBIANTE,14,727,CREMA PARA BATIR AMBIANTE 1 LT,False,,2023-03-27
MEGA PLAST,2023-03-30,397213,1.0,kg,lechera suelta,62.0,62.0,LECHERA,14,728,LECHERA SUELTA,False,,2023-03-27
MEGA PLAST,2023-03-30,397213,200.0,g,Confitier leche TURIN,46.0,230.0,CHOCOLATE,14,729,CONFITIER LECHE TURIN,False,,2023-03-27
MEGA PLAST,2023-03-28,396940,1.0,kg,Harina piña colada espiga mix,33.0,33.0,HARINA,PIÑA COLADA,730,HARINA PINA COLADA ESPIGA MIX,False,,2023-03-27
MEGA PLAST,2023-03-28,396940,1.0,pz,relleno coco,35.0,35.0,RELLENO,14,731,RELLENO COCO,False,,2023-03-27
MEGA PLAST,2023-03-28,396940,200.0,g,chips chocolate semi,30.0,150.0,CHOCOLATE,14,732,CHIPS CHOCOLATE SEMI,False,,2023-03-27
MEGA PLAST,2023-03-28,396940,1.0,kg,Tegral Satin Creme ca ,61.0,61.0,HARINA,CHOCOLATE,733,TEGRAL SATIN CREME CA,False,,2023-03-27
MEGA PLAST,2023-03-28,396940,1.0,pz,Royal Icing Deiman 50,50.0,50.0,ROYALICING,14,734,ROYAL ICING DEIMAN 50,False,,2023-03-27
MEGA PLAST,2023-03-28,396944,1.0,kg,Easy pastel tres leches,53.0,53.0,HARINA,VAINILLA,735,EASY PASTEL TRES LECHES,False,,2023-03-27
MEGA PLAST,2023-03-28,396940,300.0,g,chips chocolate con l,45.0,150.0,CHOCOLATE,14,736,CHIPS CHOCOLATE CON L,False,,2023-03-27
REPOSTEARTE,2023-03-28,ND,1.0,kg,Foundant,93.0,93.0,FONDANT,14,737,FOUNDANT,False,,2023-03-27
REPOSTEARTE,2023-03-28,ND,2.0,pz,caja con 12 cavidades,52.0,26.0,EMPAQUE,14,738,CAJA CON 12 CAVIDADES,False,,2023-03-27
MEGA PLAST,2023-03-28,396940,200.0,g,chips blanco alpezzi,30.0,150.0,CHOCOLATE,14,739,CHIPS BLANCO ALPEZZI,False,,2023-03-27
REPOSTEARTE,2023-03-28,ND,1.0,pz,base,12.0,12.0,BASES,14,740,BASE,False,,2023-03-27
CASETA,2023-03-25,00767864,1.0,tick,peaje,37.0,37.0,CASETAS,14,741,PEAJE,False,,2023-03-20
CASETA,2023-03-25,00225978,1.0,tick,peaje,37.0,37.0,CASETAS,14,742,PEAJE,False,,2023-03-20
MEGA PLAST,2023-03-24,396315,200.0,g,chips chocolate con l,30.0,150.0,CHOCOLATE,14,743,CHIPS CHOCOLATE CON L,False,,2023-03-20
MEGA PLAST,2023-03-24,396315,1.0,pz,Crema para batir ambiante 1 lt,66.0,66.0,AMBIANTE,14,744,CREMA PARA BATIR AMBIANTE 1 LT,False,,2023-03-20
MEGA PLAST,2023-03-24,396315,100.0,g,chips chocolate semi,15.0,150.0,CHOCOLATE,14,745,CHIPS CHOCOLATE SEMI,False,,2023-03-20
GASOLINERIA,2023-03-24,2758991,20.0,lts,gasolina,429.8,21.49,COMBUSTIBLE,14,746,GASOLINA,False,,2023-03-20
CRAVIOTO,2023-03-21,106787,1.0,paq,inix contenedor mantecadas 25 pz,179.32,179.32,EMPAQUE,14,747,INIX CONTENEDOR MANTECADAS 25 PZ,False,,2023-03-20
CRAVIOTO,2023-03-21,106787,1.0,paq,alegria capacillo velitas cumpl 100 pz,39.15,39.15,CAPACILLOS,14,748,ALEGRIA CAPACILLO VELITAS CUMPL 100 PZ,False,,2023-03-20
CRAVIOTO,2023-03-21,106787,1.0,pz,yahel platano 500gr,43.75,43.75,NO DEFINIDO,14,749,YAHEL PLATANO 500GR,False,,2023-03-20
EL SOL FRIJOLERO,2023-03-18,161232,1.89,kg,huevo blanco tepa de linea,77.49,41.0,HUEVO,14,750,HUEVO BLANCO TEPA DE LINEA,False,,2023-03-13
MEGA PLAST,2023-03-18,395403,1.0,pz,Crema para batir ambiante 1 lt,66.0,66.0,AMBIANTE,14,751,CREMA PARA BATIR AMBIANTE 1 LT,False,,2023-03-13
MEGA PLAST,2023-03-18,395403,500.0,g,chips chocolate semi,75.0,150.0,CHOCOLATE,14,752,CHIPS CHOCOLATE SEMI,False,,2023-03-13
MEGA PLAST,2023-03-18,395403,100.0,g,chips chocolate con l,15.0,150.0,CHOCOLATE,14,753,CHIPS CHOCOLATE CON L,False,,2023-03-13
MEGA PLAST,2023-03-18,395403,1.0,pz,Nutella chica 350 grs,65.0,65.0,RELLENO,14,754,NUTELLA CHICA 350 GRS,False,,2023-03-13
MEGA PLAST,2023-03-18,395403,100.0,g,Confitier semiamargo TURIN,22.0,220.0,CHOCOLATE,14,755,CONFITIER SEMIAMARGO TURIN,False,,2023-03-13
MEGA PLAST,2023-03-18,395403,1.0,kg,Tegral Satin Creme ca ,61.0,61.0,HARINA,CHOCOLATE,756,TEGRAL SATIN CREME CA,False,,2023-03-13
MEGA PLAST,2023-03-18,395403,100.0,g,cereza con rabo diana,22.0,220.0,DULCERIA,14,757,CEREZA CON RABO DIANA,False,,2023-03-13
MEGA PLAST,2023-03-17,395160,300.0,g,chips rojo alpezzi c/,45.0,150.0,CHOCOLATE,14,758,CHIPS ROJO ALPEZZI C/,False,,2023-03-13
B. AURRERA,2023-03-17,309210775492714844021,1.0,pz,espatulas,41.0,41.0,HERRAMIENTA,14,759,ESPATULAS,False,,2023-03-13
B. AURRERA,2023-03-17,309210775492714844021,1.0,bot,wyborowa,149.0,149.0,LICORES,14,760,WYBOROWA,False,,2023-03-13
B. AURRERA,2023-03-17,309210775492714844021,1.0,pz,chantilli dull,61.0,61.0,CHANTILLY,14,761,CHANTILLI DULL,False,,2023-03-13
B. AURRERA,2023-03-17,309210775492714844021,1.0,paq,Carlos V stk,51.0,51.0,CHOCOLATE,14,762,CARLOS V STK,False,,2023-03-13
B. AURRERA,2023-03-17,309210775492714844021,1.0,paq,santa clar,129.0,129.0,OTROS,14,763,SANTA CLAR,False,,2023-03-13
MEGA PLAST,2023-03-15,394830,500.0,g,crema cacahuate suelta,34.0,68.0,OTROS,14,764,CREMA CACAHUATE SUELTA,False,,2023-03-13
MEGA PLAST,2023-03-15,394830,3.0,kg,Tegral Satin Creme ca ,153.0,51.0,HARINA,VAINILLA,765,TEGRAL SATIN CREME CA,False,,2023-03-13
MEGA PLAST,2023-03-15,394830,1.0,kg,Easy pastel tres leches,65.0,65.0,HARINA,CHOCOLATE,766,EASY PASTEL TRES LECHES,False,,2023-03-13
MEGA PLAST,2023-03-15,394830,1.0,kg,queso crema suelto,155.0,155.0,QUESO CREMA,14,767,QUESO CREMA SUELTO,False,,2023-03-13
MEGA PLAST,2023-03-15,394830,200.0,g,chips chocolate con l,30.0,150.0,CHOCOLATE,14,768,CHIPS CHOCOLATE CON L,False,,2023-03-13
MEGA PLAST,2023-03-15,394830,100.0,g,Confitier leche TURIN,23.0,230.0,CHOCOLATE,14,769,CONFITIER LECHE TURIN,False,,2023-03-13
MEGA PLAST,2023-03-15,394830,1.0,pz,Nutella chica 350 grs,65.0,65.0,RELLENO,14,770,NUTELLA CHICA 350 GRS,False,,2023-03-13
MEGA PLAST,2023-03-15,394830,2.0,pz,domo 1/4 plancha,50.0,25.0,EMPAQUE,14,771,DOMO 1/4 PLANCHA,False,,2023-03-13
MEGA PLAST,2023-03-15,394830,2.0,pz,Domo mantecada 12 cavidades,32.0,16.0,EMPAQUE,14,772,DOMO MANTECADA 12 CAVIDADES,False,,2023-03-13
EL SOL FRIJOLERO,2023-03-15,160414,1.99,kg,huevo blanco tepa de linea,79.6,40.0,HUEVO,14,773,HUEVO BLANCO TEPA DE LINEA,False,,2023-03-13
B. AURRERA,2023-03-15,179493469041958053181,1.0,pz,AC AU800,37.0,37.0,ACEITE,14,774,AC AU800,False,,2023-03-13
B. AURRERA,2023-03-15,179493469041958053181,1.0,pz,iberia 90,15.0,15.0,MANTEQUILLA,14,775,IBERIA 90,False,,2023-03-13
B. AURRERA,2023-03-15,179493469041958053181,1.0,pz,gloria man,63.0,63.0,MANTEQUILLA,14,776,GLORIA MAN,False,,2023-03-13
MEGA PLAST,2023-03-15,394830,1.0,pz,Relleno durazno puratos,62.0,62.0,RELLENO,14,777,RELLENO DURAZNO PURATOS,False,,2023-03-13
REPOSTEARTE,2023-03-10,ND,1.0,pz,pincel,10.0,10.0,HERRAMIENTA,14,778,PINCEL,False,,2023-03-06
REPOSTEARTE,2023-03-10,ND,1.0,pz,ilegible (roods),37.5,37.5,OTROS,14,779,ILEGIBLE (ROODS),False,,2023-03-06
REPOSTEARTE,2023-03-10,ND,100.0,g,perlas,35.0,350.0,DECORACION,14,780,PERLAS,False,,2023-03-06
REPOSTEARTE,2023-03-10,ND,2.0,pz,caja cupcakes 12,44.0,22.0,EMPAQUE,14,781,CAJA CUPCAKES 12,False,,2023-03-06
CRAVIOTO,2023-03-09,95774,1.0,pz,molde para chocolate,19.72,19.72,HERRAMIENTA,14,782,MOLDE PARA CHOCOLATE,False,,2023-03-06
CRAVIOTO,2023-03-09,95774,1.0,paq,ferrero rocher T-16,106.98,106.98,CHOCOLATE,14,783,FERRERO ROCHER T-16,False,,2023-03-06
CRAVIOTO,2023-03-09,95774,1.0,paq,capacillo No. 72 decorado 25 pz,24.29,24.29,CAPACILLOS,14,784,CAPACILLO NO. 72 DECORADO 25 PZ,False,,2023-03-06
CRAVIOTO,2023-03-09,95774,1.0,paq,kisses leche choc bl 807 gr,187.08,187.08,CHOCOLATE,14,785,KISSES LECHE CHOC BL 807 GR,False,,2023-03-06
CRAVIOTO,2023-03-09,95774,1.0,pz,manga n.12,23.92,23.92,CONSUMIBLES,14,786,MANGA N.12,False,,2023-03-06
CRAVIOTO,2023-03-09,95774,1.0,pz,puratos fruitfil fresa 1 kg,54.72,54.72,RELLENO,14,787,PURATOS FRUITFIL FRESA 1 KG,False,,2023-03-06
CRAVIOTO,2023-03-09,95774,3.0,paq,capacillo no. 4 decorado 50 pz,38.97,12.99,CAPACILLOS,14,788,CAPACILLO NO. 4 DECORADO 50 PZ,False,,2023-03-06
REPOSTEARTE,2023-03-01,ND,1.0,pz,brillo estrella,100.0,100.0,DECORACION,14,789,BRILLO ESTRELLA,False,,2023-02-27
REPOSTEARTE,2023-03-01,ND,1.0,pz,Transfer,90.0,90.0,TRANSFER,14,790,TRANSFER,False,,2023-02-27
REPOSTEARTE,2023-03-01,ND,1.0,pz,base 36cm doble,50.0,50.0,BASES,14,791,BASE 36CM DOBLE,False,,2023-02-27
REPOSTEARTE,2023-03-01,ND,2.0,kg,Foundant,166.0,83.0,FONDANT,14,792,FOUNDANT,False,,2023-02-27
REPOSTEARTE,2023-03-01,ND,2.0,pz,base 30 cm,24.0,12.0,BASES,14,793,BASE 30 CM,False,,2023-02-27
REPOSTEARTE,2023-03-01,ND,50.0,g,perlas,18.0,360.0,DECORACION,14,794,PERLAS,False,,2023-02-27
REPOSTEARTE,2023-03-01,ND,1.0,pz,extrude,140.0,140.0,OTROS,14,795,EXTRUDE,False,,2023-02-27
REPOSTEARTE,2023-03-01,ND,1.0,kg,Foundant,83.0,83.0,FONDANT,14,796,FOUNDANT,False,,2023-02-27
REPOSTEARTE,2023-03-01,ND,1.0,pz,alambre,55.0,55.0,OTROS,14,797,ALAMBRE,False,,2023-02-27
REPOSTEARTE,2023-03-01,ND,2.0,kg,Foundant,166.0,83.0,FONDANT,14,798,FOUNDANT,False,,2023-02-27
B. AURRERA,2023-02-27,1594043854020650408395,1.0,pz,Philly Qso,76.0,76.0,QUESO CREMA,14,799,PHILLY QSO,False,,2023-02-27
MEGA PLAST,2023-02-27,392248,1.0,kg,Easy pastel tres leches,65.0,65.0,HARINA,CHOCOLATE,800,EASY PASTEL TRES LECHES,False,,2023-02-27
REPOSTEARTE,2023-02-27,ND,1.0,pz,oblea arroz,45.0,45.0,TRANSFER,14,801,OBLEA ARROZ,False,,2023-02-27
REPOSTEARTE,2023-02-27,ND,1.0,pz,base doble 32 cm,38.0,38.0,BASES,14,802,BASE DOBLE 32 CM,False,,2023-02-27
B. AURRERA,2023-02-27,1594043854020650408395,1.0,paq,au huevo 1,47.0,47.0,HUEVO,14,803,AU HUEVO 1,False,,2023-02-27
B. AURRERA,2023-02-27,1594043854020650408395,1.0,paq,pro 2 pack,20.0,20.0,OTROS,14,804,PRO 2 PACK,False,,2023-02-27
B. AURRERA,2023-02-27,1594043854020650408395,1.0,paq,chantilli dull,61.0,61.0,CHANTILLY,14,805,CHANTILLI DULL,False,,2023-02-27
B. AURRERA,2023-02-27,1594043854020650408395,1.0,pz,nido f 120,24.0,24.0,LECHE EN POLVO,14,806,NIDO F 120,False,,2023-02-27
B. AURRERA,2023-02-27,1594043854020650408395,1.0,kg,harina tri,20.0,20.0,HARINA,TRIGO,807,HARINA TRI,False,,2023-02-27
MEGA PLAST,2023-02-27,392248,100.0,g,granillo turin blanco,24.0,240.0,CHOCOLATE,14,808,GRANILLO TURIN BLANCO,False,,2023-02-27
B. AURRERA,2023-02-27,1594043854020650408395,2.0,pz,aceite aurrera 800,74.0,37.0,ACEITE,14,809,ACEITE AURRERA 800,False,,2023-02-27
B. AURRERA,2023-02-20,2312240358444714849061,2.0,paq,AC AU800,74.0,37.0,ACEITE,14,810,AC AU800,False,,2023-02-20
B. AURRERA,2023-02-20,24712137666906735280,2.0,paq,gloria man,47.0,23.5,MANTEQUILLA,14,811,GLORIA MAN,False,,2023-02-20
B. AURRERA,2023-02-20,24712137666906735280,1.0,paq,oreo 273.6,22.5,22.5,GALLETAS,14,812,OREO 273.6,False,,2023-02-20
B. AURRERA,2023-02-20,24712137666906735280,1.0,kg,harina tri,20.0,20.0,HARINA,TRIGO,813,HARINA TRI,False,,2023-02-20
MEGA PLAST,2023-02-18,390737,1.0,Kg,Tegral Satin Red Velvet Puratos,65.0,65.0,HARINA,RED VELVET,814,TEGRAL SATIN RED VELVET PURATOS,False,,2023-02-13
MEGA PLAST,2023-02-18,390737,1.0,Kg,Tegral Satin Creme ca ,51.0,51.0,HARINA,VAINILLA,815,TEGRAL SATIN CREME CA,False,,2023-02-13
MEGA PLAST,2023-02-18,390737,2.0,pz,Domo mantecada 12 cavidades,32.0,16.0,EMPAQUE,14,816,DOMO MANTECADA 12 CAVIDADES,False,,2023-02-13
MEGA PLAST,2023-02-18,390737,100.0,g,Granillo Turin Semi amargo,22.0,220.0,CHOCOLATE,14,817,GRANILLO TURIN SEMI AMARGO,False,,2023-02-13
MEGA PLAST,2023-02-18,390737,100.0,g,granillo turin leche,24.0,240.0,CHOCOLATE,14,818,GRANILLO TURIN LECHE,False,,2023-02-13
MEGA PLAST,2023-02-18,390737,100.0,g,chips chocolate semi,15.0,150.0,CHOCOLATE,14,819,CHIPS CHOCOLATE SEMI,False,,2023-02-13
MEGA PLAST,2023-02-18,390737,200.0,g,chips rojo alpezzi c/,30.0,150.0,CHOCOLATE,14,820,CHIPS ROJO ALPEZZI C/,False,,2023-02-13
MEGA PLAST,2023-02-18,390737,1.0,pz,Queso philadelphia 190g,35.0,35.0,QUESO CREMA,14,821,QUESO PHILADELPHIA 190G,False,,2023-02-13
MEGA PLAST,2023-02-18,390737,1.0,Kg,Easy pastel tres leches,65.0,65.0,HARINA,CHOCOLATE,822,EASY PASTEL TRES LECHES,False,,2023-02-13
B. AURRERA,2023-02-17,14,1.0,kg,chantilly dulce,61.0,61.0,CHANTILLY,14,823,CHANTILLY DULCE,False,,2023-02-13
MEGA PLAST,2023-02-13,389781,300.0,g,chips chocolate con l,45.0,150.0,CHOCOLATE,14,824,CHIPS CHOCOLATE CON L,False,,2023-02-13
OXXO,2023-02-13,2258598,2.0,pz,huevo blanco pz,6.0,3.0,HUEVO,14,825,HUEVO BLANCO PZ,False,,2023-02-13
MEGA PLAST,2023-02-13,389781,1.0,pz,Nutella chica 350 grs,65.0,65.0,RELLENO,14,826,NUTELLA CHICA 350 GRS,False,,2023-02-13
MEGA PLAST,2023-02-13,389781,1.0,Kg,Tegral Satin Creme ca ,51.0,51.0,HARINA,VAINILLA,827,TEGRAL SATIN CREME CA,False,,2023-02-13
MEGA PLAST,2023-02-13,389781,1.0,pz,relleno zarzamora puratos,52.0,52.0,RELLENO,14,828,RELLENO ZARZAMORA PURATOS,False,,2023-02-13
B. AURRERA,2023-02-12,410152718666906767210,1.0,paq,oreo econopack,35.0,35.0,GALLETAS,14,829,OREO ECONOPACK,False,,2023-02-06
B. AURRERA,2023-02-12,410152718666906767210,1.0,paq,chantilli dull,61.0,61.0,CHANTILLY,14,830,CHANTILLI DULL,False,,2023-02-06
B. AURRERA,2023-02-12,410152718666906767210,1.0,pz,oreo 273.6,22.5,22.5,GALLETAS,14,831,OREO 273.6,False,,2023-02-06
OXXO,2023-02-11,2257507,1.0,paq,qsocremaphilade 200g,39.5,39.5,QUESO CREMA,14,832,QSOCREMAPHILADE 200G,False,,2023-02-06
REPOSTEARTE,2023-02-08,ND,1.0,pz,base 28,11.5,11.5,BASES,14,833,BASE 28,False,,2023-02-06
CRAVIOTO,2023-02-08,14517,1.0,paq,dlr malv c/chocolate 32 pz,61.67,61.67,CHOCOLATE,14,834,DLR MALV C/CHOCOLATE 32 PZ,False,,2023-02-06
REPOSTEARTE,2023-02-08,ND,1.0,kg,Foundant,83.0,83.0,FONDANT,14,835,FOUNDANT,False,,2023-02-06
CRAVIOTO,2023-02-08,14517,2.0,paq,alegria capacillo morado 100 pz,75.16,37.58,CAPACILLOS,14,836,ALEGRIA CAPACILLO MORADO 100 PZ,False,,2023-02-06
CRAVIOTO,2023-02-08,14517,1.0,pz,inix contenedor ham trans 14x14 25 pz,66.6,66.6,EMPAQUE,14,837,INIX CONTENEDOR HAM TRANS 14X14 25 PZ,False,,2023-02-06
REPOSTEARTE,2023-02-08,ND,2.0,pz,caja 12 cupcakes,44.0,22.0,EMPAQUE,14,838,CAJA 12 CUPCAKES,False,,2023-02-06
CRAVIOTO,2023-02-08,14517,1.0,paq,dlr malv c/chocolate 50 pz,53.99,53.99,CHOCOLATE,14,839,DLR MALV C/CHOCOLATE 50 PZ,False,,2023-02-06
CRAVIOTO,2023-02-08,14517,3.0,paq,capacillo no. 4 decorado 50 pz,38.97,12.99,CAPACILLOS,14,840,CAPACILLO NO. 4 DECORADO 50 PZ,False,,2023-02-06
CRAVIOTO,2023-02-08,14517,2.0,paq,capacillo no. 69 decorado 40 pz,24.08,12.04,CAPACILLOS,14,841,CAPACILLO NO. 69 DECORADO 40 PZ,False,,2023-02-06
CRAVIOTO,2023-02-08,14517,1.0,pz,celofan 6x25 100 pz,22.91,22.91,CONSUMIBLES,14,842,CELOFAN 6X25 100 PZ,False,,2023-02-06
CRAVIOTO,2023-02-08,14517,1.0,pz,alpezzi chips blanco 500 gr,70.49,70.49,CHOCOLATE,14,843,ALPEZZI CHIPS BLANCO 500 GR,False,,2023-02-06
CRAVIOTO,2023-02-08,14517,1.0,pz,bondi mega webo late distroller,120.25,120.25,OTROS,14,844,BONDI MEGA WEBO LATE DISTROLLER,False,,2023-02-06
CRAVIOTO,2023-02-08,14517,1.0,paq,inix contenedor multiusos 25 pz,153.6,153.6,EMPAQUE,14,845,INIX CONTENEDOR MULTIUSOS 25 PZ,False,,2023-02-06
CASETA,2023-02-05,04845036,1.0,tick,peaje,58.0,58.0,CASETAS,14,846,PEAJE,False,,2023-01-30
ESTRELLA,2023-02-03,ND,1.0,paq,capacillos #4 tubo,39.0,39.0,CAPACILLOS,14,847,CAPACILLOS #4 TUBO,False,,2023-01-30
B. AURRERA,2023-02-03,333535777181791110393,1.0,paq,galleta,45.0,45.0,GALLETAS,14,848,GALLETA,False,,2023-01-30
B. AURRERA,2023-02-03,333535777181791110393,1.0,pz,chantilli dull,61.0,61.0,CHANTILLY,14,849,CHANTILLI DULL,False,,2023-01-30
MEGA PLAST,2023-02-02,387888,100.0,g,granillo magic sparkl,8.0,80.0,CHOCOLATE,14,850,GRANILLO MAGIC SPARKL,False,,2023-01-30
MEGA PLAST,2023-02-02,387888,100.0,g,chips chocolate semi,15.0,150.0,CHOCOLATE,14,851,CHIPS CHOCOLATE SEMI,False,,2023-01-30
REPOSTEARTE,2023-02-02,ND,1.0,pz,base 28 cm,9.0,9.0,BASES,14,852,BASE 28 CM,False,,2023-01-30
REPOSTEARTE,2023-02-02,ND,1.0,pz,Transfer,45.0,45.0,TRANSFER,14,853,TRANSFER,False,,2023-01-30
GASOLINERIA,2023-01-31,ND,10.0,lts,gasolina (aprox),220.0,22.0,COMBUSTIBLE,14,854,GASOLINA (APROX),False,,2023-01-30
REPOSTEARTE,2023-01-30,ND,2.0,pz,mangas,10.0,5.0,CONSUMIBLES,14,855,MANGAS,False,,2023-01-30
REPOSTEARTE,2023-01-30,ND,1.0,pz,base 26 cm,9.5,9.5,BASES,14,856,BASE 26 CM,False,,2023-01-30
REPOSTEARTE,2023-01-30,ND,1.0,pz,base 25 cm doble,27.0,27.0,BASES,14,857,BASE 25 CM DOBLE,False,,2023-01-30
MEGA PLAST,2023-01-30,387319,300.0,g,chips chocolate con l,45.0,150.0,CHOCOLATE,14,858,CHIPS CHOCOLATE CON L,False,,2023-01-30
MEGA PLAST,2023-01-30,387319,1.0,kg,Tegral Satin Creme ca ,51.0,51.0,HARINA,VAINILLA,859,TEGRAL SATIN CREME CA,False,,2023-01-30
MEGA PLAST,2023-01-30,387319,1.0,pz,Crema para batir ambiante 1 lt,63.0,63.0,AMBIANTE,14,860,CREMA PARA BATIR AMBIANTE 1 LT,False,,2023-01-30
GASOLINERIA,2023-01-27,14,10.0,lts,gasolina,219.4,21.94,COMBUSTIBLE,14,861,GASOLINA,False,,2023-01-23
MEGA PLAST,2023-01-24,386421,1.0,pz,relleno queso creme p,93.0,93.0,RELLENO,14,862,RELLENO QUESO CREME P,False,,2023-01-23
MEGA PLAST,2023-01-24,386421,1.0,kg,Azucar glass de prime,40.0,40.0,AZUCAR,GLASS,863,AZUCAR GLASS DE PRIME,False,,2023-01-23
MEGA PLAST,2023-01-24,386421,2.0,pz,mantequilla gloria 22,116.0,58.0,MANTEQUILLA,14,864,MANTEQUILLA GLORIA 22,False,,2023-01-23
MEGA PLAST,2023-01-24,386421,2.0,pz,Royal Icing Deiman 50,100.0,50.0,ROYALICING,14,865,ROYAL ICING DEIMAN 50,False,,2023-01-23
MEGA PLAST,2023-01-24,386421,2.0,kg,Tegral Satin Red Velvet Puratos,130.0,65.0,HARINA,RED VELVET,866,TEGRAL SATIN RED VELVET PURATOS,False,,2023-01-23
MEGA PLAST,2023-01-24,386421,1.0,pz,domo 1/4 plancha,25.0,25.0,EMPAQUE,14,867,DOMO 1/4 PLANCHA,False,,2023-01-23
MEGA PLAST,2023-01-24,386421,300.0,g,chips blanco alpezzi,45.0,150.0,CHOCOLATE,14,868,CHIPS BLANCO ALPEZZI,False,,2023-01-23
B. AURRERA,2023-01-23,422004048828528989482,2.0,paq,chant dull,122.0,61.0,CHANTILLY,14,869,CHANT DULL,False,,2023-01-23
B. AURRERA,2023-01-23,422004048828528989482,1.0,pz,iberia 200,30.0,30.0,MANTEQUILLA,14,870,IBERIA 200,False,,2023-01-23
B. AURRERA,2023-01-23,422004048828528989482,1.0,paq,sjuan hvo,46.5,46.5,HUEVO,14,871,SJUAN HVO,False,,2023-01-23
B. AURRERA,2023-01-23,422004048828528989482,1.0,paq,oreo fudge,41.5,41.5,GALLETAS,14,872,OREO FUDGE,False,,2023-01-23
CRAVIOTO,2023-01-21,90659,1.0,pz,base extrafuerte 20 cm c/ blonda,20.01,20.01,BASES,14,873,BASE EXTRAFUERTE 20 CM C/ BLONDA,False,,2023-01-16
CRAVIOTO,2023-01-21,90659,500.0,g,alpezzi chips blanco,70.49,140.98,CHOCOLATE,14,874,ALPEZZI CHIPS BLANCO,False,,2023-01-16
CRAVIOTO,2023-01-21,90659,1.0,paq,capacillo No. 72 decorado 25 pz,13.99,13.99,CAPACILLOS,14,875,CAPACILLO NO. 72 DECORADO 25 PZ,False,,2023-01-16
CRAVIOTO,2023-01-21,90659,1.0,paq,ferrero rocher T-10,69.63,69.63,CHOCOLATE,14,876,FERRERO ROCHER T-10,False,,2023-01-16
CRAVIOTO,2023-01-21,90659,1.0,paq,dlr malv c/chocolate 32 pz,61.67,61.67,CHOCOLATE,14,877,DLR MALV C/CHOCOLATE 32 PZ,False,,2023-01-16
CRAVIOTO,2023-01-21,90659,1.0,paq,turin tubo baileys 200 g,109.68,109.68,CHOCOLATE,14,878,TURIN TUBO BAILEYS 200 G,False,,2023-01-16
CRAVIOTO,2023-01-21,90659,1.0,paq,alegria capacillo golosinas,37.58,37.58,CAPACILLOS,14,879,ALEGRIA CAPACILLO GOLOSINAS,False,,2023-01-16
CRAVIOTO,2023-01-21,90659,1.0,paq,turin conejos mini 120 gr,54.62,54.62,CHOCOLATE,14,880,TURIN CONEJOS MINI 120 GR,False,,2023-01-16
CRAVIOTO,2023-01-21,90659,1.0,pz,inix contenedor mantecadas 25 pz,179.32,179.32,EMPAQUE,14,881,INIX CONTENEDOR MANTECADAS 25 PZ,False,,2023-01-16
PARISINA,2023-01-21,32048,1.0,mt,liston bolas dif,19.96,19.96,OTROS,14,882,LISTON BOLAS DIF,False,,2023-01-16
CRAVIOTO,2023-01-21,90659,1.0,pz,celofan 9x12 100 pz,14.94,14.94,CONSUMIBLES,14,883,CELOFAN 9X12 100 PZ,False,,2023-01-16
B. AURRERA,2023-01-20,92131018272832600000,1.0,pz,cl corta u,24.0,24.0,HERRAMIENTA,14,884,CL CORTA U,False,,2023-01-16
REPOSTEARTE,2023-01-19,ND,1.0,pz,molde ,35.0,35.0,HERRAMIENTA,14,885,MOLDE,False,,2023-01-16
MEGA PLAST,2023-01-19,385588,100.0,g,Confitier semiamargo TURIN,22.0,220.0,CHOCOLATE,14,886,CONFITIER SEMIAMARGO TURIN,False,,2023-01-16
MEGA PLAST,2023-01-19,385588,300.0,g,chips blanco alpezzi,45.0,150.0,CHOCOLATE,14,887,CHIPS BLANCO ALPEZZI,False,,2023-01-16
REPOSTEARTE,2023-01-19,ND,1.0,kg,Foundant,83.0,83.0,FONDANT,14,888,FOUNDANT,False,,2023-01-16
MEGA PLAST,2023-01-19,385588,1.0,kg,Tegral Satin Red Velvet Puratos,65.0,65.0,HARINA,RED VELVET,889,TEGRAL SATIN RED VELVET PURATOS,False,,2023-01-16
MEGA PLAST,2023-01-19,385588,200.0,g,kiss leche,64.0,320.0,CHOCOLATE,14,890,KISS LECHE,False,,2023-01-16
MEGA PLAST,2023-01-19,385588,100.0,g,chips rojo alpezzi c/,15.0,150.0,CHOCOLATE,14,891,CHIPS ROJO ALPEZZI C/,False,,2023-01-16
REPOSTEARTE,2023-01-19,ND,1.0,pz,base 28 cm,11.5,11.5,BASES,14,892,BASE 28 CM,False,,2023-01-16
REPOSTEARTE,2023-01-19,ND,1.0,pz,caja acetato,26.0,26.0,EMPAQUE,14,893,CAJA ACETATO,False,,2023-01-16
REPOSTEARTE,2023-01-19,ND,1.0,pz,caja acetato,24.0,24.0,EMPAQUE,14,894,CAJA ACETATO,False,,2023-01-16
REPOSTEARTE,2023-01-19,ND,1.0,pz,caja acetato,26.0,26.0,EMPAQUE,14,895,CAJA ACETATO,False,,2023-01-16
MEGA PLAST,2023-01-19,385588,1.0,pz,Crema para batir ambiante 1 lt,63.0,63.0,AMBIANTE,14,896,CREMA PARA BATIR AMBIANTE 1 LT,False,,2023-01-16
B. AURRERA,2023-01-17,196483219050650408305,1.0,paq,oreo charo,33.0,33.0,GALLETAS,14,897,OREO CHARO,False,,2023-01-16
B. AURRERA,2023-01-12,22812842646906765210,1.0,pz,gv durazno,45.0,45.0,RELLENO,14,898,GV DURAZNO,False,,2023-01-09
B. AURRERA,2023-01-12,22812842646906765210,4.0,paq,iberia,49.0,12.25,MANTEQUILLA,14,899,IBERIA,False,,2023-01-09
MEGA PLAST,2023-01-10,384225,1.0,kg,Easy pastel tres leches,65.0,65.0,HARINA,CHOCOLATE,900,EASY PASTEL TRES LECHES,False,,2023-01-09
MEGA PLAST,2023-01-10,384224,300.0,g,chips blanco alpezzi,45.0,150.0,CHOCOLATE,14,901,CHIPS BLANCO ALPEZZI,False,,2023-01-09
MEGA PLAST,2023-01-10,384224,1.0,kg,Easy pastel tres leches,65.0,65.0,HARINA,CHOCOLATE,902,EASY PASTEL TRES LECHES,False,,2023-01-09
REPOSTEARTE,2023-01-10,ND,1.0,pz,base 33x33,52.0,52.0,BASES,14,903,BASE 33X33,False,,2023-01-09
MEGA PLAST,2023-01-10,384224,1.0,pz,relleno zarzamora puratos,52.0,52.0,RELLENO,14,904,RELLENO ZARZAMORA PURATOS,False,,2023-01-09
MEGA PLAST,2023-01-07,383788,1.0,kg,Tegral Satin Creme ca ,51.0,51.0,HARINA,VAINILLA,905,TEGRAL SATIN CREME CA,False,,2023-01-02
DULCERIA,2023-01-07,29208,2.0,paq,kit kat 9 pz,248.4,124.2,CHOCOLATE,14,906,KIT KAT 9 PZ,False,,2023-01-02
REPOSTEARTE,2023-01-07,ND,2.0,paq,capacillos,30.0,15.0,CAPACILLOS,14,907,CAPACILLOS,False,,2023-01-02
REPOSTEARTE,2023-01-07,ND,1.0,paq,capacillos,56.0,56.0,CAPACILLOS,14,908,CAPACILLOS,False,,2023-01-02
MEGA PLAST,2023-01-07,383788,1.0,pz,plato rigido negro re,16.0,16.0,OTROS,14,909,PLATO RIGIDO NEGRO RE,False,,2023-01-02
MEGA PLAST,2023-01-07,383788,1.0,pz,domo alto 33 cm inix,10.0,10.0,EMPAQUE,14,910,DOMO ALTO 33 CM INIX,False,,2023-01-02
MEGA PLAST,2023-01-07,383788,1.0,pz,durazno en almibar na,45.0,45.0,RELLENO,14,911,DURAZNO EN ALMIBAR NA,False,,2023-01-02
MEGA PLAST,2023-01-07,383788,250.0,g,Confitier semiamargo TURIN,55.0,220.0,CHOCOLATE,14,912,CONFITIER SEMIAMARGO TURIN,False,,2023-01-02
MEGA PLAST,2023-01-07,383788,1.0,pz,nutella grande 650 gr,99.0,99.0,RELLENO,14,913,NUTELLA GRANDE 650 GR,False,,2023-01-02
MEGA PLAST,2023-01-07,383788,2.0,kg,Tegral Satin Creme ca ,122.0,61.0,HARINA,CHOCOLATE,914,TEGRAL SATIN CREME CA,False,,2023-01-02
ESTRELLA,2023-01-06,0101,100.0,g,confeti,45.0,450.0,DECORACION,14,915,CONFETI,False,,2023-01-02
MEGA PLAST,2023-01-06,383508,1.0,pz,Tapa Reyma c/50,28.0,28.0,OTROS,14,916,TAPA REYMA C/50,False,,2023-01-02
MEGA PLAST,2023-01-06,383508,1.0,kg,Tegral Satin Red Velvet Puratos,65.0,65.0,HARINA,RED VELVET,917,TEGRAL SATIN RED VELVET PURATOS,False,,2023-01-02
MEGA PLAST,2023-01-06,383508,1.0,pz,Vaso 4 ancho reyma C/,29.0,29.0,OTROS,14,918,VASO 4 ANCHO REYMA C/,False,,2023-01-02
MUEBLERIA,2023-01-04,1490,1.0,pz,Locker despensero chocolate,2500.0,2500.0,MUEBLES,14,919,LOCKER DESPENSERO CHOCOLATE,False,,2023-01-02
REPOSTEARTE,2023-01-04,ND,1.0,kit,9 colores,290.0,290.0,COLORANTES,14,920,9 COLORES,False,,2023-01-02
MEGA PLAST,2023-01-04,383156,100.0,g,Chips Linea Horneas A,15.0,150.0,OTROS,14,921,CHIPS LINEA HORNEAS A,False,,2023-01-02
MEGA PLAST,2023-01-04,383156,100.0,g,Granillo Turin Semi amargo,22.0,220.0,CHOCOLATE,14,922,GRANILLO TURIN SEMI AMARGO,False,,2023-01-02
MEGA PLAST,2023-01-04,383156,100.0,g,Confitier semiamargo TURIN,22.0,220.0,CHOCOLATE,14,923,CONFITIER SEMIAMARGO TURIN,False,,2023-01-02
B. AURRERA,2023-01-02,9567727253555085134728,1.0,paq,oreo 273.6,28.5,28.5,GALLETAS,14,924,OREO 273.6,False,,2023-01-02
B. AURRERA,2023-01-02,9567727253555085134728,1.0,paq,Carlos V stk,18.5,18.5,CHOCOLATE,14,925,CARLOS V STK,False,,2023-01-02
REPOSTEARTE,2023-01-01,ND,1.0,pz,corazon chico,18.0,18.0,HERRAMIENTA,14,926,CORAZON CHICO,False,,2022-12-26
REPOSTEARTE,2023-01-01,ND,3.0,kg,Foundant,249.0,83.0,FONDANT,14,927,FOUNDANT,False,,2022-12-26
REPOSTEARTE,2023-01-01,ND,1.0,pz,base 25 cm doble,27.0,27.0,BASES,14,928,BASE 25 CM DOBLE,False,,2022-12-26
REPOSTEARTE,2023-01-01,ND,1.0,pz,cortador,35.0,35.0,HERRAMIENTA,14,929,CORTADOR,False,,2022-12-26
REPOSTEARTE,2023-01-01,ND,1.0,pz,molde f 16,56.0,56.0,HERRAMIENTA,14,930,MOLDE F 16,False,,2022-12-26
REPOSTEARTE,2023-01-01,ND,2.0,paq,mangas chicas,10.0,5.0,CONSUMIBLES,14,931,MANGAS CHICAS,False,,2022-12-26
REPOSTEARTE,2023-01-01,ND,1.0,pz,conejo mediano,20.0,20.0,HERRAMIENTA,14,932,CONEJO MEDIANO,False,,2022-12-26
REPOSTEARTE,2023-01-01,ND,1.0,pz,caja 17x11x3,21.0,21.0,EMPAQUE,14,933,CAJA 17X11X3,False,,2022-12-26
REPOSTEARTE,2023-01-01,ND,1.0,paq,mangas,45.0,45.0,CONSUMIBLES,14,934,MANGAS,False,,2022-12-26
MEGA PLAST,2022-12-29,382245,1.0,kg,Fecula de maíz,22.0,22.0,HORNEADO,14,935,FECULA DE MAIZ,False,,2022-12-26
MEGA PLAST,2022-12-29,382245,1.0,kg,Easy pastel tres leches,65.0,65.0,HARINA,CHOCOLATE,936,EASY PASTEL TRES LECHES,False,,2022-12-26
GASERA,2022-12-29,ND,10.0,lts,Gas LP,100.6,10.06,COMBUSTIBLE,14,937,GAS LP,False,,2022-12-26
OXXO,2022-12-29,ND,1.0,pz,aceite,46.9,46.9,ACEITE,14,938,ACEITE,False,,2022-12-26
REPOSTEARTE,2022-12-28,ND,1.0,pz,matizador,70.0,70.0,DECORACION,14,939,MATIZADOR,False,,2022-12-26
MEGA PLAST,2022-12-26,381786,2.0,Kg,Tegral Satin Creme ca ,102.0,51.0,HARINA,VAINILLA,940,TEGRAL SATIN CREME CA,False,,2022-12-26
REPOSTEARTE,2022-12-26,ND,1.0,pz,Molde F 28cm,118.0,118.0,HERRAMIENTA,14,941,MOLDE F 28CM,False,,2022-12-26
REPOSTEARTE,2022-12-26,ND,1.0,pz,entrepiso,15.0,15.0,BASES,14,942,ENTREPISO,False,,2022-12-26
REPOSTEARTE,2022-12-26,ND,1.0,pz,base 36cm doble,50.0,50.0,BASES,14,943,BASE 36CM DOBLE,False,,2022-12-26
REPOSTEARTE,2022-12-26,ND,2.0,kg,Foundant,166.0,83.0,FONDANT,14,944,FOUNDANT,False,,2022-12-26
REPOSTEARTE,2022-12-26,ND,1.0,pz,Transfer,45.0,45.0,DECORACION,14,945,TRANSFER,False,,2022-12-26
MEGA PLAST,2022-12-26,381786,1.0,pz,relleno fresa frutifru,49.5,49.5,RELLENO,14,946,RELLENO FRESA FRUTIFRU,False,,2022-12-26
MEGA PLAST,2022-12-26,381786,5.0,kg,Crema tipo chantilli,205.0,41.0,CHANTILLY,14,947,CREMA TIPO CHANTILLI,False,,2022-12-26
MEGA PLAST,2022-12-26,381786,1.0,Kg,queso crema suelto,155.0,155.0,QUESO CREMA,14,948,QUESO CREMA SUELTO,False,,2022-12-26
OXXO,2022-12-24,132305,1.0,pz,qsocremaphilade 200g,39.5,39.5,QUESO CREMA,14,949,QSOCREMAPHILADE 200G,False,,2022-12-19
REPOSTEARTE,2022-12-23,ND,50.0,g,estrellas,33.0,660.0,DECORACION,14,950,ESTRELLAS,False,,2022-12-19
MEGA PLAST,2022-12-23,381462,1.0,pz,Nutella chica 350 grs,65.0,65.0,RELLENO,14,951,NUTELLA CHICA 350 GRS,False,,2022-12-19
MEGA PLAST,2022-12-23,381462,200.0,gr,nuez pedazo,56.0,280.0,DULCERIA,14,952,NUEZ PEDAZO,False,,2022-12-19
TIENDAS TRES B,2022-12-22,408,1.0,paq,huevo cresta roj,33.5,33.5,HUEVO,14,953,HUEVO CRESTA ROJ,False,,2022-12-19
B. AURRERA,2022-12-22,67195680148367507614,2.0,pz,chantilli dull,122.0,61.0,CHANTILLY,14,954,CHANTILLI DULL,False,,2022-12-19
REPOSTEARTE,2022-12-21,ND,1.0,pz,base 40 cm doble,55.0,55.0,BASES,14,955,BASE 40 CM DOBLE,False,,2022-12-19
REPOSTEARTE,2022-12-21,ND,5.0,kg,Foundant,415.0,83.0,FONDANT,14,956,FOUNDANT,False,,2022-12-19
ESTRELLA,2022-12-21,08883,50.0,gr,perla,20.0,400.0,DECORACION,14,957,PERLA,False,,2022-12-19
REPOSTEARTE,2022-12-21,ND,50.0,gr,perlas,18.0,360.0,DECORACION,14,958,PERLAS,False,,2022-12-19
REPOSTEARTE,2022-12-21,ND,1.0,pz,entrepiso 34 cm,15.0,15.0,BASES,14,959,ENTREPISO 34 CM,False,,2022-12-19
REPOSTEARTE,2022-12-21,ND,1.0,pz,base 26 cm,9.5,9.5,BASES,14,960,BASE 26 CM,False,,2022-12-19
REPOSTEARTE,2022-12-21,ND,1.0,pz,encaje,35.0,35.0,DECORACION,14,961,ENCAJE,False,,2022-12-19
REPOSTEARTE,2022-12-21,ND,1.0,pz,encaje,48.0,48.0,DECORACION,14,962,ENCAJE,False,,2022-12-19
MEGA PLAST,2022-12-21,380921,1.0,kg,Tegral Satin Creme ca ,61.0,61.0,HARINA,CHOCOLATE,963,TEGRAL SATIN CREME CA,False,,2022-12-19
MEGA PLAST,2022-12-21,380921,1.0,kg,Tegral Satin Red Velvet Puratos,65.0,65.0,HARINA,RED VELVET,964,TEGRAL SATIN RED VELVET PURATOS,False,,2022-12-19
MEGA PLAST,2022-12-21,380921,100.0,gr,Confitier semiamargo TURIN,22.0,220.0,CHOCOLATE,14,965,CONFITIER SEMIAMARGO TURIN,False,,2022-12-19
MEGA PLAST,2022-12-21,380921,1.0,pz,color liquido surtido,12.0,12.0,COLORANTES,14,966,COLOR LIQUIDO SURTIDO,False,,2022-12-19
ESTRELLA,2022-12-21,08883,3.0,kg,red velvet,120.0,40.0,HARINA,RED VELVET,967,RED VELVET,False,,2022-12-19
REPOSTEARTE,2022-12-21,ND,1.0,pz,matizador,65.0,65.0,DECORACION,14,968,MATIZADOR,False,,2022-12-19
B. AURRERA,2022-12-19,7878668926629189327846,1.0,pz,GV azucar,28.0,28.0,AZUCAR,14,969,GV AZUCAR,False,,2022-12-19
B. AURRERA,2022-12-19,7878668926629189327846,2.0,pz,AC AU800,74.0,37.0,DECORACION,14,970,AC AU800,False,,2022-12-19
B. AURRERA,2022-12-19,7878668926629189327846,1.0,pz,chantilli dull,61.0,61.0,CHANTILLY,14,971,CHANTILLI DULL,False,,2022-12-19
MEGA PLAST,2022-12-14,379680,100.0,gr,chocolate blanco sica,24.0,240.0,CHOCOLATE,14,972,CHOCOLATE BLANCO SICA,False,,2022-12-12
ESTRELLA,2022-12-14,1176,1.0,kg,Rich Piña Colada,40.0,40.0,RELLENO,14,973,RICH PINA COLADA,False,,2022-12-12
MEGA PLAST,2022-12-14,379680,1.0,pz,Queso philadelphia,35.0,35.0,QUESO CREMA,14,974,QUESO PHILADELPHIA,False,,2022-12-12
REPOSTEARTE,2022-12-14,ND,6.0,pz,Transfer,270.0,45.0,DECORACION,14,975,TRANSFER,False,,2022-12-12
REPOSTEARTE,2022-12-14,ND,1.0,kg,Foundant,83.0,83.0,FONDANT,14,976,FOUNDANT,False,,2022-12-12
MEGA PLAST,2022-12-14,379680,1.0,pz,color liquido surtido,12.0,12.0,COLORANTES,14,977,COLOR LIQUIDO SURTIDO,False,,2022-12-12
REPOSTEARTE,2022-12-14,ND,1.0,pz,Diamantina,48.0,48.0,DECORACION,14,978,DIAMANTINA,False,,2022-12-12
B. AURRERA,2022-12-12,54869586723293034937,1.0,paq,rk malv,40.0,40.0,DULCERIA,14,979,RK MALV,False,,2022-12-12
MEGA PLAST,2022-12-11,379085,1.0,pz,color liquido surtido,12.0,12.0,COLORANTES,14,980,COLOR LIQUIDO SURTIDO,False,,2022-12-05
MEGA PLAST,2022-12-11,379085,1.0,pz,Crema para batir ambiante 1 lt,63.0,63.0,AMBIANTE,14,981,CREMA PARA BATIR AMBIANTE 1 LT,False,,2022-12-05
MEGA PLAST,2022-12-11,379085,1.0,pz,Queso philadelphia,35.0,35.0,QUESO CREMA,14,982,QUESO PHILADELPHIA,False,,2022-12-05
SHEIN,2022-12-11,ND,1.0,pz,"Cortadores, Moldes y Duyas",463.0,463.0,HERRAMIENTA,14,983,"CORTADORES, MOLDES Y DUYAS",False,,2022-12-05
MEGA PLAST,2022-12-11,379085,1.0,kg,tregal satin creme ca,51.0,51.0,HARINA,VAINILLA,984,TREGAL SATIN CREME CA,False,,2022-12-05
B. AURRERA,2022-12-10,47655576971451212539,1.0,paq,chantilli dull,61.0,61.0,CHANTILLY,14,985,CHANTILLI DULL,False,,2022-12-05
REPOSTEARTE,2022-12-04,ND,2.0,pz,oblea arroz,90.0,45.0,DECORACION,14,986,OBLEA ARROZ,False,,2022-11-28
MEGA PLAST,2022-12-03,377668,200.0,gr,Luneta mini m&m's,44.0,220.0,RELLENO,14,987,LUNETA MINI M&M'S,False,,2022-11-28
MEGA PLAST,2022-12-03,377668,1.0,pz,Domo 1/2 plancha INI,48.0,48.0,EMPAQUE,14,988,DOMO 1/2 PLANCHA INI,False,,2022-11-28
OXXO,2022-12-02,2229335,5.0,pz,huevo,15.0,3.0,HUEVO,14,989,HUEVO,False,,2022-11-28
B. AURRERA,2022-12-01,453152405026926733250,1.0,kg,harina tri,21.0,21.0,HARINA,TRIGO,990,HARINA TRI,False,,2022-11-28
B. AURRERA,2022-12-01,453152405026926733250,1.0,pz,chantilli dull,61.0,61.0,CHANTILLY,14,991,CHANTILLI DULL,False,,2022-11-28
B. AURRERA,2022-12-01,453152405026926733250,1.0,pz,gloria man,63.0,63.0,MANTEQUILLA,14,992,GLORIA MAN,False,,2022-11-28
GASERA,2022-12-01,ND,10.0,lts,Gas LP,120.0,12.0,COMBUSTIBLE,14,993,GAS LP,False,,2022-11-28
GASOLINERIA,2022-12-01,ND,10.0,lts,Gasolina,210.9,21.09,COMBUSTIBLE,14,994,GASOLINA,False,,2022-11-28
B. AURRERA,2022-12-01,ND,1.0,pz,aceite,40.0,40.0,ACEITE,14,995,ACEITE,False,,2022-11-28
TIENDA,2022-12-01,ND,2.0,kg,Huevo,80.0,40.0,HUEVO,14,996,HUEVO,False,,2022-11-28
B. AURRERA,2022-12-01,453152405026926733250,1.0,paq,oreo 273.6,21.5,21.5,GALLETAS,14,997,OREO 273.6,False,,2022-11-28
REPOSTEARTE,2022-11-30,ND,50.0,gr,perlas,18.0,360.0,DECORACION,14,998,PERLAS,False,,2022-11-28
REPOSTEARTE,2022-11-30,ND,1.0,paq,capacillos,10.0,10.0,CAPACILLOS,14,999,CAPACILLOS,False,,2022-11-28
REPOSTEARTE,2022-11-30,ND,1.0,paq,capacillos,58.0,58.0,CAPACILLOS,14,1000,CAPACILLOS,False,,2022-11-28
REPOSTEARTE,2022-11-30,ND,2.0,kg,Foundant,166.0,83.0,FONDANT,14,1001,FOUNDANT,False,,2022-11-28
REPOSTEARTE,2022-11-30,ND,1.0,pz,base 32cm doble,45.0,45.0,BASES,14,1002,BASE 32CM DOBLE,False,,2022-11-28
B. AURRERA,2022-11-29,850182706046920771200,2.0,paq,mini m&m's,110.0,55.0,CHOCOLATE,14,1003,MINI M&M'S,False,,2022-11-28
B. AURRERA,2022-11-29,850182706046920771200,1.0,pz,sabrosano,45.5,45.5,ACEITE,14,1004,SABROSANO,False,,2022-11-28
B. AURRERA,2022-11-29,850182706046920771200,1.0,paq,Carlos V stk,25.0,25.0,CHOCOLATE,14,1005,CARLOS V STK,False,,2022-11-28
B. AURRERA,2022-11-25,617064447238548987402,1.0,pz,chantilli dull,61.0,61.0,CHANTILLY,14,1006,CHANTILLI DULL,False,,2022-11-21
REPOSTEARTE,2022-11-24,ND,50.0,gr,perla plateada,17.5,350.0,DECORACION,14,1007,PERLA PLATEADA,False,,2022-11-21
REPOSTEARTE,2022-11-24,ND,1.0,pz,matizador,75.0,75.0,DECORACION,14,1008,MATIZADOR,False,,2022-11-21
REPOSTEARTE,2022-11-24,ND,1.0,kg,Foundant,83.0,83.0,FONDANT,14,1009,FOUNDANT,False,,2022-11-21
MEGA PLAST,2022-11-18,375046,100.0,gr,Granillo alpessi colo,12.0,120.0,CHOCOLATE,14,1010,GRANILLO ALPESSI COLO,False,,2022-11-14
REPOSTEARTE,2022-11-18,ND,1.0,pz,Transfer,45.0,45.0,DECORACION,14,1011,TRANSFER,False,,2022-11-14
MEGA PLAST,2022-11-18,375046,1.0,pz,Crema para batir ambiante 1 lt,63.0,63.0,AMBIANTE,14,1012,CREMA PARA BATIR AMBIANTE 1 LT,False,,2022-11-14
REPOSTEARTE,2022-11-18,ND,1.0,pz,base 30 cm,14.5,14.5,BASES,14,1013,BASE 30 CM,False,,2022-11-14
MEGA PLAST,2022-11-11,373741,1.0,pz,Crema batida chantilli ASTURIAS,54.0,54.0,CHANTILLY,14,1014,CREMA BATIDA CHANTILLI ASTURIAS,False,,2022-11-07
REPOSTEARTE,2022-11-11,ND,1.0,paq,soportes,70.0,70.0,DECORACION,14,1015,SOPORTES,False,,2022-11-07
REPOSTEARTE,2022-11-11,ND,1.0,pz,entrepiso,11.5,11.5,BASES,14,1016,ENTREPISO,False,,2022-11-07
REPOSTEARTE,2022-11-10,ND,1.0,pz,base 26 cm,9.0,9.0,BASES,14,1017,BASE 26 CM,False,,2022-11-07
MEGA PLAST,2022-11-10,373552,1.0,kg,Tegral Satin Red Velvet Puratos,65.0,65.0,HARINA,RED VELVET,1018,TEGRAL SATIN RED VELVET PURATOS,False,,2022-11-07
REPOSTEARTE,2022-11-10,ND,1.0,paq,encaje,55.0,55.0,DECORACION,14,1019,ENCAJE,False,,2022-11-07
MEGA PLAST,2022-11-10,373552,100.0,gr,chocolate blanco sica,21.0,210.0,CHOCOLATE,14,1020,CHOCOLATE BLANCO SICA,False,,2022-11-07
MEGA PLAST,2022-11-10,373552,1.0,kg,Tegral Satin Creme ca ,51.0,51.0,HARINA,VAINILLA,1021,TEGRAL SATIN CREME CA,False,,2022-11-07
REPOSTEARTE,2022-11-10,ND,2.0,kg,Foundant,166.0,83.0,FONDANT,14,1022,FOUNDANT,False,,2022-11-07
MEGA PLAST,2022-11-10,373552,1.0,pz,relleno zarzamora puratos,52.0,52.0,RELLENO,14,1023,RELLENO ZARZAMORA PURATOS,False,,2022-11-07
B. AURRERA,2022-11-10,ILEGIBLE,2.0,pz,chocolate,33.0,16.5,CHOCOLATE,14,1024,CHOCOLATE,False,,2022-11-07
MEGA PLAST,2022-11-10,373552,100.0,gr,goma aro durazno luck,15.0,150.0,RELLENO,14,1025,GOMA ARO DURAZNO LUCK,False,,2022-11-07
MEGA PLAST,2022-11-10,373552,1.0,pz,Nutella chica 350 grs,65.0,65.0,RELLENO,14,1026,NUTELLA CHICA 350 GRS,False,,2022-11-07
B. AURRERA,2022-11-07,301423710571630400335,1.0,pz,Carlos V stk,25.0,25.0,CHOCOLATE,14,1027,CARLOS V STK,False,,2022-11-07
B. AURRERA,2022-11-07,301423710571630400335,1.0,pz,chantilli dull,61.0,61.0,CHANTILLY,14,1028,CHANTILLI DULL,False,,2022-11-07
TIENDA,2022-11-01,ND,2.0,kg,Huevo,80.0,40.0,HUEVO,14,1029,HUEVO,False,,2022-10-31
GASERA,2022-11-01,ND,10.0,lts,Gas LP,120.0,12.0,COMBUSTIBLE,14,1030,GAS LP,False,,2022-10-31
GASOLINERIA,2022-11-01,ND,10.0,lts,Gasolina,210.9,21.09,COMBUSTIBLE,14,1031,GASOLINA,False,,2022-10-31
SHEIN,2022-10-31,ND,1.0,pz,"Pegatinas, Moldes, Rejilla, Duya",316.0,316.0,HERRAMIENTA,14,1032,"PEGATINAS, MOLDES, REJILLA, DUYA",False,,2022-10-31
MEGA PLAST,2022-10-26,370992,1.0,kg,huevo blanco san juan,43.0,43.0,HUEVO,14,1033,HUEVO BLANCO SAN JUAN,False,,2022-10-24
REPOSTEARTE,2022-10-26,ND,1.0,pz,base 28 cm,11.5,11.5,BASES,14,1034,BASE 28 CM,False,,2022-10-24
REPOSTEARTE,2022-10-26,ND,2.0,cj,para 12 cupcakes,37.0,18.5,EMPAQUE,14,1035,PARA 12 CUPCAKES,False,,2022-10-24
REPOSTEARTE,2022-10-26,ND,1.0,pz,Transfer,45.0,45.0,DECORACION,14,1036,TRANSFER,False,,2022-10-24
REPOSTEARTE,2022-10-26,ND,1.0,pz,cortadores,140.0,140.0,HERRAMIENTA,14,1037,CORTADORES,False,,2022-10-24
MEGA PLAST,2022-10-26,370992,1.0,pz,Queso philadelphia,35.0,35.0,QUESO CREMA,14,1038,QUESO PHILADELPHIA,False,,2022-10-24
MEGA PLAST,2022-10-26,370992,1.0,pz,Crema para batir ambiante 1 lt,63.0,63.0,AMBIANTE,14,1039,CREMA PARA BATIR AMBIANTE 1 LT,False,,2022-10-24
REPOSTEARTE,2022-10-20,ND,1.0,pz,pincel,10.0,10.0,HERRAMIENTA,14,1040,PINCEL,False,,2022-10-17
MEGA PLAST,2022-10-20,369790,1.0,pz,Nutella chica 350 grs,65.0,65.0,RELLENO,14,1041,NUTELLA CHICA 350 GRS,False,,2022-10-17
MEGA PLAST,2022-10-20,369790,500.0,gr,Confitier semiamargo TURIN,110.0,220.0,CHOCOLATE,14,1042,CONFITIER SEMIAMARGO TURIN,False,,2022-10-17
MEGA PLAST,2022-10-20,369790,1.0,kg,Tegral Satin Creme ca ,61.0,61.0,HARINA,CHOCOLATE,1043,TEGRAL SATIN CREME CA,False,,2022-10-17
MEGA PLAST,2022-10-20,369790,1.0,kg,Tegral Satin Red Velvet Puratos,58.0,58.0,HARINA,RED VELVET,1044,TEGRAL SATIN RED VELVET PURATOS,False,,2022-10-17
REPOSTEARTE,2022-10-20,ND,1.0,pz,pegamento de fondant,65.0,65.0,DECORACION,14,1045,PEGAMENTO DE FONDANT,False,,2022-10-17
REPOSTEARTE,2022-10-20,ND,2.0,pz,bases 28 cm,23.0,11.5,BASES,14,1046,BASES 28 CM,False,,2022-10-17
REPOSTEARTE,2022-10-18,ND,1.0,paq,capacillos,56.0,56.0,CAPACILLOS,14,1047,CAPACILLOS,False,,2022-10-17
REPOSTEARTE,2022-10-18,ND,1.0,pz,base 28 cm,11.5,11.5,BASES,14,1048,BASE 28 CM,False,,2022-10-17
REPOSTEARTE,2022-10-18,ND,1.0,paq,capacillos,25.0,25.0,CAPACILLOS,14,1049,CAPACILLOS,False,,2022-10-17
MEGA PLAST,2022-10-18,369427,2.0,pz,domo 1/4 plancha,50.0,25.0,EMPAQUE,14,1050,DOMO 1/4 PLANCHA,False,,2022-10-17
MEGA PLAST,2022-10-18,369427,1.0,kg,Easy pastel tres leches,53.0,53.0,HARINA,VAINILLA,1051,EASY PASTEL TRES LECHES,False,,2022-10-17
REPOSTEARTE,2022-10-08,ND,1.0,paq,capacillos,25.0,25.0,CAPACILLOS,14,1052,CAPACILLOS,False,,2022-10-03
REPOSTEARTE,2022-10-08,ND,1.0,paq,capacillos,45.0,45.0,CAPACILLOS,14,1053,CAPACILLOS,False,,2022-10-03
GASERA,2022-10-01,ND,10.0,lts,Gas LP,120.0,12.0,COMBUSTIBLE,14,1054,GAS LP,False,,2022-09-26
GASOLINERIA,2022-10-01,ND,10.0,lts,Gasolina,210.9,21.09,COMBUSTIBLE,14,1055,GASOLINA,False,,2022-09-26
TIENDA,2022-10-01,ND,1.0,kg,Huevo,40.0,40.0,HUEVO,14,1056,HUEVO,False,,2022-09-26
B. AURRERA,2022-10-01,ND,1.0,pz,aceite,40.0,40.0,ACEITE,14,1057,ACEITE,False,,2022-09-26
B. AURRERA,2022-10-01,05931686102812624133,1.0,pz,chocolate,20.0,20.0,CHOCOLATE,14,1058,CHOCOLATE,False,,2022-09-26
B. AURRERA,2022-09-30,957659127983293068947,1.0,pz,Philly Qso,30.5,30.5,QUESO CREMA,14,1059,PHILLY QSO,False,,2022-09-26
B. AURRERA,2022-09-30,957659127983293068947,1.0,paq,marg245g,39.5,39.5,MANTEQUILLA,14,1060,MARG245G,False,,2022-09-26
B. AURRERA,2022-09-30,957659127983293068947,1.0,paq,gloria man,22.5,22.5,MANTEQUILLA,14,1061,GLORIA MAN,False,,2022-09-26
B. AURRERA,2022-09-30,957659127983293068947,1.0,kg,harina tri,20.0,20.0,HARINA,TRIGO,1062,HARINA TRI,False,,2022-09-26
B. AURRERA,2022-09-30,957659127983293068947,1.0,paq,oreo 273.6,21.5,21.5,GALLETAS,14,1063,OREO 273.6,False,,2022-09-26
B. AURRERA,2022-09-30,957659127983293068947,1.0,paq,oreo vainilla,21.5,21.5,GALLETAS,14,1064,OREO VAINILLA,False,,2022-09-26
B. AURRERA,2022-09-30,957659127983293068947,1.0,pz,chantilli dull,61.0,61.0,CHANTILLY,14,1065,CHANTILLI DULL,False,,2022-09-26
REPOSTEARTE,2022-09-28,ND,1.0,pz,Transfer,45.0,45.0,DECORACION,14,1066,TRANSFER,False,,2022-09-26
MEGA PLAST,2022-09-28,365578,300.0,gr,Confitier semiamargo TURIN,66.0,220.0,CHOCOLATE,14,1067,CONFITIER SEMIAMARGO TURIN,False,,2022-09-26
REPOSTEARTE,2022-09-28,ND,1.0,Kg,Foundant,85.0,85.0,FONDANT,14,1068,FOUNDANT,False,,2022-09-26
MEGA PLAST,2022-09-28,365578,1.0,pz,Queso philadelphia,35.0,35.0,QUESO CREMA,14,1069,QUESO PHILADELPHIA,False,,2022-09-26
REPOSTEARTE,2022-09-28,ND,1.0,pz,pincel,10.0,10.0,HERRAMIENTA,14,1070,PINCEL,False,,2022-09-26
REPOSTEARTE,2022-09-28,ND,1.0,pz,base 28 cm,11.5,11.5,BASES,14,1071,BASE 28 CM,False,,2022-09-26
MEGA PLAST,2022-09-28,365578,1.0,kg,huevo blanco san juan,43.0,43.0,HUEVO,14,1072,HUEVO BLANCO SAN JUAN,False,,2022-09-26
MEGA PLAST,2022-09-28,365578,1.0,pz,color liquido surtido,12.0,12.0,COLORANTES,14,1073,COLOR LIQUIDO SURTIDO,False,,2022-09-26
MEGA PLAST,2022-09-25,365039,1.0,pz,relleno fresa frutifru,49.5,49.5,RELLENO,14,1074,RELLENO FRESA FRUTIFRU,False,,2022-09-19
MEGA PLAST,2022-09-25,365039,1.0,kg,Tegral Satin Creme ca ,61.0,61.0,HARINA,CHOCOLATE,1075,TEGRAL SATIN CREME CA,False,,2022-09-19
MEGA PLAST,2022-09-24,364852,1.0,paq,ferrero,66.0,66.0,CHOCOLATE,14,1076,FERRERO,False,,2022-09-19
MEGA PLAST,2022-09-24,364852,1.0,paq,capacillos,56.0,56.0,CAPACILLOS,14,1077,CAPACILLOS,False,,2022-09-19
MEGA PLAST,2022-09-24,364852,1.0,paq,velas,50.0,50.0,OTROS,14,1078,VELAS,False,,2022-09-19
MEGA PLAST,2022-09-24,364852,2.0,kg,chantilly,132.0,66.0,CHANTILLY,14,1079,CHANTILLY,False,,2022-09-19
MEGA PLAST,2022-09-24,364852,1.0,Kg,harina Red velvet esp,40.0,40.0,HARINA,RED VELVET,1080,HARINA RED VELVET ESP,False,,2022-09-19
MEGA PLAST,2022-09-24,364852,1.0,Kg,huevo blanco san juan,43.0,43.0,HUEVO,14,1081,HUEVO BLANCO SAN JUAN,False,,2022-09-19
MEGA PLAST,2022-09-21,364247,4.0,pz,Domo mantecada 12 cavidades,64.0,16.0,EMPAQUE,14,1082,DOMO MANTECADA 12 CAVIDADES,False,,2022-09-19
MEGA PLAST,2022-09-21,364247,1.0,paq,cacahuate español,15.0,15.0,OTROS,14,1083,CACAHUATE ESPANOL,False,,2022-09-19
MEGA PLAST,2022-09-21,364247,1.0,Kg,azucar estandar,20.0,20.0,AZUCAR,14,1084,AZUCAR ESTANDAR,False,,2022-09-19
B. AURRERA,2022-09-20,33759525869551451259599,1.0,pz,chantilli dull,61.0,61.0,CHANTILLY,14,1085,CHANTILLI DULL,False,,2022-09-19
B. AURRERA,2022-09-20,33759525869551451259599,2.0,pz,sabrosano,80.0,40.0,ACEITE,14,1086,SABROSANO,False,,2022-09-19
B. AURRERA,2022-09-20,33759525869551451259599,1.0,pz,gv barq ch,34.0,34.0,DECORACION,14,1087,GV BARQ CH,False,,2022-09-19
B. AURRERA,2022-09-20,33759525869551451259599,1.0,pz,Philly Qso,30.5,30.5,QUESO CREMA,14,1088,PHILLY QSO,False,,2022-09-19
REPOSTEARTE,2022-09-17,ND,1.0,Kg,Foundant,83.0,83.0,FONDANT,14,1089,FOUNDANT,False,,2022-09-12
REPOSTEARTE,2022-09-17,ND,1.0,pz,base  25 x 35,14.0,14.0,BASES,14,1090,BASE 25 X 35,False,,2022-09-12
MEGA PLAST,2022-09-17,363513,100.0,gr,cocoa hershey's c 1kg,30.0,300.0,CHOCOLATE,14,1091,COCOA HERSHEY'S C 1KG,False,,2022-09-12
MEGA PLAST,2022-09-17,363513,1.0,pz,Nutella chica 350 grs,65.0,65.0,RELLENO,14,1092,NUTELLA CHICA 350 GRS,False,,2022-09-12
MEGA PLAST,2022-09-17,363513,1.0,Kg,Easy pastel tres leches,65.0,65.0,HARINA,CHOCOLATE,1093,EASY PASTEL TRES LECHES,False,,2022-09-12
SHEIN,2022-09-13,ND,1.0,pz,Cortador de Pastel,80.0,80.0,HERRAMIENTA,14,1094,CORTADOR DE PASTEL,False,,2022-09-12
SHEIN,2022-09-13,ND,1.0,pz,pinzas,50.0,50.0,HERRAMIENTA,14,1095,PINZAS,False,,2022-09-12
B. AURRERA,2022-09-11,5573149112212624103,1.0,pz,chantilli dull,61.0,61.0,CHANTILLY,14,1096,CHANTILLI DULL,False,,2022-09-05
MEGA PLAST,2022-09-09,362125,1.0,pz,Nutella chica 350 grs,65.0,65.0,RELLENO,14,1097,NUTELLA CHICA 350 GRS,False,,2022-09-05
MEGA PLAST,2022-09-09,362125,1.0,paq,Brocheta bambco 30 cm,22.0,22.0,DECORACION,14,1098,BROCHETA BAMBCO 30 CM,False,,2022-09-05
REPOSTEARTE,2022-09-09,ND,1.0,pz,base de liston #26,26.0,26.0,BASES,14,1099,BASE DE LISTON #26,False,,2022-09-05
REPOSTEARTE,2022-09-09,ND,1.0,Kg,Foundant,83.0,83.0,FONDANT,14,1100,FOUNDANT,False,,2022-09-05
B. AURRERA,2022-09-03,66555177564351412343,1.0,pz,chocolate,17.0,17.0,CHOCOLATE,14,1101,CHOCOLATE,False,,2022-08-29
REPOSTEARTE,2022-09-02,ND,1.0,paq,capacillos,56.0,56.0,CAPACILLOS,14,1102,CAPACILLOS,False,,2022-08-29
REPOSTEARTE,2022-09-02,ND,1.0,paq,capacillos,20.0,20.0,CAPACILLOS,14,1103,CAPACILLOS,False,,2022-08-29
MEGA PLAST,2022-09-02,360788,1.0,pz,domo 28 cm inix media,11.0,11.0,EMPAQUE,14,1104,DOMO 28 CM INIX MEDIA,False,,2022-08-29
MEGA PLAST,2022-09-02,360788,1.0,paq,plato rigido negro re,11.0,11.0,EMPAQUE,14,1105,PLATO RIGIDO NEGRO RE,False,,2022-08-29
MEGA PLAST,2022-09-02,360788,1.0,pz,relleno zarzamora puratos,52.0,52.0,RELLENO,14,1106,RELLENO ZARZAMORA PURATOS,False,,2022-08-29
MEGA PLAST,2022-09-02,360788,1.0,kg,Easy pastel tres leches,53.0,53.0,HARINA,CHOCOLATE,1107,EASY PASTEL TRES LECHES,False,,2022-08-29
MEGA PLAST,2022-09-02,360788,1.0,pz,Crema para batir ambiante 1 lt,63.0,63.0,AMBIANTE,14,1108,CREMA PARA BATIR AMBIANTE 1 LT,False,,2022-08-29
B. AURRERA,2022-09-01,5775753773551451202549,1.0,pz,lechera,22.5,22.5,LECHERA,14,1109,LECHERA,False,,2022-08-29
B. AURRERA,2022-09-01,5775753773551451202549,1.0,pz,GV glass,38.9,38.9,AZUCAR,GLASS,1110,GV GLASS,False,,2022-08-29
B. AURRERA,2022-09-01,5775753773551451202549,1.0,pz,GV azucar,24.0,24.0,AZUCAR,GLASS,1111,GV AZUCAR,False,,2022-08-29
B. AURRERA,2022-09-01,5775753773551451202549,1.0,pz,vainilla,13.0,13.0,HORNEADO,14,1112,VAINILLA,False,,2022-08-29
B. AURRERA,2022-09-01,5775753773551451202549,1.0,paq,oreo vainilla,21.5,21.5,GALLETAS,14,1113,OREO VAINILLA,False,,2022-08-29
B. AURRERA,2022-09-01,5775753773551451202549,1.0,paq,oreo 273.6,21.5,21.5,GALLETAS,14,1114,OREO 273.6,False,,2022-08-29
B. AURRERA,2022-09-01,5775753773551451202549,1.0,pz,gv a 10w l,29.0,29.0,NO DEFINIDO,14,1115,GV A 10W L,False,,2022-08-29
GASOLINERIA,2022-09-01,ND,10.0,lts,Gasolina,210.9,21.09,COMBUSTIBLE,14,1116,GASOLINA,False,,2022-08-29
GASERA,2022-09-01,ND,10.0,lts,Gas LP,120.0,12.0,COMBUSTIBLE,14,1117,GAS LP,False,,2022-08-29
B. AURRERA,2022-09-01,5775753773551451202549,1.0,pz,chantilli dull,61.0,61.0,CHANTILLY,14,1118,CHANTILLI DULL,False,,2022-08-29
B. AURRERA,2022-09-01,5775753773551451202549,1.0,pz,carnation,16.5,16.5,HORNEADO,14,1119,CARNATION,False,,2022-08-29
MEGA PLAST,2022-08-30,360160,1.0,kg,harina Red velvet esp,40.0,40.0,HARINA,RED VELVET,1120,HARINA RED VELVET ESP,False,,2022-08-29
REPOSTEARTE,2022-08-30,ND,2.0,pz,caja de cupcake,40.0,20.0,EMPAQUE,14,1121,CAJA DE CUPCAKE,False,,2022-08-29
MEGA PLAST,2022-08-25,359304,1.0,pz,color liquido surtido,24.0,24.0,COLORANTES,14,1122,COLOR LIQUIDO SURTIDO,False,,2022-08-22
MEGA PLAST,2022-08-25,359304,1.0,pz, domo db09 27 cm wow,14.5,14.5,EMPAQUE,14,1123,DOMO DB09 27 CM WOW,False,,2022-08-22
REPOSTEARTE,2022-08-25,ND,2.0,kg,Foundant,166.0,83.0,FONDANT,14,1124,FOUNDANT,False,,2022-08-22
MEGA PLAST,2022-08-18,358049,1.0,kg,Easy pastel tres leches,65.0,65.0,HARINA,CHOCOLATE,1125,EASY PASTEL TRES LECHES,False,,2022-08-15
ESTRELLA,2022-08-18,0414,2.0,Kg,chantilly,132.0,66.0,CHANTILLY,14,1126,CHANTILLY,False,,2022-08-15
MEGA PLAST,2022-08-18,358049,100.0,gr,Kiss Leche,28.0,280.0,CHOCOLATE,14,1127,KISS LECHE,False,,2022-08-15
MEGA PLAST,2022-08-18,358049,1.0,pz,Queso philadelphia,30.0,30.0,QUESO CREMA,14,1128,QUESO PHILADELPHIA,False,,2022-08-15
MEGA PLAST,2022-08-14,357453,100.0,gr,goma ricolino,15.0,150.0,DULCERIA,14,1129,GOMA RICOLINO,False,,2022-08-08
MEGA PLAST,2022-08-14,357453,1.0,pz,domo 1/4 plancha,25.0,25.0,EMPAQUE,14,1130,DOMO 1/4 PLANCHA,False,,2022-08-08
MEGA PLAST,2022-08-14,357453,1.0,pz,Domo 1/2 plancha INI,40.0,40.0,EMPAQUE,14,1131,DOMO 1/2 PLANCHA INI,False,,2022-08-08
TIENDA,2022-08-01,ND,2.0,kg,Huevo,80.0,40.0,HUEVO,14,1132,HUEVO,False,,2022-08-01
GASERA,2022-08-01,ND,10.0,lts,Gas LP,120.0,12.0,COMBUSTIBLE,14,1133,GAS LP,False,,2022-08-01
B. AURRERA,2022-08-01,ND,1.0,pz,aceite,40.0,40.0,ACEITE,14,1134,ACEITE,False,,2022-08-01
GASOLINERIA,2022-08-01,ND,10.0,lts,Gasolina,210.9,21.09,COMBUSTIBLE,14,1135,GASOLINA,False,,2022-08-01
ESTRELLA,2022-07-30,2306,1.0,Kg,chantilly,66.0,66.0,CHANTILLY,14,1136,CHANTILLY,False,,2022-07-25
MEGA PLAST,2022-07-29,354546,1.0,kg,chantilly,56.0,56.0,CHANTILLY,14,1137,CHANTILLY,False,,2022-07-25
MEGA PLAST,2022-07-27,354162,1.0,pz,domo 1/4 plancha,25.0,25.0,EMPAQUE,14,1138,DOMO 1/4 PLANCHA,False,,2022-07-25
REPOSTEARTE,2022-07-27,ND,1.0,pz,base 32cm doble,30.0,30.0,BASES,14,1139,BASE 32CM DOBLE,False,,2022-07-25
REPOSTEARTE,2022-07-27,ND,1.0,pz,molde r22,66.0,66.0,HERRAMIENTA,14,1140,MOLDE R22,False,,2022-07-25
REPOSTEARTE,2022-07-27,ND,2.0,pz,caja cupcakes 12,37.0,18.5,EMPAQUE,14,1141,CAJA CUPCAKES 12,False,,2022-07-25
REPOSTEARTE,2022-07-27,ND,1.0,pz,entrepiso,11.0,11.0,BASES,14,1142,ENTREPISO,False,,2022-07-25
REPOSTEARTE,2022-07-27,ND,1.0,pz,entrepiso tetrapack,11.5,11.5,BASES,14,1143,ENTREPISO TETRAPACK,False,,2022-07-25
ESTRELLA,2022-07-27,2462,500.0,gr,Royal Icing Deiman 50,59.0,118.0,ROYALICING,14,1144,ROYAL ICING DEIMAN 50,False,,2022-07-25
ESTRELLA,2022-07-27,2462,1.0,Kg,chantilly,66.0,66.0,CHANTILLY,14,1145,CHANTILLY,False,,2022-07-25
MEGA PLAST,2022-07-27,354162,1.0,pz,crema pastelera coco,32.0,32.0,RELLENO,14,1146,CREMA PASTELERA COCO,False,,2022-07-25
MEGA PLAST,2022-07-27,354162,100.0,gr,Confitier semiamargo TURIN,22.0,220.0,CHOCOLATE,14,1147,CONFITIER SEMIAMARGO TURIN,False,,2022-07-25
MEGA PLAST,2022-07-27,354162,2.0,kg,harina Red velvet esp,80.0,40.0,HARINA,RED VELVET,1148,HARINA RED VELVET ESP,False,,2022-07-25
MEGA PLAST,2022-07-27,354162,1.0,kg,Easy pastel tres leches,53.0,53.0,HARINA,CHOCOLATE,1149,EASY PASTEL TRES LECHES,False,,2022-07-25
MEGA PLAST,2022-07-27,354162,1.0,pz,Queso philadelphia,30.0,30.0,QUESO CREMA,14,1150,QUESO PHILADELPHIA,False,,2022-07-25
MEGA PLAST,2022-07-27,354162,1.0,pz,nutella 1 kg,160.0,160.0,RELLENO,14,1151,NUTELLA 1 KG,False,,2022-07-25
REPOSTEARTE,2022-07-27,ND,2.0,kg,Foundant,166.0,83.0,FONDANT,14,1152,FOUNDANT,False,,2022-07-25
MEGA PLAST,2022-07-27,354162,100.0,gr,chocolate blanco sica,21.0,210.0,CHOCOLATE,14,1153,CHOCOLATE BLANCO SICA,False,,2022-07-25
SHEIN,2022-07-26,ND,1.0,pz,Cortadores,59.0,59.0,HERRAMIENTA,14,1154,CORTADORES,False,,2022-07-25
REPOSTEARTE,2022-07-24,ND,2.0,pz,Transfer,90.0,45.0,DECORACION,14,1155,TRANSFER,False,,2022-07-18
B. AURRERA,2022-07-01,ND,1.0,pz,aceite,40.0,40.0,ACEITE,14,1156,ACEITE,False,,2022-06-27
REPOSTEARTE,2022-07-01,ND,2.0,kg,Foundant,166.0,83.0,FONDANT,14,1157,FOUNDANT,False,,2022-06-27
REPOSTEARTE,2022-07-01,ND,1.0,pz,base d liston,23.0,23.0,BASES,14,1158,BASE D LISTON,False,,2022-06-27
GASOLINERIA,2022-07-01,ND,10.0,lts,Gasolina,210.9,21.09,COMBUSTIBLE,14,1159,GASOLINA,False,,2022-06-27
TIENDA,2022-07-01,ND,2.0,kg,Huevo,80.0,40.0,HUEVO,14,1160,HUEVO,False,,2022-06-27
GASERA,2022-07-01,ND,10.0,lts,Gas LP,120.0,12.0,COMBUSTIBLE,14,1161,GAS LP,False,,2022-06-27
ESTRELLA,2022-06-30,3895,2.0,pz,domo 12,30.0,15.0,EMPAQUE,14,1162,DOMO 12,False,,2022-06-27
ESTRELLA,2022-06-30,3895,2.0,Kg,chantilly,132.0,66.0,CHANTILLY,14,1163,CHANTILLY,False,,2022-06-27
ESTRELLA,2022-06-30,3357,1.0,kg,Chantilly,66.0,66.0,CHANTILLY,14,1164,CHANTILLY,False,,2022-06-27
ESTRELLA,2022-06-30,3895,1.0,pz,bolsa,3.0,3.0,EMPAQUE,14,1165,BOLSA,False,,2022-06-27
ESTRELLA,2022-06-30,3895,100.0,gr,kisses,25.0,250.0,CHOCOLATE,14,1166,KISSES,False,,2022-06-27
ESTRELLA,2022-06-30,3357,1.0,pz,manga desechable chica,5.5,5.5,CONSUMIBLES,14,1167,MANGA DESECHABLE CHICA,False,,2022-06-27
ESTRELLA,2022-06-30,3357,1.0,pz,duya pasto chica,18.5,18.5,HERRAMIENTA,14,1168,DUYA PASTO CHICA,False,,2022-06-27
B. AURRERA,2022-06-29,399878732749189393826,1.0,pz,Nido forti,21.0,21.0,DECORACION,14,1169,NIDO FORTI,False,,2022-06-27
B. AURRERA,2022-06-29,399878732749189393826,1.0,pz,Evaporada,17.9,17.9,LECHERA,14,1170,EVAPORADA,False,,2022-06-27
B. AURRERA,2022-06-21,54304151658548980432,1.0,pz,chocolate,7.0,7.0,CHOCOLATE,14,1171,CHOCOLATE,False,,2022-06-20
REPOSTEARTE,2022-06-21,ND,1.0,paq,capacillos,39.0,39.0,CAPACILLOS,14,1172,CAPACILLOS,False,,2022-06-20
REPOSTEARTE,2022-06-19,ND,1.0,kg,Foundant,83.0,83.0,FONDANT,14,1173,FOUNDANT,False,,2022-06-13
REPOSTEARTE,2022-06-14,ND,1.0,paq,capacillos,39.0,39.0,CAPACILLOS,14,1174,CAPACILLOS,False,,2022-06-13
ESTRELLA,2022-06-09,0840,2.0,Kg,chantilly,132.0,66.0,CHANTILLY,14,1175,CHANTILLY,False,,2022-06-06
MEGA PLAST,2022-06-02,343892,1.0,pz,Queso philadelphia,30.0,30.0,QUESO CREMA,14,1176,QUESO PHILADELPHIA,False,,2022-05-30
MEGA PLAST,2022-06-02,343892,1.0,Kg,Easy pastel tres leches,65.0,65.0,HARINA,CHOCOLATE,1177,EASY PASTEL TRES LECHES,False,,2022-05-30
MEGA PLAST,2022-06-02,343892,1.0,Kg,Easy pastel tres leches,53.0,53.0,HARINA,CHOCOLATE,1178,EASY PASTEL TRES LECHES,False,,2022-05-30
MEGA PLAST,2022-06-02,343892,2.0,pz,Crema batida chantilli ASTURIAS,108.0,54.0,CHANTILLY,14,1179,CREMA BATIDA CHANTILLI ASTURIAS,False,,2022-05-30
REPOSTEARTE,2022-06-02,ND,50.0,gr,perlas,17.5,350.0,DECORACION,14,1180,PERLAS,False,,2022-05-30
REPOSTEARTE,2022-06-02,ND,3.0,cj,cajas,55.5,18.5,EMPAQUE,14,1181,CAJAS,False,,2022-05-30
REPOSTEARTE,2022-06-02,ND,5.0,pz,mangas,25.0,5.0,CONSUMIBLES,14,1182,MANGAS,False,,2022-05-30
TIENDA,2022-06-01,ND,1.0,kg,Huevo,40.0,40.0,HUEVO,14,1183,HUEVO,False,,2022-05-30
MEGA PLAST,2022-06-01,349414,1.0,pz,Nutella chica 350 grs,65.0,65.0,RELLENO,14,1184,NUTELLA CHICA 350 GRS,False,,2022-05-30
MEGA PLAST,2022-06-01,349414,1.0,kg,harina Red velvet esp,40.0,40.0,HARINA,RED VELVET,1185,HARINA RED VELVET ESP,False,,2022-05-30
GASOLINERIA,2022-06-01,ND,10.0,lts,Gasolina,210.9,21.09,COMBUSTIBLE,14,1186,GASOLINA,False,,2022-05-30
MEGA PLAST,2022-06-01,349414,1.0,kg,huevo blanco san juan,45.0,45.0,HUEVO,14,1187,HUEVO BLANCO SAN JUAN,False,,2022-05-30
B. AURRERA,2022-06-01,ND,1.0,pz,aceite,40.0,40.0,ACEITE,14,1188,ACEITE,False,,2022-05-30
GASERA,2022-06-01,ND,10.0,lts,Gas LP,120.0,12.0,COMBUSTIBLE,14,1189,GAS LP,False,,2022-05-30
ESTRELLA,2022-05-12,1098,1.0,kg,Harina,20.0,20.0,HARINA,TRIGO,1190,HARINA,False,,2022-05-09
ESTRELLA,2022-05-12,1098,1.0,kg,Puratos vainilla,62.5,62.5,RELLENO,14,1191,PURATOS VAINILLA,False,,2022-05-09
ESTRELLA,2022-05-12,1098,50.0,gr,platanitos,10.0,200.0,OTROS,14,1192,PLATANITOS,False,,2022-05-09
ESTRELLA,2022-05-12,1098,1.0,pz,Nutella chica 350 grs,66.0,66.0,RELLENO,14,1193,NUTELLA CHICA 350 GRS,False,,2022-05-09
MEGA PLAST,2022-05-12,340484,500.0,gr,galleta Oreo relleno,55.0,110.0,GALLETAS,14,1194,GALLETA OREO RELLENO,False,,2022-05-09
MEGA PLAST,2022-05-12,340484,1.0,pz,celofan 12x18 sello ,20.0,20.0,DECORACION,14,1195,CELOFAN 12X18 SELLO,False,,2022-05-09
ESTRELLA,2022-05-12,1098,100.0,gr,Sicao blanco real,24.0,240.0,DECORACION,14,1196,SICAO BLANCO REAL,False,,2022-05-09
REPOSTEARTE,2022-05-10,ND,1.0,pz,cortadores,35.0,35.0,HERRAMIENTA,14,1197,CORTADORES,False,,2022-05-09
MEGA PLAST,2022-05-10,340275,1.0,pz,Crema para batir ambiante 1 lt,63.0,63.0,AMBIANTE,14,1198,CREMA PARA BATIR AMBIANTE 1 LT,False,,2022-05-09
REPOSTEARTE,2022-05-10,ND,1.0,pz,base 26 cm,9.5,9.5,BASES,14,1199,BASE 26 CM,False,,2022-05-09
REPOSTEARTE,2022-05-10,ND,1.0,pz,base 28 doble,23.0,23.0,BASES,14,1200,BASE 28 DOBLE,False,,2022-05-09
MEGA PLAST,2022-05-10,340275,1.0,pz,Crema batida chantilli ASTURIAS,54.0,54.0,CHANTILLY,14,1201,CREMA BATIDA CHANTILLI ASTURIAS,False,,2022-05-09
REPOSTEARTE,2022-05-10,ND,2.0,kg,Foundant,166.0,83.0,FONDANT,14,1202,FOUNDANT,False,,2022-05-09
MEGA PLAST,2022-05-10,340275,1.0,Kg,Tegral Satin Red Velvet Puratos,58.0,58.0,HARINA,RED VELVET,1203,TEGRAL SATIN RED VELVET PURATOS,False,,2022-05-09
MEGA PLAST,2022-05-10,340275,1.0,pz,Royal Icing Deiman 50,50.0,50.0,ROYALICING,14,1204,ROYAL ICING DEIMAN 50,False,,2022-05-09
MEGA PLAST,2022-05-10,340275,300.0,gr,galleta Oreo suelta,27.0,90.0,GALLETAS,14,1205,GALLETA OREO SUELTA,False,,2022-05-09
MEGA PLAST,2022-05-10,340275,2.0,pz,domo 1/4 plancha,50.0,25.0,EMPAQUE,14,1206,DOMO 1/4 PLANCHA,False,,2022-05-09
MEGA PLAST,2022-05-10,340275,200.0,gr,chocolate blanco sica,42.0,210.0,CHOCOLATE,14,1207,CHOCOLATE BLANCO SICA,False,,2022-05-09
B. AURRERA,2022-05-01,ND,1.0,pz,aceite,40.0,40.0,ACEITE,14,1208,ACEITE,False,,2022-04-25
TIENDA,2022-05-01,ND,2.0,kg,Huevo,80.0,40.0,HUEVO,14,1209,HUEVO,False,,2022-04-25
GASERA,2022-05-01,ND,10.0,lts,Gas LP,120.0,12.0,COMBUSTIBLE,14,1210,GAS LP,False,,2022-04-25
GASOLINERIA,2022-05-01,ND,10.0,lts,Gasolina,210.9,21.09,COMBUSTIBLE,14,1211,GASOLINA,False,,2022-04-25
ESTRELLA,2022-04-29,0258,50.0,gr,confiteria,35.0,700.0,DULCERIA,14,1212,CONFITERIA,False,,2022-04-25
ESTRELLA,2022-04-29,0258,100.0,gr,Cerezas,23.5,235.0,DULCERIA,14,1213,CEREZAS,False,,2022-04-25
ESTRELLA,2022-04-29,0258,1.0,kg,Chantilli Asturias,66.0,66.0,CHANTILLY,14,1214,CHANTILLI ASTURIAS,False,,2022-04-25
OXXO,2022-04-28,2140524,1.0,pz,chocolate hershey's,19.0,19.0,CHOCOLATE,14,1215,CHOCOLATE HERSHEY'S,False,,2022-04-25
REPOSTEARTE,2022-04-28,ND,1.0,pz,base 28 cm,11.5,11.5,BASES,14,1216,BASE 28 CM,False,,2022-04-25
REPOSTEARTE,2022-04-28,ND,1.0,pz,base 25x35,14.0,14.0,BASES,14,1217,BASE 25X35,False,,2022-04-25
OXXO,2022-04-28,2140524,1.0,pz,Queso philadelphia,35.0,35.0,QUESO CREMA,14,1218,QUESO PHILADELPHIA,False,,2022-04-25
MEGA PLAST,2022-04-27,338472,2.0,Kg,Tegral Satin Creme ca ,114.0,57.0,HARINA,CHOCOLATE,1219,TEGRAL SATIN CREME CA,False,,2022-04-25
REPOSTEARTE,2022-04-27,ND,1.0,kg,Foundant,83.0,83.0,FONDANT,14,1220,FOUNDANT,False,,2022-04-25
MEGA PLAST,2022-04-27,338472,1.0,Kg,easy pastel tres leches,47.0,47.0,HARINA,VAINILLA,1221,EASY PASTEL TRES LECHES,False,,2022-04-25
MEGA PLAST,2022-04-27,338472,1.0,pz,Crema para batir ambiante 1 lt,63.0,63.0,AMBIANTE,14,1222,CREMA PARA BATIR AMBIANTE 1 LT,False,,2022-04-25
MEGA PLAST,2022-04-27,338472,200.0,gr,confiter semi amargo,44.0,220.0,CHOCOLATE,14,1223,CONFITER SEMI AMARGO,False,,2022-04-25
MEGA PLAST,2022-04-27,338472,1.0,pz,Relleno durazno puratos,53.5,53.5,RELLENO,14,1224,RELLENO DURAZNO PURATOS,False,,2022-04-25
MEGA PLAST,2022-04-27,338472,1.0,ND,ND,200.0,200.0,NO DEFINIDO,14,1225,ND,False,,2022-04-25
REPOSTEARTE,2022-04-27,ND,1.0,pz,base,9.5,9.5,BASES,14,1226,BASE,False,,2022-04-25
MEGA PLAST,2022-04-27,338472,1.0,pz,Nutella chica 350 grs,65.0,65.0,RELLENO,14,1227,NUTELLA CHICA 350 GRS,False,,2022-04-25
ESTRELLA,2022-04-06,0351,1.0,pz,ambiante,62.5,62.5,AMBIANTE,14,1228,AMBIANTE,False,,2022-04-04
ESTRELLA,2022-04-06,0351,100.0,gr,Turin semiamargo,20.0,200.0,CHOCOLATE,14,1229,TURIN SEMIAMARGO,False,,2022-04-04
ESTRELLA,2022-04-06,0351,100.0,gr,kisses,25.0,250.0,CHOCOLATE,14,1230,KISSES,False,,2022-04-04
ESTRELLA,2022-04-06,0351,100.0,gr,bolsa 10x15,25.0,250.0,EMPAQUE,14,1231,BOLSA 10X15,False,,2022-04-04
REPOSTEARTE,2022-04-04,ND,1.0,pz,duya,40.0,40.0,CONSUMIBLES,14,1232,DUYA,False,,2022-04-04
REPOSTEARTE,2022-04-04,ND,4.0,kg,Foundant,332.0,83.0,FONDANT,14,1233,FOUNDANT,False,,2022-04-04
REPOSTEARTE,2022-04-04,ND,1.0,pz,base 33 x 33,17.5,17.5,BASES,14,1234,BASE 33 X 33,False,,2022-04-04
REPOSTEARTE,2022-04-04,ND,1.0,pz,base 28 cm doble,23.0,23.0,BASES,14,1235,BASE 28 CM DOBLE,False,,2022-04-04
B. AURRERA,2022-04-01,ND,1.0,pz,aceite,40.0,40.0,ACEITE,14,1236,ACEITE,False,,2022-03-28
GASERA,2022-04-01,ND,10.0,lts,Gas LP,120.0,12.0,COMBUSTIBLE,14,1237,GAS LP,False,,2022-03-28
GASOLINERIA,2022-04-01,ND,10.0,lts,Gasolina,210.9,21.09,COMBUSTIBLE,14,1238,GASOLINA,False,,2022-03-28
TIENDA,2022-04-01,ND,2.0,kg,Huevo,80.0,40.0,HUEVO,14,1239,HUEVO,False,,2022-03-28
REPOSTEARTE,2022-03-25,ND,1.0,pz,base doble 28,23.0,23.0,BASES,14,1240,BASE DOBLE 28,False,,2022-03-21
REPOSTEARTE,2022-03-23,ND,1.0,pz,Transfer,45.0,45.0,DECORACION,14,1241,TRANSFER,False,,2022-03-21
MEGA PLAST,2022-03-23,333647,1.0,Kg,Tegral Satin Creme ca ,57.0,57.0,HARINA,CHOCOLATE,1242,TEGRAL SATIN CREME CA,False,,2022-03-21
GASOLINERIA,2022-03-23,2111392,10.0,lts,Gasolina,210.9,21.09,COMBUSTIBLE,14,1243,GASOLINA,False,,2022-03-21
ESTRELLA,2022-03-22,0704,1.0,kg,Chantilli Asturias,66.0,66.0,CHANTILLY,14,1244,CHANTILLI ASTURIAS,False,,2022-03-21
REPOSTEARTE,2022-03-22,ND,1.0,pz,base 30 cm,12.0,12.0,BASES,14,1245,BASE 30 CM,False,,2022-03-21
REPOSTEARTE,2022-03-22,ND,1.0,kg,Foundant,83.0,83.0,FONDANT,14,1246,FOUNDANT,False,,2022-03-21
B. AURRERA,2022-03-21,130443048041637480345,1.0,pz,Queso philadelphia,31.5,31.5,RELLENO,14,1247,QUESO PHILADELPHIA,False,,2022-03-21
COIESA,2022-03-17,2010,50.0,pz,caja de cartón para cupcake 6 piezas,391.5,7.83,EMPAQUE,14,1248,CAJA DE CARTON PARA CUPCAKE 6 PIEZAS,False,,2022-03-14
REPOSTEARTE,2022-03-17,ND,1.0,pz,pincel,10.0,10.0,HERRAMIENTA,14,1249,PINCEL,False,,2022-03-14
REPOSTEARTE,2022-03-17,ND,2.0,pz,caja para cupcake 12 piezas,37.0,18.5,EMPAQUE,14,1250,CAJA PARA CUPCAKE 12 PIEZAS,False,,2022-03-14
REPOSTEARTE,2022-03-03,ND,2.0,Kg,Foundant,166.0,83.0,FONDANT,14,1251,FOUNDANT,False,,2022-02-28
REPOSTEARTE,2022-03-03,ND,2.0,pz,bases 28 cm,21.0,10.5,BASES,14,1252,BASES 28 CM,False,,2022-02-28
MEGA PLAST,2022-03-03,331267,1.0,Kg,huevo blanco san juan,39.0,39.0,HUEVO,14,1253,HUEVO BLANCO SAN JUAN,False,,2022-02-28
MEGA PLAST,2022-03-03,331267,1.0,Kg,chantilli,66.0,66.0,CHANTILLY,14,1254,CHANTILLI,False,,2022-02-28
MEGA PLAST,2022-03-03,331267,100.0,gr,kisses,25.0,250.0,CHOCOLATE,14,1255,KISSES,False,,2022-02-28
MEGA PLAST,2022-03-03,331267,100.0,gr,confiter semi amargo,22.0,220.0,CHOCOLATE,14,1256,CONFITER SEMI AMARGO,False,,2022-02-28
MEGA PLAST,2022-03-03,331267,1.0,pz,relleno zarzamora puratos,52.0,52.0,RELLENO,14,1257,RELLENO ZARZAMORA PURATOS,False,,2022-02-28
MEGA PLAST,2022-03-03,331267,1.0,Kg,Easy pastel tres leches,47.0,47.0,HARINA,VAINILLA,1258,EASY PASTEL TRES LECHES,False,,2022-02-28
B. AURRERA,2022-03-01,ND,1.0,pz,aceite,40.0,40.0,ACEITE,14,1259,ACEITE,False,,2022-02-28
GASERA,2022-03-01,ND,10.0,lts,Gas LP,120.0,12.0,COMBUSTIBLE,14,1260,GAS LP,False,,2022-02-28
TIENDA,2022-03-01,ND,1.0,kg,Huevo,40.0,40.0,HUEVO,14,1261,HUEVO,False,,2022-02-28
ESTRELLA,2022-02-23,1893,50.0,pz,celofan 8x12,15.0,0.3,DECORACION,14,1262,CELOFAN 8X12,False,,2022-02-21
ESTRELLA,2022-02-23,1893,100.0,gr,suspiro,16.0,160.0,DULCERIA,14,1263,SUSPIRO,False,,2022-02-21
ESTRELLA,2022-02-23,1893,1.0,Kg,chantilli,66.0,66.0,CHANTILLY,14,1264,CHANTILLI,False,,2022-02-21
ESTRELLA,2022-02-23,1893,1.0,kg,red velvet,60.0,60.0,HARINA,RED VELVET,1265,RED VELVET,False,,2022-02-21
ESTRELLA,2022-02-23,1893,1.0,pz,Ferrero,85.0,85.0,CHOCOLATE,14,1266,FERRERO,False,,2022-02-21
ESTRELLA,2022-02-23,1893,100.0,gr,cacao bremen,18.0,180.0,CHOCOLATE,14,1267,CACAO BREMEN,False,,2022-02-21
MEGA PLAST,2022-02-21,329928,1.0,Kg,easy pastel tres leches,47.0,47.0,HARINA,VAINILLA,1268,EASY PASTEL TRES LECHES,False,,2022-02-21
REPOSTEARTE,2022-02-19,ND,2.0,pz,Transfer,90.0,45.0,DECORACION,14,1269,TRANSFER,False,,2022-02-14
REPOSTEARTE,2022-02-14,ND,100.0,gr,perlas,35.0,350.0,DECORACION,14,1270,PERLAS,False,,2022-02-14
ESTRELLA,2022-02-12,49354,3.0,kg,Chantilli Asturias,198.0,66.0,CHANTILLY,14,1271,CHANTILLI ASTURIAS,False,,2022-02-07
B. AURRERA,2022-02-12,799515472123451261599,1.0,pz,Queso philadelphia,31.5,31.5,RELLENO,14,1272,QUESO PHILADELPHIA,False,,2022-02-07
B. AURRERA,2022-02-12,799515472123451261599,1.0,pz,aceite,32.1,32.1,ACEITE,14,1273,ACEITE,False,,2022-02-07
ESTRELLA,2022-02-12,49354,1.0,kg,Foundant,95.0,95.0,FONDANT,14,1274,FOUNDANT,False,,2022-02-07
MEGA PLAST,2022-02-10,328415,1.0,Kg,easy pastel tres leches,47.0,47.0,HARINA,VAINILLA,1275,EASY PASTEL TRES LECHES,False,,2022-02-07
MEGA PLAST,2022-02-10,328415,500.0,gr,harina de trigo suelta,7.5,15.0,HARINA,TRIGO,1276,HARINA DE TRIGO SUELTA,False,,2022-02-07
MEGA PLAST,2022-02-10,328415,1.0,pz,Royal Icing Deiman 50,50.0,50.0,ROYALICING,14,1277,ROYAL ICING DEIMAN 50,False,,2022-02-07
MEGA PLAST,2022-02-10,328415,1.0,ND,ND,22.0,22.0,NO DEFINIDO,14,1278,ND,False,,2022-02-07
MEGA PLAST,2022-02-10,328415,1.0,pz,mantequilla gloria,185.0,185.0,MANTEQUILLA,14,1279,MANTEQUILLA GLORIA,False,,2022-02-07
MEGA PLAST,2022-02-10,328415,2.0,pz,papel quilon para hornear,10.0,5.0,CONSUMIBLES,14,1280,PAPEL QUILON PARA HORNEAR,False,,2022-02-07
REPOSTEARTE,2022-02-10,ND,5.0,cj,domo para cupcake 6 piezas,60.0,12.0,EMPAQUE,14,1281,DOMO PARA CUPCAKE 6 PIEZAS,False,,2022-02-07
REPOSTEARTE,2022-02-10,ND,3.0,cj,Domo para cupcake 12 piezas,52.5,17.5,EMPAQUE,14,1282,DOMO PARA CUPCAKE 12 PIEZAS,False,,2022-02-07
REPOSTEARTE,2022-02-10,ND,1.0,pz,matizador,70.0,70.0,DECORACION,14,1283,MATIZADOR,False,,2022-02-07
MEGA PLAST,2022-02-10,328415,1.0,ND,ND,26.0,26.0,NO DEFINIDO,14,1284,ND,False,,2022-02-07
B. AURRERA,2022-02-05,13112569694126684444,1.0,paq,Galleta Oreo,21.9,21.9,GALLETAS,14,1285,GALLETA OREO,False,,2022-01-31
REPOSTEARTE,2022-02-04,ND,2.0,cj,Domo para cupcake 12 piezas,30.0,15.0,EMPAQUE,14,1286,DOMO PARA CUPCAKE 12 PIEZAS,False,,2022-01-31
REPOSTEARTE,2022-02-04,ND,2.0,cj,domo para cupcake 6 piezas,35.0,17.5,EMPAQUE,14,1287,DOMO PARA CUPCAKE 6 PIEZAS,False,,2022-01-31
B. AURRERA,2022-02-04,55220310434704846091,1.0,pz,chocolate,16.0,16.0,CHOCOLATE,14,1288,CHOCOLATE,False,,2022-01-31
REPOSTEARTE,2022-02-04,ND,50.0,gr,perla,22.5,450.0,DECORACION,14,1289,PERLA,False,,2022-01-31
REPOSTEARTE,2022-02-04,ND,1.0,pz,letrero,40.0,40.0,DECORACION,14,1290,LETRERO,False,,2022-01-31
GASOLINERIA,2022-02-01,ND,10.0,lts,Gasolina,210.9,21.09,COMBUSTIBLE,14,1291,GASOLINA,False,,2022-01-31
TIENDA,2022-02-01,ND,2.0,kg,Huevo,80.0,40.0,HUEVO,14,1292,HUEVO,False,,2022-01-31
GASERA,2022-02-01,ND,10.0,lts,Gas LP,120.0,12.0,COMBUSTIBLE,14,1293,GAS LP,False,,2022-01-31
ESTRELLA,2022-01-24,46199,1.0,Kg,Chantilli,64.0,64.0,CHANTILLY,14,1294,CHANTILLI,False,,2022-01-24
ESTRELLA,2022-01-24,46199,1.0,pz,Base,3.0,3.0,BASES,14,1295,BASE,False,,2022-01-24
ESTRELLA,2022-01-24,46199,1.0,Kg,Puratos Tres Leches Vainilla,65.5,65.5,RELLENO,14,1296,PURATOS TRES LECHES VAINILLA,False,,2022-01-24
ESTRELLA,2022-01-24,46199,1.0,Kg,Azucar glass,28.5,28.5,AZUCAR,GLASS,1297,AZUCAR GLASS,False,,2022-01-24
ESTRELLA,2022-01-24,46199,2.0,pz,Domo para cupcake,32.0,16.0,EMPAQUE,14,1298,DOMO PARA CUPCAKE,False,,2022-01-24
CRAVIOTO,2022-01-23,82997,1.0,paq,deiman plumones mágicos,335.5,335.5,DECORACION,14,1299,DEIMAN PLUMONES MAGICOS,False,,2022-01-17
CRAVIOTO,2022-01-23,82997,10.0,pz,pastireal manga no. 12,35.96,3.596,CONSUMIBLES,14,1300,PASTIREAL MANGA NO. 12,False,,2022-01-17
CRAVIOTO,2022-01-23,82997,1.0,Kg,puratos creamfil creme choco,39.7,39.7,RELLENO,14,1301,PURATOS CREAMFIL CREME CHOCO,False,,2022-01-17
CRAVIOTO,2022-01-23,82997,1.0,pz,molde para chocolate,19.72,19.72,HERRAMIENTA,14,1302,MOLDE PARA CHOCOLATE,False,,2022-01-17
CRAVIOTO,2022-01-23,82997,25.0,pz,inix contenedor mantecadas,160.1,6.404,EMPAQUE,14,1303,INIX CONTENEDOR MANTECADAS,False,,2022-01-17
CRAVIOTO,2022-01-23,82997,1.0,paq,nestle carlos v stick 20 pz,33.83,33.83,CHOCOLATE,14,1304,NESTLE CARLOS V STICK 20 PZ,False,,2022-01-17
CRAVIOTO,2022-01-23,82997,1.0,pz,celofan 9x15,16.68,16.68,CONSUMIBLES,14,1305,CELOFAN 9X15,False,,2022-01-17
CRAVIOTO,2022-01-23,82997,1.0,pz,deiman aditivo para chocolate,42.17,42.17,DECORACION,14,1306,DEIMAN ADITIVO PARA CHOCOLATE,False,,2022-01-17
CRAVIOTO,2022-01-23,82997,1.0,pz,deiman bioxido de titanio,41.94,41.94,DECORACION,14,1307,DEIMAN BIOXIDO DE TITANIO,False,,2022-01-17
CRAVIOTO,2022-01-23,82997,1.0,pz,deiman sab liq vainilla sin color 500 ml,30.54,30.54,DECORACION,14,1308,DEIMAN SAB LIQ VAINILLA SIN COLOR 500 ML,False,,2022-01-17
CRAVIOTO,2022-01-23,82997,1.0,pz,Ferrero Rocher T-16,101.95,101.95,CHOCOLATE,14,1309,FERRERO ROCHER T-16,False,,2022-01-17
ESTRELLA,2022-01-18,46119,100.0,gr,Alpezzi 14000,15.0,150.0,CHOCOLATE,14,1310,ALPEZZI 14000,False,,2022-01-17
ESTRELLA,2022-01-18,46119,100.0,gr,Sicao blanco,14.0,140.0,DECORACION,14,1311,SICAO BLANCO,False,,2022-01-17
ESTRELLA,2022-01-18,46119,100.0,gr,Kisses,25.0,250.0,CHOCOLATE,14,1312,KISSES,False,,2022-01-17
ESTRELLA,2022-01-14,46422,1.0,kg,Chantilli,68.5,68.5,CHANTILLY,14,1313,CHANTILLI,False,,2022-01-10
ESTRELLA,2022-01-14,46422,1.0,pz,color gel negro,14.5,14.5,COLORANTES,14,1314,COLOR GEL NEGRO,False,,2022-01-10
ESTRELLA,2022-01-14,46422,50.0,gr,granillo chico,5.0,100.0,CHOCOLATE,14,1315,GRANILLO CHICO,False,,2022-01-10
ESTRELLA,2022-01-14,46422,2.0,pz,Manga chica,11.0,5.5,CONSUMIBLES,14,1316,MANGA CHICA,False,,2022-01-10
OXXO,2022-01-13,2246073,1.0,paq,manteca,43.5,43.5,OTROS,14,1317,MANTECA,False,,2022-01-10
B. AURRERA,2022-01-12,847707697575074188728,2.0,pz,Queso philadelphia,63.0,31.5,RELLENO,14,1318,QUESO PHILADELPHIA,False,,2022-01-10
REPOSTEARTE,2022-01-11,ND,1.0,pz,DESCONOCIDO,238.0,238.0,NO DEFINIDO,14,1319,DESCONOCIDO,False,,2022-01-10
ESTRELLA,2022-01-11,46337,100.0,gr,Turin amargo,26.5,265.0,CHOCOLATE,14,1320,TURIN AMARGO,False,,2022-01-10
REPOSTEARTE,2022-01-11,ND,2.0,pz,Transfer,90.0,45.0,DECORACION,14,1321,TRANSFER,False,,2022-01-10
REPOSTEARTE,2022-01-11,ND,1.0,paq,capacillos,39.0,39.0,CAPACILLOS,14,1322,CAPACILLOS,False,,2022-01-10
REPOSTEARTE,2022-01-11,ND,2.0,Kg,Foundant,166.0,83.0,FONDANT,14,1323,FOUNDANT,False,,2022-01-10
REPOSTEARTE,2022-01-11,ND,1.0,paq,srpinkles,52.0,52.0,DECORACION,14,1324,SRPINKLES,False,,2022-01-10
REPOSTEARTE,2022-01-11,ND,1.0,pz,base,10.5,10.5,BASES,14,1325,BASE,False,,2022-01-10
REPOSTEARTE,2022-01-11,ND,50.0,gr,perlas,17.5,350.0,DECORACION,14,1326,PERLAS,False,,2022-01-10
ESTRELLA,2022-01-11,46337,1.0,kg,chantilli,68.5,68.5,CHANTILLY,14,1327,CHANTILLI,False,,2022-01-10
ESTRELLA,2022-01-11,46337,5.0,pz,Domo mantecada 6 cavidades,42.5,8.5,EMPAQUE,14,1328,DOMO MANTECADA 6 CAVIDADES,False,,2022-01-10
REPOSTEARTE,2022-01-11,ND,10.0,gr,rutz,25.0,2500.0,DECORACION,14,1329,RUTZ,False,,2022-01-10
REPOSTEARTE,2022-01-03,ND,1.0,pz,Transfer,45.0,45.0,DECORACION,14,1330,TRANSFER,False,,2022-01-03
REPOSTEARTE,2022-01-03,ND,1.0,pz,base 28cm,10.5,10.5,BASES,14,1331,BASE 28CM,False,,2022-01-03
REPOSTEARTE,2022-01-03,ND,1.0,pz,duya,40.0,40.0,HERRAMIENTA,14,1332,DUYA,False,,2022-01-03
REPOSTEARTE,2022-01-03,ND,2.0,pz,mangas,10.0,5.0,CONSUMIBLES,14,1333,MANGAS,False,,2022-01-03
REPOSTEARTE,2022-01-03,ND,50.0,gr,perlas,17.5,350.0,DECORACION,14,1334,PERLAS,False,,2022-01-03
REPOSTEARTE,2022-01-03,ND,1.0,paq,capacillos ,45.0,45.0,CAPACILLOS,14,1335,CAPACILLOS,False,,2022-01-03
B. AURRERA,2022-01-01,ND,1.0,pz,aceite,40.0,40.0,ACEITE,14,1336,ACEITE,False,,2021-12-27
GASOLINERIA,2022-01-01,ND,10.0,lts,Gasolina,210.9,21.09,COMBUSTIBLE,14,1337,GASOLINA,False,,2021-12-27
TIENDA,2022-01-01,ND,2.0,kg,Huevo,80.0,40.0,HUEVO,14,1338,HUEVO,False,,2021-12-27
GASERA,2022-01-01,ND,10.0,lts,Gas LP,120.0,12.0,COMBUSTIBLE,14,1339,GAS LP,False,,2021-12-27
ESTRELLA,2021-12-29,46724,2.0,pz,Domo para cupcake 12 piezas,30.0,15.0,EMPAQUE,14,1340,DOMO PARA CUPCAKE 12 PIEZAS,False,,2021-12-27
ESTRELLA,2021-12-29,46724,4.0,pz,Domo para Cupcake ,34.0,8.5,EMPAQUE,14,1341,DOMO PARA CUPCAKE,False,,2021-12-27
ESTRELLA,2021-12-29,46724,2.0,Kg,Chantilli,108.0,54.0,CHANTILLY,14,1342,CHANTILLI,False,,2021-12-27
B. AURRERA,2021-12-29,98377222875695538969,1.0,Paq,Huevo Calvario,28.9,28.9,HUEVO,14,1343,HUEVO CALVARIO,False,,2021-12-27
B. AURRERA,2021-12-29,98377222875695538969,1.0,Paq,Queso philadelphia,27.0,27.0,RELLENO,14,1344,QUESO PHILADELPHIA,False,,2021-12-27
B. AURRERA,2021-12-29,98377222875695538969,1.0,pz,sabrosano,39.0,39.0,ACEITE,14,1345,SABROSANO,False,,2021-12-27
ESTRELLA,2021-12-29,46724,1.0,paq,Capacillo dorado,49.5,49.5,CAPACILLOS,14,1346,CAPACILLO DORADO,False,,2021-12-27
MEGA PLAST,2021-12-29,322879,1.0,Kg,Tegral Satin Red Velvet Puratos,58.0,58.0,HARINA,RED VELVET,1347,TEGRAL SATIN RED VELVET PURATOS,False,,2021-12-27
B. AURRERA,2021-12-28,886946210447289710808,1.0,Paq,Queso philadelphia,34.84,34.84,RELLENO,14,1348,QUESO PHILADELPHIA,False,,2021-12-27
SHEIN,2021-12-27,ND,1.0,pz,"pipetillas, balanza electrónica, temporizador, molde de prensa",460.0,460.0,HERRAMIENTA,14,1349,"PIPETILLAS, BALANZA ELECTRONICA, TEMPORIZADOR, MOLDE DE PRENSA",False,,2021-12-27
REPOSTEARTE,2021-12-24,ND,2.0,pz,bases 28 cm,21.0,10.5,BASES,14,1350,BASES 28 CM,False,,2021-12-20
REPOSTEARTE,2021-12-24,ND,1.0,pz,Transfer,45.0,45.0,DECORACION,14,1351,TRANSFER,False,,2021-12-20
REPOSTEARTE,2021-12-24,ND,1.0,Kg,Foundant,95.0,95.0,FONDANT,14,1352,FOUNDANT,False,,2021-12-20
ESTRELLA,2021-12-22,46769,4.0,pz,Domo 4 man,34.0,8.5,EMPAQUE,14,1353,DOMO 4 MAN,False,,2021-12-20
ESTRELLA,2021-12-22,46769,1.0,kg,Chantilli,54.0,54.0,CHANTILLY,14,1354,CHANTILLI,False,,2021-12-20
ESTRELLA,2021-12-22,46769,1.0,paq,Carlos V,38.0,38.0,CHOCOLATE,14,1355,CARLOS V,False,,2021-12-20
ESTRELLA,2021-12-22,46769,1.0,paq,40 capacillos,20.0,20.0,CAPACILLOS,14,1356,40 CAPACILLOS,False,,2021-12-20
ESTRELLA,2021-12-17,47280,1.0,Kg,Chantilli,52.0,52.0,CHANTILLY,14,1357,CHANTILLI,False,,2021-12-13
ESTRELLA,2021-12-17,47280,4.0,pz,Molde cupcake (6 pz),34.0,8.5,EMPAQUE,14,1358,MOLDE CUPCAKE (6 PZ),False,,2021-12-13
ESTRELLA,2021-12-17,47280,1.0,pz,Vela chispa,25.0,25.0,DECORACION,14,1359,VELA CHISPA,False,,2021-12-13
ESTRELLA,2021-12-17,47280,1.0,pz,Base 26 cm,11.0,11.0,BASES,14,1360,BASE 26 CM,False,,2021-12-13
MEGA PLAST,2021-12-13,320680,1.0,pz,Crema para batir ambiante 1 lt,53.0,53.0,AMBIANTE,14,1361,CREMA PARA BATIR AMBIANTE 1 LT,False,,2021-12-13
ESTRELLA,2021-12-13,47423,200.0,gr,Turin semiamargo,40.0,200.0,CHOCOLATE,14,1362,TURIN SEMIAMARGO,False,,2021-12-13
MEGA PLAST,2021-12-13,320680,1.0,pz,relleno coco,35.0,35.0,RELLENO,14,1363,RELLENO COCO,False,,2021-12-13
ESTRELLA,2021-12-13,47423,1.0,pz,Escencia menta,57.0,57.0,DECORACION,14,1364,ESCENCIA MENTA,False,,2021-12-13
MEGA PLAST,2021-12-13,320680,1.0,pz,Relleno durazno puratos,49.0,49.0,RELLENO,14,1365,RELLENO DURAZNO PURATOS,False,,2021-12-13
MEGA PLAST,2021-12-13,320680,1.0,Kg,Easy pastel tres leches,58.0,58.0,HARINA,CHOCOLATE,1366,EASY PASTEL TRES LECHES,False,,2021-12-13
ESTRELLA,2021-12-13,47423,1.0,Kg,Chantilli,52.0,52.0,CHANTILLY,14,1367,CHANTILLI,False,,2021-12-13
MEGA PLAST,2021-12-13,320680,1.0,kg,Easy pastel tres leches,47.0,47.0,HARINA,VAINILLA,1368,EASY PASTEL TRES LECHES,False,,2021-12-13
ESTRELLA,2021-12-13,47423,4.0,pz,Domo para cupcakes,60.0,15.0,EMPAQUE,14,1369,DOMO PARA CUPCAKES,False,,2021-12-13
ESTRELLA,2021-12-13,47423,50.0,gr,Estrella colores,8.0,160.0,DECORACION,14,1370,ESTRELLA COLORES,False,,2021-12-13
REPOSTEARTE,2021-12-11,ND,1.0,pz,base 26 cm,8.5,8.5,BASES,14,1371,BASE 26 CM,False,,2021-12-06
REPOSTEARTE,2021-12-11,ND,1.0,Kg,Foundant,83.0,83.0,FONDANT,14,1372,FOUNDANT,False,,2021-12-06
B. AURRERA,2021-12-11,76469588785253035947,1.0,pz,sabrosano,39.0,39.0,ACEITE,14,1373,SABROSANO,False,,2021-12-06
B. AURRERA,2021-12-11,76469588785253035947,1.0,paq,huevo,27.0,27.0,HUEVO,14,1374,HUEVO,False,,2021-12-06
MEGA PLAST,2021-12-10,320284,100.0,g,Kiss Almendra,25.0,250.0,CHOCOLATE,14,1375,KISS ALMENDRA,False,,2021-12-06
MEGA PLAST,2021-12-10,320284,1.0,Kg,Easy pastel tres leches,47.0,47.0,HARINA,VAINILLA,1376,EASY PASTEL TRES LECHES,False,,2021-12-06
MEGA PLAST,2021-12-10,320284,1.0,pz,sabor Red Velvet,38.0,38.0,HARINA,RED VELVET,1377,SABOR RED VELVET,False,,2021-12-06
MEGA PLAST,2021-12-10,320284,1.0,pz,Domo 1/2 plancha INI,40.0,40.0,EMPAQUE,14,1378,DOMO 1/2 PLANCHA INI,False,,2021-12-06
REPOSTEARTE,2021-12-07,ND,4.0,pz,cajas cupcakes 6 piezas,48.0,12.0,EMPAQUE,14,1379,CAJAS CUPCAKES 6 PIEZAS,False,,2021-12-06
REPOSTEARTE,2021-12-07,ND,1.0,pz,base 28 cm,10.5,10.5,BASES,14,1380,BASE 28 CM,False,,2021-12-06
REPOSTEARTE,2021-12-07,ND,2.0,Kg,Foundant,166.0,83.0,FONDANT,14,1381,FOUNDANT,False,,2021-12-06
B. AURRERA,2021-12-07,565649582795253085937,2.0,pz,Philly Qso,54.0,27.0,RELLENO,14,1382,PHILLY QSO,False,,2021-12-06
MEGA PLAST,2021-12-07,319919,1.0,Kg,Easy pastel tres leches,58.0,58.0,HARINA,CHOCOLATE,1383,EASY PASTEL TRES LECHES,False,,2021-12-06
B. AURRERA,2021-12-07,565649582795253085937,1.0,pz,kraft parme,42.5,42.5,NO DEFINIDO,14,1384,KRAFT PARME,False,,2021-12-06
B. AURRERA,2021-12-07,565649582795253085937,2.0,pz,chocolate carlos v,20.0,10.0,CHOCOLATE,14,1385,CHOCOLATE CARLOS V,False,,2021-12-06
B. AURRERA,2021-12-07,565649582795253085937,1.0,paq,bollo papa,17.5,17.5,NO DEFINIDO,14,1386,BOLLO PAPA,False,,2021-12-06
B. AURRERA,2021-12-07,565649582795253085937,1.0,pz,alpura med,11.4,11.4,RELLENO,14,1387,ALPURA MED,False,,2021-12-06
ESTRELLA,2021-12-07,47947,5.0,kg,Chantilli 5kg,210.0,42.0,CHANTILLY,14,1388,CHANTILLI 5KG,False,,2021-12-06
MEGA PLAST,2021-12-07,319919,4.0,pz,Domo ERA 2416-10M,30.0,7.5,EMPAQUE,14,1389,DOMO ERA 2416-10M,False,,2021-12-06
MEGA PLAST,2021-12-07,319919,4.0,pz,Domo mantecada 12 cavidades,64.0,16.0,EMPAQUE,14,1390,DOMO MANTECADA 12 CAVIDADES,False,,2021-12-06
REPOSTEARTE,2021-12-07,ND,3.0,pz,hojas de arroz,135.0,45.0,DECORACION,14,1391,HOJAS DE ARROZ,False,,2021-12-06
B. AURRERA,2021-12-07,565649582795253085937,1.0,pz,maizena160,18.0,18.0,RELLENO,14,1392,MAIZENA160,False,,2021-12-06
B. AURRERA,2021-12-04,615986643468387527644,1.0,pz,mr playera,59.0,59.0,NO DEFINIDO,14,1393,MR PLAYERA,False,,2021-11-29
B. AURRERA,2021-12-04,615986643468387527644,1.0,pz,Calahua Co,56.0,56.0,RELLENO,14,1394,CALAHUA CO,False,,2021-11-29
B. AURRERA,2021-12-04,615986643468387527644,2.0,pz,Jumex coco,36.9,18.45,NO DEFINIDO,14,1395,JUMEX COCO,False,,2021-11-29
B. AURRERA,2021-12-04,615986643468387527644,1.0,paq,Dolca,61.5,61.5,NO DEFINIDO,14,1396,DOLCA,False,,2021-11-29
ESTRELLA,2021-12-01,48440,500.0,gr,Harina piña colada espiga mix,17.5,35.0,HARINA,PIÑA COLADA,1397,HARINA PINA COLADA ESPIGA MIX,False,,2021-11-29
ESTRELLA,2021-12-01,48440,1.0,paq,Capacillo Navidad,37.0,37.0,CAPACILLOS,14,1398,CAPACILLO NAVIDAD,False,,2021-11-29
ESTRELLA,2021-12-01,48440,1.0,Na,Diferencia contra lo cobrado,2.0,2.0,NO DEFINIDO,14,1399,DIFERENCIA CONTRA LO COBRADO,False,,2021-11-29
ESTRELLA,2021-12-01,48440,1.0,pz,pegamento de fondant,70.0,70.0,DECORACION,14,1400,PEGAMENTO DE FONDANT,False,,2021-11-29
ESTRELLA,2021-12-01,48440,1.0,pz,Calahua Co,29.5,29.5,RELLENO,14,1401,CALAHUA CO,False,,2021-11-29
ESTRELLA,2021-12-01,48440,1.0,pz,Escencia rompope,36.0,36.0,DECORACION,14,1402,ESCENCIA ROMPOPE,False,,2021-11-29
ESTRELLA,2021-12-01,48440,2.0,pz,Domo para cupcakes,30.0,15.0,EMPAQUE,14,1403,DOMO PARA CUPCAKES,False,,2021-11-29
ESTRELLA,2021-12-01,48440,1.0,kg,Chantilli,52.0,52.0,CHANTILLY,14,1404,CHANTILLI,False,,2021-11-29
ESTRELLA,2021-12-01,48440,1.0,pz,Cerezas,30.0,30.0,DULCERIA,14,1405,CEREZAS,False,,2021-11-29
B. AURRERA,2021-11-29,325403257580610468305,1.0,paq,Chocolate,57.0,57.0,CHOCOLATE,14,1406,CHOCOLATE,False,,2021-11-29
MEGA PLAST,2021-11-29,318566,1.0,Kg,Easy pastel tres leches,45.0,45.0,HARINA,VAINILLA,1407,EASY PASTEL TRES LECHES,False,,2021-11-29
MEGA PLAST,2021-11-29,318566,1.0,Kg,Easy pastel tres leches,55.0,55.0,HARINA,CHOCOLATE,1408,EASY PASTEL TRES LECHES,False,,2021-11-29
MEGA PLAST,2021-11-29,318566,1.0,Kg,Azucar glass de prime,38.0,38.0,AZUCAR,GLASS,1409,AZUCAR GLASS DE PRIME,False,,2021-11-29
MEGA PLAST,2021-11-29,318566,110.0,g,Granillo alpessi colo,13.2,120.0,CHOCOLATE,14,1410,GRANILLO ALPESSI COLO,False,,2021-11-29
B. AURRERA,2021-11-29,325403257580610468305,1.0,pz,Philly Qso,64.0,64.0,RELLENO,14,1411,PHILLY QSO,False,,2021-11-29
B. AURRERA,2021-11-29,325403257580610468305,1.0,pz,Nido forti,20.0,20.0,DECORACION,14,1412,NIDO FORTI,False,,2021-11-29
B. AURRERA,2021-11-29,325403257580610468305,2.0,paq,Chocolate,16.3,8.15,CHOCOLATE,14,1413,CHOCOLATE,False,,2021-11-29
B. AURRERA,2021-11-29,325403257580610468305,1.0,paq,Galleta Oreo,21.9,21.9,GALLETAS,14,1414,GALLETA OREO,False,,2021-11-29
MEGA PLAST,2021-11-29,318566,1.0,Kg,Tegral Satin Red Velvet Puratos,52.0,52.0,HARINA,RED VELVET,1415,TEGRAL SATIN RED VELVET PURATOS,False,,2021-11-29
B. AURRERA,2021-11-29,325403257580610468305,1.0,paq,Chocolate,21.5,21.5,CHOCOLATE,14,1416,CHOCOLATE,False,,2021-11-29
DULCERIA,2021-11-25,ND,1.0,paq,Luneta m&m's grande,17.0,17.0,RELLENO,14,1417,LUNETA M&M'S GRANDE,False,,2021-11-22
DULCERIA,2021-11-25,ND,1.0,paq,Luneta m&m's grande,17.0,17.0,RELLENO,14,1418,LUNETA M&M'S GRANDE,False,,2021-11-22
REPOSTEARTE,2021-11-25,ND,1.0,pz,Transfer,45.0,45.0,DECORACION,14,1419,TRANSFER,False,,2021-11-22
REPOSTEARTE,2021-11-25,ND,1.0,Kg,Foundant,83.0,83.0,FONDANT,14,1420,FOUNDANT,False,,2021-11-22
DULCERIA,2021-11-25,ND,1.0,paq,Ferrero,69.0,69.0,CHOCOLATE,14,1421,FERRERO,False,,2021-11-22
ALMACENES RAM3,2021-11-20,000097,1.0,pz,ES,20.0,20.0,HERRAMIENTA,14,1422,ES,False,,2021-11-15
ALMACENES RAM3,2021-11-20,000097,2.0,pz,Charolas,115.0,57.5,HERRAMIENTA,14,1423,CHAROLAS,False,,2021-11-15
REPOSTEARTE,2021-11-17,ND,4.0,pz,mangas,28.0,7.0,CONSUMIBLES,14,1424,MANGAS,False,,2021-11-15
REPOSTEARTE,2021-11-17,ND,2.0,kg,Foundant,166.0,83.0,FONDANT,14,1425,FOUNDANT,False,,2021-11-15
REPOSTEARTE,2021-11-17,ND,1.0,pz,base 33x3,32.0,32.0,BASES,14,1426,BASE 33X3,False,,2021-11-15
REPOSTEARTE,2021-11-17,ND,2.0,pz,cajas cupcakes 12 c,35.0,17.5,EMPAQUE,14,1427,CAJAS CUPCAKES 12 C,False,,2021-11-15
REPOSTEARTE,2021-11-17,ND,1.0,pz,cortadores,120.0,120.0,HERRAMIENTA,14,1428,CORTADORES,False,,2021-11-15
REPOSTEARTE,2021-11-17,ND,1.0,pz,capacillos,45.0,45.0,CAPACILLOS,14,1429,CAPACILLOS,False,,2021-11-15
MEGA PLAST,2021-11-17,316599,1.0,pz,relleno zarzamora puratos,45.0,45.0,RELLENO,14,1430,RELLENO ZARZAMORA PURATOS,False,,2021-11-15
MEGA PLAST,2021-11-17,316599,1.0,Kg,Tegral Satin Red Velvet Puratos,52.0,52.0,HARINA,RED VELVET,1431,TEGRAL SATIN RED VELVET PURATOS,False,,2021-11-15
MEGA PLAST,2021-11-17,316599,1.0,pz,Crema para batir ambiante 1 lt,50.0,50.0,AMBIANTE,14,1432,CREMA PARA BATIR AMBIANTE 1 LT,False,,2021-11-15
REPOSTEARTE,2021-11-17,ND,1.0,pz,base 26 cm,8.5,8.5,BASES,14,1433,BASE 26 CM,False,,2021-11-15
MEGA PLAST,2021-11-17,316599,2.0,Kg,Easy pastel tres leches,90.0,45.0,HARINA,VAINILLA,1434,EASY PASTEL TRES LECHES,False,,2021-11-15
MEGA PLAST,2021-11-12,315797,4.0,pz,Domo ERA 2416-10M,30.0,7.5,EMPAQUE,14,1435,DOMO ERA 2416-10M,False,,2021-11-08
REPOSTEARTE,2021-11-12,ND,1.0,pz,base 26 cm,8.5,8.5,BASES,14,1436,BASE 26 CM,False,,2021-11-08
REPOSTEARTE,2021-11-12,ND,1.0,pz,cajas cupcakes 6 piezas,24.0,24.0,EMPAQUE,14,1437,CAJAS CUPCAKES 6 PIEZAS,False,,2021-11-08
MEGA PLAST,2021-11-12,315797,1.0,pz,Nutella chica 350 grs,65.0,65.0,RELLENO,14,1438,NUTELLA CHICA 350 GRS,False,,2021-11-08
MEGA PLAST,2021-11-12,315797,500.0,g,Tegral Satin Creme ca ,26.0,52.0,HARINA,CHOCOLATE,1439,TEGRAL SATIN CREME CA,False,,2021-11-08
MEGA PLAST,2021-11-12,315797,1.0,kg,Tegral Satin Red Velvet Puratos,52.0,52.0,HARINA,RED VELVET,1440,TEGRAL SATIN RED VELVET PURATOS,False,,2021-11-08
ESTRELLA,2021-11-03,36700,1.0,kg,Chantilli,52.0,52.0,CHANTILLY,14,1441,CHANTILLI,False,,2021-11-01
ESTRELLA,2021-11-03,36700,1.0,pz,Domo para cupcakes,15.0,15.0,EMPAQUE,14,1442,DOMO PARA CUPCAKES,False,,2021-11-01
ESTRELLA,2021-11-03,36700,100.0,gr,Granillo T.S,21.5,215.0,CHOCOLATE,14,1443,GRANILLO T.S,False,,2021-11-01
REPOSTEARTE,2021-10-29,ND,1.0,Kg,H. vainilla 3L,65.0,65.0,HARINA,VAINILLA,1444,H. VAINILLA 3L,False,,2021-10-25
MEGA PLAST,2021-10-29,313750,1.0,Kg,Easy pastel tres leches,55.0,55.0,HARINA,CHOCOLATE,1445,EASY PASTEL TRES LECHES,False,,2021-10-25
REPOSTEARTE,2021-10-29,ND,1.0,kg,Huevo,36.0,36.0,HUEVO,14,1446,HUEVO,False,,2021-10-25
MEGA PLAST,2021-10-29,313750,2.0,pz,Domo ERA 2416-10M,15.0,7.5,EMPAQUE,14,1447,DOMO ERA 2416-10M,False,,2021-10-25
REPOSTEARTE,2021-10-29,ND,2.0,paq,capacillos,78.0,39.0,CAPACILLOS,14,1448,CAPACILLOS,False,,2021-10-25
OXXO,2021-10-29,380628,2.0,paq,Queso philadelphia,68.0,34.0,RELLENO,14,1449,QUESO PHILADELPHIA,False,,2021-10-25
REPOSTEARTE,2021-10-29,ND,2.0,pz,mangas,10.0,5.0,CONSUMIBLES,14,1450,MANGAS,False,,2021-10-25
REPOSTEARTE,2021-10-29,ND,2.0,kg,Chantilli,96.0,48.0,CHANTILLY,14,1451,CHANTILLI,False,,2021-10-25
MEGA PLAST,2021-10-29,313750,1.0,pz,Domo 1/2 plancha INI,40.0,40.0,EMPAQUE,14,1452,DOMO 1/2 PLANCHA INI,False,,2021-10-25
MEGA PLAST,2021-10-29,313750,1.0,pz,relleno zarzamora puratos,45.0,45.0,RELLENO,14,1453,RELLENO ZARZAMORA PURATOS,False,,2021-10-25
MEGA PLAST,2021-10-25,313212,1.0,Kg,Crema batida chantilli ASTURIAS,44.0,44.0,CHANTILLY,14,1454,CREMA BATIDA CHANTILLI ASTURIAS,False,,2021-10-25
MEGA PLAST,2021-10-25,313212,100.0,g,Cocoa en polvo ALPES,22.0,220.0,RELLENO,14,1455,COCOA EN POLVO ALPES,False,,2021-10-25
MEGA PLAST,2021-10-20,312460,1.0,pz,Domo mantecada 12 cavidades,16.0,16.0,EMPAQUE,14,1456,DOMO MANTECADA 12 CAVIDADES,False,,2021-10-18
MEGA PLAST,2021-10-20,312460,1.0,Kg,Crema batida chantilli ASTURIAS,44.0,44.0,CHANTILLY,14,1457,CREMA BATIDA CHANTILLI ASTURIAS,False,,2021-10-18
OXXO,2021-10-20,2062911,1.0,paq,Queso philadelphia,34.0,34.0,RELLENO,14,1458,QUESO PHILADELPHIA,False,,2021-10-18
PARISINA,2021-10-16,37221,1.0,pz,Espatula para levantar pastel,300.0,300.0,HERRAMIENTA,14,1459,ESPATULA PARA LEVANTAR PASTEL,False,,2021-10-11
MEGA PLAST,2021-10-12,311376,2.0,Kg,Crema batida chantilli ASTURIAS,88.0,44.0,CHANTILLY,14,1460,CREMA BATIDA CHANTILLI ASTURIAS,False,,2021-10-11
MEGA PLAST,2021-10-12,311376,1.0,Kg,Easy pastel tres leches,45.0,45.0,HARINA,VAINILLA,1461,EASY PASTEL TRES LECHES,False,,2021-10-11
MEGA PLAST,2021-10-07,310592,1.0,kg,Crema para batir ambiante 1 lt,50.0,50.0,AMBIANTE,14,1462,CREMA PARA BATIR AMBIANTE 1 LT,False,,2021-10-04
MEGA PLAST,2021-10-07,310592,1.0,kg,Easy pastel tres leches,45.0,45.0,HARINA,VAINILLA,1463,EASY PASTEL TRES LECHES,False,,2021-10-04
MEGA PLAST,2021-10-07,310592,1.0,Kg,Easy pastel tres leches,55.0,55.0,HARINA,CHOCOLATE,1464,EASY PASTEL TRES LECHES,False,,2021-10-04
MODATELAS,2021-10-07,85703,1.0,paq,Bolas de pom pom,24.0,24.0,DECORACION,14,1465,BOLAS DE POM POM,False,,2021-10-04
MEGA PLAST,2021-10-07,310592,2.0,pz,Queso philadelphia,60.0,30.0,RELLENO,14,1466,QUESO PHILADELPHIA,False,,2021-10-04
SHEIN,2021-10-01,ND,1.0,pz,"Espatula, Rebanador de pastel, Moldes, Pipetillas, Mandil, Aguja prueba de  pastel",313.0,313.0,HERRAMIENTA,14,1467,"ESPATULA, REBANADOR DE PASTEL, MOLDES, PIPETILLAS, MANDIL, AGUJA PRUEBA DE PASTEL",False,,2021-09-27
GASERA,2021-09-30,ND,35.0,lts,Gas LP,600.0,17.1429,COMBUSTIBLE,14,1468,GAS LP,False,,2021-09-27
SHELL,2021-09-30,2859053,10.0,lts,Gasolina,204.0,20.4,COMBUSTIBLE,14,1469,GASOLINA,False,,2021-09-27
MEGA PLAST,2021-09-29,309492,1.0,kg,Easy pastel tres leches,45.0,45.0,HARINA,VAINILLA,1470,EASY PASTEL TRES LECHES,False,,2021-09-27
MEGA PLAST,2021-09-29,309492,1.0,pz,Nutella chica 350 grs,65.0,65.0,RELLENO,14,1471,NUTELLA CHICA 350 GRS,False,,2021-09-27
MEGA PLAST,2021-09-29,309492,2.0,pz,Domo 1/2 plancha INI,80.0,40.0,EMPAQUE,14,1472,DOMO 1/2 PLANCHA INI,False,,2021-09-27
B. AURRERA,2021-09-29,22812790236946723250,1.0,paq,Galleta Oreo,22.7,22.7,GALLETAS,14,1473,GALLETA OREO,False,,2021-09-27
MEGA PLAST,2021-09-29,309492,1.0,kg,Azucar glass de prime,32.0,32.0,AZUCAR,GLASS,1474,AZUCAR GLASS DE PRIME,False,,2021-09-27
MEGA PLAST,2021-09-29,309492,5.0,Kg,Crema tipo chantilli,161.0,32.2,CHANTILLY,14,1475,CREMA TIPO CHANTILLI,False,,2021-09-27
MEGA PLAST,2021-09-29,309492,500.0,g,Tegral Satin Red Velvet Puratos,26.0,52.0,HARINA,RED VELVET,1476,TEGRAL SATIN RED VELVET PURATOS,False,,2021-09-27
B. AURRERA,2021-09-29,22812790236946723250,2.0,pz,Philly Qso,59.0,29.5,RELLENO,14,1477,PHILLY QSO,False,,2021-09-27
B. AURRERA,2021-09-29,22812790236946723250,10.0,pz,bolillo,14.5,1.45,NO DEFINIDO,14,1478,BOLILLO,False,,2021-09-27
MEGA PLAST,2021-09-29,309492,2.0,pz,Domo DB3525A,38.0,19.0,EMPAQUE,14,1479,DOMO DB3525A,False,,2021-09-27
REPOSTEARTE,2021-09-24,ND,2.0,pz,mangas,10.0,5.0,CONSUMIBLES,14,1480,MANGAS,False,,2021-09-20
REPOSTEARTE,2021-09-24,ND,1.0,kg,Foundant,83.0,83.0,FONDANT,14,1481,FOUNDANT,False,,2021-09-20
REPOSTEARTE,2021-09-24,ND,1.0,paq,capacillos,15.0,15.0,CAPACILLOS,14,1482,CAPACILLOS,False,,2021-09-20
REPOSTEARTE,2021-09-24,ND,1.0,paq,capacillos,45.0,45.0,CAPACILLOS,14,1483,CAPACILLOS,False,,2021-09-20
REPOSTEARTE,2021-09-24,ND,1.0,pz,base 28 cm,21.0,21.0,BASES,14,1484,BASE 28 CM,False,,2021-09-20
MEGA PLAST,2021-09-23,308680,1.0,pz,Relleno durazno puratos,49.0,49.0,RELLENO,14,1485,RELLENO DURAZNO PURATOS,False,,2021-09-20
REPOSTEARTE,2021-09-23,ND,1.0,pz,base 28 cm,10.5,10.5,BASES,14,1486,BASE 28 CM,False,,2021-09-20
REPOSTEARTE,2021-09-23,ND,4.0,pz,Transfer,180.0,45.0,DECORACION,14,1487,TRANSFER,False,,2021-09-20
REPOSTEARTE,2021-09-23,ND,1.0,paq,capacillos,45.0,45.0,CAPACILLOS,14,1488,CAPACILLOS,False,,2021-09-20
MEGA PLAST,2021-09-23,308680,1.0,Kg,Easy pastel tres leches,45.0,45.0,HARINA,VAINILLA,1489,EASY PASTEL TRES LECHES,False,,2021-09-20
REPOSTEARTE,2021-09-23,ND,1.0,pz,cortadores,67.0,67.0,HERRAMIENTA,14,1490,CORTADORES,False,,2021-09-20
REPOSTEARTE,2021-09-14,ND,2.0,Kg,Foundant,166.0,83.0,FONDANT,14,1491,FOUNDANT,False,,2021-09-13
ESTRELLA,2021-09-09,37029,1.0,pz,Vela Baby Yoda,45.0,45.0,DECORACION,14,1492,VELA BABY YODA,False,,2021-09-06
ESTRELLA,2021-09-09,37029,1.0,cj,Ferrero,110.0,110.0,CHOCOLATE,14,1493,FERRERO,False,,2021-09-06
ESTRELLA,2021-09-09,37029,1.0,pz,removedor,15.0,15.0,HERRAMIENTA,14,1494,REMOVEDOR,False,,2021-09-06
ESTRELLA,2021-09-09,37029,1.0,pz,1/4 de plancha,30.0,30.0,EMPAQUE,14,1495,1/4 DE PLANCHA,False,,2021-09-06
MEGA PLAST,2021-08-24,304467,100.0,g,Chocolate coverlux blanco puratos,18.0,180.0,RELLENO,14,1496,CHOCOLATE COVERLUX BLANCO PURATOS,False,,2021-08-23
MEGA PLAST,2021-08-24,304467,500.0,g,Harina piña colada espiga mix,16.0,32.0,HARINA,PIÑA COLADA,1497,HARINA PINA COLADA ESPIGA MIX,False,,2021-08-23
REPOSTEARTE,2021-08-24,ND,2.0,pz,bases 28 cm,21.0,10.5,BASES,14,1498,BASES 28 CM,False,,2021-08-23
REPOSTEARTE,2021-08-24,ND,1.0,Kg,Foundant,83.0,83.0,FONDANT,14,1499,FOUNDANT,False,,2021-08-23
REPOSTEARTE,2021-08-24,ND,1.0,pz,molde para pastel,33.0,33.0,HERRAMIENTA,14,1500,MOLDE PARA PASTEL,False,,2021-08-23
MEGA PLAST,2021-08-24,304467,1.0,pz,Nutella chica 350 grs,65.0,65.0,RELLENO,14,1501,NUTELLA CHICA 350 GRS,False,,2021-08-23
ESTRELLA,2021-08-24,ND,1.0,pz,Caketopper,150.0,150.0,DECORACION,14,1502,CAKETOPPER,False,,2021-08-23
ESTRELLA,2021-08-24,ND,2.0,pz,Domo,110.0,55.0,EMPAQUE,14,1503,DOMO,False,,2021-08-23
REPOSTEARTE,2021-08-24,ND,4.0,pz,mangas,20.0,5.0,CONSUMIBLES,14,1504,MANGAS,False,,2021-08-23
MEGA PLAST,2021-08-24,304467,1.0,Kg,Crema batida chantilli ASTURIAS,44.0,44.0,CHANTILLY,14,1505,CREMA BATIDA CHANTILLI ASTURIAS,False,,2021-08-23
MEGA PLAST,2021-08-24,304469,1.0,kg,Tegral Satin Red Velvet Puratos,52.0,52.0,HARINA,RED VELVET,1506,TEGRAL SATIN RED VELVET PURATOS,False,,2021-08-23
ESTRELLA,2021-08-01,28878,1.0,pz,Manga Fresa Pura,43.0,43.0,RELLENO,14,1507,MANGA FRESA PURA,False,,2021-07-26
ESTRELLA,2021-08-01,28878,3.0,Kg,Chantilli,117.0,39.0,CHANTILLY,14,1508,CHANTILLI,False,,2021-07-26
ESTRELLA,2021-08-01,28878,1.0,paq,Capacillo 72,55.0,55.0,CAPACILLOS,14,1509,CAPACILLO 72,False,,2021-07-26
ESTRELLA,2021-08-01,28878,100.0,gr,Turin semiamargo,11.5,115.0,CHOCOLATE,14,1510,TURIN SEMIAMARGO,False,,2021-07-26
ESTRELLA,2021-08-01,28878,50.0,gr,Perla colores,15.0,300.0,DECORACION,14,1511,PERLA COLORES,False,,2021-07-26
ESTRELLA,2021-08-01,28878,500.0,gr,Avellana,50.0,100.0,DECORACION,14,1512,AVELLANA,False,,2021-07-26
ESTRELLA,2021-08-01,28878,1.0,kg,Puratos Chocolate,62.5,62.5,RELLENO,14,1513,PURATOS CHOCOLATE,False,,2021-07-26
ESTRELLA,2021-08-01,28878,100.0,gr,Granillo Turin,28.5,285.0,CHOCOLATE,14,1514,GRANILLO TURIN,False,,2021-07-26
ESTRELLA,2021-08-01,28878,1.0,pz,Domo 15-14,40.0,40.0,EMPAQUE,14,1515,DOMO 15-14,False,,2021-07-26
ESTRELLA,2021-08-01,28878,1.0,kg,Puratos Tres Leches,51.5,51.5,RELLENO,14,1516,PURATOS TRES LECHES,False,,2021-07-26
REPOSTEARTE,2021-07-28,ND,1.0,pz,Base de listón,21.0,21.0,BASES,14,1517,BASE DE LISTON,False,,2021-07-26
REPOSTEARTE,2021-07-28,ND,1.0,pz,Espatula,35.0,35.0,HERRAMIENTA,14,1518,ESPATULA,False,,2021-07-26
MEGA PLAST,2021-07-28,300185,1.0,pz,Nutella chica 350 grs,65.0,65.0,RELLENO,14,1519,NUTELLA CHICA 350 GRS,False,,2021-07-26
MEGA PLAST,2021-07-28,300185,1.0,Kg,Tegral Satin Red Velvet Puratos,52.0,52.0,HARINA,RED VELVET,1520,TEGRAL SATIN RED VELVET PURATOS,False,,2021-07-26
MEGA PLAST,2021-07-28,300185,1.0,Kg,Crema batida chantilli ASTURIAS,44.0,44.0,CHANTILLY,14,1521,CREMA BATIDA CHANTILLI ASTURIAS,False,,2021-07-26
REPOSTEARTE,2021-07-28,ND,1.0,Kg,Foundant,83.0,83.0,FONDANT,14,1522,FOUNDANT,False,,2021-07-26
MEGA PLAST,2021-07-19,298728,3.0,Kg,Crema batida chantilli ASTURIAS,132.0,44.0,CHANTILLY,14,1523,CREMA BATIDA CHANTILLI ASTURIAS,False,,2021-07-19
REPOSTEARTE,2021-07-19,ND,1.0,pz,base 16,4.0,4.0,BASES,14,1524,BASE 16,False,,2021-07-19
REPOSTEARTE,2021-07-19,ND,1.0,pz,Molde F 16cm,49.0,49.0,HERRAMIENTA,14,1525,MOLDE F 16CM,False,,2021-07-19
REPOSTEARTE,2021-07-19,ND,1.0,pz,Molde F 22cm,62.0,62.0,HERRAMIENTA,14,1526,MOLDE F 22CM,False,,2021-07-19
REPOSTEARTE,2021-07-19,ND,1.0,paq,Capacillos,45.0,45.0,CAPACILLOS,14,1527,CAPACILLOS,False,,2021-07-19
REPOSTEARTE,2021-07-19,ND,2.0,Paq,Capacillos,30.0,15.0,CAPACILLOS,14,1528,CAPACILLOS,False,,2021-07-19
REPOSTEARTE,2021-07-19,ND,3.0,kg,Foundant,249.0,83.0,FONDANT,14,1529,FOUNDANT,False,,2021-07-19
REPOSTEARTE,2021-07-19,ND,6.0,pz,caja para cupcakes,72.0,12.0,EMPAQUE,14,1530,CAJA PARA CUPCAKES,False,,2021-07-19
REPOSTEARTE,2021-07-19,ND,2.0,pz,caja para cupcakes,35.0,17.5,EMPAQUE,14,1531,CAJA PARA CUPCAKES,False,,2021-07-19
REPOSTEARTE,2021-07-19,ND,2.0,pz,mangas,14.0,7.0,CONSUMIBLES,14,1532,MANGAS,False,,2021-07-19
REPOSTEARTE,2021-07-19,ND,1.0,pz,pegamento de fondant,38.0,38.0,DECORACION,14,1533,PEGAMENTO DE FONDANT,False,,2021-07-19
REPOSTEARTE,2021-07-19,ND,1.0,pz,base 28 cm doble,21.0,21.0,BASES,14,1534,BASE 28 CM DOBLE,False,,2021-07-19
REPOSTEARTE,2021-07-19,ND,1.0,paq,soportes,45.0,45.0,DECORACION,14,1535,SOPORTES,False,,2021-07-19
REPOSTEARTE,2021-07-19,ND,3.0,pz,Transfer,135.0,45.0,DECORACION,14,1536,TRANSFER,False,,2021-07-19
MEGA PLAST,2021-07-19,298728,2.0,Kg,Easy pastel tres leches Vainilla,90.0,45.0,HARINA,VAINILLA,1537,EASY PASTEL TRES LECHES VAINILLA,False,,2021-07-19
MEGA PLAST,2021-07-19,298728,1.0,Pz,Crema para batir ambiante 1 lt,50.0,50.0,AMBIANTE,14,1538,CREMA PARA BATIR AMBIANTE 1 LT,False,,2021-07-19
MEGA PLAST,2021-07-19,298728,250.0,g,Luneta mini m&m's,55.0,220.0,RELLENO,14,1539,LUNETA MINI M&M'S,False,,2021-07-19
MEGA PLAST,2021-07-19,298728,2.0,pz,Domo ERA 2416-10M,15.0,7.5,EMPAQUE,14,1540,DOMO ERA 2416-10M,False,,2021-07-19
MEGA PLAST,2021-07-19,298728,200.0,g,Kiss Leche,50.0,250.0,CHOCOLATE,14,1541,KISS LECHE,False,,2021-07-19
MEGA PLAST,2021-07-19,298728,3.0,pz,Domo mantecada 12 cavidades,48.0,16.0,EMPAQUE,14,1542,DOMO MANTECADA 12 CAVIDADES,False,,2021-07-19
ESTRELLA,2021-07-03,14,1.0,Kg,Chantilli,46.0,46.0,CHANTILLY,14,1543,CHANTILLI,False,,2021-06-28
ESTRELLA,2021-07-03,14,500.0,g,Puratos Satín,33.0,66.0,HARINA,CHOCOLATE,1544,PURATOS SATIN,False,,2021-06-28
ESTRELLA,2021-07-03,14,1.0,Paq,Capacillos #73,15.0,15.0,CAPACILLOS,14,1545,CAPACILLOS #73,False,,2021-06-28
ESTRELLA,2021-07-03,14,1.0,Paq,Capacillos #72,12.5,12.5,CAPACILLOS,14,1546,CAPACILLOS #72,False,,2021-06-28
REPOSTEARTE,2021-06-24,ND,1.0,pz,Base,25.0,25.0,BASES,14,1547,BASE,False,,2021-06-21
REPOSTEARTE,2021-06-24,ND,1.0,Kg,Foundant,83.0,83.0,FONDANT,14,1548,FOUNDANT,False,,2021-06-21
REPOSTEARTE,2021-06-17,ND,2.0,pz,Caja para cupcake,35.0,17.5,EMPAQUE,14,1549,CAJA PARA CUPCAKE,False,,2021-06-14
REPOSTEARTE,2021-06-03,ND,1.0,Pz,Transfer,45.0,45.0,DECORACION,14,1550,TRANSFER,False,,2021-05-31
REPOSTEARTE,2021-06-03,ND,1.0,Pz,Capacillos,15.0,15.0,CAPACILLOS,14,1551,CAPACILLOS,False,,2021-05-31
REPOSTEARTE,2021-05-22,ND,1.0,Pz,Tapete de silicon,130.0,130.0,HERRAMIENTA,14,1552,TAPETE DE SILICON,False,,2021-05-17
REPOSTEARTE,2021-05-22,ND,1.0,Kg,Foundant,83.0,83.0,FONDANT,14,1553,FOUNDANT,False,,2021-05-17
REPOSTEARTE,2021-05-22,ND,1.0,Pz,Rodillo de silicon,55.0,55.0,HERRAMIENTA,14,1554,RODILLO DE SILICON,False,,2021-05-17
REPOSTEARTE,2021-05-22,ND,2.0,Pz,Caja para cupcake de 12 pz,35.0,17.5,EMPAQUE,14,1555,CAJA PARA CUPCAKE DE 12 PZ,False,,2021-05-17
REPOSTEARTE,2021-05-22,ND,2.0,Pz,Mcades de silicon,140.0,70.0,HERRAMIENTA,14,1556,MCADES DE SILICON,False,,2021-05-17
ESTRELLA,2021-05-08,29325,1.0,kg,Chantilli,52.0,52.0,CHANTILLY,14,1557,CHANTILLI,False,,2021-05-03
REPOSTEARTE,2021-05-08,ND,4.0,pz,Caja para cupcake 6 pz,48.0,12.0,EMPAQUE,14,1558,CAJA PARA CUPCAKE 6 PZ,False,,2021-05-03
MEGA PLAST,2021-03-08,277626,1.0,Pz,Crema batida chantilli ASTURIAS,39.0,39.0,CHANTILLY,14,1559,CREMA BATIDA CHANTILLI ASTURIAS,False,,2021-03-08
MEGA PLAST,2021-03-08,277626,100.0,g,Confitier semiamargo TURIN,22.0,220.0,CHOCOLATE,14,1560,CONFITIER SEMIAMARGO TURIN,False,,2021-03-08
MEGA PLAST,2021-03-08,277626,500.0,g,Easy pastel tres leches Chocolate,25.0,50.0,HARINA,CHOCOLATE,1561,EASY PASTEL TRES LECHES CHOCOLATE,False,,2021-03-08
MEGA PLAST,2021-02-18,274774,1.0,Kg,Chantilli,39.0,39.0,CHANTILLY,14,1562,CHANTILLI,False,,2021-02-15
REPOSTEARTE,2021-02-18,ND,1.0,Paq,Capacillos,45.0,45.0,CAPACILLOS,14,1563,CAPACILLOS,False,,2021-02-15
MEGA PLAST,2021-02-18,274774,2.0,Pz,Domo ERA 2416-10M,15.0,7.5,EMPAQUE,14,1564,DOMO ERA 2416-10M,False,,2021-02-15
REPOSTEARTE,2021-02-18,ND,2.0,Pz,Mangas,10.0,5.0,CONSUMIBLES,14,1565,MANGAS,False,,2021-02-15
REPOSTEARTE,2021-02-16,ND,1.0,Pz,Base 40x40,22.0,22.0,BASES,14,1566,BASE 40X40,False,,2021-02-15
REPOSTEARTE,2021-02-16,ND,1.0,Kg,Foundant,83.0,83.0,FONDANT,14,1567,FOUNDANT,False,,2021-02-15
ESTRELLA,2020-12-31,19384,2.0,Kg,Harina Puratos Vainilla,103.0,51.5,HARINA,VAINILLA,1568,HARINA PURATOS VAINILLA,False,,2020-12-28
ESTRELLA,2020-12-31,19384,1.0,pz,colorante gel,14.5,14.5,COLORANTES,14,1569,COLORANTE GEL,False,,2020-12-28
ESTRELLA,2020-12-31,19384,1.0,pz,vela feliz cumpleaños,27.5,27.5,OTROS,14,1570,VELA FELIZ CUMPLEANOS,False,,2020-12-28
ESTRELLA,2020-12-31,19384,1.0,pz,manga deshechable chica,5.0,5.0,CONSUMIBLES,14,1571,MANGA DESHECHABLE CHICA,False,,2020-12-28
ESTRELLA,2020-12-31,19384,300.0,gr,corvelux semiamargo,49.5,165.0,CHOCOLATE,14,1572,CORVELUX SEMIAMARGO,False,,2020-12-28
ESTRELLA,2020-12-31,19384,1.0,pz,Fresa Puratos,46.0,46.0,RELLENO,14,1573,FRESA PURATOS,False,,2020-12-28
ESTRELLA,2020-12-31,19384,1.0,Kg,chantilli,42.0,42.0,CHANTILLY,14,1574,CHANTILLI,False,,2020-12-28
MEGA PLAST,2020-12-19,265103,2.0,pz,Domo ERA 2416-10M,15.0,7.5,EMPAQUE,14,1575,DOMO ERA 2416-10M,False,,2020-12-14
MEGA PLAST,2020-12-19,265103,2.0,pz,Domo mantecada 12 cavidades,32.0,16.0,EMPAQUE,14,1576,DOMO MANTECADA 12 CAVIDADES,False,,2020-12-14
MEGA PLAST,2020-12-19,265103,2.0,Kg,Crema batida chantilli ASTURIAS,78.0,39.0,CHANTILLY,14,1577,CREMA BATIDA CHANTILLI ASTURIAS,False,,2020-12-14
MEGA PLAST,2020-12-19,265103,1.0,pz,relleno zarzamora puratos,40.0,40.0,RELLENO,14,1578,RELLENO ZARZAMORA PURATOS,False,,2020-12-14
REPOSTEARTE,2020-12-19,ND,2.0,pz,mangas,10.0,5.0,CONSUMIBLES,14,1579,MANGAS,False,,2020-12-14
MEGA PLAST,2020-12-19,265103,500.0,g,Tegral Satin Red Velvet Puratos,25.0,50.0,HARINA,RED VELVET,1580,TEGRAL SATIN RED VELVET PURATOS,False,,2020-12-14
REPOSTEARTE,2020-12-19,ND,2.0,pz,caja capacillo 12,34.0,17.0,EMPAQUE,14,1581,CAJA CAPACILLO 12,False,,2020-12-14
REPOSTEARTE,2020-12-17,ND,1.0,paq,capacillos,45.0,45.0,CAPACILLOS,14,1582,CAPACILLOS,False,,2020-12-14
REPOSTEARTE,2020-12-17,ND,0.05,gr,confeti,17.5,350000.0,DECORACION,14,1583,CONFETI,False,,2020-12-14
REPOSTEARTE,2020-12-17,ND,1.0,kg,Foundant,83.0,83.0,FONDANT,14,1584,FOUNDANT,False,,2020-12-14
REPOSTEARTE,2020-12-07,ND,1.0,paq,capacillo,45.0,45.0,CAPACILLOS,14,1585,CAPACILLO,False,,2020-12-07
MEGA PLAST,2020-12-07,262963,500.0,g,Tegral Satin Red Velvet Puratos,25.0,50.0,HARINA,RED VELVET,1586,TEGRAL SATIN RED VELVET PURATOS,False,,2020-12-07
MEGA PLAST,2020-12-07,262963,50.0,g,Kiss Leche,12.5,250.0,CHOCOLATE,14,1587,KISS LECHE,False,,2020-12-07
MEGA PLAST,2020-12-07,262969,1.0,pz,Nutella chica 350 grs,65.0,65.0,RELLENO,14,1588,NUTELLA CHICA 350 GRS,False,,2020-12-07
MEGA PLAST,2020-12-07,262963,1.0,Kg,Crema batida chantilli ASTURIAS,39.0,39.0,CHANTILLY,14,1589,CREMA BATIDA CHANTILLI ASTURIAS,False,,2020-12-07
MEGA PLAST,2020-12-07,262963,1.0,pz,Domo mantecada 12 cavidades,16.0,16.0,EMPAQUE,14,1590,DOMO MANTECADA 12 CAVIDADES,False,,2020-12-07
MEGA PLAST,2020-12-07,262963,2.0,pz,Domo ERA 2416-10M,15.0,7.5,EMPAQUE,14,1591,DOMO ERA 2416-10M,False,,2020-12-07
REPOSTEARTE,2020-12-07,ND,1.0,pz,Manga chica,10.0,10.0,CONSUMIBLES,14,1592,MANGA CHICA,False,,2020-12-07
REPOSTEARTE,2020-12-07,ND,1.0,pz,Molde chocolate,13.0,13.0,HERRAMIENTA,14,1593,MOLDE CHOCOLATE,False,,2020-12-07
REPOSTEARTE,2020-11-21,ND,1.0,pz,Transfer,45.0,45.0,DECORACION,14,1594,TRANSFER,False,,2020-11-16
REPOSTEARTE,2020-11-17,ND,2.0,pz,Transfer,14.0,7.0,DECORACION,14,1595,TRANSFER,False,,2020-11-16
REPOSTEARTE,2020-10-27,ND,1.0,pz,molde,67.0,67.0,HERRAMIENTA,14,1596,MOLDE,False,,2020-10-26
REPOSTEARTE,2020-10-27,ND,1.0,pz,pegamento de fondant,45.0,45.0,DECORACION,14,1597,PEGAMENTO DE FONDANT,False,,2020-10-26
REPOSTEARTE,2020-10-27,ND,2.0,pz,mangas,10.0,5.0,CONSUMIBLES,14,1598,MANGAS,False,,2020-10-26
REPOSTEARTE,2020-10-27,ND,1.0,kg,Foundant,83.0,83.0,FONDANT,14,1599,FOUNDANT,False,,2020-10-26
REPOSTEARTE,2020-10-27,ND,1.0,pz,caja para cupcakes,17.0,17.0,EMPAQUE,14,1600,CAJA PARA CUPCAKES,False,,2020-10-26
MEGA PLAST,2020-10-27,255844,1.0,Kg,Crema batida chantilli ASTURIAS,39.0,39.0,CHANTILLY,14,1601,CREMA BATIDA CHANTILLI ASTURIAS,False,,2020-10-26
REPOSTEARTE,2020-10-27,ND,1.0,pz,molde,75.0,75.0,HERRAMIENTA,14,1602,MOLDE,False,,2020-10-26
ESTRELLA,2020-10-25,15791,1.0,Kg,Harina Puratos Vainilla,26.0,26.0,HARINA,VAINILLA,1603,HARINA PURATOS VAINILLA,False,,2020-10-19
ESTRELLA,2020-10-25,15791,1.0,Kg,Chantilli,46.0,46.0,CHANTILLY,14,1604,CHANTILLI,False,,2020-10-19
B. AURRERA,2020-10-18,589659312985233003917,2.0,pz,Leche deslactosada,48.8,24.4,LECHE,14,1605,LECHE DESLACTOSADA,False,,2020-10-12
B. AURRERA,2020-10-18,589659312985233003917,1.0,paq,Galleta Oreo,30.0,30.0,GALLETAS,14,1606,GALLETA OREO,False,,2020-10-12
B. AURRERA,2020-10-18,589659312985233003917,1.0,pz,Au Q. Crema,11.5,11.5,RELLENO,14,1607,AU Q. CREMA,False,,2020-10-12
B. AURRERA,2020-10-18,589659312985233003917,1.0,pz,Philly Qso,29.5,29.5,RELLENO,14,1608,PHILLY QSO,False,,2020-10-12
ESTRELLA,2020-10-13,14174,1.0,kg,Chantilli,46.0,46.0,CHANTILLY,14,1609,CHANTILLI,False,,2020-10-12
ESTRELLA,2020-10-13,14174,500.0,gr,Harina Puratos Vainilla,26.0,52.0,HARINA,VAINILLA,1610,HARINA PURATOS VAINILLA,False,,2020-10-12
ESTRELLA,2020-10-13,14174,500.0,gr,Harina Puratos Chocolate,31.0,62.0,HARINA,CHOCOLATE,1611,HARINA PURATOS CHOCOLATE,False,,2020-10-12
ESTRELLA,2020-10-07,13619,2.0,pz,bases para cupcakes,40.0,20.0,BASES,14,1612,BASES PARA CUPCAKES,False,,2020-10-05
ESTRELLA,2020-10-07,13619,1.0,pz,crema de coco,23.5,23.5,RELLENO,14,1613,CREMA DE COCO,False,,2020-10-05
REPOSTEARTE,2020-09-24,ND,2.0,pz,mangas chicas,10.0,5.0,CONSUMIBLES,14,1614,MANGAS CHICAS,False,,2020-09-21
REPOSTEARTE,2020-09-24,ND,1.0,kg,Foundant,80.0,80.0,FONDANT,14,1615,FOUNDANT,False,,2020-09-21
REPOSTEARTE,2020-09-24,ND,1.0,pz,Transfer,45.0,45.0,DECORACION,14,1616,TRANSFER,False,,2020-09-21
REPOSTEARTE,2020-09-24,ND,1.0,pz,base 28,10.5,10.5,BASES,14,1617,BASE 28,False,,2020-09-21
ESTRELLA,2020-07-21,22551,2.0,pz,domo para cupcake,14.0,7.0,EMPAQUE,14,1618,DOMO PARA CUPCAKE,False,,2020-07-20
ESTRELLA,2020-07-21,22551,1.0,pz,domo 25 cm,14.0,14.0,EMPAQUE,14,1619,DOMO 25 CM,False,,2020-07-20
ESTRELLA,2020-07-21,22551,1.0,pz,plumin,25.0,25.0,HERRAMIENTA,14,1620,PLUMIN,False,,2020-07-20
ESTRELLA,2020-07-21,22551,2.0,kg,Foundant,190.0,95.0,FONDANT,14,1621,FOUNDANT,False,,2020-07-20
ESTRELLA,2020-06-11,53499,500.0,gr,harina choc,33.5,67.0,HARINA,CHOCOLATE,1622,HARINA CHOC,False,,2020-06-08
ESTRELLA,2020-06-11,53499,1.0,paq,25 capacillos,12.5,12.5,CAPACILLOS,14,1623,25 CAPACILLOS,False,,2020-06-08
ESTRELLA,2020-06-11,53499,100.0,gr,granillo semiamargo turin,21.5,215.0,CHOCOLATE,14,1624,GRANILLO SEMIAMARGO TURIN,False,,2020-06-08
ESTRELLA,2020-06-11,53499,1.0,pz,ambiante,50.0,50.0,AMBIANTE,14,1625,AMBIANTE,False,,2020-06-08
ESTRELLA,2020-05-19,18857,1.0,ND,Diferencia contra lo cobrado,20.0,20.0,NO DEFINIDO,14,1626,DIFERENCIA CONTRA LO COBRADO,False,,2020-05-18
ESTRELLA,2020-05-19,18857,1.0,Kg,Foundant,55.0,55.0,FONDANT,14,1627,FOUNDANT,False,,2020-05-18
ESTRELLA,2020-05-19,18857,1.0,pz,domo 25 cm,14.0,14.0,EMPAQUE,14,1628,DOMO 25 CM,False,,2020-05-18
ESTRELLA,2020-05-19,18857,1.0,Kg,chantilli,46.0,46.0,CHANTILLY,14,1629,CHANTILLI,False,,2020-05-18
ESTRELLA,2020-05-19,18857,1.0,Kg,Harina Puratos Vainilla,65.0,65.0,HARINA,VAINILLA,1630,HARINA PURATOS VAINILLA,False,,2020-05-18
ESTRELLA,2020-04-17,16403,1.0,kg,Foundant,187.0,187.0,FONDANT,14,1631,FOUNDANT,False,,2020-04-13
ESTRELLA,2020-04-17,16403,2.0,pz,Blanda,4.0,2.0,NO DEFINIDO,14,1632,BLANDA,False,,2020-04-13
ESTRELLA,2020-04-17,16403,1.0,pz,Nutella,102.0,102.0,RELLENO,14,1633,NUTELLA,False,,2020-04-13
ESTRELLA,2020-04-17,16403,1.0,pz,base 26 cm,109.0,109.0,BASES,14,1634,BASE 26 CM,False,,2020-04-13
ESTRELLA,2020-04-17,16403,1.0,pz,molde 22 cm,45.0,45.0,HERRAMIENTA,14,1635,MOLDE 22 CM,False,,2020-04-13
ESTRELLA,2020-04-17,16403,1.0,pz,manga deshechable,10.0,10.0,CONSUMIBLES,14,1636,MANGA DESHECHABLE,False,,2020-04-13
ESTRELLA,2020-04-17,16403,1.5,kg,purato,94.0,62.6667,RELLENO,14,1637,PURATO,False,,2020-04-13
ESTRELLA,2019-09-24,41964,100.0,gr,coco rayado,6.0,60.0,DULCERIA,14,1638,COCO RAYADO,False,,2019-09-23
ESTRELLA,2019-09-24,41964,1.0,pz,domo 1/2 plancha,40.0,40.0,EMPAQUE,14,1639,DOMO 1/2 PLANCHA,False,,2019-09-23
ESTRELLA,2019-09-24,41964,2.0,pz,mangas med,16.0,8.0,CONSUMIBLES,14,1640,MANGAS MED,False,,2019-09-23
ESTRELLA,2019-09-24,41964,1.0,pz,domo 23 cm,11.0,11.0,EMPAQUE,14,1641,DOMO 23 CM,False,,2019-09-23
ESTRELLA,2019-09-24,41964,2.0,Kg,Harina Puratos Vainilla,103.0,51.5,HARINA,VAINILLA,1642,HARINA PURATOS VAINILLA,False,,2019-09-23
ESTRELLA,2019-09-24,41964,1.0,Kg,Harina Puratos Chocolate,62.5,62.5,HARINA,CHOCOLATE,1643,HARINA PURATOS CHOCOLATE,False,,2019-09-23
ESTRELLA,2019-09-24,41964,2.0,paq,capacillo,18.0,9.0,CAPACILLOS,14,1644,CAPACILLO,False,,2019-09-23
ESTRELLA,2019-09-24,41964,1.0,pz,base 23 cm,8.5,8.5,BASES,14,1645,BASE 23 CM,False,,2019-09-23
ESTRELLA,2019-09-24,41964,1.0,pz,manga zarzamora puratos,49.5,49.5,RELLENO,14,1646,MANGA ZARZAMORA PURATOS,False,,2019-09-23
ESTRELLA,2019-09-24,41964,50.0,gr,perla dorada,15.0,300.0,DECORACION,14,1647,PERLA DORADA,False,,2019-09-23
ESTRELLA,2019-09-24,41964,1.0,ND,Diferencia contra lo cobrado,7.0,7.0,NO DEFINIDO,14,1648,DIFERENCIA CONTRA LO COBRADO,False,,2019-09-23
ESTRELLA,2019-09-24,41964,1.0,paq,capacillo,36.0,36.0,CAPACILLOS,14,1649,CAPACILLO,False,,2019-09-23
ESTRELLA,2019-09-12,42279,1.0,pz,base 22 cm,6.5,6.5,BASES,14,1650,BASE 22 CM,False,,2019-09-09
ESTRELLA,2019-09-12,42279,1.0,Kg,Foundant,95.0,95.0,FONDANT,14,1651,FOUNDANT,False,,2019-09-09
ESTRELLA,2019-09-12,42279,1.0,pz,domo 15-14,40.0,40.0,EMPAQUE,14,1652,DOMO 15-14,False,,2019-09-09
ESTRELLA,2019-09-12,42279,1.0,pz,domo 23 cm,11.0,11.0,EMPAQUE,14,1653,DOMO 23 CM,False,,2019-09-09
ESTRELLA,2019-09-12,42279,2.0,Kg,Harina Puratos Chocolate,125.0,62.5,HARINA,CHOCOLATE,1654,HARINA PURATOS CHOCOLATE,False,,2019-09-09
ESTRELLA,2019-09-12,42279,2.0,Kg,chantilli,78.0,39.0,CHANTILLY,14,1655,CHANTILLI,False,,2019-09-09
ESTRELLA,2019-09-12,42279,1.0,pz,manga grande,9.0,9.0,CONSUMIBLES,14,1656,MANGA GRANDE,False,,2019-09-09
ESTRELLA,2019-09-12,42279,2.0,paq,capacillo decorado,25.0,12.5,CAPACILLOS,14,1657,CAPACILLO DECORADO,False,,2019-09-09
ESTRELLA,2019-09-12,42279,1.0,Kg,Harina Puratos Vainilla,51.5,51.5,HARINA,VAINILLA,1658,HARINA PURATOS VAINILLA,False,,2019-09-09
ESTRELLA,2019-09-12,42279,100.0,gr,Turin semiamargo,17.5,175.0,CHOCOLATE,14,1659,TURIN SEMIAMARGO,False,,2019-09-09
ESTRELLA,2019-06-22,29767,100.0,gr,Turin semiamargo,17.5,175.0,CHOCOLATE,14,1660,TURIN SEMIAMARGO,False,,2019-06-17
ESTRELLA,2019-06-22,29767,100.0,gr,confeti,28.5,285.0,DECORACION,14,1661,CONFETI,False,,2019-06-17
ESTRELLA,2019-06-22,29767,1.0,pz,manga zarzamora puratos,49.5,49.5,RELLENO,14,1662,MANGA ZARZAMORA PURATOS,False,,2019-06-17
ESTRELLA,2019-06-22,29767,1.0,pz,manga durazno puratos,49.5,49.5,RELLENO,14,1663,MANGA DURAZNO PURATOS,False,,2019-06-17
ESTRELLA,2019-06-19,29718,2.0,pz,mangas chicas,10.0,5.0,CONSUMIBLES,14,1664,MANGAS CHICAS,False,,2019-06-17
ESTRELLA,2019-06-19,29718,5.0,Kg,chantilli 5 ,164.0,32.8,CHANTILLY,14,1665,CHANTILLI 5,False,,2019-06-17
ESTRELLA,2019-06-19,29718,1.0,pz,domo 15-14,40.0,40.0,EMPAQUE,14,1666,DOMO 15-14,False,,2019-06-17
ESTRELLA,2019-06-19,29718,1.0,Kg,Harina Puratos Chocolate,62.5,62.5,HARINA,CHOCOLATE,1667,HARINA PURATOS CHOCOLATE,False,,2019-06-17
ESTRELLA,2019-06-19,29718,100.0,gr,Cerezas,20.0,200.0,DULCERIA,14,1668,CEREZAS,False,,2019-06-17
ESTRELLA,2019-06-19,29718,1.0,pz,manga piña,44.0,44.0,RELLENO,14,1669,MANGA PINA,False,,2019-06-17
ESTRELLA,2019-06-19,29718,2.0,kg,Harina Puratos Vainilla,103.0,51.5,HARINA,VAINILLA,1670,HARINA PURATOS VAINILLA,False,,2019-06-17
ESTRELLA,2019-06-19,29718,1.0,Kg,Harina Rich vainilla,23.5,23.5,HARINA,VAINILLA,1671,HARINA RICH VAINILLA,False,,2019-06-17
ESTRELLA,2019-01-24,28285,1.0,pz,Manga chica,5.5,5.5,CONSUMIBLES,14,1672,MANGA CHICA,False,,2019-01-21
ESTRELLA,2019-01-24,28285,5.0,Kg,chantilli,159.0,31.8,CHANTILLY,14,1673,CHANTILLI,False,,2019-01-21
ESTRELLA,2019-01-24,28285,1.0,pz,domo 15-14,40.0,40.0,EMPAQUE,14,1674,DOMO 15-14,False,,2019-01-21
ESTRELLA,2019-01-24,28285,1.0,pz,domo 1/4 plancha,23.0,23.0,EMPAQUE,14,1675,DOMO 1/4 PLANCHA,False,,2019-01-21
ESTRELLA,2019-01-24,28285,1.0,kg,Harina Puratos Vainilla,51.5,51.5,HARINA,VAINILLA,1676,HARINA PURATOS VAINILLA,False,,2019-01-21
ESTRELLA,2019-01-24,28285,2.0,Kg,Harina Puratos Chocolate,125.0,62.5,HARINA,CHOCOLATE,1677,HARINA PURATOS CHOCOLATE,False,,2019-01-21
ESTRELLA,2019-01-24,28285,100.0,gr,Turin semiamargo,17.5,175.0,CHOCOLATE,14,1678,TURIN SEMIAMARGO,False,,2019-01-21
ESTRELLA,2019-01-24,28285,1.0,pz,oblea frozen,35.0,35.0,DECORACION,14,1679,OBLEA FROZEN,False,,2019-01-21
ESTRELLA,2019-01-24,28285,1.0,ND,Diferencia contra lo cobrado,23.0,23.0,NO DEFINIDO,14,1680,DIFERENCIA CONTRA LO COBRADO,False,,2019-01-21
ESTRELLA,2019-01-24,28285,100.0,gr,Alpezzi 14000,12.0,120.0,CHOCOLATE,14,1681,ALPEZZI 14000,False,,2019-01-21
EXPRESARTE,2016-12-08,2902,2000.0,pz,Tarjetas Cupcakes y DJ,360.0,0.18,ADMINISTRACION,14,1682,TARJETAS CUPCAKES Y DJ,False,,2016-12-05
EXPRESARTE,2016-12-08,2902,1000.0,pz,Notas 1/4 Cupcake,880.0,0.88,ADMINISTRACION,14,1683,NOTAS 1/4 CUPCAKE,False,,2016-12-05
IMPUTADO,2016-12-12,IMP-2016-W50,1606.5,estimado,Registro inducido por promedio simple semanal,865.75,0.5389044506691566,IMPUTADO,PROMEDIO_SEMANAL,1684,REGISTRO INDUCIDO POR PROMEDIO SIMPLE SEMANAL,False,,2016-12-12
IMPUTADO,2016-12-19,IMP-2016-W51,1606.5,estimado,Registro inducido por promedio simple semanal,865.75,0.5389044506691566,IMPUTADO,PROMEDIO_SEMANAL,1685,REGISTRO INDUCIDO POR PROMEDIO SIMPLE SEMANAL,False,,2016-12-19
IMPUTADO,2016-12-26,IMP-2016-W52,1606.5,estimado,Registro inducido por promedio simple semanal,865.75,0.5389044506691566,IMPUTADO,PROMEDIO_SEMANAL,1686,REGISTRO INDUCIDO POR PROMEDIO SIMPLE SEMANAL,False,,2016-12-26
IMPUTADO,2017-01-02,IMP-2017-W01,1606.5,estimado,Registro inducido por promedio simple semanal,865.75,0.5389044506691566,IMPUTADO,PROMEDIO_SEMANAL,1687,REGISTRO INDUCIDO POR PROMEDIO SIMPLE SEMANAL,False,,2017-01-02
IMPUTADO,2017-01-09,IMP-2017-W02,1606.5,estimado,Registro inducido por promedio simple semanal,865.75,0.5389044506691566,IMPUTADO,PROMEDIO_SEMANAL,1688,REGISTRO INDUCIDO POR PROMEDIO SIMPLE SEMANAL,False,,2017-01-09
IMPUTADO,2017-01-16,IMP-2017-W03,1606.5,estimado,Registro inducido por promedio simple semanal,865.75,0.5389044506691566,IMPUTADO,PROMEDIO_SEMANAL,1689,REGISTRO INDUCIDO POR PROMEDIO SIMPLE SEMANAL,False,,2017-01-16
IMPUTADO,2017-01-23,IMP-2017-W04,1606.5,estimado,Registro inducido por promedio simple semanal,865.75,0.5389044506691566,IMPUTADO,PROMEDIO_SEMANAL,1690,REGISTRO INDUCIDO POR PROMEDIO SIMPLE SEMANAL,False,,2017-01-23
IMPUTADO,2017-01-30,IMP-2017-W05,1606.5,estimado,Registro inducido por promedio simple semanal,865.75,0.5389044506691566,IMPUTADO,PROMEDIO_SEMANAL,1691,REGISTRO INDUCIDO POR PROMEDIO SIMPLE SEMANAL,False,,2017-01-30
IMPUTADO,2017-02-06,IMP-2017-W06,1606.5,estimado,Registro inducido por promedio simple semanal,865.75,0.5389044506691566,IMPUTADO,PROMEDIO_SEMANAL,1692,REGISTRO INDUCIDO POR PROMEDIO SIMPLE SEMANAL,False,,2017-02-06
IMPUTADO,2017-02-13,IMP-2017-W07,1606.5,estimado,Registro inducido por promedio simple semanal,865.75,0.5389044506691566,IMPUTADO,PROMEDIO_SEMANAL,1693,REGISTRO INDUCIDO POR PROMEDIO SIMPLE SEMANAL,False,,2017-02-13
IMPUTADO,2017-02-20,IMP-2017-W08,1606.5,estimado,Registro inducido por promedio simple semanal,865.75,0.5389044506691566,IMPUTADO,PROMEDIO_SEMANAL,1694,REGISTRO INDUCIDO POR PROMEDIO SIMPLE SEMANAL,False,,2017-02-20
IMPUTADO,2017-02-27,IMP-2017-W09,1606.5,estimado,Registro inducido por promedio simple semanal,865.75,0.5389044506691566,IMPUTADO,PROMEDIO_SEMANAL,1695,REGISTRO INDUCIDO POR PROMEDIO SIMPLE SEMANAL,False,,2017-02-27
IMPUTADO,2017-03-06,IMP-2017-W10,1606.5,estimado,Registro inducido por promedio simple semanal,865.75,0.5389044506691566,IMPUTADO,PROMEDIO_SEMANAL,1696,REGISTRO INDUCIDO POR PROMEDIO SIMPLE SEMANAL,False,,2017-03-06
IMPUTADO,2017-03-13,IMP-2017-W11,1606.5,estimado,Registro inducido por promedio simple semanal,865.75,0.5389044506691566,IMPUTADO,PROMEDIO_SEMANAL,1697,REGISTRO INDUCIDO POR PROMEDIO SIMPLE SEMANAL,False,,2017-03-13
IMPUTADO,2017-03-20,IMP-2017-W12,1606.5,estimado,Registro inducido por promedio simple semanal,865.75,0.5389044506691566,IMPUTADO,PROMEDIO_SEMANAL,1698,REGISTRO INDUCIDO POR PROMEDIO SIMPLE SEMANAL,False,,2017-03-20
IMPUTADO,2017-03-27,IMP-2017-W13,1606.5,estimado,Registro inducido por promedio simple semanal,865.75,0.5389044506691566,IMPUTADO,PROMEDIO_SEMANAL,1699,REGISTRO INDUCIDO POR PROMEDIO SIMPLE SEMANAL,False,,2017-03-27
IMPUTADO,2017-04-03,IMP-2017-W14,1606.5,estimado,Registro inducido por promedio simple semanal,865.75,0.5389044506691566,IMPUTADO,PROMEDIO_SEMANAL,1700,REGISTRO INDUCIDO POR PROMEDIO SIMPLE SEMANAL,False,,2017-04-03
IMPUTADO,2017-04-10,IMP-2017-W15,1606.5,estimado,Registro inducido por promedio simple semanal,865.75,0.5389044506691566,IMPUTADO,PROMEDIO_SEMANAL,1701,REGISTRO INDUCIDO POR PROMEDIO SIMPLE SEMANAL,False,,2017-04-10
IMPUTADO,2017-04-17,IMP-2017-W16,1606.5,estimado,Registro inducido por promedio simple semanal,865.75,0.5389044506691566,IMPUTADO,PROMEDIO_SEMANAL,1702,REGISTRO INDUCIDO POR PROMEDIO SIMPLE SEMANAL,False,,2017-04-17
IMPUTADO,2017-04-24,IMP-2017-W17,1606.5,estimado,Registro inducido por promedio simple semanal,865.75,0.5389044506691566,IMPUTADO,PROMEDIO_SEMANAL,1703,REGISTRO INDUCIDO POR PROMEDIO SIMPLE SEMANAL,False,,2017-04-24
IMPUTADO,2017-05-01,IMP-2017-W18,1606.5,estimado,Registro inducido por promedio simple semanal,865.75,0.5389044506691566,IMPUTADO,PROMEDIO_SEMANAL,1704,REGISTRO INDUCIDO POR PROMEDIO SIMPLE SEMANAL,False,,2017-05-01
IMPUTADO,2017-05-08,IMP-2017-W19,1606.5,estimado,Registro inducido por promedio simple semanal,865.75,0.5389044506691566,IMPUTADO,PROMEDIO_SEMANAL,1705,REGISTRO INDUCIDO POR PROMEDIO SIMPLE SEMANAL,False,,2017-05-08
IMPUTADO,2017-05-15,IMP-2017-W20,1606.5,estimado,Registro inducido por promedio simple semanal,865.75,0.5389044506691566,IMPUTADO,PROMEDIO_SEMANAL,1706,REGISTRO INDUCIDO POR PROMEDIO SIMPLE SEMANAL,False,,2017-05-15
IMPUTADO,2017-05-22,IMP-2017-W21,1606.5,estimado,Registro inducido por promedio simple semanal,865.75,0.5389044506691566,IMPUTADO,PROMEDIO_SEMANAL,1707,REGISTRO INDUCIDO POR PROMEDIO SIMPLE SEMANAL,False,,2017-05-22
IMPUTADO,2017-05-29,IMP-2017-W22,1606.5,estimado,Registro inducido por promedio simple semanal,865.75,0.5389044506691566,IMPUTADO,PROMEDIO_SEMANAL,1708,REGISTRO INDUCIDO POR PROMEDIO SIMPLE SEMANAL,False,,2017-05-29
IMPUTADO,2017-06-05,IMP-2017-W23,1606.5,estimado,Registro inducido por promedio simple semanal,865.75,0.5389044506691566,IMPUTADO,PROMEDIO_SEMANAL,1709,REGISTRO INDUCIDO POR PROMEDIO SIMPLE SEMANAL,False,,2017-06-05
IMPUTADO,2017-06-12,IMP-2017-W24,1606.5,estimado,Registro inducido por promedio simple semanal,865.75,0.5389044506691566,IMPUTADO,PROMEDIO_SEMANAL,1710,REGISTRO INDUCIDO POR PROMEDIO SIMPLE SEMANAL,False,,2017-06-12
IMPUTADO,2017-06-19,IMP-2017-W25,1606.5,estimado,Registro inducido por promedio simple semanal,865.75,0.5389044506691566,IMPUTADO,PROMEDIO_SEMANAL,1711,REGISTRO INDUCIDO POR PROMEDIO SIMPLE SEMANAL,False,,2017-06-19
IMPUTADO,2017-06-26,IMP-2017-W26,1606.5,estimado,Registro inducido por promedio simple semanal,865.75,0.5389044506691566,IMPUTADO,PROMEDIO_SEMANAL,1712,REGISTRO INDUCIDO POR PROMEDIO SIMPLE SEMANAL,False,,2017-06-26
IMPUTADO,2017-07-03,IMP-2017-W27,1606.5,estimado,Registro inducido por promedio simple semanal,865.75,0.5389044506691566,IMPUTADO,PROMEDIO_SEMANAL,1713,REGISTRO INDUCIDO POR PROMEDIO SIMPLE SEMANAL,False,,2017-07-03
IMPUTADO,2017-07-10,IMP-2017-W28,1606.5,estimado,Registro inducido por promedio simple semanal,865.75,0.5389044506691566,IMPUTADO,PROMEDIO_SEMANAL,1714,REGISTRO INDUCIDO POR PROMEDIO SIMPLE SEMANAL,False,,2017-07-10
IMPUTADO,2017-07-17,IMP-2017-W29,1606.5,estimado,Registro inducido por promedio simple semanal,865.75,0.5389044506691566,IMPUTADO,PROMEDIO_SEMANAL,1715,REGISTRO INDUCIDO POR PROMEDIO SIMPLE SEMANAL,False,,2017-07-17
IMPUTADO,2017-07-24,IMP-2017-W30,1606.5,estimado,Registro inducido por promedio simple semanal,865.75,0.5389044506691566,IMPUTADO,PROMEDIO_SEMANAL,1716,REGISTRO INDUCIDO POR PROMEDIO SIMPLE SEMANAL,False,,2017-07-24
IMPUTADO,2017-07-31,IMP-2017-W31,1606.5,estimado,Registro inducido por promedio simple semanal,865.75,0.5389044506691566,IMPUTADO,PROMEDIO_SEMANAL,1717,REGISTRO INDUCIDO POR PROMEDIO SIMPLE SEMANAL,False,,2017-07-31
IMPUTADO,2017-08-07,IMP-2017-W32,1606.5,estimado,Registro inducido por promedio simple semanal,865.75,0.5389044506691566,IMPUTADO,PROMEDIO_SEMANAL,1718,REGISTRO INDUCIDO POR PROMEDIO SIMPLE SEMANAL,False,,2017-08-07
IMPUTADO,2017-08-14,IMP-2017-W33,1606.5,estimado,Registro inducido por promedio simple semanal,865.75,0.5389044506691566,IMPUTADO,PROMEDIO_SEMANAL,1719,REGISTRO INDUCIDO POR PROMEDIO SIMPLE SEMANAL,False,,2017-08-14
IMPUTADO,2017-08-21,IMP-2017-W34,1606.5,estimado,Registro inducido por promedio simple semanal,865.75,0.5389044506691566,IMPUTADO,PROMEDIO_SEMANAL,1720,REGISTRO INDUCIDO POR PROMEDIO SIMPLE SEMANAL,False,,2017-08-21
IMPUTADO,2017-08-28,IMP-2017-W35,1606.5,estimado,Registro inducido por promedio simple semanal,865.75,0.5389044506691566,IMPUTADO,PROMEDIO_SEMANAL,1721,REGISTRO INDUCIDO POR PROMEDIO SIMPLE SEMANAL,False,,2017-08-28
IMPUTADO,2017-09-04,IMP-2017-W36,1606.5,estimado,Registro inducido por promedio simple semanal,865.75,0.5389044506691566,IMPUTADO,PROMEDIO_SEMANAL,1722,REGISTRO INDUCIDO POR PROMEDIO SIMPLE SEMANAL,False,,2017-09-04
IMPUTADO,2017-09-11,IMP-2017-W37,1606.5,estimado,Registro inducido por promedio simple semanal,865.75,0.5389044506691566,IMPUTADO,PROMEDIO_SEMANAL,1723,REGISTRO INDUCIDO POR PROMEDIO SIMPLE SEMANAL,False,,2017-09-11
IMPUTADO,2017-09-18,IMP-2017-W38,1606.5,estimado,Registro inducido por promedio simple semanal,865.75,0.5389044506691566,IMPUTADO,PROMEDIO_SEMANAL,1724,REGISTRO INDUCIDO POR PROMEDIO SIMPLE SEMANAL,False,,2017-09-18
IMPUTADO,2017-09-25,IMP-2017-W39,1606.5,estimado,Registro inducido por promedio simple semanal,865.75,0.5389044506691566,IMPUTADO,PROMEDIO_SEMANAL,1725,REGISTRO INDUCIDO POR PROMEDIO SIMPLE SEMANAL,False,,2017-09-25
IMPUTADO,2017-10-02,IMP-2017-W40,1606.5,estimado,Registro inducido por promedio simple semanal,865.75,0.5389044506691566,IMPUTADO,PROMEDIO_SEMANAL,1726,REGISTRO INDUCIDO POR PROMEDIO SIMPLE SEMANAL,False,,2017-10-02
IMPUTADO,2017-10-09,IMP-2017-W41,1606.5,estimado,Registro inducido por promedio simple semanal,865.75,0.5389044506691566,IMPUTADO,PROMEDIO_SEMANAL,1727,REGISTRO INDUCIDO POR PROMEDIO SIMPLE SEMANAL,False,,2017-10-09
IMPUTADO,2017-10-16,IMP-2017-W42,1606.5,estimado,Registro inducido por promedio simple semanal,865.75,0.5389044506691566,IMPUTADO,PROMEDIO_SEMANAL,1728,REGISTRO INDUCIDO POR PROMEDIO SIMPLE SEMANAL,False,,2017-10-16
IMPUTADO,2017-10-23,IMP-2017-W43,1606.5,estimado,Registro inducido por promedio simple semanal,865.75,0.5389044506691566,IMPUTADO,PROMEDIO_SEMANAL,1729,REGISTRO INDUCIDO POR PROMEDIO SIMPLE SEMANAL,False,,2017-10-23
IMPUTADO,2017-10-30,IMP-2017-W44,1606.5,estimado,Registro inducido por promedio simple semanal,865.75,0.5389044506691566,IMPUTADO,PROMEDIO_SEMANAL,1730,REGISTRO INDUCIDO POR PROMEDIO SIMPLE SEMANAL,False,,2017-10-30
IMPUTADO,2017-11-06,IMP-2017-W45,1606.5,estimado,Registro inducido por promedio simple semanal,865.75,0.5389044506691566,IMPUTADO,PROMEDIO_SEMANAL,1731,REGISTRO INDUCIDO POR PROMEDIO SIMPLE SEMANAL,False,,2017-11-06
IMPUTADO,2017-11-13,IMP-2017-W46,1606.5,estimado,Registro inducido por promedio simple semanal,865.75,0.5389044506691566,IMPUTADO,PROMEDIO_SEMANAL,1732,REGISTRO INDUCIDO POR PROMEDIO SIMPLE SEMANAL,False,,2017-11-13
IMPUTADO,2017-11-20,IMP-2017-W47,1606.5,estimado,Registro inducido por promedio simple semanal,865.75,0.5389044506691566,IMPUTADO,PROMEDIO_SEMANAL,1733,REGISTRO INDUCIDO POR PROMEDIO SIMPLE SEMANAL,False,,2017-11-20
IMPUTADO,2017-11-27,IMP-2017-W48,1606.5,estimado,Registro inducido por promedio simple semanal,865.75,0.5389044506691566,IMPUTADO,PROMEDIO_SEMANAL,1734,REGISTRO INDUCIDO POR PROMEDIO SIMPLE SEMANAL,False,,2017-11-27
IMPUTADO,2017-12-04,IMP-2017-W49,1606.5,estimado,Registro inducido por promedio simple semanal,865.75,0.5389044506691566,IMPUTADO,PROMEDIO_SEMANAL,1735,REGISTRO INDUCIDO POR PROMEDIO SIMPLE SEMANAL,False,,2017-12-04
IMPUTADO,2017-12-11,IMP-2017-W50,1606.5,estimado,Registro inducido por promedio simple semanal,865.75,0.5389044506691566,IMPUTADO,PROMEDIO_SEMANAL,1736,REGISTRO INDUCIDO POR PROMEDIO SIMPLE SEMANAL,False,,2017-12-11
IMPUTADO,2017-12-18,IMP-2017-W51,1606.5,estimado,Registro inducido por promedio simple semanal,865.75,0.5389044506691566,IMPUTADO,PROMEDIO_SEMANAL,1737,REGISTRO INDUCIDO POR PROMEDIO SIMPLE SEMANAL,False,,2017-12-18
IMPUTADO,2017-12-25,IMP-2017-W52,1606.5,estimado,Registro inducido por promedio simple semanal,865.75,0.5389044506691566,IMPUTADO,PROMEDIO_SEMANAL,1738,REGISTRO INDUCIDO POR PROMEDIO SIMPLE SEMANAL,False,,2017-12-25
IMPUTADO,2018-01-01,IMP-2018-W01,1606.5,estimado,Registro inducido por promedio simple semanal,865.75,0.5389044506691566,IMPUTADO,PROMEDIO_SEMANAL,1739,REGISTRO INDUCIDO POR PROMEDIO SIMPLE SEMANAL,False,,2018-01-01
IMPUTADO,2018-01-08,IMP-2018-W02,1606.5,estimado,Registro inducido por promedio simple semanal,865.75,0.5389044506691566,IMPUTADO,PROMEDIO_SEMANAL,1740,REGISTRO INDUCIDO POR PROMEDIO SIMPLE SEMANAL,False,,2018-01-08
IMPUTADO,2018-01-15,IMP-2018-W03,1606.5,estimado,Registro inducido por promedio simple semanal,865.75,0.5389044506691566,IMPUTADO,PROMEDIO_SEMANAL,1741,REGISTRO INDUCIDO POR PROMEDIO SIMPLE SEMANAL,False,,2018-01-15
IMPUTADO,2018-01-22,IMP-2018-W04,1606.5,estimado,Registro inducido por promedio simple semanal,865.75,0.5389044506691566,IMPUTADO,PROMEDIO_SEMANAL,1742,REGISTRO INDUCIDO POR PROMEDIO SIMPLE SEMANAL,False,,2018-01-22
IMPUTADO,2018-01-29,IMP-2018-W05,1606.5,estimado,Registro inducido por promedio simple semanal,865.75,0.5389044506691566,IMPUTADO,PROMEDIO_SEMANAL,1743,REGISTRO INDUCIDO POR PROMEDIO SIMPLE SEMANAL,False,,2018-01-29
IMPUTADO,2018-02-05,IMP-2018-W06,1606.5,estimado,Registro inducido por promedio simple semanal,865.75,0.5389044506691566,IMPUTADO,PROMEDIO_SEMANAL,1744,REGISTRO INDUCIDO POR PROMEDIO SIMPLE SEMANAL,False,,2018-02-05
IMPUTADO,2018-02-12,IMP-2018-W07,1606.5,estimado,Registro inducido por promedio simple semanal,865.75,0.5389044506691566,IMPUTADO,PROMEDIO_SEMANAL,1745,REGISTRO INDUCIDO POR PROMEDIO SIMPLE SEMANAL,False,,2018-02-12
IMPUTADO,2018-02-19,IMP-2018-W08,1606.5,estimado,Registro inducido por promedio simple semanal,865.75,0.5389044506691566,IMPUTADO,PROMEDIO_SEMANAL,1746,REGISTRO INDUCIDO POR PROMEDIO SIMPLE SEMANAL,False,,2018-02-19
IMPUTADO,2018-02-26,IMP-2018-W09,1606.5,estimado,Registro inducido por promedio simple semanal,865.75,0.5389044506691566,IMPUTADO,PROMEDIO_SEMANAL,1747,REGISTRO INDUCIDO POR PROMEDIO SIMPLE SEMANAL,False,,2018-02-26
IMPUTADO,2018-03-05,IMP-2018-W10,1606.5,estimado,Registro inducido por promedio simple semanal,865.75,0.5389044506691566,IMPUTADO,PROMEDIO_SEMANAL,1748,REGISTRO INDUCIDO POR PROMEDIO SIMPLE SEMANAL,False,,2018-03-05
IMPUTADO,2018-03-12,IMP-2018-W11,1606.5,estimado,Registro inducido por promedio simple semanal,865.75,0.5389044506691566,IMPUTADO,PROMEDIO_SEMANAL,1749,REGISTRO INDUCIDO POR PROMEDIO SIMPLE SEMANAL,False,,2018-03-12
IMPUTADO,2018-03-19,IMP-2018-W12,1606.5,estimado,Registro inducido por promedio simple semanal,865.75,0.5389044506691566,IMPUTADO,PROMEDIO_SEMANAL,1750,REGISTRO INDUCIDO POR PROMEDIO SIMPLE SEMANAL,False,,2018-03-19
IMPUTADO,2018-03-26,IMP-2018-W13,1606.5,estimado,Registro inducido por promedio simple semanal,865.75,0.5389044506691566,IMPUTADO,PROMEDIO_SEMANAL,1751,REGISTRO INDUCIDO POR PROMEDIO SIMPLE SEMANAL,False,,2018-03-26
IMPUTADO,2018-04-02,IMP-2018-W14,1606.5,estimado,Registro inducido por promedio simple semanal,865.75,0.5389044506691566,IMPUTADO,PROMEDIO_SEMANAL,1752,REGISTRO INDUCIDO POR PROMEDIO SIMPLE SEMANAL,False,,2018-04-02
IMPUTADO,2018-04-09,IMP-2018-W15,1606.5,estimado,Registro inducido por promedio simple semanal,865.75,0.5389044506691566,IMPUTADO,PROMEDIO_SEMANAL,1753,REGISTRO INDUCIDO POR PROMEDIO SIMPLE SEMANAL,False,,2018-04-09
IMPUTADO,2018-04-16,IMP-2018-W16,1606.5,estimado,Registro inducido por promedio simple semanal,865.75,0.5389044506691566,IMPUTADO,PROMEDIO_SEMANAL,1754,REGISTRO INDUCIDO POR PROMEDIO SIMPLE SEMANAL,False,,2018-04-16
IMPUTADO,2018-04-23,IMP-2018-W17,1606.5,estimado,Registro inducido por promedio simple semanal,865.75,0.5389044506691566,IMPUTADO,PROMEDIO_SEMANAL,1755,REGISTRO INDUCIDO POR PROMEDIO SIMPLE SEMANAL,False,,2018-04-23
IMPUTADO,2018-04-30,IMP-2018-W18,1606.5,estimado,Registro inducido por promedio simple semanal,865.75,0.5389044506691566,IMPUTADO,PROMEDIO_SEMANAL,1756,REGISTRO INDUCIDO POR PROMEDIO SIMPLE SEMANAL,False,,2018-04-30
IMPUTADO,2018-05-07,IMP-2018-W19,1606.5,estimado,Registro inducido por promedio simple semanal,865.75,0.5389044506691566,IMPUTADO,PROMEDIO_SEMANAL,1757,REGISTRO INDUCIDO POR PROMEDIO SIMPLE SEMANAL,False,,2018-05-07
IMPUTADO,2018-05-14,IMP-2018-W20,1606.5,estimado,Registro inducido por promedio simple semanal,865.75,0.5389044506691566,IMPUTADO,PROMEDIO_SEMANAL,1758,REGISTRO INDUCIDO POR PROMEDIO SIMPLE SEMANAL,False,,2018-05-14
IMPUTADO,2018-05-21,IMP-2018-W21,1606.5,estimado,Registro inducido por promedio simple semanal,865.75,0.5389044506691566,IMPUTADO,PROMEDIO_SEMANAL,1759,REGISTRO INDUCIDO POR PROMEDIO SIMPLE SEMANAL,False,,2018-05-21
IMPUTADO,2018-05-28,IMP-2018-W22,1606.5,estimado,Registro inducido por promedio simple semanal,865.75,0.5389044506691566,IMPUTADO,PROMEDIO_SEMANAL,1760,REGISTRO INDUCIDO POR PROMEDIO SIMPLE SEMANAL,False,,2018-05-28
IMPUTADO,2018-06-04,IMP-2018-W23,1606.5,estimado,Registro inducido por promedio simple semanal,865.75,0.5389044506691566,IMPUTADO,PROMEDIO_SEMANAL,1761,REGISTRO INDUCIDO POR PROMEDIO SIMPLE SEMANAL,False,,2018-06-04
IMPUTADO,2018-06-11,IMP-2018-W24,1606.5,estimado,Registro inducido por promedio simple semanal,865.75,0.5389044506691566,IMPUTADO,PROMEDIO_SEMANAL,1762,REGISTRO INDUCIDO POR PROMEDIO SIMPLE SEMANAL,False,,2018-06-11
IMPUTADO,2018-06-18,IMP-2018-W25,1606.5,estimado,Registro inducido por promedio simple semanal,865.75,0.5389044506691566,IMPUTADO,PROMEDIO_SEMANAL,1763,REGISTRO INDUCIDO POR PROMEDIO SIMPLE SEMANAL,False,,2018-06-18
IMPUTADO,2018-06-25,IMP-2018-W26,1606.5,estimado,Registro inducido por promedio simple semanal,865.75,0.5389044506691566,IMPUTADO,PROMEDIO_SEMANAL,1764,REGISTRO INDUCIDO POR PROMEDIO SIMPLE SEMANAL,False,,2018-06-25
IMPUTADO,2018-07-02,IMP-2018-W27,1606.5,estimado,Registro inducido por promedio simple semanal,865.75,0.5389044506691566,IMPUTADO,PROMEDIO_SEMANAL,1765,REGISTRO INDUCIDO POR PROMEDIO SIMPLE SEMANAL,False,,2018-07-02
IMPUTADO,2018-07-09,IMP-2018-W28,1606.5,estimado,Registro inducido por promedio simple semanal,865.75,0.5389044506691566,IMPUTADO,PROMEDIO_SEMANAL,1766,REGISTRO INDUCIDO POR PROMEDIO SIMPLE SEMANAL,False,,2018-07-09
IMPUTADO,2018-07-16,IMP-2018-W29,1606.5,estimado,Registro inducido por promedio simple semanal,865.75,0.5389044506691566,IMPUTADO,PROMEDIO_SEMANAL,1767,REGISTRO INDUCIDO POR PROMEDIO SIMPLE SEMANAL,False,,2018-07-16
IMPUTADO,2018-07-23,IMP-2018-W30,1606.5,estimado,Registro inducido por promedio simple semanal,865.75,0.5389044506691566,IMPUTADO,PROMEDIO_SEMANAL,1768,REGISTRO INDUCIDO POR PROMEDIO SIMPLE SEMANAL,False,,2018-07-23
IMPUTADO,2018-07-30,IMP-2018-W31,1606.5,estimado,Registro inducido por promedio simple semanal,865.75,0.5389044506691566,IMPUTADO,PROMEDIO_SEMANAL,1769,REGISTRO INDUCIDO POR PROMEDIO SIMPLE SEMANAL,False,,2018-07-30
IMPUTADO,2018-08-06,IMP-2018-W32,1606.5,estimado,Registro inducido por promedio simple semanal,865.75,0.5389044506691566,IMPUTADO,PROMEDIO_SEMANAL,1770,REGISTRO INDUCIDO POR PROMEDIO SIMPLE SEMANAL,False,,2018-08-06
IMPUTADO,2018-08-13,IMP-2018-W33,1606.5,estimado,Registro inducido por promedio simple semanal,865.75,0.5389044506691566,IMPUTADO,PROMEDIO_SEMANAL,1771,REGISTRO INDUCIDO POR PROMEDIO SIMPLE SEMANAL,False,,2018-08-13
IMPUTADO,2018-08-20,IMP-2018-W34,1606.5,estimado,Registro inducido por promedio simple semanal,865.75,0.5389044506691566,IMPUTADO,PROMEDIO_SEMANAL,1772,REGISTRO INDUCIDO POR PROMEDIO SIMPLE SEMANAL,False,,2018-08-20
IMPUTADO,2018-08-27,IMP-2018-W35,1606.5,estimado,Registro inducido por promedio simple semanal,865.75,0.5389044506691566,IMPUTADO,PROMEDIO_SEMANAL,1773,REGISTRO INDUCIDO POR PROMEDIO SIMPLE SEMANAL,False,,2018-08-27
IMPUTADO,2018-09-03,IMP-2018-W36,1606.5,estimado,Registro inducido por promedio simple semanal,865.75,0.5389044506691566,IMPUTADO,PROMEDIO_SEMANAL,1774,REGISTRO INDUCIDO POR PROMEDIO SIMPLE SEMANAL,False,,2018-09-03
IMPUTADO,2018-09-10,IMP-2018-W37,1606.5,estimado,Registro inducido por promedio simple semanal,865.75,0.5389044506691566,IMPUTADO,PROMEDIO_SEMANAL,1775,REGISTRO INDUCIDO POR PROMEDIO SIMPLE SEMANAL,False,,2018-09-10
IMPUTADO,2018-09-17,IMP-2018-W38,1606.5,estimado,Registro inducido por promedio simple semanal,865.75,0.5389044506691566,IMPUTADO,PROMEDIO_SEMANAL,1776,REGISTRO INDUCIDO POR PROMEDIO SIMPLE SEMANAL,False,,2018-09-17
IMPUTADO,2018-09-24,IMP-2018-W39,1606.5,estimado,Registro inducido por promedio simple semanal,865.75,0.5389044506691566,IMPUTADO,PROMEDIO_SEMANAL,1777,REGISTRO INDUCIDO POR PROMEDIO SIMPLE SEMANAL,False,,2018-09-24
IMPUTADO,2018-10-01,IMP-2018-W40,1606.5,estimado,Registro inducido por promedio simple semanal,865.75,0.5389044506691566,IMPUTADO,PROMEDIO_SEMANAL,1778,REGISTRO INDUCIDO POR PROMEDIO SIMPLE SEMANAL,False,,2018-10-01
IMPUTADO,2018-10-08,IMP-2018-W41,1606.5,estimado,Registro inducido por promedio simple semanal,865.75,0.5389044506691566,IMPUTADO,PROMEDIO_SEMANAL,1779,REGISTRO INDUCIDO POR PROMEDIO SIMPLE SEMANAL,False,,2018-10-08
IMPUTADO,2018-10-15,IMP-2018-W42,1606.5,estimado,Registro inducido por promedio simple semanal,865.75,0.5389044506691566,IMPUTADO,PROMEDIO_SEMANAL,1780,REGISTRO INDUCIDO POR PROMEDIO SIMPLE SEMANAL,False,,2018-10-15
IMPUTADO,2018-10-22,IMP-2018-W43,1606.5,estimado,Registro inducido por promedio simple semanal,865.75,0.5389044506691566,IMPUTADO,PROMEDIO_SEMANAL,1781,REGISTRO INDUCIDO POR PROMEDIO SIMPLE SEMANAL,False,,2018-10-22
IMPUTADO,2018-10-29,IMP-2018-W44,1606.5,estimado,Registro inducido por promedio simple semanal,865.75,0.5389044506691566,IMPUTADO,PROMEDIO_SEMANAL,1782,REGISTRO INDUCIDO POR PROMEDIO SIMPLE SEMANAL,False,,2018-10-29
IMPUTADO,2018-11-05,IMP-2018-W45,1606.5,estimado,Registro inducido por promedio simple semanal,865.75,0.5389044506691566,IMPUTADO,PROMEDIO_SEMANAL,1783,REGISTRO INDUCIDO POR PROMEDIO SIMPLE SEMANAL,False,,2018-11-05
IMPUTADO,2018-11-12,IMP-2018-W46,1606.5,estimado,Registro inducido por promedio simple semanal,865.75,0.5389044506691566,IMPUTADO,PROMEDIO_SEMANAL,1784,REGISTRO INDUCIDO POR PROMEDIO SIMPLE SEMANAL,False,,2018-11-12
IMPUTADO,2018-11-19,IMP-2018-W47,1606.5,estimado,Registro inducido por promedio simple semanal,865.75,0.5389044506691566,IMPUTADO,PROMEDIO_SEMANAL,1785,REGISTRO INDUCIDO POR PROMEDIO SIMPLE SEMANAL,False,,2018-11-19
IMPUTADO,2018-11-26,IMP-2018-W48,1606.5,estimado,Registro inducido por promedio simple semanal,865.75,0.5389044506691566,IMPUTADO,PROMEDIO_SEMANAL,1786,REGISTRO INDUCIDO POR PROMEDIO SIMPLE SEMANAL,False,,2018-11-26
IMPUTADO,2018-12-03,IMP-2018-W49,1606.5,estimado,Registro inducido por promedio simple semanal,865.75,0.5389044506691566,IMPUTADO,PROMEDIO_SEMANAL,1787,REGISTRO INDUCIDO POR PROMEDIO SIMPLE SEMANAL,False,,2018-12-03
IMPUTADO,2018-12-10,IMP-2018-W50,1606.5,estimado,Registro inducido por promedio simple semanal,865.75,0.5389044506691566,IMPUTADO,PROMEDIO_SEMANAL,1788,REGISTRO INDUCIDO POR PROMEDIO SIMPLE SEMANAL,False,,2018-12-10
IMPUTADO,2018-12-17,IMP-2018-W51,1606.5,estimado,Registro inducido por promedio simple semanal,865.75,0.5389044506691566,IMPUTADO,PROMEDIO_SEMANAL,1789,REGISTRO INDUCIDO POR PROMEDIO SIMPLE SEMANAL,False,,2018-12-17
IMPUTADO,2018-12-24,IMP-2018-W52,1606.5,estimado,Registro inducido por promedio simple semanal,865.75,0.5389044506691566,IMPUTADO,PROMEDIO_SEMANAL,1790,REGISTRO INDUCIDO POR PROMEDIO SIMPLE SEMANAL,False,,2018-12-24
IMPUTADO,2018-12-31,IMP-2019-W01,1606.5,estimado,Registro inducido por promedio simple semanal,865.75,0.5389044506691566,IMPUTADO,PROMEDIO_SEMANAL,1791,REGISTRO INDUCIDO POR PROMEDIO SIMPLE SEMANAL,False,,2018-12-31
IMPUTADO,2019-01-07,IMP-2019-W02,1606.5,estimado,Registro inducido por promedio simple semanal,865.75,0.5389044506691566,IMPUTADO,PROMEDIO_SEMANAL,1792,REGISTRO INDUCIDO POR PROMEDIO SIMPLE SEMANAL,False,,2019-01-07
IMPUTADO,2019-01-14,IMP-2019-W03,1606.5,estimado,Registro inducido por promedio simple semanal,865.75,0.5389044506691566,IMPUTADO,PROMEDIO_SEMANAL,1793,REGISTRO INDUCIDO POR PROMEDIO SIMPLE SEMANAL,False,,2019-01-14
IMPUTADO,2019-01-28,IMP-2019-W05,264.0,estimado,Registro inducido por promedio simple semanal,551.75,2.089962121212121,IMPUTADO,PROMEDIO_SEMANAL,1794,REGISTRO INDUCIDO POR PROMEDIO SIMPLE SEMANAL,False,,2019-01-28
IMPUTADO,2019-02-04,IMP-2019-W06,264.0,estimado,Registro inducido por promedio simple semanal,551.75,2.089962121212121,IMPUTADO,PROMEDIO_SEMANAL,1795,REGISTRO INDUCIDO POR PROMEDIO SIMPLE SEMANAL,False,,2019-02-04
IMPUTADO,2019-02-11,IMP-2019-W07,264.0,estimado,Registro inducido por promedio simple semanal,551.75,2.089962121212121,IMPUTADO,PROMEDIO_SEMANAL,1796,REGISTRO INDUCIDO POR PROMEDIO SIMPLE SEMANAL,False,,2019-02-11
IMPUTADO,2019-02-18,IMP-2019-W08,264.0,estimado,Registro inducido por promedio simple semanal,551.75,2.089962121212121,IMPUTADO,PROMEDIO_SEMANAL,1797,REGISTRO INDUCIDO POR PROMEDIO SIMPLE SEMANAL,False,,2019-02-18
IMPUTADO,2019-02-25,IMP-2019-W09,264.0,estimado,Registro inducido por promedio simple semanal,551.75,2.089962121212121,IMPUTADO,PROMEDIO_SEMANAL,1798,REGISTRO INDUCIDO POR PROMEDIO SIMPLE SEMANAL,False,,2019-02-25
IMPUTADO,2019-03-04,IMP-2019-W10,264.0,estimado,Registro inducido por promedio simple semanal,551.75,2.089962121212121,IMPUTADO,PROMEDIO_SEMANAL,1799,REGISTRO INDUCIDO POR PROMEDIO SIMPLE SEMANAL,False,,2019-03-04
IMPUTADO,2019-03-11,IMP-2019-W11,264.0,estimado,Registro inducido por promedio simple semanal,551.75,2.089962121212121,IMPUTADO,PROMEDIO_SEMANAL,1800,REGISTRO INDUCIDO POR PROMEDIO SIMPLE SEMANAL,False,,2019-03-11
IMPUTADO,2019-03-18,IMP-2019-W12,264.0,estimado,Registro inducido por promedio simple semanal,551.75,2.089962121212121,IMPUTADO,PROMEDIO_SEMANAL,1801,REGISTRO INDUCIDO POR PROMEDIO SIMPLE SEMANAL,False,,2019-03-18
IMPUTADO,2019-03-25,IMP-2019-W13,264.0,estimado,Registro inducido por promedio simple semanal,551.75,2.089962121212121,IMPUTADO,PROMEDIO_SEMANAL,1802,REGISTRO INDUCIDO POR PROMEDIO SIMPLE SEMANAL,False,,2019-03-25
IMPUTADO,2019-04-01,IMP-2019-W14,264.0,estimado,Registro inducido por promedio simple semanal,551.75,2.089962121212121,IMPUTADO,PROMEDIO_SEMANAL,1803,REGISTRO INDUCIDO POR PROMEDIO SIMPLE SEMANAL,False,,2019-04-01
IMPUTADO,2019-04-08,IMP-2019-W15,264.0,estimado,Registro inducido por promedio simple semanal,551.75,2.089962121212121,IMPUTADO,PROMEDIO_SEMANAL,1804,REGISTRO INDUCIDO POR PROMEDIO SIMPLE SEMANAL,False,,2019-04-08
IMPUTADO,2019-04-15,IMP-2019-W16,264.0,estimado,Registro inducido por promedio simple semanal,551.75,2.089962121212121,IMPUTADO,PROMEDIO_SEMANAL,1805,REGISTRO INDUCIDO POR PROMEDIO SIMPLE SEMANAL,False,,2019-04-15
IMPUTADO,2019-04-22,IMP-2019-W17,264.0,estimado,Registro inducido por promedio simple semanal,551.75,2.089962121212121,IMPUTADO,PROMEDIO_SEMANAL,1806,REGISTRO INDUCIDO POR PROMEDIO SIMPLE SEMANAL,False,,2019-04-22
IMPUTADO,2019-04-29,IMP-2019-W18,264.0,estimado,Registro inducido por promedio simple semanal,551.75,2.089962121212121,IMPUTADO,PROMEDIO_SEMANAL,1807,REGISTRO INDUCIDO POR PROMEDIO SIMPLE SEMANAL,False,,2019-04-29
IMPUTADO,2019-05-06,IMP-2019-W19,264.0,estimado,Registro inducido por promedio simple semanal,551.75,2.089962121212121,IMPUTADO,PROMEDIO_SEMANAL,1808,REGISTRO INDUCIDO POR PROMEDIO SIMPLE SEMANAL,False,,2019-05-06
IMPUTADO,2019-05-13,IMP-2019-W20,264.0,estimado,Registro inducido por promedio simple semanal,551.75,2.089962121212121,IMPUTADO,PROMEDIO_SEMANAL,1809,REGISTRO INDUCIDO POR PROMEDIO SIMPLE SEMANAL,False,,2019-05-13
IMPUTADO,2019-05-20,IMP-2019-W21,264.0,estimado,Registro inducido por promedio simple semanal,551.75,2.089962121212121,IMPUTADO,PROMEDIO_SEMANAL,1810,REGISTRO INDUCIDO POR PROMEDIO SIMPLE SEMANAL,False,,2019-05-20
IMPUTADO,2019-05-27,IMP-2019-W22,264.0,estimado,Registro inducido por promedio simple semanal,551.75,2.089962121212121,IMPUTADO,PROMEDIO_SEMANAL,1811,REGISTRO INDUCIDO POR PROMEDIO SIMPLE SEMANAL,False,,2019-05-27
IMPUTADO,2019-06-03,IMP-2019-W23,264.0,estimado,Registro inducido por promedio simple semanal,551.75,2.089962121212121,IMPUTADO,PROMEDIO_SEMANAL,1812,REGISTRO INDUCIDO POR PROMEDIO SIMPLE SEMANAL,False,,2019-06-03
IMPUTADO,2019-06-10,IMP-2019-W24,264.0,estimado,Registro inducido por promedio simple semanal,551.75,2.089962121212121,IMPUTADO,PROMEDIO_SEMANAL,1813,REGISTRO INDUCIDO POR PROMEDIO SIMPLE SEMANAL,False,,2019-06-10
IMPUTADO,2019-06-24,IMP-2019-W26,213.5,estimado,Registro inducido por promedio simple semanal,535.25,2.5070257611241216,IMPUTADO,PROMEDIO_SEMANAL,1814,REGISTRO INDUCIDO POR PROMEDIO SIMPLE SEMANAL,False,,2019-06-24
IMPUTADO,2019-07-01,IMP-2019-W27,213.5,estimado,Registro inducido por promedio simple semanal,535.25,2.5070257611241216,IMPUTADO,PROMEDIO_SEMANAL,1815,REGISTRO INDUCIDO POR PROMEDIO SIMPLE SEMANAL,False,,2019-07-01
IMPUTADO,2019-07-08,IMP-2019-W28,213.5,estimado,Registro inducido por promedio simple semanal,535.25,2.5070257611241216,IMPUTADO,PROMEDIO_SEMANAL,1816,REGISTRO INDUCIDO POR PROMEDIO SIMPLE SEMANAL,False,,2019-07-08
IMPUTADO,2019-07-15,IMP-2019-W29,213.5,estimado,Registro inducido por promedio simple semanal,535.25,2.5070257611241216,IMPUTADO,PROMEDIO_SEMANAL,1817,REGISTRO INDUCIDO POR PROMEDIO SIMPLE SEMANAL,False,,2019-07-15
IMPUTADO,2019-07-22,IMP-2019-W30,213.5,estimado,Registro inducido por promedio simple semanal,535.25,2.5070257611241216,IMPUTADO,PROMEDIO_SEMANAL,1818,REGISTRO INDUCIDO POR PROMEDIO SIMPLE SEMANAL,False,,2019-07-22
IMPUTADO,2019-07-29,IMP-2019-W31,213.5,estimado,Registro inducido por promedio simple semanal,535.25,2.5070257611241216,IMPUTADO,PROMEDIO_SEMANAL,1819,REGISTRO INDUCIDO POR PROMEDIO SIMPLE SEMANAL,False,,2019-07-29
IMPUTADO,2019-08-05,IMP-2019-W32,213.5,estimado,Registro inducido por promedio simple semanal,535.25,2.5070257611241216,IMPUTADO,PROMEDIO_SEMANAL,1820,REGISTRO INDUCIDO POR PROMEDIO SIMPLE SEMANAL,False,,2019-08-05
IMPUTADO,2019-08-12,IMP-2019-W33,213.5,estimado,Registro inducido por promedio simple semanal,535.25,2.5070257611241216,IMPUTADO,PROMEDIO_SEMANAL,1821,REGISTRO INDUCIDO POR PROMEDIO SIMPLE SEMANAL,False,,2019-08-12
IMPUTADO,2019-08-19,IMP-2019-W34,213.5,estimado,Registro inducido por promedio simple semanal,535.25,2.5070257611241216,IMPUTADO,PROMEDIO_SEMANAL,1822,REGISTRO INDUCIDO POR PROMEDIO SIMPLE SEMANAL,False,,2019-08-19
IMPUTADO,2019-08-26,IMP-2019-W35,213.5,estimado,Registro inducido por promedio simple semanal,535.25,2.5070257611241216,IMPUTADO,PROMEDIO_SEMANAL,1823,REGISTRO INDUCIDO POR PROMEDIO SIMPLE SEMANAL,False,,2019-08-26
IMPUTADO,2019-09-02,IMP-2019-W36,213.5,estimado,Registro inducido por promedio simple semanal,535.25,2.5070257611241216,IMPUTADO,PROMEDIO_SEMANAL,1824,REGISTRO INDUCIDO POR PROMEDIO SIMPLE SEMANAL,False,,2019-09-02
IMPUTADO,2019-09-16,IMP-2019-W38,137.5,estimado,Registro inducido por promedio simple semanal,415.5,3.021818181818182,IMPUTADO,PROMEDIO_SEMANAL,1825,REGISTRO INDUCIDO POR PROMEDIO SIMPLE SEMANAL,False,,2019-09-16
IMPUTADO,2019-09-30,IMP-2019-W40,85.75,estimado,Registro inducido por promedio simple semanal,461.75,5.384839650145772,IMPUTADO,PROMEDIO_SEMANAL,1826,REGISTRO INDUCIDO POR PROMEDIO SIMPLE SEMANAL,False,,2019-09-30
IMPUTADO,2019-10-07,IMP-2019-W41,85.75,estimado,Registro inducido por promedio simple semanal,461.75,5.384839650145772,IMPUTADO,PROMEDIO_SEMANAL,1827,REGISTRO INDUCIDO POR PROMEDIO SIMPLE SEMANAL,False,,2019-10-07
IMPUTADO,2019-10-14,IMP-2019-W42,85.75,estimado,Registro inducido por promedio simple semanal,461.75,5.384839650145772,IMPUTADO,PROMEDIO_SEMANAL,1828,REGISTRO INDUCIDO POR PROMEDIO SIMPLE SEMANAL,False,,2019-10-14
IMPUTADO,2019-10-21,IMP-2019-W43,85.75,estimado,Registro inducido por promedio simple semanal,461.75,5.384839650145772,IMPUTADO,PROMEDIO_SEMANAL,1829,REGISTRO INDUCIDO POR PROMEDIO SIMPLE SEMANAL,False,,2019-10-21
IMPUTADO,2019-10-28,IMP-2019-W44,85.75,estimado,Registro inducido por promedio simple semanal,461.75,5.384839650145772,IMPUTADO,PROMEDIO_SEMANAL,1830,REGISTRO INDUCIDO POR PROMEDIO SIMPLE SEMANAL,False,,2019-10-28
IMPUTADO,2019-11-04,IMP-2019-W45,85.75,estimado,Registro inducido por promedio simple semanal,461.75,5.384839650145772,IMPUTADO,PROMEDIO_SEMANAL,1831,REGISTRO INDUCIDO POR PROMEDIO SIMPLE SEMANAL,False,,2019-11-04
IMPUTADO,2019-11-11,IMP-2019-W46,85.75,estimado,Registro inducido por promedio simple semanal,461.75,5.384839650145772,IMPUTADO,PROMEDIO_SEMANAL,1832,REGISTRO INDUCIDO POR PROMEDIO SIMPLE SEMANAL,False,,2019-11-11
IMPUTADO,2019-11-18,IMP-2019-W47,85.75,estimado,Registro inducido por promedio simple semanal,461.75,5.384839650145772,IMPUTADO,PROMEDIO_SEMANAL,1833,REGISTRO INDUCIDO POR PROMEDIO SIMPLE SEMANAL,False,,2019-11-18
IMPUTADO,2019-11-25,IMP-2019-W48,85.75,estimado,Registro inducido por promedio simple semanal,461.75,5.384839650145772,IMPUTADO,PROMEDIO_SEMANAL,1834,REGISTRO INDUCIDO POR PROMEDIO SIMPLE SEMANAL,False,,2019-11-25
IMPUTADO,2019-12-02,IMP-2019-W49,85.75,estimado,Registro inducido por promedio simple semanal,461.75,5.384839650145772,IMPUTADO,PROMEDIO_SEMANAL,1835,REGISTRO INDUCIDO POR PROMEDIO SIMPLE SEMANAL,False,,2019-12-02
IMPUTADO,2019-12-09,IMP-2019-W50,85.75,estimado,Registro inducido por promedio simple semanal,461.75,5.384839650145772,IMPUTADO,PROMEDIO_SEMANAL,1836,REGISTRO INDUCIDO POR PROMEDIO SIMPLE SEMANAL,False,,2019-12-09
IMPUTADO,2019-12-16,IMP-2019-W51,85.75,estimado,Registro inducido por promedio simple semanal,461.75,5.384839650145772,IMPUTADO,PROMEDIO_SEMANAL,1837,REGISTRO INDUCIDO POR PROMEDIO SIMPLE SEMANAL,False,,2019-12-16
IMPUTADO,2019-12-23,IMP-2019-W52,85.75,estimado,Registro inducido por promedio simple semanal,461.75,5.384839650145772,IMPUTADO,PROMEDIO_SEMANAL,1838,REGISTRO INDUCIDO POR PROMEDIO SIMPLE SEMANAL,False,,2019-12-23
IMPUTADO,2019-12-30,IMP-2020-W01,85.75,estimado,Registro inducido por promedio simple semanal,461.75,5.384839650145772,IMPUTADO,PROMEDIO_SEMANAL,1839,REGISTRO INDUCIDO POR PROMEDIO SIMPLE SEMANAL,False,,2019-12-30
IMPUTADO,2020-01-06,IMP-2020-W02,85.75,estimado,Registro inducido por promedio simple semanal,461.75,5.384839650145772,IMPUTADO,PROMEDIO_SEMANAL,1840,REGISTRO INDUCIDO POR PROMEDIO SIMPLE SEMANAL,False,,2020-01-06
IMPUTADO,2020-01-13,IMP-2020-W03,85.75,estimado,Registro inducido por promedio simple semanal,461.75,5.384839650145772,IMPUTADO,PROMEDIO_SEMANAL,1841,REGISTRO INDUCIDO POR PROMEDIO SIMPLE SEMANAL,False,,2020-01-13
IMPUTADO,2020-01-20,IMP-2020-W04,85.75,estimado,Registro inducido por promedio simple semanal,461.75,5.384839650145772,IMPUTADO,PROMEDIO_SEMANAL,1842,REGISTRO INDUCIDO POR PROMEDIO SIMPLE SEMANAL,False,,2020-01-20
IMPUTADO,2020-01-27,IMP-2020-W05,85.75,estimado,Registro inducido por promedio simple semanal,461.75,5.384839650145772,IMPUTADO,PROMEDIO_SEMANAL,1843,REGISTRO INDUCIDO POR PROMEDIO SIMPLE SEMANAL,False,,2020-01-27
IMPUTADO,2020-02-03,IMP-2020-W06,85.75,estimado,Registro inducido por promedio simple semanal,461.75,5.384839650145772,IMPUTADO,PROMEDIO_SEMANAL,1844,REGISTRO INDUCIDO POR PROMEDIO SIMPLE SEMANAL,False,,2020-02-03
IMPUTADO,2020-02-10,IMP-2020-W07,85.75,estimado,Registro inducido por promedio simple semanal,461.75,5.384839650145772,IMPUTADO,PROMEDIO_SEMANAL,1845,REGISTRO INDUCIDO POR PROMEDIO SIMPLE SEMANAL,False,,2020-02-10
IMPUTADO,2020-02-17,IMP-2020-W08,85.75,estimado,Registro inducido por promedio simple semanal,461.75,5.384839650145772,IMPUTADO,PROMEDIO_SEMANAL,1846,REGISTRO INDUCIDO POR PROMEDIO SIMPLE SEMANAL,False,,2020-02-17
IMPUTADO,2020-02-24,IMP-2020-W09,85.75,estimado,Registro inducido por promedio simple semanal,461.75,5.384839650145772,IMPUTADO,PROMEDIO_SEMANAL,1847,REGISTRO INDUCIDO POR PROMEDIO SIMPLE SEMANAL,False,,2020-02-24
IMPUTADO,2020-03-02,IMP-2020-W10,85.75,estimado,Registro inducido por promedio simple semanal,461.75,5.384839650145772,IMPUTADO,PROMEDIO_SEMANAL,1848,REGISTRO INDUCIDO POR PROMEDIO SIMPLE SEMANAL,False,,2020-03-02
IMPUTADO,2020-03-09,IMP-2020-W11,85.75,estimado,Registro inducido por promedio simple semanal,461.75,5.384839650145772,IMPUTADO,PROMEDIO_SEMANAL,1849,REGISTRO INDUCIDO POR PROMEDIO SIMPLE SEMANAL,False,,2020-03-09
IMPUTADO,2020-03-16,IMP-2020-W12,85.75,estimado,Registro inducido por promedio simple semanal,461.75,5.384839650145772,IMPUTADO,PROMEDIO_SEMANAL,1850,REGISTRO INDUCIDO POR PROMEDIO SIMPLE SEMANAL,False,,2020-03-16
IMPUTADO,2020-03-23,IMP-2020-W13,85.75,estimado,Registro inducido por promedio simple semanal,461.75,5.384839650145772,IMPUTADO,PROMEDIO_SEMANAL,1851,REGISTRO INDUCIDO POR PROMEDIO SIMPLE SEMANAL,False,,2020-03-23
IMPUTADO,2020-03-30,IMP-2020-W14,85.75,estimado,Registro inducido por promedio simple semanal,461.75,5.384839650145772,IMPUTADO,PROMEDIO_SEMANAL,1852,REGISTRO INDUCIDO POR PROMEDIO SIMPLE SEMANAL,False,,2020-03-30
IMPUTADO,2020-04-06,IMP-2020-W15,85.75,estimado,Registro inducido por promedio simple semanal,461.75,5.384839650145772,IMPUTADO,PROMEDIO_SEMANAL,1853,REGISTRO INDUCIDO POR PROMEDIO SIMPLE SEMANAL,False,,2020-04-06
IMPUTADO,2020-04-20,IMP-2020-W17,6.75,estimado,Registro inducido por promedio simple semanal,375.5,55.629629629629626,IMPUTADO,PROMEDIO_SEMANAL,1854,REGISTRO INDUCIDO POR PROMEDIO SIMPLE SEMANAL,False,,2020-04-20
IMPUTADO,2020-04-27,IMP-2020-W18,6.75,estimado,Registro inducido por promedio simple semanal,375.5,55.629629629629626,IMPUTADO,PROMEDIO_SEMANAL,1855,REGISTRO INDUCIDO POR PROMEDIO SIMPLE SEMANAL,False,,2020-04-27
IMPUTADO,2020-05-04,IMP-2020-W19,6.75,estimado,Registro inducido por promedio simple semanal,375.5,55.629629629629626,IMPUTADO,PROMEDIO_SEMANAL,1856,REGISTRO INDUCIDO POR PROMEDIO SIMPLE SEMANAL,False,,2020-05-04
IMPUTADO,2020-05-11,IMP-2020-W20,6.75,estimado,Registro inducido por promedio simple semanal,375.5,55.629629629629626,IMPUTADO,PROMEDIO_SEMANAL,1857,REGISTRO INDUCIDO POR PROMEDIO SIMPLE SEMANAL,False,,2020-05-11
IMPUTADO,2020-05-25,IMP-2020-W22,303.5,estimado,Registro inducido por promedio simple semanal,158.75,0.5230642504118617,IMPUTADO,PROMEDIO_SEMANAL,1858,REGISTRO INDUCIDO POR PROMEDIO SIMPLE SEMANAL,False,,2020-05-25
IMPUTADO,2020-06-01,IMP-2020-W23,303.5,estimado,Registro inducido por promedio simple semanal,158.75,0.5230642504118617,IMPUTADO,PROMEDIO_SEMANAL,1859,REGISTRO INDUCIDO POR PROMEDIO SIMPLE SEMANAL,False,,2020-06-01
IMPUTADO,2020-06-15,IMP-2020-W25,304.0,estimado,Registro inducido por promedio simple semanal,180.25,0.5929276315789473,IMPUTADO,PROMEDIO_SEMANAL,1860,REGISTRO INDUCIDO POR PROMEDIO SIMPLE SEMANAL,False,,2020-06-15
IMPUTADO,2020-06-22,IMP-2020-W26,304.0,estimado,Registro inducido por promedio simple semanal,180.25,0.5929276315789473,IMPUTADO,PROMEDIO_SEMANAL,1861,REGISTRO INDUCIDO POR PROMEDIO SIMPLE SEMANAL,False,,2020-06-22
IMPUTADO,2020-06-29,IMP-2020-W27,304.0,estimado,Registro inducido por promedio simple semanal,180.25,0.5929276315789473,IMPUTADO,PROMEDIO_SEMANAL,1862,REGISTRO INDUCIDO POR PROMEDIO SIMPLE SEMANAL,False,,2020-06-29
IMPUTADO,2020-07-06,IMP-2020-W28,304.0,estimado,Registro inducido por promedio simple semanal,180.25,0.5929276315789473,IMPUTADO,PROMEDIO_SEMANAL,1863,REGISTRO INDUCIDO POR PROMEDIO SIMPLE SEMANAL,False,,2020-07-06
IMPUTADO,2020-07-13,IMP-2020-W29,304.0,estimado,Registro inducido por promedio simple semanal,180.25,0.5929276315789473,IMPUTADO,PROMEDIO_SEMANAL,1864,REGISTRO INDUCIDO POR PROMEDIO SIMPLE SEMANAL,False,,2020-07-13
IMPUTADO,2020-07-27,IMP-2020-W31,5.5,estimado,Registro inducido por promedio simple semanal,194.25,35.31818181818182,IMPUTADO,PROMEDIO_SEMANAL,1865,REGISTRO INDUCIDO POR PROMEDIO SIMPLE SEMANAL,False,,2020-07-27
IMPUTADO,2020-08-03,IMP-2020-W32,5.5,estimado,Registro inducido por promedio simple semanal,194.25,35.31818181818182,IMPUTADO,PROMEDIO_SEMANAL,1866,REGISTRO INDUCIDO POR PROMEDIO SIMPLE SEMANAL,False,,2020-08-03
IMPUTADO,2020-08-10,IMP-2020-W33,5.5,estimado,Registro inducido por promedio simple semanal,194.25,35.31818181818182,IMPUTADO,PROMEDIO_SEMANAL,1867,REGISTRO INDUCIDO POR PROMEDIO SIMPLE SEMANAL,False,,2020-08-10
IMPUTADO,2020-08-17,IMP-2020-W34,5.5,estimado,Registro inducido por promedio simple semanal,194.25,35.31818181818182,IMPUTADO,PROMEDIO_SEMANAL,1868,REGISTRO INDUCIDO POR PROMEDIO SIMPLE SEMANAL,False,,2020-08-17
IMPUTADO,2020-08-24,IMP-2020-W35,5.5,estimado,Registro inducido por promedio simple semanal,194.25,35.31818181818182,IMPUTADO,PROMEDIO_SEMANAL,1869,REGISTRO INDUCIDO POR PROMEDIO SIMPLE SEMANAL,False,,2020-08-24
IMPUTADO,2020-08-31,IMP-2020-W36,5.5,estimado,Registro inducido por promedio simple semanal,194.25,35.31818181818182,IMPUTADO,PROMEDIO_SEMANAL,1870,REGISTRO INDUCIDO POR PROMEDIO SIMPLE SEMANAL,False,,2020-08-31
IMPUTADO,2020-09-07,IMP-2020-W37,5.5,estimado,Registro inducido por promedio simple semanal,194.25,35.31818181818182,IMPUTADO,PROMEDIO_SEMANAL,1871,REGISTRO INDUCIDO POR PROMEDIO SIMPLE SEMANAL,False,,2020-09-07
IMPUTADO,2020-09-14,IMP-2020-W38,5.5,estimado,Registro inducido por promedio simple semanal,194.25,35.31818181818182,IMPUTADO,PROMEDIO_SEMANAL,1872,REGISTRO INDUCIDO POR PROMEDIO SIMPLE SEMANAL,False,,2020-09-14
IMPUTADO,2020-09-28,IMP-2020-W40,4.0,estimado,Registro inducido por promedio simple semanal,104.5,26.125,IMPUTADO,PROMEDIO_SEMANAL,1873,REGISTRO INDUCIDO POR PROMEDIO SIMPLE SEMANAL,False,,2020-09-28
IMPUTADO,2020-11-02,IMP-2020-W45,5.5,estimado,Registro inducido por promedio simple semanal,197.5,35.90909090909091,IMPUTADO,PROMEDIO_SEMANAL,1874,REGISTRO INDUCIDO POR PROMEDIO SIMPLE SEMANAL,False,,2020-11-02
IMPUTADO,2020-11-09,IMP-2020-W46,5.5,estimado,Registro inducido por promedio simple semanal,197.5,35.90909090909091,IMPUTADO,PROMEDIO_SEMANAL,1875,REGISTRO INDUCIDO POR PROMEDIO SIMPLE SEMANAL,False,,2020-11-09
IMPUTADO,2020-11-23,IMP-2020-W48,280.5,estimado,Registro inducido por promedio simple semanal,149.75,0.533868092691622,IMPUTADO,PROMEDIO_SEMANAL,1876,REGISTRO INDUCIDO POR PROMEDIO SIMPLE SEMANAL,False,,2020-11-23
IMPUTADO,2020-11-30,IMP-2020-W49,280.5,estimado,Registro inducido por promedio simple semanal,149.75,0.533868092691622,IMPUTADO,PROMEDIO_SEMANAL,1877,REGISTRO INDUCIDO POR PROMEDIO SIMPLE SEMANAL,False,,2020-11-30
IMPUTADO,2020-12-21,IMP-2020-W52,410.025,estimado,Registro inducido por promedio simple semanal,333.5,0.8133650387171515,IMPUTADO,PROMEDIO_SEMANAL,1878,REGISTRO INDUCIDO POR PROMEDIO SIMPLE SEMANAL,False,,2020-12-21
IMPUTADO,2021-01-04,IMP-2021-W01,157.5,estimado,Registro inducido por promedio simple semanal,250.75,1.592063492063492,IMPUTADO,PROMEDIO_SEMANAL,1879,REGISTRO INDUCIDO POR PROMEDIO SIMPLE SEMANAL,False,,2021-01-04
IMPUTADO,2021-01-11,IMP-2021-W02,157.5,estimado,Registro inducido por promedio simple semanal,250.75,1.592063492063492,IMPUTADO,PROMEDIO_SEMANAL,1880,REGISTRO INDUCIDO POR PROMEDIO SIMPLE SEMANAL,False,,2021-01-11
IMPUTADO,2021-01-18,IMP-2021-W03,157.5,estimado,Registro inducido por promedio simple semanal,250.75,1.592063492063492,IMPUTADO,PROMEDIO_SEMANAL,1881,REGISTRO INDUCIDO POR PROMEDIO SIMPLE SEMANAL,False,,2021-01-18
IMPUTADO,2021-01-25,IMP-2021-W04,157.5,estimado,Registro inducido por promedio simple semanal,250.75,1.592063492063492,IMPUTADO,PROMEDIO_SEMANAL,1882,REGISTRO INDUCIDO POR PROMEDIO SIMPLE SEMANAL,False,,2021-01-25
IMPUTADO,2021-02-01,IMP-2021-W05,157.5,estimado,Registro inducido por promedio simple semanal,250.75,1.592063492063492,IMPUTADO,PROMEDIO_SEMANAL,1883,REGISTRO INDUCIDO POR PROMEDIO SIMPLE SEMANAL,False,,2021-02-01
IMPUTADO,2021-02-08,IMP-2021-W06,157.5,estimado,Registro inducido por promedio simple semanal,250.75,1.592063492063492,IMPUTADO,PROMEDIO_SEMANAL,1884,REGISTRO INDUCIDO POR PROMEDIO SIMPLE SEMANAL,False,,2021-02-08
IMPUTADO,2021-02-22,IMP-2021-W08,304.5,estimado,Registro inducido por promedio simple semanal,150.0,0.49261083743842365,IMPUTADO,PROMEDIO_SEMANAL,1885,REGISTRO INDUCIDO POR PROMEDIO SIMPLE SEMANAL,False,,2021-02-22
IMPUTADO,2021-03-01,IMP-2021-W09,304.5,estimado,Registro inducido por promedio simple semanal,150.0,0.49261083743842365,IMPUTADO,PROMEDIO_SEMANAL,1886,REGISTRO INDUCIDO POR PROMEDIO SIMPLE SEMANAL,False,,2021-03-01
IMPUTADO,2021-03-15,IMP-2021-W11,303.0,estimado,Registro inducido por promedio simple semanal,93.0,0.3069306930693069,IMPUTADO,PROMEDIO_SEMANAL,1887,REGISTRO INDUCIDO POR PROMEDIO SIMPLE SEMANAL,False,,2021-03-15
IMPUTADO,2021-03-22,IMP-2021-W12,303.0,estimado,Registro inducido por promedio simple semanal,93.0,0.3069306930693069,IMPUTADO,PROMEDIO_SEMANAL,1888,REGISTRO INDUCIDO POR PROMEDIO SIMPLE SEMANAL,False,,2021-03-22
IMPUTADO,2021-03-29,IMP-2021-W13,303.0,estimado,Registro inducido por promedio simple semanal,93.0,0.3069306930693069,IMPUTADO,PROMEDIO_SEMANAL,1889,REGISTRO INDUCIDO POR PROMEDIO SIMPLE SEMANAL,False,,2021-03-29
IMPUTADO,2021-04-05,IMP-2021-W14,303.0,estimado,Registro inducido por promedio simple semanal,93.0,0.3069306930693069,IMPUTADO,PROMEDIO_SEMANAL,1890,REGISTRO INDUCIDO POR PROMEDIO SIMPLE SEMANAL,False,,2021-04-05
IMPUTADO,2021-04-12,IMP-2021-W15,303.0,estimado,Registro inducido por promedio simple semanal,93.0,0.3069306930693069,IMPUTADO,PROMEDIO_SEMANAL,1891,REGISTRO INDUCIDO POR PROMEDIO SIMPLE SEMANAL,False,,2021-04-12
IMPUTADO,2021-04-19,IMP-2021-W16,303.0,estimado,Registro inducido por promedio simple semanal,93.0,0.3069306930693069,IMPUTADO,PROMEDIO_SEMANAL,1892,REGISTRO INDUCIDO POR PROMEDIO SIMPLE SEMANAL,False,,2021-04-19
IMPUTADO,2021-04-26,IMP-2021-W17,303.0,estimado,Registro inducido por promedio simple semanal,93.0,0.3069306930693069,IMPUTADO,PROMEDIO_SEMANAL,1893,REGISTRO INDUCIDO POR PROMEDIO SIMPLE SEMANAL,False,,2021-04-26
IMPUTADO,2021-05-10,IMP-2021-W19,6.0,estimado,Registro inducido por promedio simple semanal,271.5,45.25,IMPUTADO,PROMEDIO_SEMANAL,1894,REGISTRO INDUCIDO POR PROMEDIO SIMPLE SEMANAL,False,,2021-05-10
IMPUTADO,2021-05-24,IMP-2021-W21,4.5,estimado,Registro inducido por promedio simple semanal,251.5,55.888888888888886,IMPUTADO,PROMEDIO_SEMANAL,1895,REGISTRO INDUCIDO POR PROMEDIO SIMPLE SEMANAL,False,,2021-05-24
IMPUTADO,2021-06-07,IMP-2021-W23,2.0,estimado,Registro inducido por promedio simple semanal,47.5,23.75,IMPUTADO,PROMEDIO_SEMANAL,1896,REGISTRO INDUCIDO POR PROMEDIO SIMPLE SEMANAL,False,,2021-06-07
IMPUTADO,2021-07-05,IMP-2021-W27,494.5,estimado,Registro inducido por promedio simple semanal,672.75,1.3604651162790697,IMPUTADO,PROMEDIO_SEMANAL,1897,REGISTRO INDUCIDO POR PROMEDIO SIMPLE SEMANAL,False,,2021-07-05
IMPUTADO,2021-07-12,IMP-2021-W28,494.5,estimado,Registro inducido por promedio simple semanal,672.75,1.3604651162790697,IMPUTADO,PROMEDIO_SEMANAL,1898,REGISTRO INDUCIDO POR PROMEDIO SIMPLE SEMANAL,False,,2021-07-12
IMPUTADO,2021-08-02,IMP-2021-W31,689.0,estimado,Registro inducido por promedio simple semanal,693.0,1.0058055152394776,IMPUTADO,PROMEDIO_SEMANAL,1899,REGISTRO INDUCIDO POR PROMEDIO SIMPLE SEMANAL,False,,2021-08-02
IMPUTADO,2021-08-09,IMP-2021-W32,689.0,estimado,Registro inducido por promedio simple semanal,693.0,1.0058055152394776,IMPUTADO,PROMEDIO_SEMANAL,1900,REGISTRO INDUCIDO POR PROMEDIO SIMPLE SEMANAL,False,,2021-08-09
IMPUTADO,2021-08-16,IMP-2021-W33,689.0,estimado,Registro inducido por promedio simple semanal,693.0,1.0058055152394776,IMPUTADO,PROMEDIO_SEMANAL,1901,REGISTRO INDUCIDO POR PROMEDIO SIMPLE SEMANAL,False,,2021-08-16
IMPUTADO,2021-08-30,IMP-2021-W35,309.0,estimado,Registro inducido por promedio simple semanal,406.0,1.313915857605178,IMPUTADO,PROMEDIO_SEMANAL,1902,REGISTRO INDUCIDO POR PROMEDIO SIMPLE SEMANAL,False,,2021-08-30
IMPUTADO,2022-03-07,IMP-2022-W10,136.5,estimado,Registro inducido por promedio simple semanal,538.25,3.9432234432234434,IMPUTADO,PROMEDIO_SEMANAL,1903,REGISTRO INDUCIDO POR PROMEDIO SIMPLE SEMANAL,False,,2022-03-07
IMPUTADO,2022-04-11,IMP-2022-W15,347.5,estimado,Registro inducido por promedio simple semanal,939.45,2.703453237410072,IMPUTADO,PROMEDIO_SEMANAL,1904,REGISTRO INDUCIDO POR PROMEDIO SIMPLE SEMANAL,False,,2022-04-11
IMPUTADO,2022-04-18,IMP-2022-W16,347.5,estimado,Registro inducido por promedio simple semanal,939.45,2.703453237410072,IMPUTADO,PROMEDIO_SEMANAL,1905,REGISTRO INDUCIDO POR PROMEDIO SIMPLE SEMANAL,False,,2022-04-18
IMPUTADO,2022-05-02,IMP-2022-W18,776.0,estimado,Registro inducido por promedio simple semanal,1084.45,1.3974871134020619,IMPUTADO,PROMEDIO_SEMANAL,1906,REGISTRO INDUCIDO POR PROMEDIO SIMPLE SEMANAL,False,,2022-05-02
IMPUTADO,2022-05-16,IMP-2022-W20,626.5,estimado,Registro inducido por promedio simple semanal,874.95,1.3965682362330407,IMPUTADO,PROMEDIO_SEMANAL,1907,REGISTRO INDUCIDO POR PROMEDIO SIMPLE SEMANAL,False,,2022-05-16
IMPUTADO,2022-05-23,IMP-2022-W21,626.5,estimado,Registro inducido por promedio simple semanal,874.95,1.3965682362330407,IMPUTADO,PROMEDIO_SEMANAL,1908,REGISTRO INDUCIDO POR PROMEDIO SIMPLE SEMANAL,False,,2022-05-23
IMPUTADO,2022-07-04,IMP-2022-W27,69.0,estimado,Registro inducido por promedio simple semanal,524.4,7.6,IMPUTADO,PROMEDIO_SEMANAL,1909,REGISTRO INDUCIDO POR PROMEDIO SIMPLE SEMANAL,False,,2022-07-04
IMPUTADO,2022-07-11,IMP-2022-W28,69.0,estimado,Registro inducido por promedio simple semanal,524.4,7.6,IMPUTADO,PROMEDIO_SEMANAL,1910,REGISTRO INDUCIDO POR PROMEDIO SIMPLE SEMANAL,False,,2022-07-11
IMPUTADO,2022-10-10,IMP-2022-W41,257.5,estimado,Registro inducido por promedio simple semanal,328.75,1.2766990291262137,IMPUTADO,PROMEDIO_SEMANAL,1911,REGISTRO INDUCIDO POR PROMEDIO SIMPLE SEMANAL,False,,2022-10-10
IMPUTADO,2023-04-10,IMP-2023-W15,256.47,estimado,Registro inducido por promedio simple semanal,380.43,1.4833313837875775,IMPUTADO,PROMEDIO_SEMANAL,1912,REGISTRO INDUCIDO POR PROMEDIO SIMPLE SEMANAL,False,,2023-04-10
IMPUTADO,2023-05-08,IMP-2023-W19,164.51,estimado,Registro inducido por promedio simple semanal,687.9,4.181508722873989,IMPUTADO,PROMEDIO_SEMANAL,1913,REGISTRO INDUCIDO POR PROMEDIO SIMPLE SEMANAL,False,,2023-05-08
IMPUTADO,2023-06-19,IMP-2023-W25,26.5,estimado,Registro inducido por promedio simple semanal,425.77500000000003,16.066981132075473,IMPUTADO,PROMEDIO_SEMANAL,1914,REGISTRO INDUCIDO POR PROMEDIO SIMPLE SEMANAL,False,,2023-06-19
IMPUTADO,2023-07-03,IMP-2023-W27,940.755,estimado,Registro inducido por promedio simple semanal,1280.29,1.3609175608952384,IMPUTADO,PROMEDIO_SEMANAL,1915,REGISTRO INDUCIDO POR PROMEDIO SIMPLE SEMANAL,False,,2023-07-03
IMPUTADO,2023-10-23,IMP-2023-W43,423.25,estimado,Registro inducido por promedio simple semanal,2417.785,5.7124276432368575,IMPUTADO,PROMEDIO_SEMANAL,1916,REGISTRO INDUCIDO POR PROMEDIO SIMPLE SEMANAL,False,,2023-10-23
IMPUTADO,2024-01-29,IMP-2024-W05,191.45,estimado,Registro inducido por promedio simple semanal,891.47,4.6564115957168974,IMPUTADO,PROMEDIO_SEMANAL,1917,REGISTRO INDUCIDO POR PROMEDIO SIMPLE SEMANAL,False,,2024-01-29
IMPUTADO,2024-02-19,IMP-2024-W08,45.8,estimado,Registro inducido por promedio simple semanal,1693.195,36.969323144104806,IMPUTADO,PROMEDIO_SEMANAL,1918,REGISTRO INDUCIDO POR PROMEDIO SIMPLE SEMANAL,False,,2024-02-19
IMPUTADO,2024-03-18,IMP-2024-W12,11.299999999999999,estimado,Registro inducido por promedio simple semanal,803.0,71.06194690265487,IMPUTADO,PROMEDIO_SEMANAL,1919,REGISTRO INDUCIDO POR PROMEDIO SIMPLE SEMANAL,False,,2024-03-18
IMPUTADO,2024-04-15,IMP-2024-W16,5.5,estimado,Registro inducido por promedio simple semanal,303.4,55.16363636363636,IMPUTADO,PROMEDIO_SEMANAL,1920,REGISTRO INDUCIDO POR PROMEDIO SIMPLE SEMANAL,False,,2024-04-15
IMPUTADO,2024-05-06,IMP-2024-W19,18.65,estimado,Registro inducido por promedio simple semanal,1001.94,53.72332439678285,IMPUTADO,PROMEDIO_SEMANAL,1921,REGISTRO INDUCIDO POR PROMEDIO SIMPLE SEMANAL,False,,2024-05-06
IMPUTADO,2024-05-13,IMP-2024-W20,18.65,estimado,Registro inducido por promedio simple semanal,1001.94,53.72332439678285,IMPUTADO,PROMEDIO_SEMANAL,1922,REGISTRO INDUCIDO POR PROMEDIO SIMPLE SEMANAL,False,,2024-05-13
IMPUTADO,2024-05-20,IMP-2024-W21,18.65,estimado,Registro inducido por promedio simple semanal,1001.94,53.72332439678285,IMPUTADO,PROMEDIO_SEMANAL,1923,REGISTRO INDUCIDO POR PROMEDIO SIMPLE SEMANAL,False,,2024-05-20
IMPUTADO,2024-05-27,IMP-2024-W22,18.65,estimado,Registro inducido por promedio simple semanal,1001.94,53.72332439678285,IMPUTADO,PROMEDIO_SEMANAL,1924,REGISTRO INDUCIDO POR PROMEDIO SIMPLE SEMANAL,False,,2024-05-27
IMPUTADO,2024-06-10,IMP-2024-W24,6.199999999999999,estimado,Registro inducido por promedio simple semanal,305.44,49.264516129032266,IMPUTADO,PROMEDIO_SEMANAL,1925,REGISTRO INDUCIDO POR PROMEDIO SIMPLE SEMANAL,False,,2024-06-10
IMPUTADO,2024-06-17,IMP-2024-W25,6.199999999999999,estimado,Registro inducido por promedio simple semanal,305.44,49.264516129032266,IMPUTADO,PROMEDIO_SEMANAL,1926,REGISTRO INDUCIDO POR PROMEDIO SIMPLE SEMANAL,False,,2024-06-17
IMPUTADO,2024-06-24,IMP-2024-W26,6.199999999999999,estimado,Registro inducido por promedio simple semanal,305.44,49.264516129032266,IMPUTADO,PROMEDIO_SEMANAL,1927,REGISTRO INDUCIDO POR PROMEDIO SIMPLE SEMANAL,False,,2024-06-24
IMPUTADO,2024-07-01,IMP-2024-W27,6.199999999999999,estimado,Registro inducido por promedio simple semanal,305.44,49.264516129032266,IMPUTADO,PROMEDIO_SEMANAL,1928,REGISTRO INDUCIDO POR PROMEDIO SIMPLE SEMANAL,False,,2024-07-01
IMPUTADO,2024-07-08,IMP-2024-W28,6.199999999999999,estimado,Registro inducido por promedio simple semanal,305.44,49.264516129032266,IMPUTADO,PROMEDIO_SEMANAL,1929,REGISTRO INDUCIDO POR PROMEDIO SIMPLE SEMANAL,False,,2024-07-08
IMPUTADO,2024-07-15,IMP-2024-W29,6.199999999999999,estimado,Registro inducido por promedio simple semanal,305.44,49.264516129032266,IMPUTADO,PROMEDIO_SEMANAL,1930,REGISTRO INDUCIDO POR PROMEDIO SIMPLE SEMANAL,False,,2024-07-15
IMPUTADO,2024-07-22,IMP-2024-W30,6.199999999999999,estimado,Registro inducido por promedio simple semanal,305.44,49.264516129032266,IMPUTADO,PROMEDIO_SEMANAL,1931,REGISTRO INDUCIDO POR PROMEDIO SIMPLE SEMANAL,False,,2024-07-22
IMPUTADO,2024-07-29,IMP-2024-W31,6.199999999999999,estimado,Registro inducido por promedio simple semanal,305.44,49.264516129032266,IMPUTADO,PROMEDIO_SEMANAL,1932,REGISTRO INDUCIDO POR PROMEDIO SIMPLE SEMANAL,False,,2024-07-29
IMPUTADO,2024-08-05,IMP-2024-W32,6.199999999999999,estimado,Registro inducido por promedio simple semanal,305.44,49.264516129032266,IMPUTADO,PROMEDIO_SEMANAL,1933,REGISTRO INDUCIDO POR PROMEDIO SIMPLE SEMANAL,False,,2024-08-05
IMPUTADO,2024-08-12,IMP-2024-W33,6.199999999999999,estimado,Registro inducido por promedio simple semanal,305.44,49.264516129032266,IMPUTADO,PROMEDIO_SEMANAL,1934,REGISTRO INDUCIDO POR PROMEDIO SIMPLE SEMANAL,False,,2024-08-12
IMPUTADO,2024-08-19,IMP-2024-W34,6.199999999999999,estimado,Registro inducido por promedio simple semanal,305.44,49.264516129032266,IMPUTADO,PROMEDIO_SEMANAL,1935,REGISTRO INDUCIDO POR PROMEDIO SIMPLE SEMANAL,False,,2024-08-19
IMPUTADO,2024-08-26,IMP-2024-W35,6.199999999999999,estimado,Registro inducido por promedio simple semanal,305.44,49.264516129032266,IMPUTADO,PROMEDIO_SEMANAL,1936,REGISTRO INDUCIDO POR PROMEDIO SIMPLE SEMANAL,False,,2024-08-26
IMPUTADO,2024-09-02,IMP-2024-W36,6.199999999999999,estimado,Registro inducido por promedio simple semanal,305.44,49.264516129032266,IMPUTADO,PROMEDIO_SEMANAL,1937,REGISTRO INDUCIDO POR PROMEDIO SIMPLE SEMANAL,False,,2024-09-02
IMPUTADO,2024-09-09,IMP-2024-W37,6.199999999999999,estimado,Registro inducido por promedio simple semanal,305.44,49.264516129032266,IMPUTADO,PROMEDIO_SEMANAL,1938,REGISTRO INDUCIDO POR PROMEDIO SIMPLE SEMANAL,False,,2024-09-09
IMPUTADO,2024-09-16,IMP-2024-W38,6.199999999999999,estimado,Registro inducido por promedio simple semanal,305.44,49.264516129032266,IMPUTADO,PROMEDIO_SEMANAL,1939,REGISTRO INDUCIDO POR PROMEDIO SIMPLE SEMANAL,False,,2024-09-16
IMPUTADO,2024-09-23,IMP-2024-W39,6.199999999999999,estimado,Registro inducido por promedio simple semanal,305.44,49.264516129032266,IMPUTADO,PROMEDIO_SEMANAL,1940,REGISTRO INDUCIDO POR PROMEDIO SIMPLE SEMANAL,False,,2024-09-23
IMPUTADO,2024-09-30,IMP-2024-W40,6.199999999999999,estimado,Registro inducido por promedio simple semanal,305.44,49.264516129032266,IMPUTADO,PROMEDIO_SEMANAL,1941,REGISTRO INDUCIDO POR PROMEDIO SIMPLE SEMANAL,False,,2024-09-30
IMPUTADO,2024-10-07,IMP-2024-W41,6.199999999999999,estimado,Registro inducido por promedio simple semanal,305.44,49.264516129032266,IMPUTADO,PROMEDIO_SEMANAL,1942,REGISTRO INDUCIDO POR PROMEDIO SIMPLE SEMANAL,False,,2024-10-07
IMPUTADO,2024-10-14,IMP-2024-W42,6.199999999999999,estimado,Registro inducido por promedio simple semanal,305.44,49.264516129032266,IMPUTADO,PROMEDIO_SEMANAL,1943,REGISTRO INDUCIDO POR PROMEDIO SIMPLE SEMANAL,False,,2024-10-14
IMPUTADO,2024-10-21,IMP-2024-W43,6.199999999999999,estimado,Registro inducido por promedio simple semanal,305.44,49.264516129032266,IMPUTADO,PROMEDIO_SEMANAL,1944,REGISTRO INDUCIDO POR PROMEDIO SIMPLE SEMANAL,False,,2024-10-21
IMPUTADO,2024-10-28,IMP-2024-W44,6.199999999999999,estimado,Registro inducido por promedio simple semanal,305.44,49.264516129032266,IMPUTADO,PROMEDIO_SEMANAL,1945,REGISTRO INDUCIDO POR PROMEDIO SIMPLE SEMANAL,False,,2024-10-28
IMPUTADO,2024-11-04,IMP-2024-W45,6.199999999999999,estimado,Registro inducido por promedio simple semanal,305.44,49.264516129032266,IMPUTADO,PROMEDIO_SEMANAL,1946,REGISTRO INDUCIDO POR PROMEDIO SIMPLE SEMANAL,False,,2024-11-04
IMPUTADO,2024-11-11,IMP-2024-W46,6.199999999999999,estimado,Registro inducido por promedio simple semanal,305.44,49.264516129032266,IMPUTADO,PROMEDIO_SEMANAL,1947,REGISTRO INDUCIDO POR PROMEDIO SIMPLE SEMANAL,False,,2024-11-11
IMPUTADO,2024-11-18,IMP-2024-W47,6.199999999999999,estimado,Registro inducido por promedio simple semanal,305.44,49.264516129032266,IMPUTADO,PROMEDIO_SEMANAL,1948,REGISTRO INDUCIDO POR PROMEDIO SIMPLE SEMANAL,False,,2024-11-18
IMPUTADO,2024-11-25,IMP-2024-W48,6.199999999999999,estimado,Registro inducido por promedio simple semanal,305.44,49.264516129032266,IMPUTADO,PROMEDIO_SEMANAL,1949,REGISTRO INDUCIDO POR PROMEDIO SIMPLE SEMANAL,False,,2024-11-25
IMPUTADO,2024-12-02,IMP-2024-W49,6.199999999999999,estimado,Registro inducido por promedio simple semanal,305.44,49.264516129032266,IMPUTADO,PROMEDIO_SEMANAL,1950,REGISTRO INDUCIDO POR PROMEDIO SIMPLE SEMANAL,False,,2024-12-02
IMPUTADO,2024-12-09,IMP-2024-W50,6.199999999999999,estimado,Registro inducido por promedio simple semanal,305.44,49.264516129032266,IMPUTADO,PROMEDIO_SEMANAL,1951,REGISTRO INDUCIDO POR PROMEDIO SIMPLE SEMANAL,False,,2024-12-09
IMPUTADO,2024-12-16,IMP-2024-W51,6.199999999999999,estimado,Registro inducido por promedio simple semanal,305.44,49.264516129032266,IMPUTADO,PROMEDIO_SEMANAL,1952,REGISTRO INDUCIDO POR PROMEDIO SIMPLE SEMANAL,False,,2024-12-16
IMPUTADO,2024-12-23,IMP-2024-W52,6.199999999999999,estimado,Registro inducido por promedio simple semanal,305.44,49.264516129032266,IMPUTADO,PROMEDIO_SEMANAL,1953,REGISTRO INDUCIDO POR PROMEDIO SIMPLE SEMANAL,False,,2024-12-23
IMPUTADO,2024-12-30,IMP-2025-W01,6.199999999999999,estimado,Registro inducido por promedio simple semanal,305.44,49.264516129032266,IMPUTADO,PROMEDIO_SEMANAL,1954,REGISTRO INDUCIDO POR PROMEDIO SIMPLE SEMANAL,False,,2024-12-30
IMPUTADO,2025-01-06,IMP-2025-W02,6.199999999999999,estimado,Registro inducido por promedio simple semanal,305.44,49.264516129032266,IMPUTADO,PROMEDIO_SEMANAL,1955,REGISTRO INDUCIDO POR PROMEDIO SIMPLE SEMANAL,False,,2025-01-06
IMPUTADO,2025-01-13,IMP-2025-W03,6.199999999999999,estimado,Registro inducido por promedio simple semanal,305.44,49.264516129032266,IMPUTADO,PROMEDIO_SEMANAL,1956,REGISTRO INDUCIDO POR PROMEDIO SIMPLE SEMANAL,False,,2025-01-13
IMPUTADO,2025-01-20,IMP-2025-W04,6.199999999999999,estimado,Registro inducido por promedio simple semanal,305.44,49.264516129032266,IMPUTADO,PROMEDIO_SEMANAL,1957,REGISTRO INDUCIDO POR PROMEDIO SIMPLE SEMANAL,False,,2025-01-20
IMPUTADO,2025-01-27,IMP-2025-W05,6.199999999999999,estimado,Registro inducido por promedio simple semanal,305.44,49.264516129032266,IMPUTADO,PROMEDIO_SEMANAL,1958,REGISTRO INDUCIDO POR PROMEDIO SIMPLE SEMANAL,False,,2025-01-27
IMPUTADO,2025-02-03,IMP-2025-W06,6.199999999999999,estimado,Registro inducido por promedio simple semanal,305.44,49.264516129032266,IMPUTADO,PROMEDIO_SEMANAL,1959,REGISTRO INDUCIDO POR PROMEDIO SIMPLE SEMANAL,False,,2025-02-03
IMPUTADO,2025-02-10,IMP-2025-W07,6.199999999999999,estimado,Registro inducido por promedio simple semanal,305.44,49.264516129032266,IMPUTADO,PROMEDIO_SEMANAL,1960,REGISTRO INDUCIDO POR PROMEDIO SIMPLE SEMANAL,False,,2025-02-10
IMPUTADO,2025-02-17,IMP-2025-W08,6.199999999999999,estimado,Registro inducido por promedio simple semanal,305.44,49.264516129032266,IMPUTADO,PROMEDIO_SEMANAL,1961,REGISTRO INDUCIDO POR PROMEDIO SIMPLE SEMANAL,False,,2025-02-17
IMPUTADO,2025-02-24,IMP-2025-W09,6.199999999999999,estimado,Registro inducido por promedio simple semanal,305.44,49.264516129032266,IMPUTADO,PROMEDIO_SEMANAL,1962,REGISTRO INDUCIDO POR PROMEDIO SIMPLE SEMANAL,False,,2025-02-24
IMPUTADO,2025-03-03,IMP-2025-W10,6.199999999999999,estimado,Registro inducido por promedio simple semanal,305.44,49.264516129032266,IMPUTADO,PROMEDIO_SEMANAL,1963,REGISTRO INDUCIDO POR PROMEDIO SIMPLE SEMANAL,False,,2025-03-03
IMPUTADO,2025-03-10,IMP-2025-W11,6.199999999999999,estimado,Registro inducido por promedio simple semanal,305.44,49.264516129032266,IMPUTADO,PROMEDIO_SEMANAL,1964,REGISTRO INDUCIDO POR PROMEDIO SIMPLE SEMANAL,False,,2025-03-10
IMPUTADO,2025-03-17,IMP-2025-W12,6.199999999999999,estimado,Registro inducido por promedio simple semanal,305.44,49.264516129032266,IMPUTADO,PROMEDIO_SEMANAL,1965,REGISTRO INDUCIDO POR PROMEDIO SIMPLE SEMANAL,False,,2025-03-17
IMPUTADO,2025-03-24,IMP-2025-W13,6.199999999999999,estimado,Registro inducido por promedio simple semanal,305.44,49.264516129032266,IMPUTADO,PROMEDIO_SEMANAL,1966,REGISTRO INDUCIDO POR PROMEDIO SIMPLE SEMANAL,False,,2025-03-24
IMPUTADO,2025-03-31,IMP-2025-W14,6.199999999999999,estimado,Registro inducido por promedio simple semanal,305.44,49.264516129032266,IMPUTADO,PROMEDIO_SEMANAL,1967,REGISTRO INDUCIDO POR PROMEDIO SIMPLE SEMANAL,False,,2025-03-31
IMPUTADO,2025-04-07,IMP-2025-W15,6.199999999999999,estimado,Registro inducido por promedio simple semanal,305.44,49.264516129032266,IMPUTADO,PROMEDIO_SEMANAL,1968,REGISTRO INDUCIDO POR PROMEDIO SIMPLE SEMANAL,False,,2025-04-07
IMPUTADO,2025-04-21,IMP-2025-W17,1.5,estimado,Registro inducido por promedio simple semanal,95.5,63.666666666666664,IMPUTADO,PROMEDIO_SEMANAL,1969,REGISTRO INDUCIDO POR PROMEDIO SIMPLE SEMANAL,False,,2025-04-21
IMPUTADO,2025-05-12,IMP-2025-W20,29.5,estimado,Registro inducido por promedio simple semanal,749.945,25.42186440677966,IMPUTADO,PROMEDIO_SEMANAL,1970,REGISTRO INDUCIDO POR PROMEDIO SIMPLE SEMANAL,False,,2025-05-12
IMPUTADO,2025-05-26,IMP-2025-W22,11.5,estimado,Registro inducido por promedio simple semanal,326.86,28.422608695652176,IMPUTADO,PROMEDIO_SEMANAL,1971,REGISTRO INDUCIDO POR PROMEDIO SIMPLE SEMANAL,False,,2025-05-26
IMPUTADO,2025-06-16,IMP-2025-W25,334.5,estimado,Registro inducido por promedio simple semanal,877.4549999999999,2.623183856502242,IMPUTADO,PROMEDIO_SEMANAL,1972,REGISTRO INDUCIDO POR PROMEDIO SIMPLE SEMANAL,False,,2025-06-16
