origen,fecha_objetivo,horizonte,modelo,insumo_id,real,prediccion
2024-01-01,2024-01-01,1,participacion_historica,CHOCOLATE,,0.13734407241021646
2024-01-01,2024-01-01,1,participacion_historica,HARINA,,0.12144155467343815
2024-01-01,2024-01-01,1,participacion_historica,FONDANT,,0.09702606005140109
2024-01-01,2024-01-01,1,participacion_historica,EMPAQUE,,0.07991563342393072
2024-01-01,2024-01-01,1,participacion_historica,RELLENO,,0.06641831115642867
2024-01-01,2024-01-01,1,participacion_historica,CHANTILLY,,0.08543796984987952
2024-01-01,2024-01-01,1,participacion_historica,DECORACION,,0.06035424071309249
2024-01-01,2024-01-01,1,participacion_historica,AMBIANTE,,0.05301489464174542
2024-01-01,2024-01-01,1,participacion_historica,HUEVO,,0.057336126763367364
2024-01-01,2024-01-01,1,participacion_historica,QUESO CREMA,,0.030111417153074964
2024-01-01,2024-01-01,1,participacion_historica,otros,,0.21159971916342518
2024-01-01,2024-01-01,1,participacion_ewm,CHOCOLATE,,0.13470966257902084
2024-01-01,2024-01-01,1,participacion_ewm,HARINA,,0.13416490524370628
2024-01-01,2024-01-01,1,participacion_ewm,FONDANT,,0.06772038779950361
2024-01-01,2024-01-01,1,participacion_ewm,EMPAQUE,,0.11955551354399437
2024-01-01,2024-01-01,1,participacion_ewm,RELLENO,,0.08904080548661167
2024-01-01,2024-01-01,1,participacion_ewm,CHANTILLY,,0.08335658402720969
2024-01-01,2024-01-01,1,participacion_ewm,DECORACION,,0.04399611148299369
2024-01-01,2024-01-01,1,participacion_ewm,AMBIANTE,,0.04057755042632977
2024-01-01,2024-01-01,1,participacion_ewm,HUEVO,,0.0252214349384174
2024-01-01,2024-01-01,1,participacion_ewm,QUESO CREMA,,0.026977828563114887
2024-01-01,2024-01-01,1,participacion_ewm,otros,,0.23467921590909768
2024-01-01,2024-01-08,2,participacion_historica,CHOCOLATE,0.04228423910624471,0.13734407241021646
2024-01-01,2024-01-08,2,participacion_historica,HARINA,0.21875417278675388,0.12144155467343815
2024-01-01,2024-01-08,2,participacion_historica,FONDANT,0.09235768015311345,0.09702606005140109
2024-01-01,2024-01-08,2,participacion_historica,EMPAQUE,0.0712155605999911,0.07991563342393072
2024-01-01,2024-01-08,2,participacion_historica,RELLENO,0.0,0.06641831115642867
2024-01-01,2024-01-08,2,participacion_historica,CHANTILLY,0.0,0.08543796984987952
2024-01-01,2024-01-08,2,participacion_historica,DECORACION,0.1813771309031023,0.06035424071309249
2024-01-01,2024-01-08,2,participacion_historica,AMBIANTE,0.0,0.05301489464174542
2024-01-01,2024-01-08,2,participacion_historica,HUEVO,0.09334802154270708,0.057336126763367364
2024-01-01,2024-01-08,2,participacion_historica,QUESO CREMA,0.1582320737081052,0.030111417153074964
2024-01-01,2024-01-08,2,participacion_historica,otros,0.1424311211999822,0.21159971916342518
2024-01-01,2024-01-08,2,participacion_ewm,CHOCOLATE,0.04228423910624471,0.13470966257902084
2024-01-01,2024-01-08,2,participacion_ewm,HARINA,0.21875417278675388,0.13416490524370628
2024-01-01,2024-01-08,2,participacion_ewm,FONDANT,0.09235768015311345,0.06772038779950361
2024-01-01,2024-01-08,2,participacion_ewm,EMPAQUE,0.0712155605999911,0.11955551354399437
2024-01-01,2024-01-08,2,participacion_ewm,RELLENO,0.0,0.08904080548661167
2024-01-01,2024-01-08,2,participacion_ewm,CHANTILLY,0.0,0.08335658402720969
2024-01-01,2024-01-08,2,participacion_ewm,DECORACION,0.1813771309031023,0.04399611148299369
2024-01-01,2024-01-08,2,participacion_ewm,AMBIANTE,0.0,0.04057755042632977
2024-01-01,2024-01-08,2,participacion_ewm,HUEVO,0.09334802154270708,0.0252214349384174
2024-01-01,2024-01-08,2,participacion_ewm,QUESO CREMA,0.1582320737081052,0.026977828563114887
2024-01-01,2024-01-08,2,participacion_ewm,otros,0.1424311211999822,0.23467921590909768
2024-01-01,2024-01-15,3,participacion_historica,CHOCOLATE,0.0,0.13734407241021646
2024-01-01,2024-01-15,3,participacion_historica,HARINA,0.0,0.12144155467343815
2024-01-01,2024-01-15,3,participacion_historica,FONDANT,0.0,0.09702606005140109
2024-01-01,2024-01-15,3,participacion_historica,EMPAQUE,0.0,0.07991563342393072
2024-01-01,2024-01-15,3,participacion_historica,RELLENO,0.0,0.06641831115642867
2024-01-01,2024-01-15,3,participacion_historica,CHANTILLY,0.0,0.08543796984987952
2024-01-01,2024-01-15,3,participacion_historica,DECORACION,0.0,0.06035424071309249
2024-01-01,2024-01-15,3,participacion_historica,AMBIANTE,0.0,0.05301489464174542
2024-01-01,2024-01-15,3,participacion_historica,HUEVO,0.0,0.057336126763367364
2024-01-01,2024-01-15,3,participacion_historica,QUESO CREMA,0.0,0.030111417153074964
2024-01-01,2024-01-15,3,participacion_historica,otros,1.0,0.21159971916342518
2024-01-01,2024-01-15,3,participacion_ewm,CHOCOLATE,0.0,0.13470966257902084
2024-01-01,2024-01-15,3,participacion_ewm,HARINA,0.0,0.13416490524370628
2024-01-01,2024-01-15,3,participacion_ewm,FONDANT,0.0,0.06772038779950361
2024-01-01,2024-01-15,3,participacion_ewm,EMPAQUE,0.0,0.11955551354399437
2024-01-01,2024-01-15,3,participacion_ewm,RELLENO,0.0,0.08904080548661167
2024-01-01,2024-01-15,3,participacion_ewm,CHANTILLY,0.0,0.08335658402720969
2024-01-01,2024-01-15,3,participacion_ewm,DECORACION,0.0,0.04399611148299369
2024-01-01,2024-01-15,3,participacion_ewm,AMBIANTE,0.0,0.04057755042632977
2024-01-01,2024-01-15,3,participacion_ewm,HUEVO,0.0,0.0252214349384174
2024-01-01,2024-01-15,3,participacion_ewm,QUESO CREMA,0.0,0.026977828563114887
2024-01-01,2024-01-15,3,participacion_ewm,otros,1.0,0.23467921590909768
2024-01-01,2024-01-22,4,participacion_historica,CHOCOLATE,0.49122807017543857,0.13734407241021646
2024-01-01,2024-01-22,4,participacion_historica,HARINA,0.0,0.12144155467343815
2024-01-01,2024-01-22,4,participacion_historica,FONDANT,0.0,0.09702606005140109
2024-01-01,2024-01-22,4,participacion_historica,EMPAQUE,0.0,0.07991563342393072
2024-01-01,2024-01-22,4,participacion_historica,RELLENO,0.0,0.06641831115642867
2024-01-01,2024-01-22,4,participacion_historica,CHANTILLY,0.0,0.08543796984987952
2024-01-01,2024-01-22,4,participacion_historica,DECORACION,0.14619883040935672,0.06035424071309249
2024-01-01,2024-01-22,4,participacion_historica,AMBIANTE,0.19298245614035087,0.05301489464174542
2024-01-01,2024-01-22,4,participacion_historica,HUEVO,0.0,0.057336126763367364
2024-01-01,2024-01-22,4,participacion_historica,QUESO CREMA,0.0,0.030111417153074964
2024-01-01,2024-01-22,4,participacion_historica,otros,0.1695906432748538,0.21159971916342518
2024-01-01,2024-01-22,4,participacion_ewm,CHOCOLATE,0.49122807017543857,0.13470966257902084
2024-01-01,2024-01-22,4,participacion_ewm,HARINA,0.0,0.13416490524370628
2024-01-01,2024-01-22,4,participacion_ewm,FONDANT,0.0,0.06772038779950361
2024-01-01,2024-01-22,4,participacion_ewm,EMPAQUE,0.0,0.11955551354399437
2024-01-01,2024-01-22,4,participacion_ewm,RELLENO,0.0,0.08904080548661167
2024-01-01,2024-01-22,4,participacion_ewm,CHANTILLY,0.0,0.08335658402720969
2024-01-01,2024-01-22,4,participacion_ewm,DECORACION,0.14619883040935672,0.04399611148299369
2024-01-01,2024-01-22,4,participacion_ewm,AMBIANTE,0.19298245614035087,0.04057755042632977
2024-01-01,2024-01-22,4,participacion_ewm,HUEVO,0.0,0.0252214349384174
2024-01-01,2024-01-22,4,participacion_ewm,QUESO CREMA,0.0,0.026977828563114887
2024-01-01,2024-01-22,4,participacion_ewm,otros,0.1695906432748538,0.23467921590909768
2024-01-08,2024-01-08,1,participacion_historica,CHOCOLATE,0.04228423910624471,0.13734407241021646
2024-01-08,2024-01-08,1,participacion_historica,HARINA,0.21875417278675388,0.12144155467343815
2024-01-08,2024-01-08,1,participacion_historica,FONDANT,0.09235768015311345,0.09702606005140109
2024-01-08,2024-01-08,1,participacion_historica,EMPAQUE,0.0712155605999911,0.07991563342393072
2024-01-08,2024-01-08,1,participacion_historica,RELLENO,0.0,0.06641831115642867
2024-01-08,2024-01-08,1,participacion_historica,CHANTILLY,0.0,0.08543796984987952
2024-01-08,2024-01-08,1,participacion_historica,DECORACION,0.1813771309031023,0.06035424071309249
2024-01-08,2024-01-08,1,participacion_historica,AMBIANTE,0.0,0.05301489464174542
2024-01-08,2024-01-08,1,participacion_historica,HUEVO,0.09334802154270708,0.057336126763367364
2024-01-08,2024-01-08,1,participacion_historica,QUESO CREMA,0.1582320737081052,0.030111417153074964
2024-01-08,2024-01-08,1,participacion_historica,otros,0.1424311211999822,0.21159971916342518
2024-01-08,2024-01-08,1,participacion_ewm,CHOCOLATE,0.04228423910624471,0.13470966257902084
2024-01-08,2024-01-08,1,participacion_ewm,HARINA,0.21875417278675388,0.13416490524370628
2024-01-08,2024-01-08,1,participacion_ewm,FONDANT,0.09235768015311345,0.06772038779950362
2024-01-08,2024-01-08,1,participacion_ewm,EMPAQUE,0.0712155605999911,0.11955551354399437
2024-01-08,2024-01-08,1,participacion_ewm,RELLENO,0.0,0.08904080548661168
2024-01-08,2024-01-08,1,participacion_ewm,CHANTILLY,0.0,0.08335658402720972
2024-01-08,2024-01-08,1,participacion_ewm,DECORACION,0.1813771309031023,0.0439961114829937
2024-01-08,2024-01-08,1,participacion_ewm,AMBIANTE,0.0,0.040577550426329774
2024-01-08,2024-01-08,1,participacion_ewm,HUEVO,0.09334802154270708,0.0252214349384174
2024-01-08,2024-01-08,1,participacion_ewm,QUESO CREMA,0.1582320737081052,0.026977828563114887
2024-01-08,2024-01-08,1,participacion_ewm,otros,0.1424311211999822,0.2346792159090977
2024-01-08,2024-01-15,2,participacion_historica,CHOCOLATE,0.0,0.13734407241021646
2024-01-08,2024-01-15,2,participacion_historica,HARINA,0.0,0.12144155467343815
2024-01-08,2024-01-15,2,participacion_historica,FONDANT,0.0,0.09702606005140109
2024-01-08,2024-01-15,2,participacion_historica,EMPAQUE,0.0,0.07991563342393072
2024-01-08,2024-01-15,2,participacion_historica,RELLENO,0.0,0.06641831115642867
2024-01-08,2024-01-15,2,participacion_historica,CHANTILLY,0.0,0.08543796984987952
2024-01-08,2024-01-15,2,participacion_historica,DECORACION,0.0,0.06035424071309249
2024-01-08,2024-01-15,2,participacion_historica,AMBIANTE,0.0,0.05301489464174542
2024-01-08,2024-01-15,2,participacion_historica,HUEVO,0.0,0.057336126763367364
2024-01-08,2024-01-15,2,participacion_historica,QUESO CREMA,0.0,0.030111417153074964
2024-01-08,2024-01-15,2,participacion_historica,otros,1.0,0.21159971916342518
2024-01-08,2024-01-15,2,participacion_ewm,CHOCOLATE,0.0,0.13470966257902084
2024-01-08,2024-01-15,2,participacion_ewm,HARINA,0.0,0.13416490524370628
2024-01-08,2024-01-15,2,participacion_ewm,FONDANT,0.0,0.06772038779950362
2024-01-08,2024-01-15,2,participacion_ewm,EMPAQUE,0.0,0.11955551354399437
2024-01-08,2024-01-15,2,participacion_ewm,RELLENO,0.0,0.08904080548661168
2024-01-08,2024-01-15,2,participacion_ewm,CHANTILLY,0.0,0.08335658402720972
2024-01-08,2024-01-15,2,participacion_ewm,DECORACION,0.0,0.0439961114829937
2024-01-08,2024-01-15,2,participacion_ewm,AMBIANTE,0.0,0.040577550426329774
2024-01-08,2024-01-15,2,participacion_ewm,HUEVO,0.0,0.0252214349384174
2024-01-08,2024-01-15,2,participacion_ewm,QUESO CREMA,0.0,0.026977828563114887
2024-01-08,2024-01-15,2,participacion_ewm,otros,1.0,0.2346792159090977
2024-01-08,2024-01-22,3,participacion_historica,CHOCOLATE,0.49122807017543857,0.13734407241021646
2024-01-08,2024-01-22,3,participacion_historica,HARINA,0.0,0.12144155467343815
2024-01-08,2024-01-22,3,participacion_historica,FONDANT,0.0,0.09702606005140109
2024-01-08,2024-01-22,3,participacion_historica,EMPAQUE,0.0,0.07991563342393072
2024-01-08,2024-01-22,3,participacion_historica,RELLENO,0.0,0.06641831115642867
2024-01-08,2024-01-22,3,participacion_historica,CHANTILLY,0.0,0.08543796984987952
2024-01-08,2024-01-22,3,participacion_historica,DECORACION,0.14619883040935672,0.06035424071309249
2024-01-08,2024-01-22,3,participacion_historica,AMBIANTE,0.19298245614035087,0.05301489464174542
2024-01-08,2024-01-22,3,participacion_historica,HUEVO,0.0,0.057336126763367364
2024-01-08,2024-01-22,3,participacion_historica,QUESO CREMA,0.0,0.030111417153074964
2024-01-08,2024-01-22,3,participacion_historica,otros,0.1695906432748538,0.21159971916342518
2024-01-08,2024-01-22,3,participacion_ewm,CHOCOLATE,0.49122807017543857,0.13470966257902084
2024-01-08,2024-01-22,3,participacion_ewm,HARINA,0.0,0.13416490524370628
2024-01-08,2024-01-22,3,participacion_ewm,FONDANT,0.0,0.06772038779950362
2024-01-08,2024-01-22,3,participacion_ewm,EMPAQUE,0.0,0.11955551354399437
2024-01-08,2024-01-22,3,participacion_ewm,RELLENO,0.0,0.08904080548661168
2024-01-08,2024-01-22,3,participacion_ewm,CHANTILLY,0.0,0.08335658402720972
2024-01-08,2024-01-22,3,participacion_ewm,DECORACION,0.14619883040935672,0.0439961114829937
2024-01-08,2024-01-22,3,participacion_ewm,AMBIANTE,0.19298245614035087,0.040577550426329774
2024-01-08,2024-01-22,3,participacion_ewm,HUEVO,0.0,0.0252214349384174
2024-01-08,2024-01-22,3,participacion_ewm,QUESO CREMA,0.0,0.026977828563114887
2024-01-08,2024-01-22,3,participacion_ewm,otros,0.1695906432748538,0.2346792159090977
2024-01-08,2024-01-29,4,participacion_historica,CHOCOLATE,,0.13734407241021646
2024-01-08,2024-01-29,4,participacion_historica,HARINA,,0.12144155467343815
2024-01-08,2024-01-29,4,participacion_historica,FONDANT,,0.09702606005140109
2024-01-08,2024-01-29,4,participacion_historica,EMPAQUE,,0.07991563342393072
2024-01-08,2024-01-29,4,participacion_historica,RELLENO,,0.06641831115642867
2024-01-08,2024-01-29,4,participacion_historica,CHANTILLY,,0.08543796984987952
2024-01-08,2024-01-29,4,participacion_historica,DECORACION,,0.06035424071309249
2024-01-08,2024-01-29,4,participacion_historica,AMBIANTE,,0.05301489464174542
2024-01-08,2024-01-29,4,participacion_historica,HUEVO,,0.057336126763367364
2024-01-08,2024-01-29,4,participacion_historica,QUESO CREMA,,0.030111417153074964
2024-01-08,2024-01-29,4,participacion_historica,otros,,0.21159971916342518
2024-01-08,2024-01-29,4,participacion_ewm,CHOCOLATE,,0.13470966257902084
2024-01-08,2024-01-29,4,participacion_ewm,HARINA,,0.13416490524370628
2024-01-08,2024-01-29,4,participacion_ewm,FONDANT,,0.06772038779950362
2024-01-08,2024-01-29,4,participacion_ewm,EMPAQUE,,0.11955551354399437
2024-01-08,2024-01-29,4,participacion_ewm,RELLENO,,0.08904080548661168
2024-01-08,2024-01-29,4,participacion_ewm,CHANTILLY,,0.08335658402720972
2024-01-08,2024-01-29,4,participacion_ewm,DECORACION,,0.0439961114829937
2024-01-08,2024-01-29,4,participacion_ewm,AMBIANTE,,0.040577550426329774
2024-01-08,2024-01-29,4,participacion_ewm,HUEVO,,0.0252214349384174
2024-01-08,2024-01-29,4,participacion_ewm,QUESO CREMA,,0.026977828563114887
2024-01-08,2024-01-29,4,participacion_ewm,otros,,0.2346792159090977
2024-01-15,2024-01-15,1,participacion_historica,CHOCOLATE,0.0,0.13570510976704453
2024-01-15,2024-01-15,1,participacion_historica,HARINA,0.0,0.12311935843401256
2024-01-15,2024-01-15,1,participacion_historica,FONDANT,0.0,0.09694557074280993
2024-01-15,2024-01-15,1,participacion_historica,EMPAQUE,0.0,0.07976563216834558
2024-01-15,2024-01-15,1,participacion_historica,RELLENO,0.0,0.06527316786062819
2024-01-15,2024-01-15,1,participacion_historica,CHANTILLY,0.0,0.08396490140419195
2024-01-15,2024-01-15,1,participacion_historica,DECORACION,0.0,0.06244084226809267
2024-01-15,2024-01-15,1,participacion_historica,AMBIANTE,0.0,0.052100844734129126
2024-01-15,2024-01-15,1,participacion_historica,HUEVO,0.0,0.05795702150094219
2024-01-15,2024-01-15,1,participacion_historica,QUESO CREMA,0.0,0.032320393990230664
2024-01-15,2024-01-15,1,participacion_historica,otros,1.0,0.21040715712957275
2024-01-15,2024-01-15,1,participacion_ewm,CHOCOLATE,0.0,0.12382812994989215
2024-01-15,2024-01-15,1,participacion_ewm,HARINA,0.0,0.1441238628579486
2024-01-15,2024-01-15,1,participacion_ewm,FONDANT,0.0,0.07062101287176153
2024-01-15,2024-01-15,1,participacion_ewm,EMPAQUE,0.0,0.113864300504482
2024-01-15,2024-01-15,1,participacion_ewm,RELLENO,0.0,0.07855775446210805
2024-01-15,2024-01-15,1,participacion_ewm,CHANTILLY,0.0,0.0735427540780079
2024-01-15,2024-01-15,1,participacion_ewm,DECORACION,0.0,0.06017040627411473
2024-01-15,2024-01-15,1,participacion_ewm,AMBIANTE,0.0,0.03580022918306514
2024-01-15,2024-01-15,1,participacion_ewm,HUEVO,0.0,0.03324218991244354
2024-01-15,2024-01-15,1,participacion_ewm,QUESO CREMA,0.0,0.042430799159214584
2024-01-15,2024-01-15,1,participacion_ewm,otros,1.0,0.2238185607469619
2024-01-15,2024-01-22,2,participacion_historica,CHOCOLATE,0.49122807017543857,0.13570510976704453
2024-01-15,2024-01-22,2,participacion_historica,HARINA,0.0,0.12311935843401256
2024-01-15,2024-01-22,2,participacion_historica,FONDANT,0.0,0.09694557074280993
2024-01-15,2024-01-22,2,participacion_historica,EMPAQUE,0.0,0.07976563216834558
2024-01-15,2024-01-22,2,participacion_historica,RELLENO,0.0,0.06527316786062819
2024-01-15,2024-01-22,2,participacion_historica,CHANTILLY,0.0,0.08396490140419195
2024-01-15,2024-01-22,2,participacion_historica,DECORACION,0.14619883040935672,0.06244084226809267
2024-01-15,2024-01-22,2,participacion_historica,AMBIANTE,0.19298245614035087,0.052100844734129126
2024-01-15,2024-01-22,2,participacion_historica,HUEVO,0.0,0.05795702150094219
2024-01-15,2024-01-22,2,participacion_historica,QUESO CREMA,0.0,0.032320393990230664
2024-01-15,2024-01-22,2,participacion_historica,otros,0.1695906432748538,0.21040715712957275
2024-01-15,2024-01-22,2,participacion_ewm,CHOCOLATE,0.49122807017543857,0.12382812994989215
2024-01-15,2024-01-22,2,participacion_ewm,HARINA,0.0,0.1441238628579486
2024-01-15,2024-01-22,2,participacion_ewm,FONDANT,0.0,0.07062101287176153
2024-01-15,2024-01-22,2,participacion_ewm,EMPAQUE,0.0,0.113864300504482
2024-01-15,2024-01-22,2,participacion_ewm,RELLENO,0.0,0.07855775446210805
2024-01-15,2024-01-22,2,participacion_ewm,CHANTILLY,0.0,0.0735427540780079
2024-01-15,2024-01-22,2,participacion_ewm,DECORACION,0.14619883040935672,0.06017040627411473
2024-01-15,2024-01-22,2,participacion_ewm,AMBIANTE,0.19298245614035087,0.03580022918306514
2024-01-15,2024-01-22,2,participacion_ewm,HUEVO,0.0,0.03324218991244354
2024-01-15,2024-01-22,2,participacion_ewm,QUESO CREMA,0.0,0.042430799159214584
2024-01-15,2024-01-22,2,participacion_ewm,otros,0.1695906432748538,0.2238185607469619
2024-01-15,2024-01-29,3,participacion_historica,CHOCOLATE,,0.13570510976704453
2024-01-15,2024-01-29,3,participacion_historica,HARINA,,0.12311935843401256
2024-01-15,2024-01-29,3,participacion_historica,FONDANT,,0.09694557074280993
2024-01-15,2024-01-29,3,participacion_historica,EMPAQUE,,0.07976563216834558
2024-01-15,2024-01-29,3,participacion_historica,RELLENO,,0.06527316786062819
2024-01-15,2024-01-29,3,participacion_historica,CHANTILLY,,0.08396490140419195
2024-01-15,2024-01-29,3,participacion_historica,DECORACION,,0.06244084226809267
2024-01-15,2024-01-29,3,participacion_historica,AMBIANTE,,0.052100844734129126
2024-01-15,2024-01-29,3,participacion_historica,HUEVO,,0.05795702150094219
2024-01-15,2024-01-29,3,participacion_historica,QUESO CREMA,,0.032320393990230664
2024-01-15,2024-01-29,3,participacion_historica,otros,,0.21040715712957275
2024-01-15,2024-01-29,3,participacion_ewm,CHOCOLATE,,0.12382812994989215
2024-01-15,2024-01-29,3,participacion_ewm,HARINA,,0.1441238628579486
2024-01-15,2024-01-29,3,participacion_ewm,FONDANT,,0.07062101287176153
2024-01-15,2024-01-29,3,participacion_ewm,EMPAQUE,,0.113864300504482
2024-01-15,2024-01-29,3,participacion_ewm,RELLENO,,0.07855775446210805
2024-01-15,2024-01-29,3,participacion_ewm,CHANTILLY,,0.0735427540780079
2024-01-15,2024-01-29,3,participacion_ewm,DECORACION,,0.06017040627411473
2024-01-15,2024-01-29,3,participacion_ewm,AMBIANTE,,0.03580022918306514
2024-01-15,2024-01-29,3,participacion_ewm,HUEVO,,0.03324218991244354
2024-01-15,2024-01-29,3,participacion_ewm,QUESO CREMA,,0.042430799159214584
2024-01-15,2024-01-29,3,participacion_ewm,otros,,0.2238185607469619
2024-01-15,2024-02-05,4,participacion_historica,CHOCOLATE,0.013103583830177554,0.13570510976704453
2024-01-15,2024-02-05,4,participacion_historica,HARINA,0.1408635261744087,0.12311935843401256
2024-01-15,2024-02-05,4,participacion_historica,FONDANT,0.20392452335713818,0.09694557074280993
2024-01-15,2024-02-05,4,participacion_historica,EMPAQUE,0.2726528205464194,0.07976563216834558
2024-01-15,2024-02-05,4,participacion_historica,RELLENO,0.0789818515363952,0.06527316786062819
2024-01-15,2024-02-05,4,participacion_historica,CHANTILLY,0.0,0.08396490140419195
2024-01-15,2024-02-05,4,participacion_historica,DECORACION,0.06387997117211558,0.06244084226809267
2024-01-15,2024-02-05,4,participacion_historica,AMBIANTE,0.0,0.052100844734129126
2024-01-15,2024-02-05,4,participacion_historica,HUEVO,0.0,0.05795702150094219
2024-01-15,2024-02-05,4,participacion_historica,QUESO CREMA,0.0,0.032320393990230664
2024-01-15,2024-02-05,4,participacion_historica,otros,0.22659372338334535,0.21040715712957275
2024-01-15,2024-02-05,4,participacion_ewm,CHOCOLATE,0.013103583830177554,0.12382812994989215
2024-01-15,2024-02-05,4,participacion_ewm,HARINA,0.1408635261744087,0.1441238628579486
2024-01-15,2024-02-05,4,participacion_ewm,FONDANT,0.20392452335713818,0.07062101287176153
2024-01-15,2024-02-05,4,participacion_ewm,EMPAQUE,0.2726528205464194,0.113864300504482
2024-01-15,2024-02-05,4,participacion_ewm,RELLENO,0.0789818515363952,0.07855775446210805
2024-01-15,2024-02-05,4,participacion_ewm,CHANTILLY,0.0,0.0735427540780079
2024-01-15,2024-02-05,4,participacion_ewm,DECORACION,0.06387997117211558,0.06017040627411473
2024-01-15,2024-02-05,4,participacion_ewm,AMBIANTE,0.0,0.03580022918306514
2024-01-15,2024-02-05,4,participacion_ewm,HUEVO,0.0,0.03324218991244354
2024-01-15,2024-02-05,4,participacion_ewm,QUESO CREMA,0.0,0.042430799159214584
2024-01-15,2024-02-05,4,participacion_ewm,otros,0.22659372338334535,0.2238185607469619
2024-01-22,2024-01-22,1,participacion_historica,CHOCOLATE,0.49122807017543857,0.13340502316082345
2024-01-22,2024-01-22,1,participacion_historica,HARINA,0.0,0.1210325896469954
2024-01-22,2024-01-22,1,participacion_historica,FONDANT,0.0,0.09530242547598265
2024-01-22,2024-01-22,1,participacion_historica,EMPAQUE,0.0,0.07841367230108548
2024-01-22,2024-01-22,1,participacion_historica,RELLENO,0.0,0.06416684298163448
2024-01-22,2024-01-22,1,participacion_historica,CHANTILLY,0.0,0.082541767482087
2024-01-22,2024-01-22,1,participacion_historica,DECORACION,0.14619883040935672,0.061382522907616525
2024-01-22,2024-01-22,1,participacion_historica,AMBIANTE,0.19298245614035087,0.05121777956914388
2024-01-22,2024-01-22,1,participacion_historica,HUEVO,0.0,0.05697469910262114
2024-01-22,2024-01-22,1,participacion_historica,QUESO CREMA,0.0,0.03177259070226065
2024-01-22,2024-01-22,1,participacion_historica,otros,0.1695906432748538,0.22379008666974948
2024-01-22,2024-01-22,1,participacion_ewm,CHOCOLATE,0.49122807017543857,0.10950347961008754
2024-01-22,2024-01-22,1,participacion_ewm,HARINA,0.0,0.12745136734422738
2024-01-22,2024-01-22,1,participacion_ewm,FONDANT,0.0,0.06245145304363376
2024-01-22,2024-01-22,1,participacion_ewm,EMPAQUE,0.0,0.100692283035001
2024-01-22,2024-01-22,1,participacion_ewm,RELLENO,0.0,0.06947005876158112
2024-01-22,2024-01-22,1,participacion_ewm,CHANTILLY,0.0,0.06503520221866867
2024-01-22,2024-01-22,1,participacion_ewm,DECORACION,0.14619883040935672,0.053209790531718704
2024-01-22,2024-01-22,1,participacion_ewm,AMBIANTE,0.19298245614035087,0.03165879730212019
2024-01-22,2024-01-22,1,participacion_ewm,HUEVO,0.0,0.029396676399336106
2024-01-22,2024-01-22,1,participacion_ewm,QUESO CREMA,0.0,0.03752233157725095
2024-01-22,2024-01-22,1,participacion_ewm,otros,0.1695906432748538,0.3136085601763746
2024-01-22,2024-01-29,2,participacion_historica,CHOCOLATE,,0.13340502316082345
2024-01-22,2024-01-29,2,participacion_historica,HARINA,,0.1210325896469954
2024-01-22,2024-01-29,2,participacion_historica,FONDANT,,0.09530242547598265
2024-01-22,2024-01-29,2,participacion_historica,EMPAQUE,,0.07841367230108548
2024-01-22,2024-01-29,2,participacion_historica,RELLENO,,0.06416684298163448
2024-01-22,2024-01-29,2,participacion_historica,CHANTILLY,,0.082541767482087
2024-01-22,2024-01-29,2,participacion_historica,DECORACION,,0.061382522907616525
2024-01-22,2024-01-29,2,participacion_historica,AMBIANTE,,0.05121777956914388
2024-01-22,2024-01-29,2,participacion_historica,HUEVO,,0.05697469910262114
2024-01-22,2024-01-29,2,participacion_historica,QUESO CREMA,,0.03177259070226065
2024-01-22,2024-01-29,2,participacion_historica,otros,,0.22379008666974948
2024-01-22,2024-01-29,2,participacion_ewm,CHOCOLATE,,0.10950347961008754
2024-01-22,2024-01-29,2,participacion_ewm,HARINA,,0.12745136734422738
2024-01-22,2024-01-29,2,participacion_ewm,FONDANT,,0.06245145304363376
2024-01-22,2024-01-29,2,participacion_ewm,EMPAQUE,,0.100692283035001
2024-01-22,2024-01-29,2,participacion_ewm,RELLENO,,0.06947005876158112
2024-01-22,2024-01-29,2,participacion_ewm,CHANTILLY,,0.06503520221866867
2024-01-22,2024-01-29,2,participacion_ewm,DECORACION,,0.053209790531718704
2024-01-22,2024-01-29,2,participacion_ewm,AMBIANTE,,0.03165879730212019
2024-01-22,2024-01-29,2,participacion_ewm,HUEVO,,0.029396676399336106
2024-01-22,2024-01-29,2,participacion_ewm,QUESO CREMA,,0.03752233157725095
2024-01-22,2024-01-29,2,participacion_ewm,otros,,0.3136085601763746
2024-01-22,2024-02-05,3,participacion_historica,CHOCOLATE,0.013103583830177554,0.13340502316082345
2024-01-22,2024-02-05,3,participacion_historica,HARINA,0.1408635261744087,0.1210325896469954
2024-01-22,2024-02-05,3,participacion_historica,FONDANT,0.20392452335713818,0.09530242547598265
2024-01-22,2024-02-05,3,participacion_historica,EMPAQUE,0.2726528205464194,0.07841367230108548
2024-01-22,2024-02-05,3,participacion_historica,RELLENO,0.0789818515363952,0.06416684298163448
2024-01-22,2024-02-05,3,participacion_historica,CHANTILLY,0.0,0.082541767482087
2024-01-22,2024-02-05,3,participacion_historica,DECORACION,0.06387997117211558,0.061382522907616525
2024-01-22,2024-02-05,3,participacion_historica,AMBIANTE,0.0,0.05121777956914388
2024-01-22,2024-02-05,3,participacion_historica,HUEVO,0.0,0.05697469910262114
2024-01-22,2024-02-05,3,participacion_historica,QUESO CREMA,0.0,0.03177259070226065
2024-01-22,2024-02-05,3,participacion_historica,otros,0.22659372338334535,0.22379008666974948
2024-01-22,2024-02-05,3,participacion_ewm,CHOCOLATE,0.013103583830177554,0.10950347961008754
2024-01-22,2024-02-05,3,participacion_ewm,HARINA,0.1408635261744087,0.12745136734422738
2024-01-22,2024-02-05,3,participacion_ewm,FONDANT,0.20392452335713818,0.06245145304363376
2024-01-22,2024-02-05,3,participacion_ewm,EMPAQUE,0.2726528205464194,0.100692283035001
2024-01-22,2024-02-05,3,participacion_ewm,RELLENO,0.0789818515363952,0.06947005876158112
2024-01-22,2024-02-05,3,participacion_ewm,CHANTILLY,0.0,0.06503520221866867
2024-01-22,2024-02-05,3,participacion_ewm,DECORACION,0.06387997117211558,0.053209790531718704
2024-01-22,2024-02-05,3,participacion_ewm,AMBIANTE,0.0,0.03165879730212019
2024-01-22,2024-02-05,3,participacion_ewm,HUEVO,0.0,0.029396676399336106
2024-01-22,2024-02-05,3,participacion_ewm,QUESO CREMA,0.0,0.03752233157725095
2024-01-22,2024-02-05,3,participacion_ewm,otros,0.22659372338334535,0.3136085601763746
2024-01-22,2024-02-12,4,participacion_historica,CHOCOLATE,0.0772465882756845,0.13340502316082345
2024-01-22,2024-02-12,4,participacion_historica,HARINA,0.1368755336113006,0.1210325896469954
2024-01-22,2024-02-12,4,participacion_historica,FONDANT,0.07498791610388085,0.09530242547598265
2024-01-22,2024-02-12,4,participacion_historica,EMPAQUE,0.02389675157768251,0.07841367230108548
2024-01-22,2024-02-12,4,participacion_historica,RELLENO,0.028007534930365136,0.06416684298163448
2024-01-22,2024-02-12,4,participacion_historica,CHANTILLY,0.18882499356278432,0.082541767482087
2024-01-22,2024-02-12,4,participacion_historica,DECORACION,0.05601506986073027,0.061382522907616525
2024-01-22,2024-02-12,4,participacion_historica,AMBIANTE,0.05962894533561609,0.05121777956914388
2024-01-22,2024-02-12,4,participacion_historica,HUEVO,0.0853778080941776,0.05697469910262114
2024-01-22,2024-02-12,4,participacion_historica,QUESO CREMA,0.03162141040525096,0.03177259070226065
2024-01-22,2024-02-12,4,participacion_historica,otros,0.23751744824252716,0.22379008666974948
2024-01-22,2024-02-12,4,participacion_ewm,CHOCOLATE,0.0772465882756845,0.10950347961008754
2024-01-22,2024-02-12,4,participacion_ewm,HARINA,0.1368755336113006,0.12745136734422738
2024-01-22,2024-02-12,4,participacion_ewm,FONDANT,0.07498791610388085,0.06245145304363376
2024-01-22,2024-02-12,4,participacion_ewm,EMPAQUE,0.02389675157768251,0.100692283035001
2024-01-22,2024-02-12,4,participacion_ewm,RELLENO,0.028007534930365136,0.06947005876158112
2024-01-22,2024-02-12,4,participacion_ewm,CHANTILLY,0.18882499356278432,0.06503520221866867
2024-01-22,2024-02-12,4,participacion_ewm,DECORACION,0.05601506986073027,0.053209790531718704
2024-01-22,2024-02-12,4,participacion_ewm,AMBIANTE,0.05962894533561609,0.03165879730212019
2024-01-22,2024-02-12,4,participacion_ewm,HUEVO,0.0853778080941776,0.029396676399336106
2024-01-22,2024-02-12,4,participacion_ewm,QUESO CREMA,0.03162141040525096,0.03752233157725095
2024-01-22,2024-02-12,4,participacion_ewm,otros,0.23751744824252716,0.3136085601763746
2024-01-29,2024-01-29,1,participacion_historica,CHOCOLATE,,0.139368740611067
2024-01-29,2024-01-29,1,participacion_historica,HARINA,,0.11901537981954546
2024-01-29,2024-01-29,1,participacion_historica,FONDANT,,0.0937140517180496
2024-01-29,2024-01-29,1,participacion_historica,EMPAQUE,,0.07710677776273404
2024-01-29,2024-01-29,1,participacion_historica,RELLENO,,0.06309739559860723
2024-01-29,2024-01-29,1,participacion_historica,CHANTILLY,,0.08116607135738554
2024-01-29,2024-01-29,1,participacion_historica,DECORACION,,0.06279612803264552
2024-01-29,2024-01-29,1,participacion_historica,AMBIANTE,,0.053580524178664
2024-01-29,2024-01-29,1,participacion_historica,HUEVO,,0.05602512078424411
2024-01-29,2024-01-29,1,participacion_historica,QUESO CREMA,,0.031243047523889633
2024-01-29,2024-01-29,1,participacion_historica,otros,,0.22288676261316784
2024-01-29,2024-01-29,1,participacion_ewm,CHOCOLATE,,0.15298024440196187
2024-01-29,2024-01-29,1,participacion_ewm,HARINA,,0.11293521287741394
2024-01-29,2024-01-29,1,participacion_ewm,FONDANT,,0.055338505117309346
2024-01-29,2024-01-29,1,participacion_ewm,EMPAQUE,,0.08922387147842324
2024-01-29,2024-01-29,1,participacion_ewm,RELLENO,,0.061557722277359075
2024-01-29,2024-01-29,1,participacion_ewm,CHANTILLY,,0.0576279765383284
2024-01-29,2024-01-29,1,participacion_ewm,DECORACION,,0.06380083631421501
2024-01-29,2024-01-29,1,participacion_ewm,AMBIANTE,,0.05003285793124169
2024-01-29,2024-01-29,1,participacion_ewm,HUEVO,,0.0260485232620601
2024-01-29,2024-01-29,1,participacion_ewm,QUESO CREMA,,0.03324870178041036
2024-01-29,2024-01-29,1,participacion_ewm,otros,,0.29720554802127697
2024-01-29,2024-02-05,2,participacion_historica,CHOCOLATE,0.013103583830177554,0.139368740611067
2024-01-29,2024-02-05,2,participacion_historica,HARINA,0.1408635261744087,0.11901537981954546
2024-01-29,2024-02-05,2,participacion_historica,FONDANT,0.20392452335713818,0.0937140517180496
2024-01-29,2024-02-05,2,participacion_historica,EMPAQUE,0.2726528205464194,0.07710677776273404
2024-01-29,2024-02-05,2,participacion_historica,RELLENO,0.0789818515363952,0.06309739559860723
2024-01-29,2024-02-05,2,participacion_historica,CHANTILLY,0.0,0.08116607135738554
2024-01-29,2024-02-05,2,participacion_historica,DECORACION,0.06387997117211558,0.06279612803264552
2024-01-29,2024-02-05,2,participacion_historica,AMBIANTE,0.0,0.053580524178664
2024-01-29,2024-02-05,2,participacion_historica,HUEVO,0.0,0.05602512078424411
2024-01-29,2024-02-05,2,participacion_historica,QUESO CREMA,0.0,0.031243047523889633
2024-01-29,2024-02-05,2,participacion_historica,otros,0.22659372338334535,0.22288676261316784
2024-01-29,2024-02-05,2,participacion_ewm,CHOCOLATE,0.013103583830177554,0.15298024440196187
2024-01-29,2024-02-05,2,participacion_ewm,HARINA,0.1408635261744087,0.11293521287741394
2024-01-29,2024-02-05,2,participacion_ewm,FONDANT,0.20392452335713818,0.055338505117309346
2024-01-29,2024-02-05,2,participacion_ewm,EMPAQUE,0.2726528205464194,0.08922387147842324
2024-01-29,2024-02-05,2,participacion_ewm,RELLENO,0.0789818515363952,0.061557722277359075
2024-01-29,2024-02-05,2,participacion_ewm,CHANTILLY,0.0,0.0576279765383284
2024-01-29,2024-02-05,2,participacion_ewm,DECORACION,0.06387997117211558,0.06380083631421501
2024-01-29,2024-02-05,2,participacion_ewm,AMBIANTE,0.0,0.05003285793124169
2024-01-29,2024-02-05,2,participacion_ewm,HUEVO,0.0,0.0260485232620601
2024-01-29,2024-02-05,2,participacion_ewm,QUESO CREMA,0.0,0.03324870178041036
2024-01-29,2024-02-05,2,participacion_ewm,otros,0.22659372338334535,0.29720554802127697
2024-01-29,2024-02-12,3,participacion_historica,CHOCOLATE,0.0772465882756845,0.139368740611067
2024-01-29,2024-02-12,3,participacion_historica,HARINA,0.1368755336113006,0.11901537981954546
2024-01-29,2024-02-12,3,participacion_historica,FONDANT,0.07498791610388085,0.0937140517180496
2024-01-29,2024-02-12,3,participacion_historica,EMPAQUE,0.02389675157768251,0.07710677776273404
2024-01-29,2024-02-12,3,participacion_historica,RELLENO,0.028007534930365136,0.06309739559860723
2024-01-29,2024-02-12,3,participacion_historica,CHANTILLY,0.18882499356278432,0.08116607135738554
2024-01-29,2024-02-12,3,participacion_historica,DECORACION,0.05601506986073027,0.06279612803264552
2024-01-29,2024-02-12,3,participacion_historica,AMBIANTE,0.05962894533561609,0.053580524178664
2024-01-29,2024-02-12,3,participacion_historica,HUEVO,0.0853778080941776,0.05602512078424411
2024-01-29,2024-02-12,3,participacion_historica,QUESO CREMA,0.03162141040525096,0.031243047523889633
2024-01-29,2024-02-12,3,participacion_historica,otros,0.23751744824252716,0.22288676261316784
2024-01-29,2024-02-12,3,participacion_ewm,CHOCOLATE,0.0772465882756845,0.15298024440196187
2024-01-29,2024-02-12,3,participacion_ewm,HARINA,0.1368755336113006,0.11293521287741394
2024-01-29,2024-02-12,3,participacion_ewm,FONDANT,0.07498791610388085,0.055338505117309346
2024-01-29,2024-02-12,3,participacion_ewm,EMPAQUE,0.02389675157768251,0.08922387147842324
2024-01-29,2024-02-12,3,participacion_ewm,RELLENO,0.028007534930365136,0.061557722277359075
2024-01-29,2024-02-12,3,participacion_ewm,CHANTILLY,0.18882499356278432,0.0576279765383284
2024-01-29,2024-02-12,3,participacion_ewm,DECORACION,0.05601506986073027,0.06380083631421501
2024-01-29,2024-02-12,3,participacion_ewm,AMBIANTE,0.05962894533561609,0.05003285793124169
2024-01-29,2024-02-12,3,participacion_ewm,HUEVO,0.0853778080941776,0.0260485232620601
2024-01-29,2024-02-12,3,participacion_ewm,QUESO CREMA,0.03162141040525096,0.03324870178041036
2024-01-29,2024-02-12,3,participacion_ewm,otros,0.23751744824252716,0.29720554802127697
2024-01-29,2024-02-19,4,participacion_historica,CHOCOLATE,,0.139368740611067
2024-01-29,2024-02-19,4,participacion_historica,HARINA,,0.11901537981954546
2024-01-29,2024-02-19,4,participacion_historica,FONDANT,,0.0937140517180496
2024-01-29,2024-02-19,4,participacion_historica,EMPAQUE,,0.07710677776273404
2024-01-29,2024-02-19,4,participacion_historica,RELLENO,,0.06309739559860723
2024-01-29,2024-02-19,4,participacion_historica,CHANTILLY,,0.08116607135738554
2024-01-29,2024-02-19,4,participacion_historica,DECORACION,,0.06279612803264552
2024-01-29,2024-02-19,4,participacion_historica,AMBIANTE,,0.053580524178664
2024-01-29,2024-02-19,4,participacion_historica,HUEVO,,0.05602512078424411
2024-01-29,2024-02-19,4,participacion_historica,QUESO CREMA,,0.031243047523889633
2024-01-29,2024-02-19,4,participacion_historica,otros,,0.22288676261316784
2024-01-29,2024-02-19,4,participacion_ewm,CHOCOLATE,,0.15298024440196187
2024-01-29,2024-02-19,4,participacion_ewm,HARINA,,0.11293521287741394
2024-01-29,2024-02-19,4,participacion_ewm,FONDANT,,0.055338505117309346
2024-01-29,2024-02-19,4,participacion_ewm,EMPAQUE,,0.08922387147842324
2024-01-29,2024-02-19,4,participacion_ewm,RELLENO,,0.061557722277359075
2024-01-29,2024-02-19,4,participacion_ewm,CHANTILLY,,0.0576279765383284
2024-01-29,2024-02-19,4,participacion_ewm,DECORACION,,0.06380083631421501
2024-01-29,2024-02-19,4,participacion_ewm,AMBIANTE,,0.05003285793124169
2024-01-29,2024-02-19,4,participacion_ewm,HUEVO,,0.0260485232620601
2024-01-29,2024-02-19,4,participacion_ewm,QUESO CREMA,,0.03324870178041036
2024-01-29,2024-02-19,4,participacion_ewm,otros,,0.29720554802127697
2024-02-05,2024-02-05,1,participacion_historica,CHOCOLATE,0.013103583830177554,0.139368740611067
2024-02-05,2024-02-05,1,participacion_historica,HARINA,0.1408635261744087,0.11901537981954546
2024-02-05,2024-02-05,1,participacion_historica,FONDANT,0.20392452335713818,0.0937140517180496
2024-02-05,2024-02-05,1,participacion_historica,EMPAQUE,0.2726528205464194,0.07710677776273404
2024-02-05,2024-02-05,1,participacion_historica,RELLENO,0.0789818515363952,0.06309739559860723
2024-02-05,2024-02-05,1,participacion_historica,CHANTILLY,0.0,0.08116607135738554
2024-02-05,2024-02-05,1,participacion_historica,DECORACION,0.06387997117211558,0.06279612803264552
2024-02-05,2024-02-05,1,participacion_historica,AMBIANTE,0.0,0.053580524178664
2024-02-05,2024-02-05,1,participacion_historica,HUEVO,0.0,0.05602512078424411
2024-02-05,2024-02-05,1,participacion_historica,QUESO CREMA,0.0,0.031243047523889633
2024-02-05,2024-02-05,1,participacion_historica,otros,0.22659372338334535,0.22288676261316784
2024-02-05,2024-02-05,1,participacion_ewm,CHOCOLATE,0.013103583830177554,0.15298024440196192
2024-02-05,2024-02-05,1,participacion_ewm,HARINA,0.1408635261744087,0.11293521287741393
2024-02-05,2024-02-05,1,participacion_ewm,FONDANT,0.20392452335713818,0.055338505117309346
2024-02-05,2024-02-05,1,participacion_ewm,EMPAQUE,0.2726528205464194,0.08922387147842327
2024-02-05,2024-02-05,1,participacion_ewm,RELLENO,0.0789818515363952,0.061557722277359075
2024-02-05,2024-02-05,1,participacion_ewm,CHANTILLY,0.0,0.05762797653832841
2024-02-05,2024-02-05,1,participacion_ewm,DECORACION,0.06387997117211558,0.06380083631421501
2024-02-05,2024-02-05,1,participacion_ewm,AMBIANTE,0.0,0.05003285793124168
2024-02-05,2024-02-05,1,participacion_ewm,HUEVO,0.0,0.026048523262060103
2024-02-05,2024-02-05,1,participacion_ewm,QUESO CREMA,0.0,0.03324870178041036
2024-02-05,2024-02-05,1,participacion_ewm,otros,0.22659372338334535,0.29720554802127697
2024-02-05,2024-02-12,2,participacion_historica,CHOCOLATE,0.0772465882756845,0.139368740611067
2024-02-05,2024-02-12,2,participacion_historica,HARINA,0.1368755336113006,0.11901537981954546
2024-02-05,2024-02-12,2,participacion_historica,FONDANT,0.07498791610388085,0.0937140517180496
2024-02-05,2024-02-12,2,participacion_historica,EMPAQUE,0.02389675157768251,0.07710677776273404
2024-02-05,2024-02-12,2,participacion_historica,RELLENO,0.028007534930365136,0.06309739559860723
2024-02-05,2024-02-12,2,participacion_historica,CHANTILLY,0.18882499356278432,0.08116607135738554
2024-02-05,2024-02-12,2,participacion_historica,DECORACION,0.05601506986073027,0.06279612803264552
2024-02-05,2024-02-12,2,participacion_historica,AMBIANTE,0.05962894533561609,0.053580524178664
2024-02-05,2024-02-12,2,participacion_historica,HUEVO,0.0853778080941776,0.05602512078424411
2024-02-05,2024-02-12,2,participacion_historica,QUESO CREMA,0.03162141040525096,0.031243047523889633
2024-02-05,2024-02-12,2,participacion_historica,otros,0.23751744824252716,0.22288676261316784
2024-02-05,2024-02-12,2,participacion_ewm,CHOCOLATE,0.0772465882756845,0.15298024440196192
2024-02-05,2024-02-12,2,participacion_ewm,HARINA,0.1368755336113006,0.11293521287741393
2024-02-05,2024-02-12,2,participacion_ewm,FONDANT,0.07498791610388085,0.055338505117309346
2024-02-05,2024-02-12,2,participacion_ewm,EMPAQUE,0.02389675157768251,0.08922387147842327
2024-02-05,2024-02-12,2,participacion_ewm,RELLENO,0.028007534930365136,0.061557722277359075
2024-02-05,2024-02-12,2,participacion_ewm,CHANTILLY,0.18882499356278432,0.05762797653832841
2024-02-05,2024-02-12,2,participacion_ewm,DECORACION,0.05601506986073027,0.06380083631421501
2024-02-05,2024-02-12,2,participacion_ewm,AMBIANTE,0.05962894533561609,0.05003285793124168
2024-02-05,2024-02-12,2,participacion_ewm,HUEVO,0.0853778080941776,0.026048523262060103
2024-02-05,2024-02-12,2,participacion_ewm,QUESO CREMA,0.03162141040525096,0.03324870178041036
2024-02-05,2024-02-12,2,participacion_ewm,otros,0.23751744824252716,0.29720554802127697
2024-02-05,2024-02-19,3,participacion_historica,CHOCOLATE,,0.139368740611067
2024-02-05,2024-02-19,3,participacion_historica,HARINA,,0.11901537981954546
2024-02-05,2024-02-19,3,participacion_historica,FONDANT,,0.0937140517180496
2024-02-05,2024-02-19,3,participacion_historica,EMPAQUE,,0.07710677776273404
2024-02-05,2024-02-19,3,participacion_historica,RELLENO,,0.06309739559860723
2024-02-05,2024-02-19,3,participacion_historica,CHANTILLY,,0.08116607135738554
2024-02-05,2024-02-19,3,participacion_historica,DECORACION,,0.06279612803264552
2024-02-05,2024-02-19,3,participacion_historica,AMBIANTE,,0.053580524178664
2024-02-05,2024-02-19,3,participacion_historica,HUEVO,,0.05602512078424411
2024-02-05,2024-02-19,3,participacion_historica,QUESO CREMA,,0.031243047523889633
2024-02-05,2024-02-19,3,participacion_historica,otros,,0.22288676261316784
2024-02-05,2024-02-19,3,participacion_ewm,CHOCOLATE,,0.15298024440196192
2024-02-05,2024-02-19,3,participacion_ewm,HARINA,,0.11293521287741393
2024-02-05,2024-02-19,3,participacion_ewm,FONDANT,,0.055338505117309346
2024-02-05,2024-02-19,3,participacion_ewm,EMPAQUE,,0.08922387147842327
2024-02-05,2024-02-19,3,participacion_ewm,RELLENO,,0.061557722277359075
2024-02-05,2024-02-19,3,participacion_ewm,CHANTILLY,,0.05762797653832841
2024-02-05,2024-02-19,3,participacion_ewm,DECORACION,,0.06380083631421501
2024-02-05,2024-02-19,3,participacion_ewm,AMBIANTE,,0.05003285793124168
2024-02-05,2024-02-19,3,participacion_ewm,HUEVO,,0.026048523262060103
2024-02-05,2024-02-19,3,participacion_ewm,QUESO CREMA,,0.03324870178041036
2024-02-05,2024-02-19,3,participacion_ewm,otros,,0.29720554802127697
2024-02-05,2024-02-26,4,participacion_historica,CHOCOLATE,0.25757575757575757,0.139368740611067
2024-02-05,2024-02-26,4,participacion_historica,HARINA,0.32727272727272727,0.11901537981954546
2024-02-05,2024-02-26,4,participacion_historica,FONDANT,0.0,0.0937140517180496
2024-02-05,2024-02-26,4,participacion_historica,EMPAQUE,0.11515151515151516,0.07710677776273404
2024-02-05,2024-02-26,4,participacion_historica,RELLENO,0.0,0.06309739559860723
2024-02-05,2024-02-26,4,participacion_historica,CHANTILLY,0.0,0.08116607135738554
2024-02-05,2024-02-26,4,participacion_historica,DECORACION,0.0,0.06279612803264552
2024-02-05,2024-02-26,4,participacion_historica,AMBIANTE,0.0,0.053580524178664
2024-02-05,2024-02-26,4,participacion_historica,HUEVO,0.0,0.05602512078424411
2024-02-05,2024-02-26,4,participacion_historica,QUESO CREMA,0.3,0.031243047523889633
2024-02-05,2024-02-26,4,participacion_historica,otros,0.0,0.22288676261316784
2024-02-05,2024-02-26,4,participacion_ewm,CHOCOLATE,0.25757575757575757,0.15298024440196192
2024-02-05,2024-02-26,4,participacion_ewm,HARINA,0.32727272727272727,0.11293521287741393
2024-02-05,2024-02-26,4,participacion_ewm,FONDANT,0.0,0.055338505117309346
2024-02-05,2024-02-26,4,participacion_ewm,EMPAQUE,0.11515151515151516,0.08922387147842327
2024-02-05,2024-02-26,4,participacion_ewm,RELLENO,0.0,0.061557722277359075
2024-02-05,2024-02-26,4,participacion_ewm,CHANTILLY,0.0,0.05762797653832841
2024-02-05,2024-02-26,4,participacion_ewm,DECORACION,0.0,0.06380083631421501
2024-02-05,2024-02-26,4,participacion_ewm,AMBIANTE,0.0,0.05003285793124168
2024-02-05,2024-02-26,4,participacion_ewm,HUEVO,0.0,0.026048523262060103
2024-02-05,2024-02-26,4,participacion_ewm,QUESO CREMA,0.3,0.03324870178041036
2024-02-05,2024-02-26,4,participacion_ewm,otros,0.0,0.29720554802127697
2024-02-12,2024-02-12,1,participacion_historica,CHOCOLATE,0.0772465882756845,0.13729882000810162
2024-02-12,2024-02-12,1,participacion_historica,HARINA,0.1368755336113006,0.11937354615323174
2024-02-12,2024-02-12,1,participacion_historica,FONDANT,0.07498791610388085,0.09552078076131333
2024-02-12,2024-02-12,1,participacion_historica,EMPAQUE,0.02389675157768251,0.08031245059525347
2024-02-12,2024-02-12,1,participacion_historica,RELLENO,0.028007534930365136,0.06335779651562015
2024-02-12,2024-02-12,1,participacion_historica,CHANTILLY,0.18882499356278432,0.07983548002365791
2024-02-12,2024-02-12,1,participacion_historica,DECORACION,0.05601506986073027,0.0628138959529647
2024-02-12,2024-02-12,1,participacion_historica,AMBIANTE,0.05962894533561609,0.05270215492983344
2024-02-12,2024-02-12,1,participacion_historica,HUEVO,0.0853778080941776,0.05510667618122372
2024-02-12,2024-02-12,1,participacion_historica,QUESO CREMA,0.03162141040525096,0.030730866416940623
2024-02-12,2024-02-12,1,participacion_historica,otros,0.23751744824252716,0.22294753246185928
2024-02-12,2024-02-12,1,participacion_ewm,CHOCOLATE,0.0772465882756845,0.13573658556913348
2024-02-12,2024-02-12,1,participacion_ewm,HARINA,0.1368755336113006,0.11637814827708035
2024-02-12,2024-02-12,1,participacion_ewm,FONDANT,0.07498791610388085,0.07365583264988311
2024-02-12,2024-02-12,1,participacion_ewm,EMPAQUE,0.02389675157768251,0.11183655185600162
2024-02-12,2024-02-12,1,participacion_ewm,RELLENO,0.028007534930365136,0.06370572709227047
2024-02-12,2024-02-12,1,participacion_ewm,CHANTILLY,0.18882499356278432,0.050523737971357466
2024-02-12,2024-02-12,1,participacion_ewm,DECORACION,0.05601506986073027,0.06381059186947236
2024-02-12,2024-02-12,1,participacion_ewm,AMBIANTE,0.05962894533561609,0.04386492734817674
2024-02-12,2024-02-12,1,participacion_ewm,HUEVO,0.0853778080941776,0.022837323864005808
2024-02-12,2024-02-12,1,participacion_ewm,QUESO CREMA,0.03162141040525096,0.029149881664229372
2024-02-12,2024-02-12,1,participacion_ewm,otros,0.23751744824252716,0.28850069183838917
2024-02-12,2024-02-19,2,participacion_historica,CHOCOLATE,,0.13729882000810162
2024-02-12,2024-02-19,2,participacion_historica,HARINA,,0.11937354615323174
2024-02-12,2024-02-19,2,participacion_historica,FONDANT,,0.09552078076131333
2024-02-12,2024-02-19,2,participacion_historica,EMPAQUE,,0.08031245059525347
2024-02-12,2024-02-19,2,participacion_historica,RELLENO,,0.06335779651562015
2024-02-12,2024-02-19,2,participacion_historica,CHANTILLY,,0.07983548002365791
2024-02-12,2024-02-19,2,participacion_historica,DECORACION,,0.0628138959529647
2024-02-12,2024-02-19,2,participacion_historica,AMBIANTE,,0.05270215492983344
2024-02-12,2024-02-19,2,participacion_historica,HUEVO,,0.05510667618122372
2024-02-12,2024-02-19,2,participacion_historica,QUESO CREMA,,0.030730866416940623
2024-02-12,2024-02-19,2,participacion_historica,otros,,0.22294753246185928
2024-02-12,2024-02-19,2,participacion_ewm,CHOCOLATE,,0.13573658556913348
2024-02-12,2024-02-19,2,participacion_ewm,HARINA,,0.11637814827708035
2024-02-12,2024-02-19,2,participacion_ewm,FONDANT,,0.07365583264988311
2024-02-12,2024-02-19,2,participacion_ewm,EMPAQUE,,0.11183655185600162
2024-02-12,2024-02-19,2,participacion_ewm,RELLENO,,0.06370572709227047
2024-02-12,2024-02-19,2,participacion_ewm,CHANTILLY,,0.050523737971357466
2024-02-12,2024-02-19,2,participacion_ewm,DECORACION,,0.06381059186947236
2024-02-12,2024-02-19,2,participacion_ewm,AMBIANTE,,0.04386492734817674
2024-02-12,2024-02-19,2,participacion_ewm,HUEVO,,0.022837323864005808
2024-02-12,2024-02-19,2,participacion_ewm,QUESO CREMA,,0.029149881664229372
2024-02-12,2024-02-19,2,participacion_ewm,otros,,0.28850069183838917
2024-02-12,2024-02-26,3,participacion_historica,CHOCOLATE,0.25757575757575757,0.13729882000810162
2024-02-12,2024-02-26,3,participacion_historica,HARINA,0.32727272727272727,0.11937354615323174
2024-02-12,2024-02-26,3,participacion_historica,FONDANT,0.0,0.09552078076131333
2024-02-12,2024-02-26,3,participacion_historica,EMPAQUE,0.11515151515151516,0.08031245059525347
2024-02-12,2024-02-26,3,participacion_historica,RELLENO,0.0,0.06335779651562015
2024-02-12,2024-02-26,3,participacion_historica,CHANTILLY,0.0,0.07983548002365791
2024-02-12,2024-02-26,3,participacion_historica,DECORACION,0.0,0.0628138959529647
2024-02-12,2024-02-26,3,participacion_historica,AMBIANTE,0.0,0.05270215492983344
2024-02-12,2024-02-26,3,participacion_historica,HUEVO,0.0,0.05510667618122372
2024-02-12,2024-02-26,3,participacion_historica,QUESO CREMA,0.3,0.030730866416940623
2024-02-12,2024-02-26,3,participacion_historica,otros,0.0,0.22294753246185928
2024-02-12,2024-02-26,3,participacion_ewm,CHOCOLATE,0.25757575757575757,0.13573658556913348
2024-02-12,2024-02-26,3,participacion_ewm,HARINA,0.32727272727272727,0.11637814827708035
2024-02-12,2024-02-26,3,participacion_ewm,FONDANT,0.0,0.07365583264988311
2024-02-12,2024-02-26,3,participacion_ewm,EMPAQUE,0.11515151515151516,0.11183655185600162
2024-02-12,2024-02-26,3,participacion_ewm,RELLENO,0.0,0.06370572709227047
2024-02-12,2024-02-26,3,participacion_ewm,CHANTILLY,0.0,0.050523737971357466
2024-02-12,2024-02-26,3,participacion_ewm,DECORACION,0.0,0.06381059186947236
2024-02-12,2024-02-26,3,participacion_ewm,AMBIANTE,0.0,0.04386492734817674
2024-02-12,2024-02-26,3,participacion_ewm,HUEVO,0.0,0.022837323864005808
2024-02-12,2024-02-26,3,participacion_ewm,QUESO CREMA,0.3,0.029149881664229372
2024-02-12,2024-02-26,3,participacion_ewm,otros,0.0,0.28850069183838917
2024-02-12,2024-03-04,4,participacion_historica,CHOCOLATE,0.3742690058479532,0.13729882000810162
2024-02-12,2024-03-04,4,participacion_historica,HARINA,0.14035087719298245,0.11937354615323174
2024-02-12,2024-03-04,4,participacion_historica,FONDANT,0.0,0.09552078076131333
2024-02-12,2024-03-04,4,participacion_historica,EMPAQUE,0.0,0.08031245059525347
2024-02-12,2024-03-04,4,participacion_historica,RELLENO,0.0,0.06335779651562015
2024-02-12,2024-03-04,4,participacion_historica,CHANTILLY,0.0,0.07983548002365791
2024-02-12,2024-03-04,4,participacion_historica,DECORACION,0.0,0.0628138959529647
2024-02-12,2024-03-04,4,participacion_historica,AMBIANTE,0.0,0.05270215492983344
2024-02-12,2024-03-04,4,participacion_historica,HUEVO,0.0,0.05510667618122372
2024-02-12,2024-03-04,4,participacion_historica,QUESO CREMA,0.0,0.030730866416940623
2024-02-12,2024-03-04,4,participacion_historica,otros,0.4853801169590643,0.22294753246185928
2024-02-12,2024-03-04,4,participacion_ewm,CHOCOLATE,0.3742690058479532,0.13573658556913348
2024-02-12,2024-03-04,4,participacion_ewm,HARINA,0.14035087719298245,0.11637814827708035
2024-02-12,2024-03-04,4,participacion_ewm,FONDANT,0.0,0.07365583264988311
2024-02-12,2024-03-04,4,participacion_ewm,EMPAQUE,0.0,0.11183655185600162
2024-02-12,2024-03-04,4,participacion_ewm,RELLENO,0.0,0.06370572709227047
2024-02-12,2024-03-04,4,participacion_ewm,CHANTILLY,0.0,0.050523737971357466
2024-02-12,2024-03-04,4,participacion_ewm,DECORACION,0.0,0.06381059186947236
2024-02-12,2024-03-04,4,participacion_ewm,AMBIANTE,0.0,0.04386492734817674
2024-02-12,2024-03-04,4,participacion_ewm,HUEVO,0.0,0.022837323864005808
2024-02-12,2024-03-04,4,participacion_ewm,QUESO CREMA,0.0,0.029149881664229372
2024-02-12,2024-03-04,4,participacion_ewm,otros,0.4853801169590643,0.28850069183838917
2024-02-19,2024-02-19,1,participacion_historica,CHOCOLATE,,0.13633023562532068
2024-02-19,2024-02-19,1,participacion_historica,HARINA,,0.11965583627352315
2024-02-19,2024-02-19,1,participacion_historica,FONDANT,,0.0951896055249031
2024-02-19,2024-02-19,1,participacion_historica,EMPAQUE,,0.07940251996593779
2024-02-19,2024-02-19,1,participacion_historica,RELLENO,,0.06278763100618054
2024-02-19,2024-02-19,1,participacion_historica,CHANTILLY,,0.08159337540332122
2024-02-19,2024-02-19,1,participacion_historica,DECORACION,,0.06270423746760607
2024-02-19,2024-02-19,1,participacion_historica,AMBIANTE,,0.052813877355733146
2024-02-19,2024-02-19,1,participacion_historica,HUEVO,,0.055594920244335856
2024-02-19,2024-02-19,1,participacion_historica,QUESO CREMA,,0.0307452300296553
2024-02-19,2024-02-19,1,participacion_historica,otros,,0.22318253110348293
2024-02-19,2024-02-19,1,participacion_ewm,CHOCOLATE,,0.12869010431643782
2024-02-19,2024-02-19,1,participacion_ewm,HARINA,,0.11884753532051315
2024-02-19,2024-02-19,1,participacion_ewm,FONDANT,,0.07381631309987405
2024-02-19,2024-02-19,1,participacion_ewm,EMPAQUE,,0.10124215652857385
2024-02-19,2024-02-19,1,participacion_ewm,RELLENO,,0.05940504913938966
2024-02-19,2024-02-19,1,participacion_ewm,CHANTILLY,,0.06718534251648911
2024-02-19,2024-02-19,1,participacion_ewm,DECORACION,,0.06287143983952809
2024-02-19,2024-02-19,1,participacion_ewm,AMBIANTE,,0.04576407014789936
2024-02-19,2024-02-19,1,participacion_ewm,HUEVO,,0.030371780524200854
2024-02-19,2024-02-19,1,participacion_ewm,QUESO CREMA,,0.02944763481425487
2024-02-19,2024-02-19,1,participacion_ewm,otros,,0.2823585737528392
2024-02-19,2024-02-26,2,participacion_historica,CHOCOLATE,0.25757575757575757,0.13633023562532068
2024-02-19,2024-02-26,2,participacion_historica,HARINA,0.32727272727272727,0.11965583627352315
2024-02-19,2024-02-26,2,participacion_historica,FONDANT,0.0,0.0951896055249031
2024-02-19,2024-02-26,2,participacion_historica,EMPAQUE,0.11515151515151516,0.07940251996593779
2024-02-19,2024-02-26,2,participacion_historica,RELLENO,0.0,0.06278763100618054
2024-02-19,2024-02-26,2,participacion_historica,CHANTILLY,0.0,0.08159337540332122
2024-02-19,2024-02-26,2,participacion_historica,DECORACION,0.0,0.06270423746760607
2024-02-19,2024-02-26,2,participacion_historica,AMBIANTE,0.0,0.052813877355733146
2024-02-19,2024-02-26,2,participacion_historica,HUEVO,0.0,0.055594920244335856
2024-02-19,2024-02-26,2,participacion_historica,QUESO CREMA,0.3,0.0307452300296553
2024-02-19,2024-02-26,2,participacion_historica,otros,0.0,0.22318253110348293
2024-02-19,2024-02-26,2,participacion_ewm,CHOCOLATE,0.25757575757575757,0.12869010431643782
2024-02-19,2024-02-26,2,participacion_ewm,HARINA,0.32727272727272727,0.11884753532051315
2024-02-19,2024-02-26,2,participacion_ewm,FONDANT,0.0,0.07381631309987405
2024-02-19,2024-02-26,2,participacion_ewm,EMPAQUE,0.11515151515151516,0.10124215652857385
2024-02-19,2024-02-26,2,participacion_ewm,RELLENO,0.0,0.05940504913938966
2024-02-19,2024-02-26,2,participacion_ewm,CHANTILLY,0.0,0.06718534251648911
2024-02-19,2024-02-26,2,participacion_ewm,DECORACION,0.0,0.06287143983952809
2024-02-19,2024-02-26,2,participacion_ewm,AMBIANTE,0.0,0.04576407014789936
2024-02-19,2024-02-26,2,participacion_ewm,HUEVO,0.0,0.030371780524200854
2024-02-19,2024-02-26,2,participacion_ewm,QUESO CREMA,0.3,0.02944763481425487
2024-02-19,2024-02-26,2,participacion_ewm,otros,0.0,0.2823585737528392
2024-02-19,2024-03-04,3,participacion_historica,CHOCOLATE,0.3742690058479532,0.13633023562532068
2024-02-19,2024-03-04,3,participacion_historica,HARINA,0.14035087719298245,0.11965583627352315
2024-02-19,2024-03-04,3,participacion_historica,FONDANT,0.0,0.0951896055249031
2024-02-19,2024-03-04,3,participacion_historica,EMPAQUE,0.0,0.07940251996593779
2024-02-19,2024-03-04,3,participacion_historica,RELLENO,0.0,0.06278763100618054
2024-02-19,2024-03-04,3,participacion_historica,CHANTILLY,0.0,0.08159337540332122
2024-02-19,2024-03-04,3,participacion_historica,DECORACION,0.0,0.06270423746760607
2024-02-19,2024-03-04,3,participacion_historica,AMBIANTE,0.0,0.052813877355733146
2024-02-19,2024-03-04,3,participacion_historica,HUEVO,0.0,0.055594920244335856
2024-02-19,2024-03-04,3,participacion_historica,QUESO CREMA,0.0,0.0307452300296553
2024-02-19,2024-03-04,3,participacion_historica,otros,0.4853801169590643,0.22318253110348293
2024-02-19,2024-03-04,3,participacion_ewm,CHOCOLATE,0.3742690058479532,0.12869010431643782
2024-02-19,2024-03-04,3,participacion_ewm,HARINA,0.14035087719298245,0.11884753532051315
2024-02-19,2024-03-04,3,participacion_ewm,FONDANT,0.0,0.07381631309987405
2024-02-19,2024-03-04,3,participacion_ewm,EMPAQUE,0.0,0.10124215652857385
2024-02-19,2024-03-04,3,participacion_ewm,RELLENO,0.0,0.05940504913938966
2024-02-19,2024-03-04,3,participacion_ewm,CHANTILLY,0.0,0.06718534251648911
2024-02-19,2024-03-04,3,participacion_ewm,DECORACION,0.0,0.06287143983952809
2024-02-19,2024-03-04,3,participacion_ewm,AMBIANTE,0.0,0.04576407014789936
2024-02-19,2024-03-04,3,participacion_ewm,HUEVO,0.0,0.030371780524200854
2024-02-19,2024-03-04,3,participacion_ewm,QUESO CREMA,0.0,0.02944763481425487
2024-02-19,2024-03-04,3,participacion_ewm,otros,0.4853801169590643,0.2823585737528392
2024-02-19,2024-03-11,4,participacion_historica,CHOCOLATE,0.13114754098360656,0.13633023562532068
2024-02-19,2024-03-11,4,participacion_historica,HARINA,0.22131147540983606,0.11965583627352315
2024-02-19,2024-03-11,4,participacion_historica,FONDANT,0.0,0.0951896055249031
2024-02-19,2024-03-11,4,participacion_historica,EMPAQUE,0.0,0.07940251996593779
2024-02-19,2024-03-11,4,participacion_historica,RELLENO,0.2336065573770492,0.06278763100618054
2024-02-19,2024-03-11,4,participacion_historica,CHANTILLY,0.0,0.08159337540332122
2024-02-19,2024-03-11,4,participacion_historica,DECORACION,0.08196721311475409,0.06270423746760607
2024-02-19,2024-03-11,4,participacion_historica,AMBIANTE,0.27049180327868855,0.052813877355733146
2024-02-19,2024-03-11,4,participacion_historica,HUEVO,0.0,0.055594920244335856
2024-02-19,2024-03-11,4,participacion_historica,QUESO CREMA,0.0,0.0307452300296553
2024-02-19,2024-03-11,4,participacion_historica,otros,0.06147540983606557,0.22318253110348293
2024-02-19,2024-03-11,4,participacion_ewm,CHOCOLATE,0.13114754098360656,0.12869010431643782
2024-02-19,2024-03-11,4,participacion_ewm,HARINA,0.22131147540983606,0.11884753532051315
2024-02-19,2024-03-11,4,participacion_ewm,FONDANT,0.0,0.07381631309987405
2024-02-19,2024-03-11,4,participacion_ewm,EMPAQUE,0.0,0.10124215652857385
2024-02-19,2024-03-11,4,participacion_ewm,RELLENO,0.2336065573770492,0.05940504913938966
2024-02-19,2024-03-11,4,participacion_ewm,CHANTILLY,0.0,0.06718534251648911
2024-02-19,2024-03-11,4,participacion_ewm,DECORACION,0.08196721311475409,0.06287143983952809
2024-02-19,2024-03-11,4,participacion_ewm,AMBIANTE,0.27049180327868855,0.04576407014789936
2024-02-19,2024-03-11,4,participacion_ewm,HUEVO,0.0,0.030371780524200854
2024-02-19,2024-03-11,4,participacion_ewm,QUESO CREMA,0.0,0.02944763481425487
2024-02-19,2024-03-11,4,participacion_ewm,otros,0.06147540983606557,0.2823585737528392
2024-02-26,2024-02-26,1,participacion_historica,CHOCOLATE,0.25757575757575757,0.13633023562532068
2024-02-26,2024-02-26,1,participacion_historica,HARINA,0.32727272727272727,0.11965583627352315
2024-02-26,2024-02-26,1,participacion_historica,FONDANT,0.0,0.0951896055249031
2024-02-26,2024-02-26,1,participacion_historica,EMPAQUE,0.11515151515151516,0.07940251996593779
2024-02-26,2024-02-26,1,participacion_historica,RELLENO,0.0,0.06278763100618054
2024-02-26,2024-02-26,1,participacion_historica,CHANTILLY,0.0,0.08159337540332122
2024-02-26,2024-02-26,1,participacion_historica,DECORACION,0.0,0.06270423746760607
2024-02-26,2024-02-26,1,participacion_historica,AMBIANTE,0.0,0.052813877355733146
2024-02-26,2024-02-26,1,participacion_historica,HUEVO,0.0,0.055594920244335856
2024-02-26,2024-02-26,1,participacion_historica,QUESO CREMA,0.3,0.0307452300296553
2024-02-26,2024-02-26,1,participacion_historica,otros,0.0,0.22318253110348293
2024-02-26,2024-02-26,1,participacion_ewm,CHOCOLATE,0.25757575757575757,0.12869010431643782
2024-02-26,2024-02-26,1,participacion_ewm,HARINA,0.32727272727272727,0.11884753532051318
2024-02-26,2024-02-26,1,participacion_ewm,FONDANT,0.0,0.07381631309987405
2024-02-26,2024-02-26,1,participacion_ewm,EMPAQUE,0.11515151515151516,0.10124215652857381
2024-02-26,2024-02-26,1,participacion_ewm,RELLENO,0.0,0.05940504913938967
2024-02-26,2024-02-26,1,participacion_ewm,CHANTILLY,0.0,0.06718534251648911
2024-02-26,2024-02-26,1,participacion_ewm,DECORACION,0.0,0.0628714398395281
2024-02-26,2024-02-26,1,participacion_ewm,AMBIANTE,0.0,0.04576407014789936
2024-02-26,2024-02-26,1,participacion_ewm,HUEVO,0.0,0.030371780524200857
2024-02-26,2024-02-26,1,participacion_ewm,QUESO CREMA,0.3,0.02944763481425487
2024-02-26,2024-02-26,1,participacion_ewm,otros,0.0,0.2823585737528392
2024-02-26,2024-03-04,2,participacion_historica,CHOCOLATE,0.3742690058479532,0.13633023562532068
2024-02-26,2024-03-04,2,participacion_historica,HARINA,0.14035087719298245,0.11965583627352315
2024-02-26,2024-03-04,2,participacion_historica,FONDANT,0.0,0.0951896055249031
2024-02-26,2024-03-04,2,participacion_historica,EMPAQUE,0.0,0.07940251996593779
2024-02-26,2024-03-04,2,participacion_historica,RELLENO,0.0,0.06278763100618054
2024-02-26,2024-03-04,2,participacion_historica,CHANTILLY,0.0,0.08159337540332122
2024-02-26,2024-03-04,2,participacion_historica,DECORACION,0.0,0.06270423746760607
2024-02-26,2024-03-04,2,participacion_historica,AMBIANTE,0.0,0.052813877355733146
2024-02-26,2024-03-04,2,participacion_historica,HUEVO,0.0,0.055594920244335856
2024-02-26,2024-03-04,2,participacion_historica,QUESO CREMA,0.0,0.0307452300296553
2024-02-26,2024-03-04,2,participacion_historica,otros,0.4853801169590643,0.22318253110348293
2024-02-26,2024-03-04,2,participacion_ewm,CHOCOLATE,0.3742690058479532,0.12869010431643782
2024-02-26,2024-03-04,2,participacion_ewm,HARINA,0.14035087719298245,0.11884753532051318
2024-02-26,2024-03-04,2,participacion_ewm,FONDANT,0.0,0.07381631309987405
2024-02-26,2024-03-04,2,participacion_ewm,EMPAQUE,0.0,0.10124215652857381
2024-02-26,2024-03-04,2,participacion_ewm,RELLENO,0.0,0.05940504913938967
2024-02-26,2024-03-04,2,participacion_ewm,CHANTILLY,0.0,0.06718534251648911
2024-02-26,2024-03-04,2,participacion_ewm,DECORACION,0.0,0.0628714398395281
2024-02-26,2024-03-04,2,participacion_ewm,AMBIANTE,0.0,0.04576407014789936
2024-02-26,2024-03-04,2,participacion_ewm,HUEVO,0.0,0.030371780524200857
2024-02-26,2024-03-04,2,participacion_ewm,QUESO CREMA,0.0,0.02944763481425487
2024-02-26,2024-03-04,2,participacion_ewm,otros,0.4853801169590643,0.2823585737528392
2024-02-26,2024-03-11,3,participacion_historica,CHOCOLATE,0.13114754098360656,0.13633023562532068
2024-02-26,2024-03-11,3,participacion_historica,HARINA,0.22131147540983606,0.11965583627352315
2024-02-26,2024-03-11,3,participacion_historica,FONDANT,0.0,0.0951896055249031
2024-02-26,2024-03-11,3,participacion_historica,EMPAQUE,0.0,0.07940251996593779
2024-02-26,2024-03-11,3,participacion_historica,RELLENO,0.2336065573770492,0.06278763100618054
2024-02-26,2024-03-11,3,participacion_historica,CHANTILLY,0.0,0.08159337540332122
2024-02-26,2024-03-11,3,participacion_historica,DECORACION,0.08196721311475409,0.06270423746760607
2024-02-26,2024-03-11,3,participacion_historica,AMBIANTE,0.27049180327868855,0.052813877355733146
2024-02-26,2024-03-11,3,participacion_historica,HUEVO,0.0,0.055594920244335856
2024-02-26,2024-03-11,3,participacion_historica,QUESO CREMA,0.0,0.0307452300296553
2024-02-26,2024-03-11,3,participacion_historica,otros,0.06147540983606557,0.22318253110348293
2024-02-26,2024-03-11,3,participacion_ewm,CHOCOLATE,0.13114754098360656,0.12869010431643782
2024-02-26,2024-03-11,3,participacion_ewm,HARINA,0.22131147540983606,0.11884753532051318
2024-02-26,2024-03-11,3,participacion_ewm,FONDANT,0.0,0.07381631309987405
2024-02-26,2024-03-11,3,participacion_ewm,EMPAQUE,0.0,0.10124215652857381
2024-02-26,2024-03-11,3,participacion_ewm,RELLENO,0.2336065573770492,0.05940504913938967
2024-02-26,2024-03-11,3,participacion_ewm,CHANTILLY,0.0,0.06718534251648911
2024-02-26,2024-03-11,3,participacion_ewm,DECORACION,0.08196721311475409,0.0628714398395281
2024-02-26,2024-03-11,3,participacion_ewm,AMBIANTE,0.27049180327868855,0.04576407014789936
2024-02-26,2024-03-11,3,participacion_ewm,HUEVO,0.0,0.030371780524200857
2024-02-26,2024-03-11,3,participacion_ewm,QUESO CREMA,0.0,0.02944763481425487
2024-02-26,2024-03-11,3,participacion_ewm,otros,0.06147540983606557,0.2823585737528392
2024-02-26,2024-03-18,4,participacion_historica,CHOCOLATE,,0.13633023562532068
2024-02-26,2024-03-18,4,participacion_historica,HARINA,,0.11965583627352315
2024-02-26,2024-03-18,4,participacion_historica,FONDANT,,0.0951896055249031
2024-02-26,2024-03-18,4,participacion_historica,EMPAQUE,,0.07940251996593779
2024-02-26,2024-03-18,4,participacion_historica,RELLENO,,0.06278763100618054
2024-02-26,2024-03-18,4,participacion_historica,CHANTILLY,,0.08159337540332122
2024-02-26,2024-03-18,4,participacion_historica,DECORACION,,0.06270423746760607
2024-02-26,2024-03-18,4,participacion_historica,AMBIANTE,,0.052813877355733146
2024-02-26,2024-03-18,4,participacion_historica,HUEVO,,0.055594920244335856
2024-02-26,2024-03-18,4,participacion_historica,QUESO CREMA,,0.0307452300296553
2024-02-26,2024-03-18,4,participacion_historica,otros,,0.22318253110348293
2024-02-26,2024-03-18,4,participacion_ewm,CHOCOLATE,,0.12869010431643782
2024-02-26,2024-03-18,4,participacion_ewm,HARINA,,0.11884753532051318
2024-02-26,2024-03-18,4,participacion_ewm,FONDANT,,0.07381631309987405
2024-02-26,2024-03-18,4,participacion_ewm,EMPAQUE,,0.10124215652857381
2024-02-26,2024-03-18,4,participacion_ewm,RELLENO,,0.05940504913938967
2024-02-26,2024-03-18,4,participacion_ewm,CHANTILLY,,0.06718534251648911
2024-02-26,2024-03-18,4,participacion_ewm,DECORACION,,0.0628714398395281
2024-02-26,2024-03-18,4,participacion_ewm,AMBIANTE,,0.04576407014789936
2024-02-26,2024-03-18,4,participacion_ewm,HUEVO,,0.030371780524200857
2024-02-26,2024-03-18,4,participacion_ewm,QUESO CREMA,,0.02944763481425487
2024-02-26,2024-03-18,4,participacion_ewm,otros,,0.2823585737528392
2024-03-04,2024-03-04,1,participacion_historica,CHOCOLATE,0.3742690058479532,0.13825476771977208
2024-03-04,2024-03-04,1,participacion_historica,HARINA,0.14035087719298245,0.12295134247985975
2024-03-04,2024-03-04,1,participacion_historica,FONDANT,0.0,0.09367865940546023
2024-03-04,2024-03-04,1,participacion_historica,EMPAQUE,0.0,0.07996996433396285
2024-03-04,2024-03-04,1,participacion_historica,RELLENO,0.0,0.061791001942590386
2024-03-04,2024-03-04,1,participacion_historica,CHANTILLY,0.0,0.08029824246041138
2024-03-04,2024-03-04,1,participacion_historica,DECORACION,0.0,0.06170893211097742
2024-03-04,2024-03-04,1,participacion_historica,AMBIANTE,0.0,0.051975561842150096
2024-03-04,2024-03-04,1,participacion_historica,HUEVO,0.0,0.05471246119283848
2024-03-04,2024-03-04,1,participacion_historica,QUESO CREMA,0.0,0.03501911526727983
2024-03-04,2024-03-04,1,participacion_historica,otros,0.4853801169590643,0.21963995124469754
2024-03-04,2024-03-04,1,participacion_ewm,CHOCOLATE,0.3742690058479532,0.1453776080163732
2024-03-04,2024-03-04,1,participacion_ewm,HARINA,0.14035087719298245,0.14583344161734782
2024-03-04,2024-03-04,1,participacion_ewm,FONDANT,0.0,0.06425892663505688
2024-03-04,2024-03-04,1,participacion_ewm,EMPAQUE,0.0,0.10304307437795651
2024-03-04,2024-03-04,1,participacion_ewm,RELLENO,0.0,0.05171356484893991
2024-03-04,2024-03-04,1,participacion_ewm,CHANTILLY,0.0,0.05848650270404263
2024-03-04,2024-03-04,1,participacion_ewm,DECORACION,0.0,0.054731143705625165
2024-03-04,2024-03-04,1,participacion_ewm,AMBIANTE,0.0,0.039838755183784436
2024-03-04,2024-03-04,1,participacion_ewm,HUEVO,0.0,0.02643938628904513
2024-03-04,2024-03-04,1,participacion_ewm,QUESO CREMA,0.0,0.06447747313132086
2024-03-04,2024-03-04,1,participacion_ewm,otros,0.4853801169590643,0.24580012349050728
2024-03-04,2024-03-11,2,participacion_historica,CHOCOLATE,0.13114754098360656,0.13825476771977208
2024-03-04,2024-03-11,2,participacion_historica,HARINA,0.22131147540983606,0.12295134247985975
2024-03-04,2024-03-11,2,participacion_historica,FONDANT,0.0,0.09367865940546023
2024-03-04,2024-03-11,2,participacion_historica,EMPAQUE,0.0,0.07996996433396285
2024-03-04,2024-03-11,2,participacion_historica,RELLENO,0.2336065573770492,0.061791001942590386
2024-03-04,2024-03-11,2,participacion_historica,CHANTILLY,0.0,0.08029824246041138
2024-03-04,2024-03-11,2,participacion_historica,DECORACION,0.08196721311475409,0.06170893211097742
2024-03-04,2024-03-11,2,participacion_historica,AMBIANTE,0.27049180327868855,0.051975561842150096
2024-03-04,2024-03-11,2,participacion_historica,HUEVO,0.0,0.05471246119283848
2024-03-04,2024-03-11,2,participacion_historica,QUESO CREMA,0.0,0.03501911526727983
2024-03-04,2024-03-11,2,participacion_historica,otros,0.06147540983606557,0.21963995124469754
2024-03-04,2024-03-11,2,participacion_ewm,CHOCOLATE,0.13114754098360656,0.1453776080163732
2024-03-04,2024-03-11,2,participacion_ewm,HARINA,0.22131147540983606,0.14583344161734782
2024-03-04,2024-03-11,2,participacion_ewm,FONDANT,0.0,0.06425892663505688
2024-03-04,2024-03-11,2,participacion_ewm,EMPAQUE,0.0,0.10304307437795651
2024-03-04,2024-03-11,2,participacion_ewm,RELLENO,0.2336065573770492,0.05171356484893991
2024-03-04,2024-03-11,2,participacion_ewm,CHANTILLY,0.0,0.05848650270404263
2024-03-04,2024-03-11,2,participacion_ewm,DECORACION,0.08196721311475409,0.054731143705625165
2024-03-04,2024-03-11,2,participacion_ewm,AMBIANTE,0.27049180327868855,0.039838755183784436
2024-03-04,2024-03-11,2,participacion_ewm,HUEVO,0.0,0.02643938628904513
2024-03-04,2024-03-11,2,participacion_ewm,QUESO CREMA,0.0,0.06447747313132086
2024-03-04,2024-03-11,2,participacion_ewm,otros,0.06147540983606557,0.24580012349050728
2024-03-04,2024-03-18,3,participacion_historica,CHOCOLATE,,0.13825476771977208
2024-03-04,2024-03-18,3,participacion_historica,HARINA,,0.12295134247985975
2024-03-04,2024-03-18,3,participacion_historica,FONDANT,,0.09367865940546023
2024-03-04,2024-03-18,3,participacion_historica,EMPAQUE,,0.07996996433396285
2024-03-04,2024-03-18,3,participacion_historica,RELLENO,,0.061791001942590386
2024-03-04,2024-03-18,3,participacion_historica,CHANTILLY,,0.08029824246041138
2024-03-04,2024-03-18,3,participacion_historica,DECORACION,,0.06170893211097742
2024-03-04,2024-03-18,3,participacion_historica,AMBIANTE,,0.051975561842150096
2024-03-04,2024-03-18,3,participacion_historica,HUEVO,,0.05471246119283848
2024-03-04,2024-03-18,3,participacion_historica,QUESO CREMA,,0.03501911526727983
2024-03-04,2024-03-18,3,participacion_historica,otros,,0.21963995124469754
2024-03-04,2024-03-18,3,participacion_ewm,CHOCOLATE,,0.1453776080163732
2024-03-04,2024-03-18,3,participacion_ewm,HARINA,,0.14583344161734782
2024-03-04,2024-03-18,3,participacion_ewm,FONDANT,,0.06425892663505688
2024-03-04,2024-03-18,3,participacion_ewm,EMPAQUE,,0.10304307437795651
2024-03-04,2024-03-18,3,participacion_ewm,RELLENO,,0.05171356484893991
2024-03-04,2024-03-18,3,participacion_ewm,CHANTILLY,,0.05848650270404263
2024-03-04,2024-03-18,3,participacion_ewm,DECORACION,,0.054731143705625165
2024-03-04,2024-03-18,3,participacion_ewm,AMBIANTE,,0.039838755183784436
2024-03-04,2024-03-18,3,participacion_ewm,HUEVO,,0.02643938628904513
2024-03-04,2024-03-18,3,participacion_ewm,QUESO CREMA,,0.06447747313132086
2024-03-04,2024-03-18,3,participacion_ewm,otros,,0.24580012349050728
2024-03-04,2024-03-25,4,participacion_historica,CHOCOLATE,0.35389133627019087,0.13825476771977208
2024-03-04,2024-03-25,4,participacion_historica,HARINA,0.3803230543318649,0.12295134247985975
2024-03-04,2024-03-25,4,participacion_historica,FONDANT,0.0,0.09367865940546023
2024-03-04,2024-03-25,4,participacion_historica,EMPAQUE,0.04698972099853157,0.07996996433396285
2024-03-04,2024-03-25,4,participacion_historica,RELLENO,0.12848751835535976,0.061791001942590386
2024-03-04,2024-03-25,4,participacion_historica,CHANTILLY,0.0,0.08029824246041138
2024-03-04,2024-03-25,4,participacion_historica,DECORACION,0.0,0.06170893211097742
2024-03-04,2024-03-25,4,participacion_historica,AMBIANTE,0.09030837004405286,0.051975561842150096
2024-03-04,2024-03-25,4,participacion_historica,HUEVO,0.0,0.05471246119283848
2024-03-04,2024-03-25,4,participacion_historica,QUESO CREMA,0.0,0.03501911526727983
2024-03-04,2024-03-25,4,participacion_historica,otros,0.0,0.21963995124469754
2024-03-04,2024-03-25,4,participacion_ewm,CHOCOLATE,0.35389133627019087,0.1453776080163732
2024-03-04,2024-03-25,4,participacion_ewm,HARINA,0.3803230543318649,0.14583344161734782
2024-03-04,2024-03-25,4,participacion_ewm,FONDANT,0.0,0.06425892663505688
2024-03-04,2024-03-25,4,participacion_ewm,EMPAQUE,0.04698972099853157,0.10304307437795651
2024-03-04,2024-03-25,4,participacion_ewm,RELLENO,0.12848751835535976,0.05171356484893991
2024-03-04,2024-03-25,4,participacion_ewm,CHANTILLY,0.0,0.05848650270404263
2024-03-04,2024-03-25,4,participacion_ewm,DECORACION,0.0,0.054731143705625165
2024-03-04,2024-03-25,4,participacion_ewm,AMBIANTE,0.09030837004405286,0.039838755183784436
2024-03-04,2024-03-25,4,participacion_ewm,HUEVO,0.0,0.02643938628904513
2024-03-04,2024-03-25,4,participacion_ewm,QUESO CREMA,0.0,0.06447747313132086
2024-03-04,2024-03-25,4,participacion_ewm,otros,0.0,0.24580012349050728
2024-03-11,2024-03-11,1,participacion_historica,CHOCOLATE,0.13114754098360656,0.1419424901905249
2024-03-11,2024-03-11,1,participacion_historica,HARINA,0.22131147540983606,0.1232232102097523
2024-03-11,2024-03-11,1,participacion_historica,FONDANT,0.0,0.09221493035224991
2024-03-11,2024-03-11,1,participacion_historica,EMPAQUE,0.0,0.07872043364124469
2024-03-11,2024-03-11,1,participacion_historica,RELLENO,0.2336065573770492,0.06082551753723741
2024-03-11,2024-03-11,1,participacion_historica,CHANTILLY,0.0,0.07904358242196743
2024-03-11,2024-03-11,1,participacion_historica,DECORACION,0.08196721311475409,0.060744730046743384
2024-03-11,2024-03-11,1,participacion_historica,AMBIANTE,0.27049180327868855,0.0511634436883665
2024-03-11,2024-03-11,1,participacion_historica,HUEVO,0.0,0.05385757898670038
2024-03-11,2024-03-11,1,participacion_historica,QUESO CREMA,0.0,0.034471941591228586
2024-03-11,2024-03-11,1,participacion_historica,otros,0.06147540983606557,0.22379214133398448
2024-03-11,2024-03-11,1,participacion_ewm,CHOCOLATE,0.13114754098360656,0.17416486960552222
2024-03-11,2024-03-11,1,participacion_ewm,HARINA,0.22131147540983606,0.1451439092987078
2024-03-11,2024-03-11,1,participacion_ewm,FONDANT,0.0,0.05617719639964439
2024-03-11,2024-03-11,1,participacion_ewm,EMPAQUE,0.0,0.09008353127074456
2024-03-11,2024-03-11,1,participacion_ewm,RELLENO,0.2336065573770492,0.045209642320102716
2024-03-11,2024-03-11,1,participacion_ewm,CHANTILLY,0.0,0.05113075989882549
2024-03-11,2024-03-11,1,participacion_ewm,DECORACION,0.08196721311475409,0.047847705682819076
2024-03-11,2024-03-11,1,participacion_ewm,AMBIANTE,0.27049180327868855,0.034828306220973146
2024-03-11,2024-03-11,1,participacion_ewm,HUEVO,0.0,0.023114151978932105
2024-03-11,2024-03-11,1,participacion_ewm,QUESO CREMA,0.0,0.05636825669408101
2024-03-11,2024-03-11,1,participacion_ewm,otros,0.06147540983606557,0.2759316706296476
2024-03-11,2024-03-18,2,participacion_historica,CHOCOLATE,,0.1419424901905249
2024-03-11,2024-03-18,2,participacion_historica,HARINA,,0.1232232102097523
2024-03-11,2024-03-18,2,participacion_historica,FONDANT,,0.09221493035224991
2024-03-11,2024-03-18,2,participacion_historica,EMPAQUE,,0.07872043364124469
2024-03-11,2024-03-18,2,participacion_historica,RELLENO,,0.06082551753723741
2024-03-11,2024-03-18,2,participacion_historica,CHANTILLY,,0.07904358242196743
2024-03-11,2024-03-18,2,participacion_historica,DECORACION,,0.060744730046743384
2024-03-11,2024-03-18,2,participacion_historica,AMBIANTE,,0.0511634436883665
2024-03-11,2024-03-18,2,participacion_historica,HUEVO,,0.05385757898670038
2024-03-11,2024-03-18,2,participacion_historica,QUESO CREMA,,0.034471941591228586
2024-03-11,2024-03-18,2,participacion_historica,otros,,0.22379214133398448
2024-03-11,2024-03-18,2,participacion_ewm,CHOCOLATE,,0.17416486960552222
2024-03-11,2024-03-18,2,participacion_ewm,HARINA,,0.1451439092987078
2024-03-11,2024-03-18,2,participacion_ewm,FONDANT,,0.05617719639964439
2024-03-11,2024-03-18,2,participacion_ewm,EMPAQUE,,0.09008353127074456
2024-03-11,2024-03-18,2,participacion_ewm,RELLENO,,0.045209642320102716
2024-03-11,2024-03-18,2,participacion_ewm,CHANTILLY,,0.05113075989882549
2024-03-11,2024-03-18,2,participacion_ewm,DECORACION,,0.047847705682819076
2024-03-11,2024-03-18,2,participacion_ewm,AMBIANTE,,0.034828306220973146
2024-03-11,2024-03-18,2,participacion_ewm,HUEVO,,0.023114151978932105
2024-03-11,2024-03-18,2,participacion_ewm,QUESO CREMA,,0.05636825669408101
2024-03-11,2024-03-18,2,participacion_ewm,otros,,0.2759316706296476
2024-03-11,2024-03-25,3,participacion_historica,CHOCOLATE,0.35389133627019087,0.1419424901905249
2024-03-11,2024-03-25,3,participacion_historica,HARINA,0.3803230543318649,0.1232232102097523
2024-03-11,2024-03-25,3,participacion_historica,FONDANT,0.0,0.09221493035224991
2024-03-11,2024-03-25,3,participacion_historica,EMPAQUE,0.04698972099853157,0.07872043364124469
2024-03-11,2024-03-25,3,participacion_historica,RELLENO,0.12848751835535976,0.06082551753723741
2024-03-11,2024-03-25,3,participacion_historica,CHANTILLY,0.0,0.07904358242196743
2024-03-11,2024-03-25,3,participacion_historica,DECORACION,0.0,0.060744730046743384
2024-03-11,2024-03-25,3,participacion_historica,AMBIANTE,0.09030837004405286,0.0511634436883665
2024-03-11,2024-03-25,3,participacion_historica,HUEVO,0.0,0.05385757898670038
2024-03-11,2024-03-25,3,participacion_historica,QUESO CREMA,0.0,0.034471941591228586
2024-03-11,2024-03-25,3,participacion_historica,otros,0.0,0.22379214133398448
2024-03-11,2024-03-25,3,participacion_ewm,CHOCOLATE,0.35389133627019087,0.17416486960552222
2024-03-11,2024-03-25,3,participacion_ewm,HARINA,0.3803230543318649,0.1451439092987078
2024-03-11,2024-03-25,3,participacion_ewm,FONDANT,0.0,0.05617719639964439
2024-03-11,2024-03-25,3,participacion_ewm,EMPAQUE,0.04698972099853157,0.09008353127074456
2024-03-11,2024-03-25,3,participacion_ewm,RELLENO,0.12848751835535976,0.045209642320102716
2024-03-11,2024-03-25,3,participacion_ewm,CHANTILLY,0.0,0.05113075989882549
2024-03-11,2024-03-25,3,participacion_ewm,DECORACION,0.0,0.047847705682819076
2024-03-11,2024-03-25,3,participacion_ewm,AMBIANTE,0.09030837004405286,0.034828306220973146
2024-03-11,2024-03-25,3,participacion_ewm,HUEVO,0.0,0.023114151978932105
2024-03-11,2024-03-25,3,participacion_ewm,QUESO CREMA,0.0,0.05636825669408101
2024-03-11,2024-03-25,3,participacion_ewm,otros,0.0,0.2759316706296476
2024-03-11,2024-04-01,4,participacion_historica,CHOCOLATE,0.625,0.1419424901905249
2024-03-11,2024-04-01,4,participacion_historica,HARINA,0.0,0.1232232102097523
2024-03-11,2024-04-01,4,participacion_historica,FONDANT,0.0,0.09221493035224991
2024-03-11,2024-04-01,4,participacion_historica,EMPAQUE,0.0,0.07872043364124469
2024-03-11,2024-04-01,4,participacion_historica,RELLENO,0.0,0.06082551753723741
2024-03-11,2024-04-01,4,participacion_historica,CHANTILLY,0.0,0.07904358242196743
2024-03-11,2024-04-01,4,participacion_historica,DECORACION,0.0,0.060744730046743384
2024-03-11,2024-04-01,4,participacion_historica,AMBIANTE,0.375,0.0511634436883665
2024-03-11,2024-04-01,4,participacion_historica,HUEVO,0.0,0.05385757898670038
2024-03-11,2024-04-01,4,participacion_historica,QUESO CREMA,0.0,0.034471941591228586
2024-03-11,2024-04-01,4,participacion_historica,otros,0.0,0.22379214133398448
2024-03-11,2024-04-01,4,participacion_ewm,CHOCOLATE,0.625,0.17416486960552222
2024-03-11,2024-04-01,4,participacion_ewm,HARINA,0.0,0.1451439092987078
2024-03-11,2024-04-01,4,participacion_ewm,FONDANT,0.0,0.05617719639964439
2024-03-11,2024-04-01,4,participacion_ewm,EMPAQUE,0.0,0.09008353127074456
2024-03-11,2024-04-01,4,participacion_ewm,RELLENO,0.0,0.045209642320102716
2024-03-11,2024-04-01,4,participacion_ewm,CHANTILLY,0.0,0.05113075989882549
2024-03-11,2024-04-01,4,participacion_ewm,DECORACION,0.0,0.047847705682819076
2024-03-11,2024-04-01,4,participacion_ewm,AMBIANTE,0.375,0.034828306220973146
2024-03-11,2024-04-01,4,participacion_ewm,HUEVO,0.0,0.023114151978932105
2024-03-11,2024-04-01,4,participacion_ewm,QUESO CREMA,0.0,0.05636825669408101
2024-03-11,2024-04-01,4,participacion_ewm,otros,0.0,0.2759316706296476
2024-03-18,2024-03-18,1,participacion_historica,CHOCOLATE,,0.14177641404888003
2024-03-18,2024-03-18,1,participacion_historica,HARINA,,0.12473226044359975
2024-03-18,2024-03-18,1,participacion_historica,FONDANT,,0.09079623911606147
2024-03-18,2024-03-18,1,participacion_historica,EMPAQUE,,0.07750935004676401
2024-03-18,2024-03-18,1,participacion_historica,RELLENO,,0.06348368738092683
2024-03-18,2024-03-18,1,participacion_historica,CHANTILLY,,0.07782752730778333
2024-03-18,2024-03-18,1,participacion_historica,DECORACION,,0.06107122978625124
2024-03-18,2024-03-18,1,participacion_historica,AMBIANTE,,0.05453772614360223
2024-03-18,2024-03-18,1,participacion_historica,HUEVO,,0.053029000848443454
2024-03-18,2024-03-18,1,participacion_historica,QUESO CREMA,,0.033941604028286616
2024-03-18,2024-03-18,1,participacion_historica,otros,,0.22129496084940115
2024-03-18,2024-03-18,1,participacion_ewm,CHOCOLATE,,0.16889056650282394
2024-03-18,2024-03-18,1,participacion_ewm,HARINA,,0.15448272328680443
2024-03-18,2024-03-18,1,participacion_ewm,FONDANT,,0.04928937768185022
2024-03-18,2024-03-18,1,participacion_ewm,EMPAQUE,,0.07903849747380061
2024-03-18,2024-03-18,1,participacion_ewm,RELLENO,,0.06830876226678854
2024-03-18,2024-03-18,1,participacion_ewm,CHANTILLY,,0.044861678711847645
2024-03-18,2024-03-18,1,participacion_ewm,DECORACION,,0.05203105759414882
2024-03-18,2024-03-18,1,participacion_ewm,AMBIANTE,,0.06372272513407569
2024-03-18,2024-03-18,1,participacion_ewm,HUEVO,,0.020280153508915266
2024-03-18,2024-03-18,1,participacion_ewm,QUESO CREMA,,0.049457012302586686
2024-03-18,2024-03-18,1,participacion_ewm,otros,,0.24963744553635814
2024-03-18,2024-03-25,2,participacion_historica,CHOCOLATE,0.35389133627019087,0.14177641404888003
2024-03-18,2024-03-25,2,participacion_historica,HARINA,0.3803230543318649,0.12473226044359975
2024-03-18,2024-03-25,2,participacion_historica,FONDANT,0.0,0.09079623911606147
2024-03-18,2024-03-25,2,participacion_historica,EMPAQUE,0.04698972099853157,0.07750935004676401
2024-03-18,2024-03-25,2,participacion_historica,RELLENO,0.12848751835535976,0.06348368738092683
2024-03-18,2024-03-25,2,participacion_historica,CHANTILLY,0.0,0.07782752730778333
2024-03-18,2024-03-25,2,participacion_historica,DECORACION,0.0,0.06107122978625124
2024-03-18,2024-03-25,2,participacion_historica,AMBIANTE,0.09030837004405286,0.05453772614360223
2024-03-18,2024-03-25,2,participacion_historica,HUEVO,0.0,0.053029000848443454
2024-03-18,2024-03-25,2,participacion_historica,QUESO CREMA,0.0,0.033941604028286616
2024-03-18,2024-03-25,2,participacion_historica,otros,0.0,0.22129496084940115
2024-03-18,2024-03-25,2,participacion_ewm,CHOCOLATE,0.35389133627019087,0.16889056650282394
2024-03-18,2024-03-25,2,participacion_ewm,HARINA,0.3803230543318649,0.15448272328680443
2024-03-18,2024-03-25,2,participacion_ewm,FONDANT,0.0,0.04928937768185022
2024-03-18,2024-03-25,2,participacion_ewm,EMPAQUE,0.04698972099853157,0.07903849747380061
2024-03-18,2024-03-25,2,participacion_ewm,RELLENO,0.12848751835535976,0.06830876226678854
2024-03-18,2024-03-25,2,participacion_ewm,CHANTILLY,0.0,0.044861678711847645
2024-03-18,2024-03-25,2,participacion_ewm,DECORACION,0.0,0.05203105759414882
2024-03-18,2024-03-25,2,participacion_ewm,AMBIANTE,0.09030837004405286,0.06372272513407569
2024-03-18,2024-03-25,2,participacion_ewm,HUEVO,0.0,0.020280153508915266
2024-03-18,2024-03-25,2,participacion_ewm,QUESO CREMA,0.0,0.049457012302586686
2024-03-18,2024-03-25,2,participacion_ewm,otros,0.0,0.24963744553635814
2024-03-18,2024-04-01,3,participacion_historica,CHOCOLATE,0.625,0.14177641404888003
2024-03-18,2024-04-01,3,participacion_historica,HARINA,0.0,0.12473226044359975
2024-03-18,2024-04-01,3,participacion_historica,FONDANT,0.0,0.09079623911606147
2024-03-18,2024-04-01,3,participacion_historica,EMPAQUE,0.0,0.07750935004676401
2024-03-18,2024-04-01,3,participacion_historica,RELLENO,0.0,0.06348368738092683
2024-03-18,2024-04-01,3,participacion_historica,CHANTILLY,0.0,0.07782752730778333
2024-03-18,2024-04-01,3,participacion_historica,DECORACION,0.0,0.06107122978625124
2024-03-18,2024-04-01,3,participacion_historica,AMBIANTE,0.375,0.05453772614360223
2024-03-18,2024-04-01,3,participacion_historica,HUEVO,0.0,0.053029000848443454
2024-03-18,2024-04-01,3,participacion_historica,QUESO CREMA,0.0,0.033941604028286616
2024-03-18,2024-04-01,3,participacion_historica,otros,0.0,0.22129496084940115
2024-03-18,2024-04-01,3,participacion_ewm,CHOCOLATE,0.625,0.16889056650282394
2024-03-18,2024-04-01,3,participacion_ewm,HARINA,0.0,0.15448272328680443
2024-03-18,2024-04-01,3,participacion_ewm,FONDANT,0.0,0.04928937768185022
2024-03-18,2024-04-01,3,participacion_ewm,EMPAQUE,0.0,0.07903849747380061
2024-03-18,2024-04-01,3,participacion_ewm,RELLENO,0.0,0.06830876226678854
2024-03-18,2024-04-01,3,participacion_ewm,CHANTILLY,0.0,0.044861678711847645
2024-03-18,2024-04-01,3,participacion_ewm,DECORACION,0.0,0.05203105759414882
2024-03-18,2024-04-01,3,participacion_ewm,AMBIANTE,0.375,0.06372272513407569
2024-03-18,2024-04-01,3,participacion_ewm,HUEVO,0.0,0.020280153508915266
2024-03-18,2024-04-01,3,participacion_ewm,QUESO CREMA,0.0,0.049457012302586686
2024-03-18,2024-04-01,3,participacion_ewm,otros,0.0,0.24963744553635814
2024-03-18,2024-04-08,4,participacion_historica,CHOCOLATE,0.0,0.14177641404888003
2024-03-18,2024-04-08,4,participacion_historica,HARINA,0.14787430683918668,0.12473226044359975
2024-03-18,2024-04-08,4,participacion_historica,FONDANT,0.2010166358595194,0.09079623911606147
2024-03-18,2024-04-08,4,participacion_historica,EMPAQUE,0.11090573012939002,0.07750935004676401
2024-03-18,2024-04-08,4,participacion_historica,RELLENO,0.0,0.06348368738092683
2024-03-18,2024-04-08,4,participacion_historica,CHANTILLY,0.0,0.07782752730778333
2024-03-18,2024-04-08,4,participacion_historica,DECORACION,0.0,0.06107122978625124
2024-03-18,2024-04-08,4,participacion_historica,AMBIANTE,0.0,0.05453772614360223
2024-03-18,2024-04-08,4,participacion_historica,HUEVO,0.0,0.053029000848443454
2024-03-18,2024-04-08,4,participacion_historica,QUESO CREMA,0.0,0.033941604028286616
2024-03-18,2024-04-08,4,participacion_historica,otros,0.5402033271719039,0.22129496084940115
2024-03-18,2024-04-08,4,participacion_ewm,CHOCOLATE,0.0,0.16889056650282394
2024-03-18,2024-04-08,4,participacion_ewm,HARINA,0.14787430683918668,0.15448272328680443
2024-03-18,2024-04-08,4,participacion_ewm,FONDANT,0.2010166358595194,0.04928937768185022
2024-03-18,2024-04-08,4,participacion_ewm,EMPAQUE,0.11090573012939002,0.07903849747380061
2024-03-18,2024-04-08,4,participacion_ewm,RELLENO,0.0,0.06830876226678854
2024-03-18,2024-04-08,4,participacion_ewm,CHANTILLY,0.0,0.044861678711847645
2024-03-18,2024-04-08,4,participacion_ewm,DECORACION,0.0,0.05203105759414882
2024-03-18,2024-04-08,4,participacion_ewm,AMBIANTE,0.0,0.06372272513407569
2024-03-18,2024-04-08,4,participacion_ewm,HUEVO,0.0,0.020280153508915266
2024-03-18,2024-04-08,4,participacion_ewm,QUESO CREMA,0.0,0.049457012302586686
2024-03-18,2024-04-08,4,participacion_ewm,otros,0.5402033271719039,0.24963744553635814
2024-03-25,2024-03-25,1,participacion_historica,CHOCOLATE,0.35389133627019087,0.14177641404888003
2024-03-25,2024-03-25,1,participacion_historica,HARINA,0.3803230543318649,0.12473226044359975
2024-03-25,2024-03-25,1,participacion_historica,FONDANT,0.0,0.09079623911606147
2024-03-25,2024-03-25,1,participacion_historica,EMPAQUE,0.04698972099853157,0.07750935004676401
2024-03-25,2024-03-25,1,participacion_historica,RELLENO,0.12848751835535976,0.06348368738092683
2024-03-25,2024-03-25,1,participacion_historica,CHANTILLY,0.0,0.07782752730778333
2024-03-25,2024-03-25,1,participacion_historica,DECORACION,0.0,0.06107122978625124
2024-03-25,2024-03-25,1,participacion_historica,AMBIANTE,0.09030837004405286,0.05453772614360223
2024-03-25,2024-03-25,1,participacion_historica,HUEVO,0.0,0.053029000848443454
2024-03-25,2024-03-25,1,participacion_historica,QUESO CREMA,0.0,0.033941604028286616
2024-03-25,2024-03-25,1,participacion_historica,otros,0.0,0.22129496084940115
2024-03-25,2024-03-25,1,participacion_ewm,CHOCOLATE,0.35389133627019087,0.16889056650282397
2024-03-25,2024-03-25,1,participacion_ewm,HARINA,0.3803230543318649,0.15448272328680443
2024-03-25,2024-03-25,1,participacion_ewm,FONDANT,0.0,0.04928937768185021
2024-03-25,2024-03-25,1,participacion_ewm,EMPAQUE,0.04698972099853157,0.07903849747380062
2024-03-25,2024-03-25,1,participacion_ewm,RELLENO,0.12848751835535976,0.06830876226678853
2024-03-25,2024-03-25,1,participacion_ewm,CHANTILLY,0.0,0.04486167871184765
2024-03-25,2024-03-25,1,participacion_ewm,DECORACION,0.0,0.05203105759414882
2024-03-25,2024-03-25,1,participacion_ewm,AMBIANTE,0.09030837004405286,0.06372272513407569
2024-03-25,2024-03-25,1,participacion_ewm,HUEVO,0.0,0.02028015350891527
2024-03-25,2024-03-25,1,participacion_ewm,QUESO CREMA,0.0,0.049457012302586686
2024-03-25,2024-03-25,1,participacion_ewm,otros,0.0,0.2496374455363581
2024-03-25,2024-04-01,2,participacion_historica,CHOCOLATE,0.625,0.14177641404888003
2024-03-25,2024-04-01,2,participacion_historica,HARINA,0.0,0.12473226044359975
2024-03-25,2024-04-01,2,participacion_historica,FONDANT,0.0,0.09079623911606147
2024-03-25,2024-04-01,2,participacion_historica,EMPAQUE,0.0,0.07750935004676401
2024-03-25,2024-04-01,2,participacion_historica,RELLENO,0.0,0.06348368738092683
2024-03-25,2024-04-01,2,participacion_historica,CHANTILLY,0.0,0.07782752730778333
2024-03-25,2024-04-01,2,participacion_historica,DECORACION,0.0,0.06107122978625124
2024-03-25,2024-04-01,2,participacion_historica,AMBIANTE,0.375,0.05453772614360223
2024-03-25,2024-04-01,2,participacion_historica,HUEVO,0.0,0.053029000848443454
2024-03-25,2024-04-01,2,participacion_historica,QUESO CREMA,0.0,0.033941604028286616
2024-03-25,2024-04-01,2,participacion_historica,otros,0.0,0.22129496084940115
2024-03-25,2024-04-01,2,participacion_ewm,CHOCOLATE,0.625,0.16889056650282397
2024-03-25,2024-04-01,2,participacion_ewm,HARINA,0.0,0.15448272328680443
2024-03-25,2024-04-01,2,participacion_ewm,FONDANT,0.0,0.04928937768185021
2024-03-25,2024-04-01,2,participacion_ewm,EMPAQUE,0.0,0.07903849747380062
2024-03-25,2024-04-01,2,participacion_ewm,RELLENO,0.0,0.06830876226678853
2024-03-25,2024-04-01,2,participacion_ewm,CHANTILLY,0.0,0.04486167871184765
2024-03-25,2024-04-01,2,participacion_ewm,DECORACION,0.0,0.05203105759414882
2024-03-25,2024-04-01,2,participacion_ewm,AMBIANTE,0.375,0.06372272513407569
2024-03-25,2024-04-01,2,participacion_ewm,HUEVO,0.0,0.02028015350891527
2024-03-25,2024-04-01,2,participacion_ewm,QUESO CREMA,0.0,0.049457012302586686
2024-03-25,2024-04-01,2,participacion_ewm,otros,0.0,0.2496374455363581
2024-03-25,2024-04-08,3,participacion_historica,CHOCOLATE,0.0,0.14177641404888003
2024-03-25,2024-04-08,3,participacion_historica,HARINA,0.14787430683918668,0.12473226044359975
2024-03-25,2024-04-08,3,participacion_historica,FONDANT,0.2010166358595194,0.09079623911606147
2024-03-25,2024-04-08,3,participacion_historica,EMPAQUE,0.11090573012939002,0.07750935004676401
2024-03-25,2024-04-08,3,participacion_historica,RELLENO,0.0,0.06348368738092683
2024-03-25,2024-04-08,3,participacion_historica,CHANTILLY,0.0,0.07782752730778333
2024-03-25,2024-04-08,3,participacion_historica,DECORACION,0.0,0.06107122978625124
2024-03-25,2024-04-08,3,participacion_historica,AMBIANTE,0.0,0.05453772614360223
2024-03-25,2024-04-08,3,participacion_historica,HUEVO,0.0,0.053029000848443454
2024-03-25,2024-04-08,3,participacion_historica,QUESO CREMA,0.0,0.033941604028286616
2024-03-25,2024-04-08,3,participacion_historica,otros,0.5402033271719039,0.22129496084940115
2024-03-25,2024-04-08,3,participacion_ewm,CHOCOLATE,0.0,0.16889056650282397
2024-03-25,2024-04-08,3,participacion_ewm,HARINA,0.14787430683918668,0.15448272328680443
2024-03-25,2024-04-08,3,participacion_ewm,FONDANT,0.2010166358595194,0.04928937768185021
2024-03-25,2024-04-08,3,participacion_ewm,EMPAQUE,0.11090573012939002,0.07903849747380062
2024-03-25,2024-04-08,3,participacion_ewm,RELLENO,0.0,0.06830876226678853
2024-03-25,2024-04-08,3,participacion_ewm,CHANTILLY,0.0,0.04486167871184765
2024-03-25,2024-04-08,3,participacion_ewm,DECORACION,0.0,0.05203105759414882
2024-03-25,2024-04-08,3,participacion_ewm,AMBIANTE,0.0,0.06372272513407569
2024-03-25,2024-04-08,3,participacion_ewm,HUEVO,0.0,0.02028015350891527
2024-03-25,2024-04-08,3,participacion_ewm,QUESO CREMA,0.0,0.049457012302586686
2024-03-25,2024-04-08,3,participacion_ewm,otros,0.5402033271719039,0.2496374455363581
2024-03-25,2024-04-15,4,participacion_historica,CHOCOLATE,,0.14177641404888003
2024-03-25,2024-04-15,4,participacion_historica,HARINA,,0.12473226044359975
2024-03-25,2024-04-15,4,participacion_historica,FONDANT,,0.09079623911606147
2024-03-25,2024-04-15,4,participacion_historica,EMPAQUE,,0.07750935004676401
2024-03-25,2024-04-15,4,participacion_historica,RELLENO,,0.06348368738092683
2024-03-25,2024-04-15,4,participacion_historica,CHANTILLY,,0.07782752730778333
2024-03-25,2024-04-15,4,participacion_historica,DECORACION,,0.06107122978625124
2024-03-25,2024-04-15,4,participacion_historica,AMBIANTE,,0.05453772614360223
2024-03-25,2024-04-15,4,participacion_historica,HUEVO,,0.053029000848443454
2024-03-25,2024-04-15,4,participacion_historica,QUESO CREMA,,0.033941604028286616
2024-03-25,2024-04-15,4,participacion_historica,otros,,0.22129496084940115
2024-03-25,2024-04-15,4,participacion_ewm,CHOCOLATE,,0.16889056650282397
2024-03-25,2024-04-15,4,participacion_ewm,HARINA,,0.15448272328680443
2024-03-25,2024-04-15,4,participacion_ewm,FONDANT,,0.04928937768185021
2024-03-25,2024-04-15,4,participacion_ewm,EMPAQUE,,0.07903849747380062
2024-03-25,2024-04-15,4,participacion_ewm,RELLENO,,0.06830876226678853
2024-03-25,2024-04-15,4,participacion_ewm,CHANTILLY,,0.04486167871184765
2024-03-25,2024-04-15,4,participacion_ewm,DECORACION,,0.05203105759414882
2024-03-25,2024-04-15,4,participacion_ewm,AMBIANTE,,0.06372272513407569
2024-03-25,2024-04-15,4,participacion_ewm,HUEVO,,0.02028015350891527
2024-03-25,2024-04-15,4,participacion_ewm,QUESO CREMA,,0.049457012302586686
2024-03-25,2024-04-15,4,participacion_ewm,otros,,0.2496374455363581
2024-04-01,2024-04-01,1,participacion_historica,CHOCOLATE,0.625,0.14499027650677868
2024-04-01,2024-04-01,1,participacion_historica,HARINA,0.0,0.12860484822978557
2024-04-01,2024-04-01,1,participacion_historica,FONDANT,0.0,0.08942053852339385
2024-04-01,2024-04-01,1,participacion_historica,EMPAQUE,0.0,0.0770469314248211
2024-04-01,2024-04-01,1,participacion_historica,RELLENO,0.0,0.06446859391084246
2024-04-01,2024-04-01,1,participacion_historica,CHANTILLY,0.0,0.07664832234857448
2024-04-01,2024-04-01,1,participacion_historica,DECORACION,0.0,0.06014590812282319
2024-04-01,2024-04-01,1,participacion_historica,AMBIANTE,0.375,0.055079705596639356
2024-04-01,2024-04-01,1,participacion_historica,HUEVO,0.0,0.052225531138618546
2024-04-01,2024-04-01,1,participacion_historica,QUESO CREMA,0.0,0.033427337300585294
2024-04-01,2024-04-01,1,participacion_historica,otros,0.0,0.21794200689713744
2024-04-01,2024-04-01,1,participacion_ewm,CHOCOLATE,0.625,0.1932123642477059
2024-04-01,2024-04-01,1,participacion_ewm,HARINA,0.0,0.18417364220147836
2024-04-01,2024-04-01,1,participacion_ewm,FONDANT,0.0,0.04280937072589795
2024-04-01,2024-04-01,1,participacion_ewm,EMPAQUE,0.0,0.07482508873835264
2024-04-01,2024-04-01,1,participacion_ewm,RELLENO,0.0,0.07622038088310736
2024-04-01,2024-04-01,1,participacion_ewm,CHANTILLY,0.0,0.0389637752734053
2024-04-01,2024-04-01,1,participacion_ewm,DECORACION,0.0,0.04519060573630786
2024-04-01,2024-04-01,1,participacion_ewm,AMBIANTE,0.375,0.06721790344728384
2024-04-01,2024-04-01,1,participacion_ewm,HUEVO,0.0,0.01761394951149816
2024-04-01,2024-04-01,1,participacion_ewm,QUESO CREMA,0.0,0.0429549666527105
2024-04-01,2024-04-01,1,participacion_ewm,otros,0.0,0.21681795258225206
2024-04-01,2024-04-08,2,participacion_historica,CHOCOLATE,0.0,0.14499027650677868
2024-04-01,2024-04-08,2,participacion_historica,HARINA,0.14787430683918668,0.12860484822978557
2024-04-01,2024-04-08,2,participacion_historica,FONDANT,0.2010166358595194,0.08942053852339385
2024-04-01,2024-04-08,2,participacion_historica,EMPAQUE,0.11090573012939002,0.0770469314248211
2024-04-01,2024-04-08,2,participacion_historica,RELLENO,0.0,0.06446859391084246
2024-04-01,2024-04-08,2,participacion_historica,CHANTILLY,0.0,0.07664832234857448
2024-04-01,2024-04-08,2,participacion_historica,DECORACION,0.0,0.06014590812282319
2024-04-01,2024-04-08,2,participacion_historica,AMBIANTE,0.0,0.055079705596639356
2024-04-01,2024-04-08,2,participacion_historica,HUEVO,0.0,0.052225531138618546
2024-04-01,2024-04-08,2,participacion_historica,QUESO CREMA,0.0,0.033427337300585294
2024-04-01,2024-04-08,2,participacion_historica,otros,0.5402033271719039,0.21794200689713744
2024-04-01,2024-04-08,2,participacion_ewm,CHOCOLATE,0.0,0.1932123642477059
2024-04-01,2024-04-08,2,participacion_ewm,HARINA,0.14787430683918668,0.18417364220147836
2024-04-01,2024-04-08,2,participacion_ewm,FONDANT,0.2010166358595194,0.04280937072589795
2024-04-01,2024-04-08,2,participacion_ewm,EMPAQUE,0.11090573012939002,0.07482508873835264
2024-04-01,2024-04-08,2,participacion_ewm,RELLENO,0.0,0.07622038088310736
2024-04-01,2024-04-08,2,participacion_ewm,CHANTILLY,0.0,0.0389637752734053
2024-04-01,2024-04-08,2,participacion_ewm,DECORACION,0.0,0.04519060573630786
2024-04-01,2024-04-08,2,participacion_ewm,AMBIANTE,0.0,0.06721790344728384
2024-04-01,2024-04-08,2,participacion_ewm,HUEVO,0.0,0.01761394951149816
2024-04-01,2024-04-08,2,participacion_ewm,QUESO CREMA,0.0,0.0429549666527105
2024-04-01,2024-04-08,2,participacion_ewm,otros,0.5402033271719039,0.21681795258225206
2024-04-01,2024-04-15,3,participacion_historica,CHOCOLATE,,0.14499027650677868
2024-04-01,2024-04-15,3,participacion_historica,HARINA,,0.12860484822978557
2024-04-01,2024-04-15,3,participacion_historica,FONDANT,,0.08942053852339385
2024-04-01,2024-04-15,3,participacion_historica,EMPAQUE,,0.0770469314248211
2024-04-01,2024-04-15,3,participacion_historica,RELLENO,,0.06446859391084246
2024-04-01,2024-04-15,3,participacion_historica,CHANTILLY,,0.07664832234857448
2024-04-01,2024-04-15,3,participacion_historica,DECORACION,,0.06014590812282319
2024-04-01,2024-04-15,3,participacion_historica,AMBIANTE,,0.055079705596639356
2024-04-01,2024-04-15,3,participacion_historica,HUEVO,,0.052225531138618546
2024-04-01,2024-04-15,3,participacion_historica,QUESO CREMA,,0.033427337300585294
2024-04-01,2024-04-15,3,participacion_historica,otros,,0.21794200689713744
2024-04-01,2024-04-15,3,participacion_ewm,CHOCOLATE,,0.1932123642477059
2024-04-01,2024-04-15,3,participacion_ewm,HARINA,,0.18417364220147836
2024-04-01,2024-04-15,3,participacion_ewm,FONDANT,,0.04280937072589795
2024-04-01,2024-04-15,3,participacion_ewm,EMPAQUE,,0.07482508873835264
2024-04-01,2024-04-15,3,participacion_ewm,RELLENO,,0.07622038088310736
2024-04-01,2024-04-15,3,participacion_ewm,CHANTILLY,,0.0389637752734053
2024-04-01,2024-04-15,3,participacion_ewm,DECORACION,,0.04519060573630786
2024-04-01,2024-04-15,3,participacion_ewm,AMBIANTE,,0.06721790344728384
2024-04-01,2024-04-15,3,participacion_ewm,HUEVO,,0.01761394951149816
2024-04-01,2024-04-15,3,participacion_ewm,QUESO CREMA,,0.0429549666527105
2024-04-01,2024-04-15,3,participacion_ewm,otros,,0.21681795258225206
2024-04-01,2024-04-22,4,participacion_historica,CHOCOLATE,0.4883720930232558,0.14499027650677868
2024-04-01,2024-04-22,4,participacion_historica,HARINA,0.0,0.12860484822978557
2024-04-01,2024-04-22,4,participacion_historica,FONDANT,0.0,0.08942053852339385
2024-04-01,2024-04-22,4,participacion_historica,EMPAQUE,0.0,0.0770469314248211
2024-04-01,2024-04-22,4,participacion_historica,RELLENO,0.0,0.06446859391084246
2024-04-01,2024-04-22,4,participacion_historica,CHANTILLY,0.0,0.07664832234857448
2024-04-01,2024-04-22,4,participacion_historica,DECORACION,0.0,0.06014590812282319
2024-04-01,2024-04-22,4,participacion_historica,AMBIANTE,0.5116279069767442,0.055079705596639356
2024-04-01,2024-04-22,4,participacion_historica,HUEVO,0.0,0.052225531138618546
2024-04-01,2024-04-22,4,participacion_historica,QUESO CREMA,0.0,0.033427337300585294
2024-04-01,2024-04-22,4,participacion_historica,otros,0.0,0.21794200689713744
2024-04-01,2024-04-22,4,participacion_ewm,CHOCOLATE,0.4883720930232558,0.1932123642477059
2024-04-01,2024-04-22,4,participacion_ewm,HARINA,0.0,0.18417364220147836
2024-04-01,2024-04-22,4,participacion_ewm,FONDANT,0.0,0.04280937072589795
2024-04-01,2024-04-22,4,participacion_ewm,EMPAQUE,0.0,0.07482508873835264
2024-04-01,2024-04-22,4,participacion_ewm,RELLENO,0.0,0.07622038088310736
2024-04-01,2024-04-22,4,participacion_ewm,CHANTILLY,0.0,0.0389637752734053
2024-04-01,2024-04-22,4,participacion_ewm,DECORACION,0.0,0.04519060573630786
2024-04-01,2024-04-22,4,participacion_ewm,AMBIANTE,0.5116279069767442,0.06721790344728384
2024-04-01,2024-04-22,4,participacion_ewm,HUEVO,0.0,0.01761394951149816
2024-04-01,2024-04-22,4,participacion_ewm,QUESO CREMA,0.0,0.0429549666527105
2024-04-01,2024-04-22,4,participacion_ewm,otros,0.0,0.21681795258225206
2024-04-08,2024-04-08,1,participacion_historica,CHOCOLATE,0.0,0.15215460073802078
2024-04-08,2024-04-08,1,participacion_historica,HARINA,0.14787430683918668,0.12668537288307236
2024-04-08,2024-04-08,1,participacion_historica,FONDANT,0.2010166358595194,0.08808590362005962
2024-04-08,2024-04-08,1,participacion_historica,EMPAQUE,0.11090573012939002,0.07589697722445063
2024-04-08,2024-04-08,1,participacion_historica,RELLENO,0.0,0.06350637609127766
2024-04-08,2024-04-08,1,participacion_historica,CHANTILLY,0.0,0.07550431753740172
2024-04-08,2024-04-08,1,participacion_historica,DECORACION,0.0,0.059248208001587026
2024-04-08,2024-04-08,1,participacion_historica,AMBIANTE,0.0,0.059854635363853693
2024-04-08,2024-04-08,1,participacion_historica,HUEVO,0.0,0.051446045599236184
2024-04-08,2024-04-08,1,participacion_historica,QUESO CREMA,0.0,0.03292842181848701
2024-04-08,2024-04-08,1,participacion_historica,otros,0.5402033271719039,0.2146891411225533
2024-04-08,2024-04-08,1,participacion_ewm,CHOCOLATE,0.0,0.24824702769872956
2024-04-08,2024-04-08,1,participacion_ewm,HARINA,0.14787430683918668,0.16069929144234188
2024-04-08,2024-04-08,1,participacion_ewm,FONDANT,0.2010166358595194,0.03735298634762577
2024-04-08,2024-04-08,1,participacion_ewm,EMPAQUE,0.11090573012939002,0.06528805424399163
2024-04-08,2024-04-08,1,participacion_ewm,RELLENO,0.0,0.06650550564657538
2024-04-08,2024-04-08,1,participacion_ewm,CHANTILLY,0.0,0.033997541686801754
2024-04-08,2024-04-08,1,participacion_ewm,DECORACION,0.0,0.03943071459557969
2024-04-08,2024-04-08,1,participacion_ewm,AMBIANTE,0.0,0.10644710478955317
2024-04-08,2024-04-08,1,participacion_ewm,HUEVO,0.0,0.015368915834886053
2024-04-08,2024-04-08,1,participacion_ewm,QUESO CREMA,0.0,0.03748002495095683
2024-04-08,2024-04-08,1,participacion_ewm,otros,0.5402033271719039,0.18918283276295825
2024-04-08,2024-04-15,2,participacion_historica,CHOCOLATE,,0.15215460073802078
2024-04-08,2024-04-15,2,participacion_historica,HARINA,,0.12668537288307236
2024-04-08,2024-04-15,2,participacion_historica,FONDANT,,0.08808590362005962
2024-04-08,2024-04-15,2,participacion_historica,EMPAQUE,,0.07589697722445063
2024-04-08,2024-04-15,2,participacion_historica,RELLENO,,0.06350637609127766
2024-04-08,2024-04-15,2,participacion_historica,CHANTILLY,,0.07550431753740172
2024-04-08,2024-04-15,2,participacion_historica,DECORACION,,0.059248208001587026
2024-04-08,2024-04-15,2,participacion_historica,AMBIANTE,,0.059854635363853693
2024-04-08,2024-04-15,2,participacion_historica,HUEVO,,0.051446045599236184
2024-04-08,2024-04-15,2,participacion_historica,QUESO CREMA,,0.03292842181848701
2024-04-08,2024-04-15,2,participacion_historica,otros,,0.2146891411225533
2024-04-08,2024-04-15,2,participacion_ewm,CHOCOLATE,,0.24824702769872956
2024-04-08,2024-04-15,2,participacion_ewm,HARINA,,0.16069929144234188
2024-04-08,2024-04-15,2,participacion_ewm,FONDANT,,0.03735298634762577
2024-04-08,2024-04-15,2,participacion_ewm,EMPAQUE,,0.06528805424399163
2024-04-08,2024-04-15,2,participacion_ewm,RELLENO,,0.06650550564657538
2024-04-08,2024-04-15,2,participacion_ewm,CHANTILLY,,0.033997541686801754
2024-04-08,2024-04-15,2,participacion_ewm,DECORACION,,0.03943071459557969
2024-04-08,2024-04-15,2,participacion_ewm,AMBIANTE,,0.10644710478955317
2024-04-08,2024-04-15,2,participacion_ewm,HUEVO,,0.015368915834886053
2024-04-08,2024-04-15,2,participacion_ewm,QUESO CREMA,,0.03748002495095683
2024-04-08,2024-04-15,2,participacion_ewm,otros,,0.18918283276295825
2024-04-08,2024-04-22,3,participacion_historica,CHOCOLATE,0.4883720930232558,0.15215460073802078
2024-04-08,2024-04-22,3,participacion_historica,HARINA,0.0,0.12668537288307236
2024-04-08,2024-04-22,3,participacion_historica,FONDANT,0.0,0.08808590362005962
2024-04-08,2024-04-22,3,participacion_historica,EMPAQUE,0.0,0.07589697722445063
2024-04-08,2024-04-22,3,participacion_historica,RELLENO,0.0,0.06350637609127766
2024-04-08,2024-04-22,3,participacion_historica,CHANTILLY,0.0,0.07550431753740172
2024-04-08,2024-04-22,3,participacion_historica,DECORACION,0.0,0.059248208001587026
2024-04-08,2024-04-22,3,participacion_historica,AMBIANTE,0.5116279069767442,0.059854635363853693
2024-04-08,2024-04-22,3,participacion_historica,HUEVO,0.0,0.051446045599236184
2024-04-08,2024-04-22,3,participacion_historica,QUESO CREMA,0.0,0.03292842181848701
2024-04-08,2024-04-22,3,participacion_historica,otros,0.0,0.2146891411225533
2024-04-08,2024-04-22,3,participacion_ewm,CHOCOLATE,0.4883720930232558,0.24824702769872956
2024-04-08,2024-04-22,3,participacion_ewm,HARINA,0.0,0.16069929144234188
2024-04-08,2024-04-22,3,participacion_ewm,FONDANT,0.0,0.03735298634762577
2024-04-08,2024-04-22,3,participacion_ewm,EMPAQUE,0.0,0.06528805424399163
2024-04-08,2024-04-22,3,participacion_ewm,RELLENO,0.0,0.06650550564657538
2024-04-08,2024-04-22,3,participacion_ewm,CHANTILLY,0.0,0.033997541686801754
2024-04-08,2024-04-22,3,participacion_ewm,DECORACION,0.0,0.03943071459557969
2024-04-08,2024-04-22,3,participacion_ewm,AMBIANTE,0.5116279069767442,0.10644710478955317
2024-04-08,2024-04-22,3,participacion_ewm,HUEVO,0.0,0.015368915834886053
2024-04-08,2024-04-22,3,participacion_ewm,QUESO CREMA,0.0,0.03748002495095683
2024-04-08,2024-04-22,3,participacion_ewm,otros,0.0,0.18918283276295825
2024-04-08,2024-04-29,4,participacion_historica,CHOCOLATE,0.20516304347826086,0.15215460073802078
2024-04-08,2024-04-29,4,participacion_historica,HARINA,0.23233695652173914,0.12668537288307236
2024-04-08,2024-04-29,4,participacion_historica,FONDANT,0.11820652173913043,0.08808590362005962
2024-04-08,2024-04-29,4,participacion_historica,EMPAQUE,0.09578804347826086,0.07589697722445063
2024-04-08,2024-04-29,4,participacion_historica,RELLENO,0.07608695652173914,0.06350637609127766
2024-04-08,2024-04-29,4,participacion_historica,CHANTILLY,0.0,0.07550431753740172
2024-04-08,2024-04-29,4,participacion_historica,DECORACION,0.057744565217391304,0.059248208001587026
2024-04-08,2024-04-29,4,participacion_historica,AMBIANTE,0.08967391304347826,0.059854635363853693
2024-04-08,2024-04-29,4,participacion_historica,HUEVO,0.0,0.051446045599236184
2024-04-08,2024-04-29,4,participacion_historica,QUESO CREMA,0.0,0.03292842181848701
2024-04-08,2024-04-29,4,participacion_historica,otros,0.125,0.2146891411225533
2024-04-08,2024-04-29,4,participacion_ewm,CHOCOLATE,0.20516304347826086,0.24824702769872956
2024-04-08,2024-04-29,4,participacion_ewm,HARINA,0.23233695652173914,0.16069929144234188
2024-04-08,2024-04-29,4,participacion_ewm,FONDANT,0.11820652173913043,0.03735298634762577
2024-04-08,2024-04-29,4,participacion_ewm,EMPAQUE,0.09578804347826086,0.06528805424399163
2024-04-08,2024-04-29,4,participacion_ewm,RELLENO,0.07608695652173914,0.06650550564657538
2024-04-08,2024-04-29,4,participacion_ewm,CHANTILLY,0.0,0.033997541686801754
2024-04-08,2024-04-29,4,participacion_ewm,DECORACION,0.057744565217391304,0.03943071459557969
2024-04-08,2024-04-29,4,participacion_ewm,AMBIANTE,0.08967391304347826,0.10644710478955317
2024-04-08,2024-04-29,4,participacion_ewm,HUEVO,0.0,0.015368915834886053
2024-04-08,2024-04-29,4,participacion_ewm,QUESO CREMA,0.0,0.03748002495095683
2024-04-08,2024-04-29,4,participacion_ewm,otros,0.125,0.18918283276295825
2024-04-15,2024-04-15,1,participacion_historica,CHOCOLATE,,0.1499170330801087
2024-04-15,2024-04-15,1,participacion_historica,HARINA,,0.1269969748530152
2024-04-15,2024-04-15,1,participacion_historica,FONDANT,,0.08974664968240462
2024-04-15,2024-04-15,1,participacion_historica,EMPAQUE,,0.07641181182599385
2024-04-15,2024-04-15,1,participacion_historica,RELLENO,,0.06257245879581769
2024-04-15,2024-04-15,1,participacion_historica,CHANTILLY,,0.07439395992655759
2024-04-15,2024-04-15,1,participacion_historica,DECORACION,,0.058376910825093095
2024-04-15,2024-04-15,1,participacion_historica,AMBIANTE,,0.05897442013791467
2024-04-15,2024-04-15,1,participacion_historica,HUEVO,,0.050689486105129765
2024-04-15,2024-04-15,1,participacion_historica,QUESO CREMA,,0.03244418032115631
2024-04-15,2024-04-15,1,participacion_historica,otros,,0.21947611444680848
2024-04-15,2024-04-15,1,participacion_ewm,CHOCOLATE,,0.21745160181074888
2024-04-15,2024-04-15,1,participacion_ewm,HARINA,,0.15910833236209757
2024-04-15,2024-04-15,1,participacion_ewm,FONDANT,,0.05765571398075008
2024-04-15,2024-04-15,1,participacion_ewm,EMPAQUE,,0.0709469971523256
2024-04-15,2024-04-15,1,participacion_ewm,RELLENO,,0.058255395305809046
2024-04-15,2024-04-15,1,participacion_ewm,CHANTILLY,,0.029780094311520275
2024-04-15,2024-04-15,1,participacion_ewm,DECORACION,,0.03453927375822175
2024-04-15,2024-04-15,1,participacion_ewm,AMBIANTE,,0.09324217759697043
2024-04-15,2024-04-15,1,participacion_ewm,HUEVO,,0.013462378169725241
2024-04-15,2024-04-15,1,participacion_ewm,QUESO CREMA,,0.03283057016651685
2024-04-15,2024-04-15,1,participacion_ewm,otros,,0.23272746538531433
2024-04-15,2024-04-22,2,participacion_historica,CHOCOLATE,0.4883720930232558,0.1499170330801087
2024-04-15,2024-04-22,2,participacion_historica,HARINA,0.0,0.1269969748530152
2024-04-15,2024-04-22,2,participacion_historica,FONDANT,0.0,0.08974664968240462
2024-04-15,2024-04-22,2,participacion_historica,EMPAQUE,0.0,0.07641181182599385
2024-04-15,2024-04-22,2,participacion_historica,RELLENO,0.0,0.06257245879581769
2024-04-15,2024-04-22,2,participacion_historica,CHANTILLY,0.0,0.07439395992655759
2024-04-15,2024-04-22,2,participacion_historica,DECORACION,0.0,0.058376910825093095
2024-04-15,2024-04-22,2,participacion_historica,AMBIANTE,0.5116279069767442,0.05897442013791467
2024-04-15,2024-04-22,2,participacion_historica,HUEVO,0.0,0.050689486105129765
2024-04-15,2024-04-22,2,participacion_historica,QUESO CREMA,0.0,0.03244418032115631
2024-04-15,2024-04-22,2,participacion_historica,otros,0.0,0.21947611444680848
2024-04-15,2024-04-22,2,participacion_ewm,CHOCOLATE,0.4883720930232558,0.21745160181074888
2024-04-15,2024-04-22,2,participacion_ewm,HARINA,0.0,0.15910833236209757
2024-04-15,2024-04-22,2,participacion_ewm,FONDANT,0.0,0.05765571398075008
2024-04-15,2024-04-22,2,participacion_ewm,EMPAQUE,0.0,0.0709469971523256
2024-04-15,2024-04-22,2,participacion_ewm,RELLENO,0.0,0.058255395305809046
2024-04-15,2024-04-22,2,participacion_ewm,CHANTILLY,0.0,0.029780094311520275
2024-04-15,2024-04-22,2,participacion_ewm,DECORACION,0.0,0.03453927375822175
2024-04-15,2024-04-22,2,participacion_ewm,AMBIANTE,0.5116279069767442,0.09324217759697043
2024-04-15,2024-04-22,2,participacion_ewm,HUEVO,0.0,0.013462378169725241
2024-04-15,2024-04-22,2,participacion_ewm,QUESO CREMA,0.0,0.03283057016651685
2024-04-15,2024-04-22,2,participacion_ewm,otros,0.0,0.23272746538531433
2024-04-15,2024-04-29,3,participacion_historica,CHOCOLATE,0.20516304347826086,0.1499170330801087
2024-04-15,2024-04-29,3,participacion_historica,HARINA,0.23233695652173914,0.1269969748530152
2024-04-15,2024-04-29,3,participacion_historica,FONDANT,0.11820652173913043,0.08974664968240462
2024-04-15,2024-04-29,3,participacion_historica,EMPAQUE,0.09578804347826086,0.07641181182599385
2024-04-15,2024-04-29,3,participacion_historica,RELLENO,0.07608695652173914,0.06257245879581769
2024-04-15,2024-04-29,3,participacion_historica,CHANTILLY,0.0,0.07439395992655759
2024-04-15,2024-04-29,3,participacion_historica,DECORACION,0.057744565217391304,0.058376910825093095
2024-04-15,2024-04-29,3,participacion_historica,AMBIANTE,0.08967391304347826,0.05897442013791467
2024-04-15,2024-04-29,3,participacion_historica,HUEVO,0.0,0.050689486105129765
2024-04-15,2024-04-29,3,participacion_historica,QUESO CREMA,0.0,0.03244418032115631
2024-04-15,2024-04-29,3,participacion_historica,otros,0.125,0.21947611444680848
2024-04-15,2024-04-29,3,participacion_ewm,CHOCOLATE,0.20516304347826086,0.21745160181074888
2024-04-15,2024-04-29,3,participacion_ewm,HARINA,0.23233695652173914,0.15910833236209757
2024-04-15,2024-04-29,3,participacion_ewm,FONDANT,0.11820652173913043,0.05765571398075008
2024-04-15,2024-04-29,3,participacion_ewm,EMPAQUE,0.09578804347826086,0.0709469971523256
2024-04-15,2024-04-29,3,participacion_ewm,RELLENO,0.07608695652173914,0.058255395305809046
2024-04-15,2024-04-29,3,participacion_ewm,CHANTILLY,0.0,0.029780094311520275
2024-04-15,2024-04-29,3,participacion_ewm,DECORACION,0.057744565217391304,0.03453927375822175
2024-04-15,2024-04-29,3,participacion_ewm,AMBIANTE,0.08967391304347826,0.09324217759697043
2024-04-15,2024-04-29,3,participacion_ewm,HUEVO,0.0,0.013462378169725241
2024-04-15,2024-04-29,3,participacion_ewm,QUESO CREMA,0.0,0.03283057016651685
2024-04-15,2024-04-29,3,participacion_ewm,otros,0.125,0.23272746538531433
2024-04-15,2024-05-06,4,participacion_historica,CHOCOLATE,,0.1499170330801087
2024-04-15,2024-05-06,4,participacion_historica,HARINA,,0.1269969748530152
2024-04-15,2024-05-06,4,participacion_historica,FONDANT,,0.08974664968240462
2024-04-15,2024-05-06,4,participacion_historica,EMPAQUE,,0.07641181182599385
2024-04-15,2024-05-06,4,participacion_historica,RELLENO,,0.06257245879581769
2024-04-15,2024-05-06,4,participacion_historica,CHANTILLY,,0.07439395992655759
2024-04-15,2024-05-06,4,participacion_historica,DECORACION,,0.058376910825093095
2024-04-15,2024-05-06,4,participacion_historica,AMBIANTE,,0.05897442013791467
2024-04-15,2024-05-06,4,participacion_historica,HUEVO,,0.050689486105129765
2024-04-15,2024-05-06,4,participacion_historica,QUESO CREMA,,0.03244418032115631
2024-04-15,2024-05-06,4,participacion_historica,otros,,0.21947611444680848
2024-04-15,2024-05-06,4,participacion_ewm,CHOCOLATE,,0.21745160181074888
2024-04-15,2024-05-06,4,participacion_ewm,HARINA,,0.15910833236209757
2024-04-15,2024-05-06,4,participacion_ewm,FONDANT,,0.05765571398075008
2024-04-15,2024-05-06,4,participacion_ewm,EMPAQUE,,0.0709469971523256
2024-04-15,2024-05-06,4,participacion_ewm,RELLENO,,0.058255395305809046
2024-04-15,2024-05-06,4,participacion_ewm,CHANTILLY,,0.029780094311520275
2024-04-15,2024-05-06,4,participacion_ewm,DECORACION,,0.03453927375822175
2024-04-15,2024-05-06,4,participacion_ewm,AMBIANTE,,0.09324217759697043
2024-04-15,2024-05-06,4,participacion_ewm,HUEVO,,0.013462378169725241
2024-04-15,2024-05-06,4,participacion_ewm,QUESO CREMA,,0.03283057016651685
2024-04-15,2024-05-06,4,participacion_ewm,otros,,0.23272746538531433
2024-04-22,2024-04-22,1,participacion_historica,CHOCOLATE,0.4883720930232558,0.1499170330801087
2024-04-22,2024-04-22,1,participacion_historica,HARINA,0.0,0.1269969748530152
2024-04-22,2024-04-22,1,participacion_historica,FONDANT,0.0,0.08974664968240462
2024-04-22,2024-04-22,1,participacion_historica,EMPAQUE,0.0,0.07641181182599385
2024-04-22,2024-04-22,1,participacion_historica,RELLENO,0.0,0.06257245879581769
2024-04-22,2024-04-22,1,participacion_historica,CHANTILLY,0.0,0.07439395992655759
2024-04-22,2024-04-22,1,participacion_historica,DECORACION,0.0,0.058376910825093095
2024-04-22,2024-04-22,1,participacion_historica,AMBIANTE,0.5116279069767442,0.05897442013791467
2024-04-22,2024-04-22,1,participacion_historica,HUEVO,0.0,0.050689486105129765
2024-04-22,2024-04-22,1,participacion_historica,QUESO CREMA,0.0,0.03244418032115631
2024-04-22,2024-04-22,1,participacion_historica,otros,0.0,0.21947611444680848
2024-04-22,2024-04-22,1,participacion_ewm,CHOCOLATE,0.4883720930232558,0.21745160181074885
2024-04-22,2024-04-22,1,participacion_ewm,HARINA,0.0,0.15910833236209757
2024-04-22,2024-04-22,1,participacion_ewm,FONDANT,0.0,0.05765571398075008
2024-04-22,2024-04-22,1,participacion_ewm,EMPAQUE,0.0,0.0709469971523256
2024-04-22,2024-04-22,1,participacion_ewm,RELLENO,0.0,0.05825539530580905
2024-04-22,2024-04-22,1,participacion_ewm,CHANTILLY,0.0,0.029780094311520268
2024-04-22,2024-04-22,1,participacion_ewm,DECORACION,0.0,0.03453927375822176
2024-04-22,2024-04-22,1,participacion_ewm,AMBIANTE,0.5116279069767442,0.09324217759697043
2024-04-22,2024-04-22,1,participacion_ewm,HUEVO,0.0,0.013462378169725243
2024-04-22,2024-04-22,1,participacion_ewm,QUESO CREMA,0.0,0.032830570166516866
2024-04-22,2024-04-22,1,participacion_ewm,otros,0.0,0.23272746538531436
2024-04-22,2024-04-29,2,participacion_historica,CHOCOLATE,0.20516304347826086,0.1499170330801087
2024-04-22,2024-04-29,2,participacion_historica,HARINA,0.23233695652173914,0.1269969748530152
2024-04-22,2024-04-29,2,participacion_historica,FONDANT,0.11820652173913043,0.08974664968240462
2024-04-22,2024-04-29,2,participacion_historica,EMPAQUE,0.09578804347826086,0.07641181182599385
2024-04-22,2024-04-29,2,participacion_historica,RELLENO,0.07608695652173914,0.06257245879581769
2024-04-22,2024-04-29,2,participacion_historica,CHANTILLY,0.0,0.07439395992655759
2024-04-22,2024-04-29,2,participacion_historica,DECORACION,0.057744565217391304,0.058376910825093095
2024-04-22,2024-04-29,2,participacion_historica,AMBIANTE,0.08967391304347826,0.05897442013791467
2024-04-22,2024-04-29,2,participacion_historica,HUEVO,0.0,0.050689486105129765
2024-04-22,2024-04-29,2,participacion_historica,QUESO CREMA,0.0,0.03244418032115631
2024-04-22,2024-04-29,2,participacion_historica,otros,0.125,0.21947611444680848
2024-04-22,2024-04-29,2,participacion_ewm,CHOCOLATE,0.20516304347826086,0.21745160181074885
2024-04-22,2024-04-29,2,participacion_ewm,HARINA,0.23233695652173914,0.15910833236209757
2024-04-22,2024-04-29,2,participacion_ewm,FONDANT,0.11820652173913043,0.05765571398075008
2024-04-22,2024-04-29,2,participacion_ewm,EMPAQUE,0.09578804347826086,0.0709469971523256
2024-04-22,2024-04-29,2,participacion_ewm,RELLENO,0.07608695652173914,0.05825539530580905
2024-04-22,2024-04-29,2,participacion_ewm,CHANTILLY,0.0,0.029780094311520268
2024-04-22,2024-04-29,2,participacion_ewm,DECORACION,0.057744565217391304,0.03453927375822176
2024-04-22,2024-04-29,2,participacion_ewm,AMBIANTE,0.08967391304347826,0.09324217759697043
2024-04-22,2024-04-29,2,participacion_ewm,HUEVO,0.0,0.013462378169725243
2024-04-22,2024-04-29,2,participacion_ewm,QUESO CREMA,0.0,0.032830570166516866
2024-04-22,2024-04-29,2,participacion_ewm,otros,0.125,0.23272746538531436
2024-04-22,2024-05-06,3,participacion_historica,CHOCOLATE,,0.1499170330801087
2024-04-22,2024-05-06,3,participacion_historica,HARINA,,0.1269969748530152
2024-04-22,2024-05-06,3,participacion_historica,FONDANT,,0.08974664968240462
2024-04-22,2024-05-06,3,participacion_historica,EMPAQUE,,0.07641181182599385
2024-04-22,2024-05-06,3,participacion_historica,RELLENO,,0.06257245879581769
2024-04-22,2024-05-06,3,participacion_historica,CHANTILLY,,0.07439395992655759
2024-04-22,2024-05-06,3,participacion_historica,DECORACION,,0.058376910825093095
2024-04-22,2024-05-06,3,participacion_historica,AMBIANTE,,0.05897442013791467
2024-04-22,2024-05-06,3,participacion_historica,HUEVO,,0.050689486105129765
2024-04-22,2024-05-06,3,participacion_historica,QUESO CREMA,,0.03244418032115631
2024-04-22,2024-05-06,3,participacion_historica,otros,,0.21947611444680848
2024-04-22,2024-05-06,3,participacion_ewm,CHOCOLATE,,0.21745160181074885
2024-04-22,2024-05-06,3,participacion_ewm,HARINA,,0.15910833236209757
2024-04-22,2024-05-06,3,participacion_ewm,FONDANT,,0.05765571398075008
2024-04-22,2024-05-06,3,participacion_ewm,EMPAQUE,,0.0709469971523256
2024-04-22,2024-05-06,3,participacion_ewm,RELLENO,,0.05825539530580905
2024-04-22,2024-05-06,3,participacion_ewm,CHANTILLY,,0.029780094311520268
2024-04-22,2024-05-06,3,participacion_ewm,DECORACION,,0.03453927375822176
2024-04-22,2024-05-06,3,participacion_ewm,AMBIANTE,,0.09324217759697043
2024-04-22,2024-05-06,3,participacion_ewm,HUEVO,,0.013462378169725243
2024-04-22,2024-05-06,3,participacion_ewm,QUESO CREMA,,0.032830570166516866
2024-04-22,2024-05-06,3,participacion_ewm,otros,,0.23272746538531436
2024-04-22,2024-05-13,4,participacion_historica,CHOCOLATE,,0.1499170330801087
2024-04-22,2024-05-13,4,participacion_historica,HARINA,,0.1269969748530152
2024-04-22,2024-05-13,4,participacion_historica,FONDANT,,0.08974664968240462
2024-04-22,2024-05-13,4,participacion_historica,EMPAQUE,,0.07641181182599385
2024-04-22,2024-05-13,4,participacion_historica,RELLENO,,0.06257245879581769
2024-04-22,2024-05-13,4,participacion_historica,CHANTILLY,,0.07439395992655759
2024-04-22,2024-05-13,4,participacion_historica,DECORACION,,0.058376910825093095
2024-04-22,2024-05-13,4,participacion_historica,AMBIANTE,,0.05897442013791467
2024-04-22,2024-05-13,4,participacion_historica,HUEVO,,0.050689486105129765
2024-04-22,2024-05-13,4,participacion_historica,QUESO CREMA,,0.03244418032115631
2024-04-22,2024-05-13,4,participacion_historica,otros,,0.21947611444680848
2024-04-22,2024-05-13,4,participacion_ewm,CHOCOLATE,,0.21745160181074885
2024-04-22,2024-05-13,4,participacion_ewm,HARINA,,0.15910833236209757
2024-04-22,2024-05-13,4,participacion_ewm,FONDANT,,0.05765571398075008
2024-04-22,2024-05-13,4,participacion_ewm,EMPAQUE,,0.0709469971523256
2024-04-22,2024-05-13,4,participacion_ewm,RELLENO,,0.05825539530580905
2024-04-22,2024-05-13,4,participacion_ewm,CHANTILLY,,0.029780094311520268
2024-04-22,2024-05-13,4,participacion_ewm,DECORACION,,0.03453927375822176
2024-04-22,2024-05-13,4,participacion_ewm,AMBIANTE,,0.09324217759697043
2024-04-22,2024-05-13,4,participacion_ewm,HUEVO,,0.013462378169725243
2024-04-22,2024-05-13,4,participacion_ewm,QUESO CREMA,,0.032830570166516866
2024-04-22,2024-05-13,4,participacion_ewm,otros,,0.23272746538531436
2024-04-29,2024-04-29,1,participacion_historica,CHOCOLATE,0.20516304347826086,0.15482217887638622
2024-04-29,2024-04-29,1,participacion_historica,HARINA,0.23233695652173914,0.1251564389855802
2024-04-29,2024-04-29,1,participacion_historica,FONDANT,0.11820652173913043,0.08844597360005092
2024-04-29,2024-04-29,1,participacion_historica,EMPAQUE,0.09578804347826086,0.07530439426329828
2024-04-29,2024-04-29,1,participacion_historica,RELLENO,0.07608695652173914,0.06166561156689279
2024-04-29,2024-04-29,1,participacion_historica,CHANTILLY,0.0,0.07331578659428864
2024-04-29,2024-04-29,1,participacion_historica,DECORACION,0.057744565217391304,0.05753086863922218
2024-04-29,2024-04-29,1,participacion_historica,AMBIANTE,0.08967391304347826,0.06553461559934698
2024-04-29,2024-04-29,1,participacion_historica,HUEVO,0.0,0.04995485587172209
2024-04-29,2024-04-29,1,participacion_historica,QUESO CREMA,0.0,0.0319739748092555
2024-04-29,2024-04-29,1,participacion_historica,otros,0.125,0.21629530119395618
2024-04-29,2024-04-29,1,participacion_ewm,CHOCOLATE,0.20516304347826086,0.25343259699720044
2024-04-29,2024-04-29,1,participacion_ewm,HARINA,0.23233695652173914,0.13797712846082283
2024-04-29,2024-04-29,1,participacion_ewm,FONDANT,0.11820652173913043,0.04999844908384871
2024-04-29,2024-04-29,1,participacion_ewm,EMPAQUE,0.09578804347826086,0.06152451474205753
2024-04-29,2024-04-29,1,participacion_ewm,RELLENO,0.07608695652173914,0.05051848663307595
2024-04-29,2024-04-29,1,participacion_ewm,CHANTILLY,0.0,0.025824995067165207
2024-04-29,2024-04-29,1,participacion_ewm,DECORACION,0.057744565217391304,0.029952107105466384
2024-04-29,2024-04-29,1,participacion_ewm,AMBIANTE,0.08967391304347826,0.14880805542156644
2024-04-29,2024-04-29,1,participacion_ewm,HUEVO,0.0,0.011674437501394153
2024-04-29,2024-04-29,1,participacion_ewm,QUESO CREMA,0.0,0.028470336720006057
2024-04-29,2024-04-29,1,participacion_ewm,otros,0.125,0.2018188922673961
2024-04-29,2024-05-06,2,participacion_historica,CHOCOLATE,,0.15482217887638622
2024-04-29,2024-05-06,2,participacion_historica,HARINA,,0.1251564389855802
2024-04-29,2024-05-06,2,participacion_historica,FONDANT,,0.08844597360005092
2024-04-29,2024-05-06,2,participacion_historica,EMPAQUE,,0.07530439426329828
2024-04-29,2024-05-06,2,participacion_historica,RELLENO,,0.06166561156689279
2024-04-29,2024-05-06,2,participacion_historica,CHANTILLY,,0.07331578659428864
2024-04-29,2024-05-06,2,participacion_historica,DECORACION,,0.05753086863922218
2024-04-29,2024-05-06,2,participacion_historica,AMBIANTE,,0.06553461559934698
2024-04-29,2024-05-06,2,participacion_historica,HUEVO,,0.04995485587172209
2024-04-29,2024-05-06,2,participacion_historica,QUESO CREMA,,0.0319739748092555
2024-04-29,2024-05-06,2,participacion_historica,otros,,0.21629530119395618
2024-04-29,2024-05-06,2,participacion_ewm,CHOCOLATE,,0.25343259699720044
2024-04-29,2024-05-06,2,participacion_ewm,HARINA,,0.13797712846082283
2024-04-29,2024-05-06,2,participacion_ewm,FONDANT,,0.04999844908384871
2024-04-29,2024-05-06,2,participacion_ewm,EMPAQUE,,0.06152451474205753
2024-04-29,2024-05-06,2,participacion_ewm,RELLENO,,0.05051848663307595
2024-04-29,2024-05-06,2,participacion_ewm,CHANTILLY,,0.025824995067165207
2024-04-29,2024-05-06,2,participacion_ewm,DECORACION,,0.029952107105466384
2024-04-29,2024-05-06,2,participacion_ewm,AMBIANTE,,0.14880805542156644
2024-04-29,2024-05-06,2,participacion_ewm,HUEVO,,0.011674437501394153
2024-04-29,2024-05-06,2,participacion_ewm,QUESO CREMA,,0.028470336720006057
2024-04-29,2024-05-06,2,participacion_ewm,otros,,0.2018188922673961
2024-04-29,2024-05-13,3,participacion_historica,CHOCOLATE,,0.15482217887638622
2024-04-29,2024-05-13,3,participacion_historica,HARINA,,0.1251564389855802
2024-04-29,2024-05-13,3,participacion_historica,FONDANT,,0.08844597360005092
2024-04-29,2024-05-13,3,participacion_historica,EMPAQUE,,0.07530439426329828
2024-04-29,2024-05-13,3,participacion_historica,RELLENO,,0.06166561156689279
2024-04-29,2024-05-13,3,participacion_historica,CHANTILLY,,0.07331578659428864
2024-04-29,2024-05-13,3,participacion_historica,DECORACION,,0.05753086863922218
2024-04-29,2024-05-13,3,participacion_historica,AMBIANTE,,0.06553461559934698
2024-04-29,2024-05-13,3,participacion_historica,HUEVO,,0.04995485587172209
2024-04-29,2024-05-13,3,participacion_historica,QUESO CREMA,,0.0319739748092555
2024-04-29,2024-05-13,3,participacion_historica,otros,,0.21629530119395618
2024-04-29,2024-05-13,3,participacion_ewm,CHOCOLATE,,0.25343259699720044
2024-04-29,2024-05-13,3,participacion_ewm,HARINA,,0.13797712846082283
2024-04-29,2024-05-13,3,participacion_ewm,FONDANT,,0.04999844908384871
2024-04-29,2024-05-13,3,participacion_ewm,EMPAQUE,,0.06152451474205753
2024-04-29,2024-05-13,3,participacion_ewm,RELLENO,,0.05051848663307595
2024-04-29,2024-05-13,3,participacion_ewm,CHANTILLY,,0.025824995067165207
2024-04-29,2024-05-13,3,participacion_ewm,DECORACION,,0.029952107105466384
2024-04-29,2024-05-13,3,participacion_ewm,AMBIANTE,,0.14880805542156644
2024-04-29,2024-05-13,3,participacion_ewm,HUEVO,,0.011674437501394153
2024-04-29,2024-05-13,3,participacion_ewm,QUESO CREMA,,0.028470336720006057
2024-04-29,2024-05-13,3,participacion_ewm,otros,,0.2018188922673961
2024-04-29,2024-05-20,4,participacion_historica,CHOCOLATE,,0.15482217887638622
2024-04-29,2024-05-20,4,participacion_historica,HARINA,,0.1251564389855802
2024-04-29,2024-05-20,4,participacion_historica,FONDANT,,0.08844597360005092
2024-04-29,2024-05-20,4,participacion_historica,EMPAQUE,,0.07530439426329828
2024-04-29,2024-05-20,4,participacion_historica,RELLENO,,0.06166561156689279
2024-04-29,2024-05-20,4,participacion_historica,CHANTILLY,,0.07331578659428864
2024-04-29,2024-05-20,4,participacion_historica,DECORACION,,0.05753086863922218
2024-04-29,2024-05-20,4,participacion_historica,AMBIANTE,,0.06553461559934698
2024-04-29,2024-05-20,4,participacion_historica,HUEVO,,0.04995485587172209
2024-04-29,2024-05-20,4,participacion_historica,QUESO CREMA,,0.0319739748092555
2024-04-29,2024-05-20,4,participacion_historica,otros,,0.21629530119395618
2024-04-29,2024-05-20,4,participacion_ewm,CHOCOLATE,,0.25343259699720044
2024-04-29,2024-05-20,4,participacion_ewm,HARINA,,0.13797712846082283
2024-04-29,2024-05-20,4,participacion_ewm,FONDANT,,0.04999844908384871
2024-04-29,2024-05-20,4,participacion_ewm,EMPAQUE,,0.06152451474205753
2024-04-29,2024-05-20,4,participacion_ewm,RELLENO,,0.05051848663307595
2024-04-29,2024-05-20,4,participacion_ewm,CHANTILLY,,0.025824995067165207
2024-04-29,2024-05-20,4,participacion_ewm,DECORACION,,0.029952107105466384
2024-04-29,2024-05-20,4,participacion_ewm,AMBIANTE,,0.14880805542156644
2024-04-29,2024-05-20,4,participacion_ewm,HUEVO,,0.011674437501394153
2024-04-29,2024-05-20,4,participacion_ewm,QUESO CREMA,,0.028470336720006057
2024-04-29,2024-05-20,4,participacion_ewm,otros,,0.2018188922673961
2024-05-06,2024-05-06,1,participacion_historica,CHOCOLATE,,0.15554133408498447
2024-05-06,2024-05-06,1,participacion_historica,HARINA,,0.12668758923609677
2024-05-06,2024-05-06,1,participacion_historica,FONDANT,,0.08887112428775208
2024-05-06,2024-05-06,1,participacion_historica,EMPAQUE,,0.07559701782351205
2024-05-06,2024-05-06,1,participacion_historica,RELLENO,,0.06187163078053346
2024-05-06,2024-05-06,1,participacion_historica,CHANTILLY,,0.07226841821437024
2024-05-06,2024-05-06,1,participacion_historica,DECORACION,,0.05753392144748175
2024-05-06,2024-05-06,1,participacion_historica,AMBIANTE,,0.06587946270569173
2024-05-06,2024-05-06,1,participacion_historica,HUEVO,,0.04924121507355464
2024-05-06,2024-05-06,1,participacion_historica,QUESO CREMA,,0.031517203740551857
2024-05-06,2024-05-06,1,participacion_historica,otros,,0.21499108260547112
2024-05-06,2024-05-06,1,participacion_ewm,CHOCOLATE,,0.24722556341851032
2024-05-06,2024-05-06,1,participacion_ewm,HARINA,,0.15011095980077363
2024-05-06,2024-05-06,1,participacion_ewm,FONDANT,,0.058769398190368936
2024-05-06,2024-05-06,1,participacion_ewm,EMPAQUE,,0.06593049859493456
2024-05-06,2024-05-06,1,participacion_ewm,RELLENO,,0.053806363557240805
2024-05-06,2024-05-06,1,participacion_ewm,CHANTILLY,,0.022504131295584918
2024-05-06,2024-05-06,1,participacion_ewm,DECORACION,,0.03352596905692138
2024-05-06,2024-05-06,1,participacion_ewm,AMBIANTE,,0.1412039327266296
2024-05-06,2024-05-06,1,participacion_ewm,HUEVO,,0.010173209080977118
2024-05-06,2024-05-06,1,participacion_ewm,QUESO CREMA,,0.02480930563240018
2024-05-06,2024-05-06,1,participacion_ewm,otros,,0.19194066864565867
2024-05-06,2024-05-13,2,participacion_historica,CHOCOLATE,,0.15554133408498447
2024-05-06,2024-05-13,2,participacion_historica,HARINA,,0.12668758923609677
2024-05-06,2024-05-13,2,participacion_historica,FONDANT,,0.08887112428775208
2024-05-06,2024-05-13,2,participacion_historica,EMPAQUE,,0.07559701782351205
2024-05-06,2024-05-13,2,participacion_historica,RELLENO,,0.06187163078053346
2024-05-06,2024-05-13,2,participacion_historica,CHANTILLY,,0.07226841821437024
2024-05-06,2024-05-13,2,participacion_historica,DECORACION,,0.05753392144748175
2024-05-06,2024-05-13,2,participacion_historica,AMBIANTE,,0.06587946270569173
2024-05-06,2024-05-13,2,participacion_historica,HUEVO,,0.04924121507355464
2024-05-06,2024-05-13,2,participacion_historica,QUESO CREMA,,0.031517203740551857
2024-05-06,2024-05-13,2,participacion_historica,otros,,0.21499108260547112
2024-05-06,2024-05-13,2,participacion_ewm,CHOCOLATE,,0.24722556341851032
2024-05-06,2024-05-13,2,participacion_ewm,HARINA,,0.15011095980077363
2024-05-06,2024-05-13,2,participacion_ewm,FONDANT,,0.058769398190368936
2024-05-06,2024-05-13,2,participacion_ewm,EMPAQUE,,0.06593049859493456
2024-05-06,2024-05-13,2,participacion_ewm,RELLENO,,0.053806363557240805
2024-05-06,2024-05-13,2,participacion_ewm,CHANTILLY,,0.022504131295584918
2024-05-06,2024-05-13,2,participacion_ewm,DECORACION,,0.03352596905692138
2024-05-06,2024-05-13,2,participacion_ewm,AMBIANTE,,0.1412039327266296
2024-05-06,2024-05-13,2,participacion_ewm,HUEVO,,0.010173209080977118
2024-05-06,2024-05-13,2,participacion_ewm,QUESO CREMA,,0.02480930563240018
2024-05-06,2024-05-13,2,participacion_ewm,otros,,0.19194066864565867
2024-05-06,2024-05-20,3,participacion_historica,CHOCOLATE,,0.15554133408498447
2024-05-06,2024-05-20,3,participacion_historica,HARINA,,0.12668758923609677
2024-05-06,2024-05-20,3,participacion_historica,FONDANT,,0.08887112428775208
2024-05-06,2024-05-20,3,participacion_historica,EMPAQUE,,0.07559701782351205
2024-05-06,2024-05-20,3,participacion_historica,RELLENO,,0.06187163078053346
2024-05-06,2024-05-20,3,participacion_historica,CHANTILLY,,0.07226841821437024
2024-05-06,2024-05-20,3,participacion_historica,DECORACION,,0.05753392144748175
2024-05-06,2024-05-20,3,participacion_historica,AMBIANTE,,0.06587946270569173
2024-05-06,2024-05-20,3,participacion_historica,HUEVO,,0.04924121507355464
2024-05-06,2024-05-20,3,participacion_historica,QUESO CREMA,,0.031517203740551857
2024-05-06,2024-05-20,3,participacion_historica,otros,,0.21499108260547112
2024-05-06,2024-05-20,3,participacion_ewm,CHOCOLATE,,0.24722556341851032
2024-05-06,2024-05-20,3,participacion_ewm,HARINA,,0.15011095980077363
2024-05-06,2024-05-20,3,participacion_ewm,FONDANT,,0.058769398190368936
2024-05-06,2024-05-20,3,participacion_ewm,EMPAQUE,,0.06593049859493456
2024-05-06,2024-05-20,3,participacion_ewm,RELLENO,,0.053806363557240805
2024-05-06,2024-05-20,3,participacion_ewm,CHANTILLY,,0.022504131295584918
2024-05-06,2024-05-20,3,participacion_ewm,DECORACION,,0.03352596905692138
2024-05-06,2024-05-20,3,participacion_ewm,AMBIANTE,,0.1412039327266296
2024-05-06,2024-05-20,3,participacion_ewm,HUEVO,,0.010173209080977118
2024-05-06,2024-05-20,3,participacion_ewm,QUESO CREMA,,0.02480930563240018
2024-05-06,2024-05-20,3,participacion_ewm,otros,,0.19194066864565867
2024-05-06,2024-05-27,4,participacion_historica,CHOCOLATE,,0.15554133408498447
2024-05-06,2024-05-27,4,participacion_historica,HARINA,,0.12668758923609677
2024-05-06,2024-05-27,4,participacion_historica,FONDANT,,0.08887112428775208
2024-05-06,2024-05-27,4,participacion_historica,EMPAQUE,,0.07559701782351205
2024-05-06,2024-05-27,4,participacion_historica,RELLENO,,0.06187163078053346
2024-05-06,2024-05-27,4,participacion_historica,CHANTILLY,,0.07226841821437024
2024-05-06,2024-05-27,4,participacion_historica,DECORACION,,0.05753392144748175
2024-05-06,2024-05-27,4,participacion_historica,AMBIANTE,,0.06587946270569173
2024-05-06,2024-05-27,4,participacion_historica,HUEVO,,0.04924121507355464
2024-05-06,2024-05-27,4,participacion_historica,QUESO CREMA,,0.031517203740551857
2024-05-06,2024-05-27,4,participacion_historica,otros,,0.21499108260547112
2024-05-06,2024-05-27,4,participacion_ewm,CHOCOLATE,,0.24722556341851032
2024-05-06,2024-05-27,4,participacion_ewm,HARINA,,0.15011095980077363
2024-05-06,2024-05-27,4,participacion_ewm,FONDANT,,0.058769398190368936
2024-05-06,2024-05-27,4,participacion_ewm,EMPAQUE,,0.06593049859493456
2024-05-06,2024-05-27,4,participacion_ewm,RELLENO,,0.053806363557240805
2024-05-06,2024-05-27,4,participacion_ewm,CHANTILLY,,0.022504131295584918
2024-05-06,2024-05-27,4,participacion_ewm,DECORACION,,0.03352596905692138
2024-05-06,2024-05-27,4,participacion_ewm,AMBIANTE,,0.1412039327266296
2024-05-06,2024-05-27,4,participacion_ewm,HUEVO,,0.010173209080977118
2024-05-06,2024-05-27,4,participacion_ewm,QUESO CREMA,,0.02480930563240018
2024-05-06,2024-05-27,4,participacion_ewm,otros,,0.19194066864565867
2024-05-13,2024-05-13,1,participacion_historica,CHOCOLATE,,0.15554133408498447
2024-05-13,2024-05-13,1,participacion_historica,HARINA,,0.12668758923609677
2024-05-13,2024-05-13,1,participacion_historica,FONDANT,,0.08887112428775208
2024-05-13,2024-05-13,1,participacion_historica,EMPAQUE,,0.07559701782351205
2024-05-13,2024-05-13,1,participacion_historica,RELLENO,,0.06187163078053346
2024-05-13,2024-05-13,1,participacion_historica,CHANTILLY,,0.07226841821437024
2024-05-13,2024-05-13,1,participacion_historica,DECORACION,,0.05753392144748175
2024-05-13,2024-05-13,1,participacion_historica,AMBIANTE,,0.06587946270569173
2024-05-13,2024-05-13,1,participacion_historica,HUEVO,,0.04924121507355464
2024-05-13,2024-05-13,1,participacion_historica,QUESO CREMA,,0.031517203740551857
2024-05-13,2024-05-13,1,participacion_historica,otros,,0.21499108260547112
2024-05-13,2024-05-13,1,participacion_ewm,CHOCOLATE,,0.24722556341851032
2024-05-13,2024-05-13,1,participacion_ewm,HARINA,,0.15011095980077363
2024-05-13,2024-05-13,1,participacion_ewm,FONDANT,,0.05876939819036894
2024-05-13,2024-05-13,1,participacion_ewm,EMPAQUE,,0.06593049859493455
2024-05-13,2024-05-13,1,participacion_ewm,RELLENO,,0.053806363557240805
2024-05-13,2024-05-13,1,participacion_ewm,CHANTILLY,,0.02250413129558492
2024-05-13,2024-05-13,1,participacion_ewm,DECORACION,,0.03352596905692137
2024-05-13,2024-05-13,1,participacion_ewm,AMBIANTE,,0.1412039327266296
2024-05-13,2024-05-13,1,participacion_ewm,HUEVO,,0.010173209080977116
2024-05-13,2024-05-13,1,participacion_ewm,QUESO CREMA,,0.024809305632400188
2024-05-13,2024-05-13,1,participacion_ewm,otros,,0.1919406686456587
2024-05-13,2024-05-20,2,participacion_historica,CHOCOLATE,,0.15554133408498447
2024-05-13,2024-05-20,2,participacion_historica,HARINA,,0.12668758923609677
2024-05-13,2024-05-20,2,participacion_historica,FONDANT,,0.08887112428775208
2024-05-13,2024-05-20,2,participacion_historica,EMPAQUE,,0.07559701782351205
2024-05-13,2024-05-20,2,participacion_historica,RELLENO,,0.06187163078053346
2024-05-13,2024-05-20,2,participacion_historica,CHANTILLY,,0.07226841821437024
2024-05-13,2024-05-20,2,participacion_historica,DECORACION,,0.05753392144748175
2024-05-13,2024-05-20,2,participacion_historica,AMBIANTE,,0.06587946270569173
2024-05-13,2024-05-20,2,participacion_historica,HUEVO,,0.04924121507355464
2024-05-13,2024-05-20,2,participacion_historica,QUESO CREMA,,0.031517203740551857
2024-05-13,2024-05-20,2,participacion_historica,otros,,0.21499108260547112
2024-05-13,2024-05-20,2,participacion_ewm,CHOCOLATE,,0.24722556341851032
2024-05-13,2024-05-20,2,participacion_ewm,HARINA,,0.15011095980077363
2024-05-13,2024-05-20,2,participacion_ewm,FONDANT,,0.05876939819036894
2024-05-13,2024-05-20,2,participacion_ewm,EMPAQUE,,0.06593049859493455
2024-05-13,2024-05-20,2,participacion_ewm,RELLENO,,0.053806363557240805
2024-05-13,2024-05-20,2,participacion_ewm,CHANTILLY,,0.02250413129558492
2024-05-13,2024-05-20,2,participacion_ewm,DECORACION,,0.03352596905692137
2024-05-13,2024-05-20,2,participacion_ewm,AMBIANTE,,0.1412039327266296
2024-05-13,2024-05-20,2,participacion_ewm,HUEVO,,0.010173209080977116
2024-05-13,2024-05-20,2,participacion_ewm,QUESO CREMA,,0.024809305632400188
2024-05-13,2024-05-20,2,participacion_ewm,otros,,0.1919406686456587
2024-05-13,2024-05-27,3,participacion_historica,CHOCOLATE,,0.15554133408498447
2024-05-13,2024-05-27,3,participacion_historica,HARINA,,0.12668758923609677
2024-05-13,2024-05-27,3,participacion_historica,FONDANT,,0.08887112428775208
2024-05-13,2024-05-27,3,participacion_historica,EMPAQUE,,0.07559701782351205
2024-05-13,2024-05-27,3,participacion_historica,RELLENO,,0.06187163078053346
2024-05-13,2024-05-27,3,participacion_historica,CHANTILLY,,0.07226841821437024
2024-05-13,2024-05-27,3,participacion_historica,DECORACION,,0.05753392144748175
2024-05-13,2024-05-27,3,participacion_historica,AMBIANTE,,0.06587946270569173
2024-05-13,2024-05-27,3,participacion_historica,HUEVO,,0.04924121507355464
2024-05-13,2024-05-27,3,participacion_historica,QUESO CREMA,,0.031517203740551857
2024-05-13,2024-05-27,3,participacion_historica,otros,,0.21499108260547112
2024-05-13,2024-05-27,3,participacion_ewm,CHOCOLATE,,0.24722556341851032
2024-05-13,2024-05-27,3,participacion_ewm,HARINA,,0.15011095980077363
2024-05-13,2024-05-27,3,participacion_ewm,FONDANT,,0.05876939819036894
2024-05-13,2024-05-27,3,participacion_ewm,EMPAQUE,,0.06593049859493455
2024-05-13,2024-05-27,3,participacion_ewm,RELLENO,,0.053806363557240805
2024-05-13,2024-05-27,3,participacion_ewm,CHANTILLY,,0.02250413129558492
2024-05-13,2024-05-27,3,participacion_ewm,DECORACION,,0.03352596905692137
2024-05-13,2024-05-27,3,participacion_ewm,AMBIANTE,,0.1412039327266296
2024-05-13,2024-05-27,3,participacion_ewm,HUEVO,,0.010173209080977116
2024-05-13,2024-05-27,3,participacion_ewm,QUESO CREMA,,0.024809305632400188
2024-05-13,2024-05-27,3,participacion_ewm,otros,,0.1919406686456587
2024-05-13,2024-06-03,4,participacion_historica,CHOCOLATE,0.0,0.15554133408498447
2024-05-13,2024-06-03,4,participacion_historica,HARINA,0.12032789350981425,0.12668758923609677
2024-05-13,2024-06-03,4,participacion_historica,FONDANT,0.16357073023990373,0.08887112428775208
2024-05-13,2024-06-03,4,participacion_historica,EMPAQUE,0.13536888019854101,0.07559701782351205
2024-05-13,2024-06-03,4,participacion_historica,RELLENO,0.3217643077385876,0.06187163078053346
2024-05-13,2024-06-03,4,participacion_historica,CHANTILLY,0.0,0.07226841821437024
2024-05-13,2024-06-03,4,participacion_historica,DECORACION,0.12032789350981425,0.05753392144748175
2024-05-13,2024-06-03,4,participacion_historica,AMBIANTE,0.0,0.06587946270569173
2024-05-13,2024-06-03,4,participacion_historica,HUEVO,0.0,0.04924121507355464
2024-05-13,2024-06-03,4,participacion_historica,QUESO CREMA,0.0,0.031517203740551857
2024-05-13,2024-06-03,4,participacion_historica,otros,0.1386402948033391,0.21499108260547112
2024-05-13,2024-06-03,4,participacion_ewm,CHOCOLATE,0.0,0.24722556341851032
2024-05-13,2024-06-03,4,participacion_ewm,HARINA,0.12032789350981425,0.15011095980077363
2024-05-13,2024-06-03,4,participacion_ewm,FONDANT,0.16357073023990373,0.05876939819036894
2024-05-13,2024-06-03,4,participacion_ewm,EMPAQUE,0.13536888019854101,0.06593049859493455
2024-05-13,2024-06-03,4,participacion_ewm,RELLENO,0.3217643077385876,0.053806363557240805
2024-05-13,2024-06-03,4,participacion_ewm,CHANTILLY,0.0,0.02250413129558492
2024-05-13,2024-06-03,4,participacion_ewm,DECORACION,0.12032789350981425,0.03352596905692137
2024-05-13,2024-06-03,4,participacion_ewm,AMBIANTE,0.0,0.1412039327266296
2024-05-13,2024-06-03,4,participacion_ewm,HUEVO,0.0,0.010173209080977116
2024-05-13,2024-06-03,4,participacion_ewm,QUESO CREMA,0.0,0.024809305632400188
2024-05-13,2024-06-03,4,participacion_ewm,otros,0.1386402948033391,0.1919406686456587
2024-05-20,2024-05-20,1,participacion_historica,CHOCOLATE,,0.15554133408498447
2024-05-20,2024-05-20,1,participacion_historica,HARINA,,0.12668758923609677
2024-05-20,2024-05-20,1,participacion_historica,FONDANT,,0.08887112428775208
2024-05-20,2024-05-20,1,participacion_historica,EMPAQUE,,0.07559701782351205
2024-05-20,2024-05-20,1,participacion_historica,RELLENO,,0.06187163078053346
2024-05-20,2024-05-20,1,participacion_historica,CHANTILLY,,0.07226841821437024
2024-05-20,2024-05-20,1,participacion_historica,DECORACION,,0.05753392144748175
2024-05-20,2024-05-20,1,participacion_historica,AMBIANTE,,0.06587946270569173
2024-05-20,2024-05-20,1,participacion_historica,HUEVO,,0.04924121507355464
2024-05-20,2024-05-20,1,participacion_historica,QUESO CREMA,,0.031517203740551857
2024-05-20,2024-05-20,1,participacion_historica,otros,,0.21499108260547112
2024-05-20,2024-05-20,1,participacion_ewm,CHOCOLATE,,0.24722556341851037
2024-05-20,2024-05-20,1,participacion_ewm,HARINA,,0.15011095980077363
2024-05-20,2024-05-20,1,participacion_ewm,FONDANT,,0.05876939819036894
2024-05-20,2024-05-20,1,participacion_ewm,EMPAQUE,,0.06593049859493455
2024-05-20,2024-05-20,1,participacion_ewm,RELLENO,,0.053806363557240805
2024-05-20,2024-05-20,1,participacion_ewm,CHANTILLY,,0.02250413129558492
2024-05-20,2024-05-20,1,participacion_ewm,DECORACION,,0.03352596905692138
2024-05-20,2024-05-20,1,participacion_ewm,AMBIANTE,,0.1412039327266296
2024-05-20,2024-05-20,1,participacion_ewm,HUEVO,,0.01017320908097712
2024-05-20,2024-05-20,1,participacion_ewm,QUESO CREMA,,0.024809305632400188
2024-05-20,2024-05-20,1,participacion_ewm,otros,,0.19194066864565867
2024-05-20,2024-05-27,2,participacion_historica,CHOCOLATE,,0.15554133408498447
2024-05-20,2024-05-27,2,participacion_historica,HARINA,,0.12668758923609677
2024-05-20,2024-05-27,2,participacion_historica,FONDANT,,0.08887112428775208
2024-05-20,2024-05-27,2,participacion_historica,EMPAQUE,,0.07559701782351205
2024-05-20,2024-05-27,2,participacion_historica,RELLENO,,0.06187163078053346
2024-05-20,2024-05-27,2,participacion_historica,CHANTILLY,,0.07226841821437024
2024-05-20,2024-05-27,2,participacion_historica,DECORACION,,0.05753392144748175
2024-05-20,2024-05-27,2,participacion_historica,AMBIANTE,,0.06587946270569173
2024-05-20,2024-05-27,2,participacion_historica,HUEVO,,0.04924121507355464
2024-05-20,2024-05-27,2,participacion_historica,QUESO CREMA,,0.031517203740551857
2024-05-20,2024-05-27,2,participacion_historica,otros,,0.21499108260547112
2024-05-20,2024-05-27,2,participacion_ewm,CHOCOLATE,,0.24722556341851037
2024-05-20,2024-05-27,2,participacion_ewm,HARINA,,0.15011095980077363
2024-05-20,2024-05-27,2,participacion_ewm,FONDANT,,0.05876939819036894
2024-05-20,2024-05-27,2,participacion_ewm,EMPAQUE,,0.06593049859493455
2024-05-20,2024-05-27,2,participacion_ewm,RELLENO,,0.053806363557240805
2024-05-20,2024-05-27,2,participacion_ewm,CHANTILLY,,0.02250413129558492
2024-05-20,2024-05-27,2,participacion_ewm,DECORACION,,0.03352596905692138
2024-05-20,2024-05-27,2,participacion_ewm,AMBIANTE,,0.1412039327266296
2024-05-20,2024-05-27,2,participacion_ewm,HUEVO,,0.01017320908097712
2024-05-20,2024-05-27,2,participacion_ewm,QUESO CREMA,,0.024809305632400188
2024-05-20,2024-05-27,2,participacion_ewm,otros,,0.19194066864565867
2024-05-20,2024-06-03,3,participacion_historica,CHOCOLATE,0.0,0.15554133408498447
2024-05-20,2024-06-03,3,participacion_historica,HARINA,0.12032789350981425,0.12668758923609677
2024-05-20,2024-06-03,3,participacion_historica,FONDANT,0.16357073023990373,0.08887112428775208
2024-05-20,2024-06-03,3,participacion_historica,EMPAQUE,0.13536888019854101,0.07559701782351205
2024-05-20,2024-06-03,3,participacion_historica,RELLENO,0.3217643077385876,0.06187163078053346
2024-05-20,2024-06-03,3,participacion_historica,CHANTILLY,0.0,0.07226841821437024
2024-05-20,2024-06-03,3,participacion_historica,DECORACION,0.12032789350981425,0.05753392144748175
2024-05-20,2024-06-03,3,participacion_historica,AMBIANTE,0.0,0.06587946270569173
2024-05-20,2024-06-03,3,participacion_historica,HUEVO,0.0,0.04924121507355464
2024-05-20,2024-06-03,3,participacion_historica,QUESO CREMA,0.0,0.031517203740551857
2024-05-20,2024-06-03,3,participacion_historica,otros,0.1386402948033391,0.21499108260547112
2024-05-20,2024-06-03,3,participacion_ewm,CHOCOLATE,0.0,0.24722556341851037
2024-05-20,2024-06-03,3,participacion_ewm,HARINA,0.12032789350981425,0.15011095980077363
2024-05-20,2024-06-03,3,participacion_ewm,FONDANT,0.16357073023990373,0.05876939819036894
2024-05-20,2024-06-03,3,participacion_ewm,EMPAQUE,0.13536888019854101,0.06593049859493455
2024-05-20,2024-06-03,3,participacion_ewm,RELLENO,0.3217643077385876,0.053806363557240805
2024-05-20,2024-06-03,3,participacion_ewm,CHANTILLY,0.0,0.02250413129558492
2024-05-20,2024-06-03,3,participacion_ewm,DECORACION,0.12032789350981425,0.03352596905692138
2024-05-20,2024-06-03,3,participacion_ewm,AMBIANTE,0.0,0.1412039327266296
2024-05-20,2024-06-03,3,participacion_ewm,HUEVO,0.0,0.01017320908097712
2024-05-20,2024-06-03,3,participacion_ewm,QUESO CREMA,0.0,0.024809305632400188
2024-05-20,2024-06-03,3,participacion_ewm,otros,0.1386402948033391,0.19194066864565867
2024-05-20,2024-06-10,4,participacion_historica,CHOCOLATE,,0.15554133408498447
2024-05-20,2024-06-10,4,participacion_historica,HARINA,,0.12668758923609677
2024-05-20,2024-06-10,4,participacion_historica,FONDANT,,0.08887112428775208
2024-05-20,2024-06-10,4,participacion_historica,EMPAQUE,,0.07559701782351205
2024-05-20,2024-06-10,4,participacion_historica,RELLENO,,0.06187163078053346
2024-05-20,2024-06-10,4,participacion_historica,CHANTILLY,,0.07226841821437024
2024-05-20,2024-06-10,4,participacion_historica,DECORACION,,0.05753392144748175
2024-05-20,2024-06-10,4,participacion_historica,AMBIANTE,,0.06587946270569173
2024-05-20,2024-06-10,4,participacion_historica,HUEVO,,0.04924121507355464
2024-05-20,2024-06-10,4,participacion_historica,QUESO CREMA,,0.031517203740551857
2024-05-20,2024-06-10,4,participacion_historica,otros,,0.21499108260547112
2024-05-20,2024-06-10,4,participacion_ewm,CHOCOLATE,,0.24722556341851037
2024-05-20,2024-06-10,4,participacion_ewm,HARINA,,0.15011095980077363
2024-05-20,2024-06-10,4,participacion_ewm,FONDANT,,0.05876939819036894
2024-05-20,2024-06-10,4,participacion_ewm,EMPAQUE,,0.06593049859493455
2024-05-20,2024-06-10,4,participacion_ewm,RELLENO,,0.053806363557240805
2024-05-20,2024-06-10,4,participacion_ewm,CHANTILLY,,0.02250413129558492
2024-05-20,2024-06-10,4,participacion_ewm,DECORACION,,0.03352596905692138
2024-05-20,2024-06-10,4,participacion_ewm,AMBIANTE,,0.1412039327266296
2024-05-20,2024-06-10,4,participacion_ewm,HUEVO,,0.01017320908097712
2024-05-20,2024-06-10,4,participacion_ewm,QUESO CREMA,,0.024809305632400188
2024-05-20,2024-06-10,4,participacion_ewm,otros,,0.19194066864565867
2024-05-27,2024-05-27,1,participacion_historica,CHOCOLATE,,0.15554133408498447
2024-05-27,2024-05-27,1,participacion_historica,HARINA,,0.12668758923609677
2024-05-27,2024-05-27,1,participacion_historica,FONDANT,,0.08887112428775208
2024-05-27,2024-05-27,1,participacion_historica,EMPAQUE,,0.07559701782351205
2024-05-27,2024-05-27,1,participacion_historica,RELLENO,,0.06187163078053346
2024-05-27,2024-05-27,1,participacion_historica,CHANTILLY,,0.07226841821437024
2024-05-27,2024-05-27,1,participacion_historica,DECORACION,,0.05753392144748175
2024-05-27,2024-05-27,1,participacion_historica,AMBIANTE,,0.06587946270569173
2024-05-27,2024-05-27,1,participacion_historica,HUEVO,,0.04924121507355464
2024-05-27,2024-05-27,1,participacion_historica,QUESO CREMA,,0.031517203740551857
2024-05-27,2024-05-27,1,participacion_historica,otros,,0.21499108260547112
2024-05-27,2024-05-27,1,participacion_ewm,CHOCOLATE,,0.24722556341851035
2024-05-27,2024-05-27,1,participacion_ewm,HARINA,,0.1501109598007736
2024-05-27,2024-05-27,1,participacion_ewm,FONDANT,,0.058769398190368936
2024-05-27,2024-05-27,1,participacion_ewm,EMPAQUE,,0.06593049859493454
2024-05-27,2024-05-27,1,participacion_ewm,RELLENO,,0.053806363557240805
2024-05-27,2024-05-27,1,participacion_ewm,CHANTILLY,,0.02250413129558492
2024-05-27,2024-05-27,1,participacion_ewm,DECORACION,,0.03352596905692137
2024-05-27,2024-05-27,1,participacion_ewm,AMBIANTE,,0.1412039327266296
2024-05-27,2024-05-27,1,participacion_ewm,HUEVO,,0.010173209080977118
2024-05-27,2024-05-27,1,participacion_ewm,QUESO CREMA,,0.024809305632400188
2024-05-27,2024-05-27,1,participacion_ewm,otros,,0.19194066864565867
2024-05-27,2024-06-03,2,participacion_historica,CHOCOLATE,0.0,0.15554133408498447
2024-05-27,2024-06-03,2,participacion_historica,HARINA,0.12032789350981425,0.12668758923609677
2024-05-27,2024-06-03,2,participacion_historica,FONDANT,0.16357073023990373,0.08887112428775208
2024-05-27,2024-06-03,2,participacion_historica,EMPAQUE,0.13536888019854101,0.07559701782351205
2024-05-27,2024-06-03,2,participacion_historica,RELLENO,0.3217643077385876,0.06187163078053346
2024-05-27,2024-06-03,2,participacion_historica,CHANTILLY,0.0,0.07226841821437024
2024-05-27,2024-06-03,2,participacion_historica,DECORACION,0.12032789350981425,0.05753392144748175
2024-05-27,2024-06-03,2,participacion_historica,AMBIANTE,0.0,0.06587946270569173
2024-05-27,2024-06-03,2,participacion_historica,HUEVO,0.0,0.04924121507355464
2024-05-27,2024-06-03,2,participacion_historica,QUESO CREMA,0.0,0.031517203740551857
2024-05-27,2024-06-03,2,participacion_historica,otros,0.1386402948033391,0.21499108260547112
2024-05-27,2024-06-03,2,participacion_ewm,CHOCOLATE,0.0,0.24722556341851035
2024-05-27,2024-06-03,2,participacion_ewm,HARINA,0.12032789350981425,0.1501109598007736
2024-05-27,2024-06-03,2,participacion_ewm,FONDANT,0.16357073023990373,0.058769398190368936
2024-05-27,2024-06-03,2,participacion_ewm,EMPAQUE,0.13536888019854101,0.06593049859493454
2024-05-27,2024-06-03,2,participacion_ewm,RELLENO,0.3217643077385876,0.053806363557240805
2024-05-27,2024-06-03,2,participacion_ewm,CHANTILLY,0.0,0.02250413129558492
2024-05-27,2024-06-03,2,participacion_ewm,DECORACION,0.12032789350981425,0.03352596905692137
2024-05-27,2024-06-03,2,participacion_ewm,AMBIANTE,0.0,0.1412039327266296
2024-05-27,2024-06-03,2,participacion_ewm,HUEVO,0.0,0.010173209080977118
2024-05-27,2024-06-03,2,participacion_ewm,QUESO CREMA,0.0,0.024809305632400188
2024-05-27,2024-06-03,2,participacion_ewm,otros,0.1386402948033391,0.19194066864565867
2024-05-27,2024-06-10,3,participacion_historica,CHOCOLATE,,0.15554133408498447
2024-05-27,2024-06-10,3,participacion_historica,HARINA,,0.12668758923609677
2024-05-27,2024-06-10,3,participacion_historica,FONDANT,,0.08887112428775208
2024-05-27,2024-06-10,3,participacion_historica,EMPAQUE,,0.07559701782351205
2024-05-27,2024-06-10,3,participacion_historica,RELLENO,,0.06187163078053346
2024-05-27,2024-06-10,3,participacion_historica,CHANTILLY,,0.07226841821437024
2024-05-27,2024-06-10,3,participacion_historica,DECORACION,,0.05753392144748175
2024-05-27,2024-06-10,3,participacion_historica,AMBIANTE,,0.06587946270569173
2024-05-27,2024-06-10,3,participacion_historica,HUEVO,,0.04924121507355464
2024-05-27,2024-06-10,3,participacion_historica,QUESO CREMA,,0.031517203740551857
2024-05-27,2024-06-10,3,participacion_historica,otros,,0.21499108260547112
2024-05-27,2024-06-10,3,participacion_ewm,CHOCOLATE,,0.24722556341851035
2024-05-27,2024-06-10,3,participacion_ewm,HARINA,,0.1501109598007736
2024-05-27,2024-06-10,3,participacion_ewm,FONDANT,,0.058769398190368936
2024-05-27,2024-06-10,3,participacion_ewm,EMPAQUE,,0.06593049859493454
2024-05-27,2024-06-10,3,participacion_ewm,RELLENO,,0.053806363557240805
2024-05-27,2024-06-10,3,participacion_ewm,CHANTILLY,,0.02250413129558492
2024-05-27,2024-06-10,3,participacion_ewm,DECORACION,,0.03352596905692137
2024-05-27,2024-06-10,3,participacion_ewm,AMBIANTE,,0.1412039327266296
2024-05-27,2024-06-10,3,participacion_ewm,HUEVO,,0.010173209080977118
2024-05-27,2024-06-10,3,participacion_ewm,QUESO CREMA,,0.024809305632400188
2024-05-27,2024-06-10,3,participacion_ewm,otros,,0.19194066864565867
2024-05-27,2024-06-17,4,participacion_historica,CHOCOLATE,,0.15554133408498447
2024-05-27,2024-06-17,4,participacion_historica,HARINA,,0.12668758923609677
2024-05-27,2024-06-17,4,participacion_historica,FONDANT,,0.08887112428775208
2024-05-27,2024-06-17,4,participacion_historica,EMPAQUE,,0.07559701782351205
2024-05-27,2024-06-17,4,participacion_historica,RELLENO,,0.06187163078053346
2024-05-27,2024-06-17,4,participacion_historica,CHANTILLY,,0.07226841821437024
2024-05-27,2024-06-17,4,participacion_historica,DECORACION,,0.05753392144748175
2024-05-27,2024-06-17,4,participacion_historica,AMBIANTE,,0.06587946270569173
2024-05-27,2024-06-17,4,participacion_historica,HUEVO,,0.04924121507355464
2024-05-27,2024-06-17,4,participacion_historica,QUESO CREMA,,0.031517203740551857
2024-05-27,2024-06-17,4,participacion_historica,otros,,0.21499108260547112
2024-05-27,2024-06-17,4,participacion_ewm,CHOCOLATE,,0.24722556341851035
2024-05-27,2024-06-17,4,participacion_ewm,HARINA,,0.1501109598007736
2024-05-27,2024-06-17,4,participacion_ewm,FONDANT,,0.058769398190368936
2024-05-27,2024-06-17,4,participacion_ewm,EMPAQUE,,0.06593049859493454
2024-05-27,2024-06-17,4,participacion_ewm,RELLENO,,0.053806363557240805
2024-05-27,2024-06-17,4,participacion_ewm,CHANTILLY,,0.02250413129558492
2024-05-27,2024-06-17,4,participacion_ewm,DECORACION,,0.03352596905692137
2024-05-27,2024-06-17,4,participacion_ewm,AMBIANTE,,0.1412039327266296
2024-05-27,2024-06-17,4,participacion_ewm,HUEVO,,0.010173209080977118
2024-05-27,2024-06-17,4,participacion_ewm,QUESO CREMA,,0.024809305632400188
2024-05-27,2024-06-17,4,participacion_ewm,otros,,0.19194066864565867
2024-06-03,2024-06-03,1,participacion_historica,CHOCOLATE,0.0,0.15554133408498447
2024-06-03,2024-06-03,1,participacion_historica,HARINA,0.12032789350981425,0.12668758923609677
2024-06-03,2024-06-03,1,participacion_historica,FONDANT,0.16357073023990373,0.08887112428775208
2024-06-03,2024-06-03,1,participacion_historica,EMPAQUE,0.13536888019854101,0.07559701782351205
2024-06-03,2024-06-03,1,participacion_historica,RELLENO,0.3217643077385876,0.06187163078053346
2024-06-03,2024-06-03,1,participacion_historica,CHANTILLY,0.0,0.07226841821437024
2024-06-03,2024-06-03,1,participacion_historica,DECORACION,0.12032789350981425,0.05753392144748175
2024-06-03,2024-06-03,1,participacion_historica,AMBIANTE,0.0,0.06587946270569173
2024-06-03,2024-06-03,1,participacion_historica,HUEVO,0.0,0.04924121507355464
2024-06-03,2024-06-03,1,participacion_historica,QUESO CREMA,0.0,0.031517203740551857
2024-06-03,2024-06-03,1,participacion_historica,otros,0.1386402948033391,0.21499108260547112
2024-06-03,2024-06-03,1,participacion_ewm,CHOCOLATE,0.0,0.24722556341851032
2024-06-03,2024-06-03,1,participacion_ewm,HARINA,0.12032789350981425,0.1501109598007736
2024-06-03,2024-06-03,1,participacion_ewm,FONDANT,0.16357073023990373,0.058769398190368936
2024-06-03,2024-06-03,1,participacion_ewm,EMPAQUE,0.13536888019854101,0.06593049859493455
2024-06-03,2024-06-03,1,participacion_ewm,RELLENO,0.3217643077385876,0.053806363557240805
2024-06-03,2024-06-03,1,participacion_ewm,CHANTILLY,0.0,0.022504131295584918
2024-06-03,2024-06-03,1,participacion_ewm,DECORACION,0.12032789350981425,0.03352596905692137
2024-06-03,2024-06-03,1,participacion_ewm,AMBIANTE,0.0,0.1412039327266296
2024-06-03,2024-06-03,1,participacion_ewm,HUEVO,0.0,0.010173209080977118
2024-06-03,2024-06-03,1,participacion_ewm,QUESO CREMA,0.0,0.024809305632400188
2024-06-03,2024-06-03,1,participacion_ewm,otros,0.1386402948033391,0.19194066864565867
2024-06-03,2024-06-10,2,participacion_historica,CHOCOLATE,,0.15554133408498447
2024-06-03,2024-06-10,2,participacion_historica,HARINA,,0.12668758923609677
2024-06-03,2024-06-10,2,participacion_historica,FONDANT,,0.08887112428775208
2024-06-03,2024-06-10,2,participacion_historica,EMPAQUE,,0.07559701782351205
2024-06-03,2024-06-10,2,participacion_historica,RELLENO,,0.06187163078053346
2024-06-03,2024-06-10,2,participacion_historica,CHANTILLY,,0.07226841821437024
2024-06-03,2024-06-10,2,participacion_historica,DECORACION,,0.05753392144748175
2024-06-03,2024-06-10,2,participacion_historica,AMBIANTE,,0.06587946270569173
2024-06-03,2024-06-10,2,participacion_historica,HUEVO,,0.04924121507355464
2024-06-03,2024-06-10,2,participacion_historica,QUESO CREMA,,0.031517203740551857
2024-06-03,2024-06-10,2,participacion_historica,otros,,0.21499108260547112
2024-06-03,2024-06-10,2,participacion_ewm,CHOCOLATE,,0.24722556341851032
2024-06-03,2024-06-10,2,participacion_ewm,HARINA,,0.1501109598007736
2024-06-03,2024-06-10,2,participacion_ewm,FONDANT,,0.058769398190368936
2024-06-03,2024-06-10,2,participacion_ewm,EMPAQUE,,0.06593049859493455
2024-06-03,2024-06-10,2,participacion_ewm,RELLENO,,0.053806363557240805
2024-06-03,2024-06-10,2,participacion_ewm,CHANTILLY,,0.022504131295584918
2024-06-03,2024-06-10,2,participacion_ewm,DECORACION,,0.03352596905692137
2024-06-03,2024-06-10,2,participacion_ewm,AMBIANTE,,0.1412039327266296
2024-06-03,2024-06-10,2,participacion_ewm,HUEVO,,0.010173209080977118
2024-06-03,2024-06-10,2,participacion_ewm,QUESO CREMA,,0.024809305632400188
2024-06-03,2024-06-10,2,participacion_ewm,otros,,0.19194066864565867
2024-06-03,2024-06-17,3,participacion_historica,CHOCOLATE,,0.15554133408498447
2024-06-03,2024-06-17,3,participacion_historica,HARINA,,0.12668758923609677
2024-06-03,2024-06-17,3,participacion_historica,FONDANT,,0.08887112428775208
2024-06-03,2024-06-17,3,participacion_historica,EMPAQUE,,0.07559701782351205
2024-06-03,2024-06-17,3,participacion_historica,RELLENO,,0.06187163078053346
2024-06-03,2024-06-17,3,participacion_historica,CHANTILLY,,0.07226841821437024
2024-06-03,2024-06-17,3,participacion_historica,DECORACION,,0.05753392144748175
2024-06-03,2024-06-17,3,participacion_historica,AMBIANTE,,0.06587946270569173
2024-06-03,2024-06-17,3,participacion_historica,HUEVO,,0.04924121507355464
2024-06-03,2024-06-17,3,participacion_historica,QUESO CREMA,,0.031517203740551857
2024-06-03,2024-06-17,3,participacion_historica,otros,,0.21499108260547112
2024-06-03,2024-06-17,3,participacion_ewm,CHOCOLATE,,0.24722556341851032
2024-06-03,2024-06-17,3,participacion_ewm,HARINA,,0.1501109598007736
2024-06-03,2024-06-17,3,participacion_ewm,FONDANT,,0.058769398190368936
2024-06-03,2024-06-17,3,participacion_ewm,EMPAQUE,,0.06593049859493455
2024-06-03,2024-06-17,3,participacion_ewm,RELLENO,,0.053806363557240805
2024-06-03,2024-06-17,3,participacion_ewm,CHANTILLY,,0.022504131295584918
2024-06-03,2024-06-17,3,participacion_ewm,DECORACION,,0.03352596905692137
2024-06-03,2024-06-17,3,participacion_ewm,AMBIANTE,,0.1412039327266296
2024-06-03,2024-06-17,3,participacion_ewm,HUEVO,,0.010173209080977118
2024-06-03,2024-06-17,3,participacion_ewm,QUESO CREMA,,0.024809305632400188
2024-06-03,2024-06-17,3,participacion_ewm,otros,,0.19194066864565867
2024-06-03,2024-06-24,4,participacion_historica,CHOCOLATE,,0.15554133408498447
2024-06-03,2024-06-24,4,participacion_historica,HARINA,,0.12668758923609677
2024-06-03,2024-06-24,4,participacion_historica,FONDANT,,0.08887112428775208
2024-06-03,2024-06-24,4,participacion_historica,EMPAQUE,,0.07559701782351205
2024-06-03,2024-06-24,4,participacion_historica,RELLENO,,0.06187163078053346
2024-06-03,2024-06-24,4,participacion_historica,CHANTILLY,,0.07226841821437024
2024-06-03,2024-06-24,4,participacion_historica,DECORACION,,0.05753392144748175
2024-06-03,2024-06-24,4,participacion_historica,AMBIANTE,,0.06587946270569173
2024-06-03,2024-06-24,4,participacion_historica,HUEVO,,0.04924121507355464
2024-06-03,2024-06-24,4,participacion_historica,QUESO CREMA,,0.031517203740551857
2024-06-03,2024-06-24,4,participacion_historica,otros,,0.21499108260547112
2024-06-03,2024-06-24,4,participacion_ewm,CHOCOLATE,,0.24722556341851032
2024-06-03,2024-06-24,4,participacion_ewm,HARINA,,0.1501109598007736
2024-06-03,2024-06-24,4,participacion_ewm,FONDANT,,0.058769398190368936
2024-06-03,2024-06-24,4,participacion_ewm,EMPAQUE,,0.06593049859493455
2024-06-03,2024-06-24,4,participacion_ewm,RELLENO,,0.053806363557240805
2024-06-03,2024-06-24,4,participacion_ewm,CHANTILLY,,0.022504131295584918
2024-06-03,2024-06-24,4,participacion_ewm,DECORACION,,0.03352596905692137
2024-06-03,2024-06-24,4,participacion_ewm,AMBIANTE,,0.1412039327266296
2024-06-03,2024-06-24,4,participacion_ewm,HUEVO,,0.010173209080977118
2024-06-03,2024-06-24,4,participacion_ewm,QUESO CREMA,,0.024809305632400188
2024-06-03,2024-06-24,4,participacion_ewm,otros,,0.19194066864565867
2024-06-10,2024-06-10,1,participacion_historica,CHOCOLATE,,0.15335061106970296
2024-06-10,2024-06-10,1,participacion_historica,HARINA,,0.12659801605685334
2024-06-10,2024-06-10,1,participacion_historica,FONDANT,,0.08992323141383872
2024-06-10,2024-06-10,1,participacion_historica,EMPAQUE,,0.07643887504006175
2024-06-10,2024-06-10,1,participacion_historica,RELLENO,,0.06553209101937929
2024-06-10,2024-06-10,1,participacion_historica,CHANTILLY,,0.07125055316909741
2024-06-10,2024-06-10,1,participacion_historica,DECORACION,,0.05841834358920474
2024-06-10,2024-06-10,1,participacion_historica,AMBIANTE,,0.06495158294927353
2024-06-10,2024-06-10,1,participacion_historica,HUEVO,,0.04854767683308203
2024-06-10,2024-06-10,1,participacion_historica,QUESO CREMA,,0.03107329946251591
2024-06-10,2024-06-10,1,participacion_historica,otros,,0.21391571939699036
2024-06-10,2024-06-10,1,participacion_ewm,CHOCOLATE,,0.20301497126189022
2024-06-10,2024-06-10,1,participacion_ewm,HARINA,,0.14478494505231415
2024-06-10,2024-06-10,1,participacion_ewm,FONDANT,,0.07751070020074832
2024-06-10,2024-06-10,1,participacion_ewm,EMPAQUE,,0.0783479522216696
2024-06-10,2024-06-10,1,participacion_ewm,RELLENO,,0.10172446402193136
2024-06-10,2024-06-10,1,participacion_ewm,CHANTILLY,,0.01847978625298143
2024-06-10,2024-06-10,1,participacion_ewm,DECORACION,,0.049048492000474196
2024-06-10,2024-06-10,1,participacion_ewm,AMBIANTE,,0.11595286485821496
2024-06-10,2024-06-10,1,participacion_ewm,HUEVO,,0.008353965183283046
2024-06-10,2024-06-10,1,participacion_ewm,QUESO CREMA,,0.02037273330615481
2024-06-10,2024-06-10,1,participacion_ewm,otros,,0.18240912564033795
2024-06-10,2024-06-17,2,participacion_historica,CHOCOLATE,,0.15335061106970296
2024-06-10,2024-06-17,2,participacion_historica,HARINA,,0.12659801605685334
2024-06-10,2024-06-17,2,participacion_historica,FONDANT,,0.08992323141383872
2024-06-10,2024-06-17,2,participacion_historica,EMPAQUE,,0.07643887504006175
2024-06-10,2024-06-17,2,participacion_historica,RELLENO,,0.06553209101937929
2024-06-10,2024-06-17,2,participacion_historica,CHANTILLY,,0.07125055316909741
2024-06-10,2024-06-17,2,participacion_historica,DECORACION,,0.05841834358920474
2024-06-10,2024-06-17,2,participacion_historica,AMBIANTE,,0.06495158294927353
2024-06-10,2024-06-17,2,participacion_historica,HUEVO,,0.04854767683308203
2024-06-10,2024-06-17,2,participacion_historica,QUESO CREMA,,0.03107329946251591
2024-06-10,2024-06-17,2,participacion_historica,otros,,0.21391571939699036
2024-06-10,2024-06-17,2,participacion_ewm,CHOCOLATE,,0.20301497126189022
2024-06-10,2024-06-17,2,participacion_ewm,HARINA,,0.14478494505231415
2024-06-10,2024-06-17,2,participacion_ewm,FONDANT,,0.07751070020074832
2024-06-10,2024-06-17,2,participacion_ewm,EMPAQUE,,0.0783479522216696
2024-06-10,2024-06-17,2,participacion_ewm,RELLENO,,0.10172446402193136
2024-06-10,2024-06-17,2,participacion_ewm,CHANTILLY,,0.01847978625298143
2024-06-10,2024-06-17,2,participacion_ewm,DECORACION,,0.049048492000474196
2024-06-10,2024-06-17,2,participacion_ewm,AMBIANTE,,0.11595286485821496
2024-06-10,2024-06-17,2,participacion_ewm,HUEVO,,0.008353965183283046
2024-06-10,2024-06-17,2,participacion_ewm,QUESO CREMA,,0.02037273330615481
2024-06-10,2024-06-17,2,participacion_ewm,otros,,0.18240912564033795
2024-06-10,2024-06-24,3,participacion_historica,CHOCOLATE,,0.15335061106970296
2024-06-10,2024-06-24,3,participacion_historica,HARINA,,0.12659801605685334
2024-06-10,2024-06-24,3,participacion_historica,FONDANT,,0.08992323141383872
2024-06-10,2024-06-24,3,participacion_historica,EMPAQUE,,0.07643887504006175
2024-06-10,2024-06-24,3,participacion_historica,RELLENO,,0.06553209101937929
2024-06-10,2024-06-24,3,participacion_historica,CHANTILLY,,0.07125055316909741
2024-06-10,2024-06-24,3,participacion_historica,DECORACION,,0.05841834358920474
2024-06-10,2024-06-24,3,participacion_historica,AMBIANTE,,0.06495158294927353
2024-06-10,2024-06-24,3,participacion_historica,HUEVO,,0.04854767683308203
2024-06-10,2024-06-24,3,participacion_historica,QUESO CREMA,,0.03107329946251591
2024-06-10,2024-06-24,3,participacion_historica,otros,,0.21391571939699036
2024-06-10,2024-06-24,3,participacion_ewm,CHOCOLATE,,0.20301497126189022
2024-06-10,2024-06-24,3,participacion_ewm,HARINA,,0.14478494505231415
2024-06-10,2024-06-24,3,participacion_ewm,FONDANT,,0.07751070020074832
2024-06-10,2024-06-24,3,participacion_ewm,EMPAQUE,,0.0783479522216696
2024-06-10,2024-06-24,3,participacion_ewm,RELLENO,,0.10172446402193136
2024-06-10,2024-06-24,3,participacion_ewm,CHANTILLY,,0.01847978625298143
2024-06-10,2024-06-24,3,participacion_ewm,DECORACION,,0.049048492000474196
2024-06-10,2024-06-24,3,participacion_ewm,AMBIANTE,,0.11595286485821496
2024-06-10,2024-06-24,3,participacion_ewm,HUEVO,,0.008353965183283046
2024-06-10,2024-06-24,3,participacion_ewm,QUESO CREMA,,0.02037273330615481
2024-06-10,2024-06-24,3,participacion_ewm,otros,,0.18240912564033795
2024-06-17,2024-06-17,1,participacion_historica,CHOCOLATE,,0.15335061106970296
2024-06-17,2024-06-17,1,participacion_historica,HARINA,,0.12659801605685334
2024-06-17,2024-06-17,1,participacion_historica,FONDANT,,0.08992323141383872
2024-06-17,2024-06-17,1,participacion_historica,EMPAQUE,,0.07643887504006175
2024-06-17,2024-06-17,1,participacion_historica,RELLENO,,0.06553209101937929
2024-06-17,2024-06-17,1,participacion_historica,CHANTILLY,,0.07125055316909741
2024-06-17,2024-06-17,1,participacion_historica,DECORACION,,0.05841834358920474
2024-06-17,2024-06-17,1,participacion_historica,AMBIANTE,,0.06495158294927353
2024-06-17,2024-06-17,1,participacion_historica,HUEVO,,0.04854767683308203
2024-06-17,2024-06-17,1,participacion_historica,QUESO CREMA,,0.03107329946251591
2024-06-17,2024-06-17,1,participacion_historica,otros,,0.21391571939699036
2024-06-17,2024-06-17,1,participacion_ewm,CHOCOLATE,,0.20301497126189022
2024-06-17,2024-06-17,1,participacion_ewm,HARINA,,0.14478494505231415
2024-06-17,2024-06-17,1,participacion_ewm,FONDANT,,0.07751070020074832
2024-06-17,2024-06-17,1,participacion_ewm,EMPAQUE,,0.0783479522216696
2024-06-17,2024-06-17,1,participacion_ewm,RELLENO,,0.10172446402193137
2024-06-17,2024-06-17,1,participacion_ewm,CHANTILLY,,0.01847978625298143
2024-06-17,2024-06-17,1,participacion_ewm,DECORACION,,0.049048492000474196
2024-06-17,2024-06-17,1,participacion_ewm,AMBIANTE,,0.11595286485821496
2024-06-17,2024-06-17,1,participacion_ewm,HUEVO,,0.008353965183283046
2024-06-17,2024-06-17,1,participacion_ewm,QUESO CREMA,,0.02037273330615481
2024-06-17,2024-06-17,1,participacion_ewm,otros,,0.18240912564033795
2024-06-17,2024-06-24,2,participacion_historica,CHOCOLATE,,0.15335061106970296
2024-06-17,2024-06-24,2,participacion_historica,HARINA,,0.12659801605685334
2024-06-17,2024-06-24,2,participacion_historica,FONDANT,,0.08992323141383872
2024-06-17,2024-06-24,2,participacion_historica,EMPAQUE,,0.07643887504006175
2024-06-17,2024-06-24,2,participacion_historica,RELLENO,,0.06553209101937929
2024-06-17,2024-06-24,2,participacion_historica,CHANTILLY,,0.07125055316909741
2024-06-17,2024-06-24,2,participacion_historica,DECORACION,,0.05841834358920474
2024-06-17,2024-06-24,2,participacion_historica,AMBIANTE,,0.06495158294927353
2024-06-17,2024-06-24,2,participacion_historica,HUEVO,,0.04854767683308203
2024-06-17,2024-06-24,2,participacion_historica,QUESO CREMA,,0.03107329946251591
2024-06-17,2024-06-24,2,participacion_historica,otros,,0.21391571939699036
2024-06-17,2024-06-24,2,participacion_ewm,CHOCOLATE,,0.20301497126189022
2024-06-17,2024-06-24,2,participacion_ewm,HARINA,,0.14478494505231415
2024-06-17,2024-06-24,2,participacion_ewm,FONDANT,,0.07751070020074832
2024-06-17,2024-06-24,2,participacion_ewm,EMPAQUE,,0.0783479522216696
2024-06-17,2024-06-24,2,participacion_ewm,RELLENO,,0.10172446402193137
2024-06-17,2024-06-24,2,participacion_ewm,CHANTILLY,,0.01847978625298143
2024-06-17,2024-06-24,2,participacion_ewm,DECORACION,,0.049048492000474196
2024-06-17,2024-06-24,2,participacion_ewm,AMBIANTE,,0.11595286485821496
2024-06-17,2024-06-24,2,participacion_ewm,HUEVO,,0.008353965183283046
2024-06-17,2024-06-24,2,participacion_ewm,QUESO CREMA,,0.02037273330615481
2024-06-17,2024-06-24,2,participacion_ewm,otros,,0.18240912564033795
2024-06-24,2024-06-24,1,participacion_historica,CHOCOLATE,,0.15335061106970296
2024-06-24,2024-06-24,1,participacion_historica,HARINA,,0.12659801605685334
2024-06-24,2024-06-24,1,participacion_historica,FONDANT,,0.08992323141383872
2024-06-24,2024-06-24,1,participacion_historica,EMPAQUE,,0.07643887504006175
2024-06-24,2024-06-24,1,participacion_historica,RELLENO,,0.06553209101937929
2024-06-24,2024-06-24,1,participacion_historica,CHANTILLY,,0.07125055316909741
2024-06-24,2024-06-24,1,participacion_historica,DECORACION,,0.05841834358920474
2024-06-24,2024-06-24,1,participacion_historica,AMBIANTE,,0.06495158294927353
2024-06-24,2024-06-24,1,participacion_historica,HUEVO,,0.04854767683308203
2024-06-24,2024-06-24,1,participacion_historica,QUESO CREMA,,0.03107329946251591
2024-06-24,2024-06-24,1,participacion_historica,otros,,0.21391571939699036
2024-06-24,2024-06-24,1,participacion_ewm,CHOCOLATE,,0.2030149712618902
2024-06-24,2024-06-24,1,participacion_ewm,HARINA,,0.14478494505231415
2024-06-24,2024-06-24,1,participacion_ewm,FONDANT,,0.07751070020074834
2024-06-24,2024-06-24,1,participacion_ewm,EMPAQUE,,0.07834795222166961
2024-06-24,2024-06-24,1,participacion_ewm,RELLENO,,0.10172446402193136
2024-06-24,2024-06-24,1,participacion_ewm,CHANTILLY,,0.01847978625298143
2024-06-24,2024-06-24,1,participacion_ewm,DECORACION,,0.049048492000474196
2024-06-24,2024-06-24,1,participacion_ewm,AMBIANTE,,0.11595286485821495
2024-06-24,2024-06-24,1,participacion_ewm,HUEVO,,0.008353965183283048
2024-06-24,2024-06-24,1,participacion_ewm,QUESO CREMA,,0.020372733306154814
2024-06-24,2024-06-24,1,participacion_ewm,otros,,0.18240912564033795
