fecha,importe_nominal,descripcion,CLASIFICACION,estado_dato,registro_id,descripcion_normalizada,es_sintetico,motivo,semana_inicio
2021-05-10,6.996153846153846,ACEITE,ACEITE,estimado_promedio_simple,2,ACEITE,False,,2021-05-10
2021-05-24,6.996153846153846,ACEITE,ACEITE,estimado_promedio_simple,3,ACEITE,False,,2021-05-24
2021-06-07,6.996153846153846,ACEITE,ACEITE,estimado_promedio_simple,4,ACEITE,False,,2021-06-07
2021-07-05,6.996153846153846,ACEITE,ACEITE,estimado_promedio_simple,5,ACEITE,False,,2021-07-05
2021-07-12,6.996153846153846,ACEITE,ACEITE,estimado_promedio_simple,6,ACEITE,False,,2021-07-12
2021-08-02,6.996153846153846,ACEITE,ACEITE,estimado_promedio_simple,7,ACEITE,False,,2021-08-02
2021-08-09,6.996153846153846,ACEITE,ACEITE,estimado_promedio_simple,8,ACEITE,False,,2021-08-09
2021-08-16,6.996153846153846,ACEITE,ACEITE,estimado_promedio_simple,9,ACEITE,False,,2021-08-16
2021-08-30,6.996153846153846,ACEITE,ACEITE,estimado_promedio_simple,10,ACEITE,False,,2021-08-30
2021-12-06,39.0,ACEITE,ACEITE,observado,11,ACEITE,False,,2021-12-06
2021-12-27,79.0,ACEITE,ACEITE,observado,12,ACEITE,False,,2021-12-27
2022-02-07,32.1,ACEITE,ACEITE,observado,13,ACEITE,False,,2022-02-07
2022-02-28,40.0,ACEITE,ACEITE,observado,14,ACEITE,False,,2022-02-28
2022-03-07,6.996153846153846,ACEITE,ACEITE,estimado_promedio_simple,15,ACEITE,False,,2022-03-07
2022-03-28,40.0,ACEITE,ACEITE,observado,16,ACEITE,False,,2022-03-28
2022-04-11,6.996153846153846,ACEITE,ACEITE,estimado_promedio_simple,17,ACEITE,False,,2022-04-11
2022-04-18,6.996153846153846,ACEITE,ACEITE,estimado_promedio_simple,18,ACEITE,False,,2022-04-18
2022-04-25,40.0,ACEITE,ACEITE,observado,19,ACEITE,False,,2022-04-25
2022-05-02,6.996153846153846,ACEITE,ACEITE,estimado_promedio_simple,20,ACEITE,False,,2022-05-02
2022-05-16,6.996153846153846,ACEITE,ACEITE,estimado_promedio_simple,21,ACEITE,False,,2022-05-16
2022-05-23,6.996153846153846,ACEITE,ACEITE,estimado_promedio_simple,22,ACEITE,False,,2022-05-23
2022-05-30,40.0,ACEITE,ACEITE,observado,23,ACEITE,False,,2022-05-30
2022-06-27,40.0,ACEITE,ACEITE,observado,24,ACEITE,False,,2022-06-27
2022-07-04,6.996153846153846,ACEITE,ACEITE,estimado_promedio_simple,25,ACEITE,False,,2022-07-04
2022-07-11,6.996153846153846,ACEITE,ACEITE,estimado_promedio_simple,26,ACEITE,False,,2022-07-11
2022-08-01,40.0,ACEITE,ACEITE,observado,27,ACEITE,False,,2022-08-01
2022-09-19,80.0,ACEITE,ACEITE,observado,28,ACEITE,False,,2022-09-19
2022-09-26,40.0,ACEITE,ACEITE,observado,29,ACEITE,False,,2022-09-26
2022-10-10,6.996153846153846,ACEITE,ACEITE,estimado_promedio_simple,30,ACEITE,False,,2022-10-10
2022-11-28,85.5,ACEITE,ACEITE,observado,31,ACEITE,False,,2022-11-28
2022-12-26,46.9,ACEITE,ACEITE,observado,32,ACEITE,False,,2022-12-26
2023-02-20,74.0,ACEITE,ACEITE,observado,33,ACEITE,False,,2023-02-20
2023-02-27,74.0,ACEITE,ACEITE,observado,34,ACEITE,False,,2023-02-27
2023-03-13,37.0,ACEITE,ACEITE,observado,35,ACEITE,False,,2023-03-13
2023-04-10,6.996153846153846,ACEITE,ACEITE,estimado_promedio_simple,36,ACEITE,False,,2023-04-10
2023-05-08,6.996153846153846,ACEITE,ACEITE,estimado_promedio_simple,37,ACEITE,False,,2023-05-08
2023-06-19,6.996153846153846,ACEITE,ACEITE,estimado_promedio_simple,38,ACEITE,False,,2023-06-19
2023-07-03,6.996153846153846,ACEITE,ACEITE,estimado_promedio_simple,39,ACEITE,False,,2023-07-03
2023-10-23,6.996153846153846,ACEITE,ACEITE,estimado_promedio_simple,40,ACEITE,False,,2023-10-23
2023-12-18,82.0,ACEITE,ACEITE,observado,41,ACEITE,False,,2023-12-18
2024-01-29,6.996153846153846,ACEITE,ACEITE,estimado_promedio_simple,42,ACEITE,False,,2024-01-29
2024-02-19,6.996153846153846,ACEITE,ACEITE,estimado_promedio_simple,43,ACEITE,False,,2024-02-19
2024-03-18,6.996153846153846,ACEITE,ACEITE,estimado_promedio_simple,44,ACEITE,False,,2024-03-18
2024-04-15,6.996153846153846,ACEITE,ACEITE,estimado_promedio_simple,45,ACEITE,False,,2024-04-15
2021-05-10,1.6153846153846154,ADMINISTRACION,ADMINISTRACION,estimado_promedio_simple,46,ADMINISTRACION,False,,2021-05-10
2021-05-24,1.6153846153846154,ADMINISTRACION,ADMINISTRACION,estimado_promedio_simple,47,ADMINISTRACION,False,,2021-05-24
2021-06-07,1.6153846153846154,ADMINISTRACION,ADMINISTRACION,estimado_promedio_simple,48,ADMINISTRACION,False,,2021-06-07
2021-07-05,1.6153846153846154,ADMINISTRACION,ADMINISTRACION,estimado_promedio_simple,49,ADMINISTRACION,False,,2021-07-05
2021-07-12,1.6153846153846154,ADMINISTRACION,ADMINISTRACION,estimado_promedio_simple,50,ADMINISTRACION,False,,2021-07-12
2021-08-02,1.6153846153846154,ADMINISTRACION,ADMINISTRACION,estimado_promedio_simple,51,ADMINISTRACION,False,,2021-08-02
2021-08-09,1.6153846153846154,ADMINISTRACION,ADMINISTRACION,estimado_promedio_simple,52,ADMINISTRACION,False,,2021-08-09
2021-08-16,1.6153846153846154,ADMINISTRACION,ADMINISTRACION,estimado_promedio_simple,53,ADMINISTRACION,False,,2021-08-16
2021-08-30,1.6153846153846154,ADMINISTRACION,ADMINISTRACION,estimado_promedio_simple,54,ADMINISTRACION,False,,2021-08-30
2022-03-07,1.6153846153846154,ADMINISTRACION,ADMINISTRACION,estimado_promedio_simple,55,ADMINISTRACION,False,,2022-03-07
2022-04-11,1.6153846153846154,ADMINISTRACION,ADMINISTRACION,estimado_promedio_simple,56,ADMINISTRACION,False,,2022-04-11
2022-04-18,1.6153846153846154,ADMINISTRACION,ADMINISTRACION,estimado_promedio_simple,57,ADMINISTRACION,False,,2022-04-18
2022-05-02,1.6153846153846154,ADMINISTRACION,ADMINISTRACION,estimado_promedio_simple,58,ADMINISTRACION,False,,2022-05-02
2022-05-16,1.6153846153846154,ADMINISTRACION,ADMINISTRACION,estimado_promedio_simple,59,ADMINISTRACION,False,,2022-05-16
2022-05-23,1.6153846153846154,ADMINISTRACION,ADMINISTRACION,estimado_promedio_simple,60,ADMINISTRACION,False,,2022-05-23
2022-07-04,1.6153846153846154,ADMINISTRACION,ADMINISTRACION,estimado_promedio_simple,61,ADMINISTRACION,False,,2022-07-04
2022-07-11,1.6153846153846154,ADMINISTRACION,ADMINISTRACION,estimado_promedio_simple,62,ADMINISTRACION,False,,2022-07-11
2022-10-10,1.6153846153846154,ADMINISTRACION,ADMINISTRACION,estimado_promedio_simple,63,ADMINISTRACION,False,,2022-10-10
2023-04-10,1.6153846153846154,ADMINISTRACION,ADMINISTRACION,estimado_promedio_simple,64,ADMINISTRACION,False,,2023-04-10
2023-05-08,1.6153846153846154,ADMINISTRACION,ADMINISTRACION,estimado_promedio_simple,65,ADMINISTRACION,False,,2023-05-08
2023-06-19,1.6153846153846154,ADMINISTRACION,ADMINISTRACION,estimado_promedio_simple,66,ADMINISTRACION,False,,2023-06-19
2023-07-03,1.6153846153846154,ADMINISTRACION,ADMINISTRACION,estimado_promedio_simple,67,ADMINISTRACION,False,,2023-07-03
2023-10-23,1.6153846153846154,ADMINISTRACION,ADMINISTRACION,estimado_promedio_simple,68,ADMINISTRACION,False,,2023-10-23
2023-11-20,210.0,ADMINISTRACION,ADMINISTRACION,observado,69,ADMINISTRACION,False,,2023-11-20
2024-01-29,1.6153846153846154,ADMINISTRACION,ADMINISTRACION,estimado_promedio_simple,70,ADMINISTRACION,False,,2024-01-29
2024-02-19,1.6153846153846154,ADMINISTRACION,ADMINISTRACION,estimado_promedio_simple,71,ADMINISTRACION,False,,2024-02-19
2024-03-18,1.6153846153846154,ADMINISTRACION,ADMINISTRACION,estimado_promedio_simple,72,ADMINISTRACION,False,,2024-03-18
2024-04-15,1.6153846153846154,ADMINISTRACION,ADMINISTRACION,estimado_promedio_simple,73,ADMINISTRACION,False,,2024-04-15
2021-05-10,21.58076923076923,AMBIANTE,AMBIANTE,estimado_promedio_simple,74,AMBIANTE,False,,2021-05-10
2021-05-24,21.58076923076923,AMBIANTE,AMBIANTE,estimado_promedio_simple,75,AMBIANTE,False,,2021-05-24
2021-06-07,21.58076923076923,AMBIANTE,AMBIANTE,estimado_promedio_simple,76,AMBIANTE,False,,2021-06-07
2021-07-05,21.58076923076923,AMBIANTE,AMBIANTE,estimado_promedio_simple,77,AMBIANTE,False,,2021-07-05
2021-07-12,21.58076923076923,AMBIANTE,AMBIANTE,estimado_promedio_simple,78,AMBIANTE,False,,2021-07-12
2021-07-19,50.0,AMBIANTE,AMBIANTE,observado,79,AMBIANTE,False,,2021-07-19
2021-08-02,21.58076923076923,AMBIANTE,AMBIANTE,estimado_promedio_simple,80,AMBIANTE,False,,2021-08-02
2021-08-09,21.58076923076923,AMBIANTE,AMBIANTE,estimado_promedio_simple,81,AMBIANTE,False,,2021-08-09
2021-08-16,21.58076923076923,AMBIANTE,AMBIANTE,estimado_promedio_simple,82,AMBIANTE,False,,2021-08-16
2021-08-30,21.58076923076923,AMBIANTE,AMBIANTE,estimado_promedio_simple,83,AMBIANTE,False,,2021-08-30
2021-10-04,50.0,AMBIANTE,AMBIANTE,observado,84,AMBIANTE,False,,2021-10-04
2021-11-15,50.0,AMBIANTE,AMBIANTE,observado,85,AMBIANTE,False,,2021-11-15
2021-12-13,53.0,AMBIANTE,AMBIANTE,observado,86,AMBIANTE,False,,2021-12-13
2022-03-07,21.58076923076923,AMBIANTE,AMBIANTE,estimado_promedio_simple,87,AMBIANTE,False,,2022-03-07
2022-04-04,62.5,AMBIANTE,AMBIANTE,observado,88,AMBIANTE,False,,2022-04-04
2022-04-11,21.58076923076923,AMBIANTE,AMBIANTE,estimado_promedio_simple,89,AMBIANTE,False,,2022-04-11
2022-04-18,21.58076923076923,AMBIANTE,AMBIANTE,estimado_promedio_simple,90,AMBIANTE,False,,2022-04-18
2022-04-25,63.0,AMBIANTE,AMBIANTE,observado,91,AMBIANTE,False,,2022-04-25
2022-05-02,21.58076923076923,AMBIANTE,AMBIANTE,estimado_promedio_simple,92,AMBIANTE,False,,2022-05-02
2022-05-09,63.0,AMBIANTE,AMBIANTE,observado,93,AMBIANTE,False,,2022-05-09
2022-05-16,21.58076923076923,AMBIANTE,AMBIANTE,estimado_promedio_simple,94,AMBIANTE,False,,2022-05-16
2022-05-23,21.58076923076923,AMBIANTE,AMBIANTE,estimado_promedio_simple,95,AMBIANTE,False,,2022-05-23
2022-07-04,21.58076923076923,AMBIANTE,AMBIANTE,estimado_promedio_simple,96,AMBIANTE,False,,2022-07-04
2022-07-11,21.58076923076923,AMBIANTE,AMBIANTE,estimado_promedio_simple,97,AMBIANTE,False,,2022-07-11
2022-08-29,63.0,AMBIANTE,AMBIANTE,observado,98,AMBIANTE,False,,2022-08-29
2022-10-10,21.58076923076923,AMBIANTE,AMBIANTE,estimado_promedio_simple,99,AMBIANTE,False,,2022-10-10
2022-10-24,63.0,AMBIANTE,AMBIANTE,observado,100,AMBIANTE,False,,2022-10-24
2022-11-14,63.0,AMBIANTE,AMBIANTE,observado,101,AMBIANTE,False,,2022-11-14
2022-12-05,63.0,AMBIANTE,AMBIANTE,observado,102,AMBIANTE,False,,2022-12-05
2023-01-16,63.0,AMBIANTE,AMBIANTE,observado,103,AMBIANTE,False,,2023-01-16
2023-01-30,63.0,AMBIANTE,AMBIANTE,observado,104,AMBIANTE,False,,2023-01-30
2023-03-13,66.0,AMBIANTE,AMBIANTE,observado,105,AMBIANTE,False,,2023-03-13
2023-03-20,66.0,AMBIANTE,AMBIANTE,observado,106,AMBIANTE,False,,2023-03-20
2023-03-27,66.0,AMBIANTE,AMBIANTE,observado,107,AMBIANTE,False,,2023-03-27
2023-04-10,21.58076923076923,AMBIANTE,AMBIANTE,estimado_promedio_simple,108,AMBIANTE,False,,2023-04-10
2023-04-24,66.0,AMBIANTE,AMBIANTE,observado,109,AMBIANTE,False,,2023-04-24
2023-05-01,66.0,AMBIANTE,AMBIANTE,observado,110,AMBIANTE,False,,2023-05-01
2023-05-08,21.58076923076923,AMBIANTE,AMBIANTE,estimado_promedio_simple,111,AMBIANTE,False,,2023-05-08
2023-05-22,65.0,AMBIANTE,AMBIANTE,observado,112,AMBIANTE,False,,2023-05-22
2023-06-19,21.58076923076923,AMBIANTE,AMBIANTE,estimado_promedio_simple,113,AMBIANTE,False,,2023-06-19
2023-07-03,21.58076923076923,AMBIANTE,AMBIANTE,estimado_promedio_simple,114,AMBIANTE,False,,2023-07-03
2023-07-10,132.0,AMBIANTE,AMBIANTE,observado,115,AMBIANTE,False,,2023-07-10
2023-07-17,66.0,AMBIANTE,AMBIANTE,observado,116,AMBIANTE,False,,2023-07-17
2023-07-31,132.0,AMBIANTE,AMBIANTE,observado,117,AMBIANTE,False,,2023-07-31
2023-08-07,66.0,AMBIANTE,AMBIANTE,observado,118,AMBIANTE,False,,2023-08-07
2023-08-21,66.0,AMBIANTE,AMBIANTE,observado,119,AMBIANTE,False,,2023-08-21
2023-09-04,132.0,AMBIANTE,AMBIANTE,observado,120,AMBIANTE,False,,2023-09-04
2023-09-18,66.0,AMBIANTE,AMBIANTE,observado,121,AMBIANTE,False,,2023-09-18
2023-10-09,66.0,AMBIANTE,AMBIANTE,observado,122,AMBIANTE,False,,2023-10-09
2023-10-16,66.0,AMBIANTE,AMBIANTE,observado,123,AMBIANTE,False,,2023-10-16
2023-10-23,21.58076923076923,AMBIANTE,AMBIANTE,estimado_promedio_simple,124,AMBIANTE,False,,2023-10-23
2023-11-20,66.0,AMBIANTE,AMBIANTE,observado,125,AMBIANTE,False,,2023-11-20
2023-12-11,66.0,AMBIANTE,AMBIANTE,observado,126,AMBIANTE,False,,2023-12-11
2023-12-25,66.0,AMBIANTE,AMBIANTE,observado,127,AMBIANTE,False,,2023-12-25
2024-01-22,66.0,AMBIANTE,AMBIANTE,observado,128,AMBIANTE,False,,2024-01-22
2024-01-29,21.58076923076923,AMBIANTE,AMBIANTE,estimado_promedio_simple,129,AMBIANTE,False,,2024-01-29
2024-02-12,132.0,AMBIANTE,AMBIANTE,observado,130,AMBIANTE,False,,2024-02-12
2024-02-19,21.58076923076923,AMBIANTE,AMBIANTE,estimado_promedio_simple,131,AMBIANTE,False,,2024-02-19
2024-03-11,66.0,AMBIANTE,AMBIANTE,observado,132,AMBIANTE,False,,2024-03-11
2024-03-18,21.58076923076923,AMBIANTE,AMBIANTE,estimado_promedio_simple,133,AMBIANTE,False,,2024-03-18
2024-03-25,123.0,AMBIANTE,AMBIANTE,observado,134,AMBIANTE,False,,2024-03-25
2024-04-01,66.0,AMBIANTE,AMBIANTE,observado,135,AMBIANTE,False,,2024-04-01
2024-04-15,21.58076923076923,AMBIANTE,AMBIANTE,estimado_promedio_simple,136,AMBIANTE,False,,2024-04-15
2024-04-22,66.0,AMBIANTE,AMBIANTE,observado,137,AMBIANTE,False,,2024-04-22
2024-04-29,132.0,AMBIANTE,AMBIANTE,observado,138,AMBIANTE,False,,2024-04-29
2021-05-10,4.542000000000001,AZUCAR,AZUCAR,estimado_promedio_simple,139,AZUCAR,False,,2021-05-10
2021-05-24,4.542000000000001,AZUCAR,AZUCAR,estimado_promedio_simple,140,AZUCAR,False,,2021-05-24
2021-06-07,4.542000000000001,AZUCAR,AZUCAR,estimado_promedio_simple,141,AZUCAR,False,,2021-06-07
2021-07-05,4.542000000000001,AZUCAR,AZUCAR,estimado_promedio_simple,142,AZUCAR,False,,2021-07-05
2021-07-12,4.542000000000001,AZUCAR,AZUCAR,estimado_promedio_simple,143,AZUCAR,False,,2021-07-12
2021-08-02,4.542000000000001,AZUCAR,AZUCAR,estimado_promedio_simple,144,AZUCAR,False,,2021-08-02
2021-08-09,4.542000000000001,AZUCAR,AZUCAR,estimado_promedio_simple,145,AZUCAR,False,,2021-08-09
2021-08-16,4.542000000000001,AZUCAR,AZUCAR,estimado_promedio_simple,146,AZUCAR,False,,2021-08-16
2021-08-30,4.542000000000001,AZUCAR,AZUCAR,estimado_promedio_simple,147,AZUCAR,False,,2021-08-30
2021-09-27,32.0,AZUCAR,AZUCAR,observado,148,AZUCAR,False,,2021-09-27
2021-11-29,38.0,AZUCAR,AZUCAR,observado,149,AZUCAR,False,,2021-11-29
2022-01-24,28.5,AZUCAR,AZUCAR,observado,150,AZUCAR,False,,2022-01-24
2022-03-07,4.542000000000001,AZUCAR,AZUCAR,estimado_promedio_simple,151,AZUCAR,False,,2022-03-07
2022-04-11,4.542000000000001,AZUCAR,AZUCAR,estimado_promedio_simple,152,AZUCAR,False,,2022-04-11
2022-04-18,4.542000000000001,AZUCAR,AZUCAR,estimado_promedio_simple,153,AZUCAR,False,,2022-04-18
2022-05-02,4.542000000000001,AZUCAR,AZUCAR,estimado_promedio_simple,154,AZUCAR,False,,2022-05-02
2022-05-16,4.542000000000001,AZUCAR,AZUCAR,estimado_promedio_simple,155,AZUCAR,False,,2022-05-16
2022-05-23,4.542000000000001,AZUCAR,AZUCAR,estimado_promedio_simple,156,AZUCAR,False,,2022-05-23
2022-07-04,4.542000000000001,AZUCAR,AZUCAR,estimado_promedio_simple,157,AZUCAR,False,,2022-07-04
2022-07-11,4.542000000000001,AZUCAR,AZUCAR,estimado_promedio_simple,158,AZUCAR,False,,2022-07-11
2022-08-29,62.9,AZUCAR,AZUCAR,observado,159,AZUCAR,False,,2022-08-29
2022-09-19,20.0,AZUCAR,AZUCAR,observado,160,AZUCAR,False,,2022-09-19
2022-10-10,4.542000000000001,AZUCAR,AZUCAR,estimado_promedio_simple,161,AZUCAR,False,,2022-10-10
2022-12-19,28.0,AZUCAR,AZUCAR,observado,162,AZUCAR,False,,2022-12-19
2023-01-23,40.0,AZUCAR,AZUCAR,observado,163,AZUCAR,False,,2023-01-23
2023-04-10,4.542000000000001,AZUCAR,AZUCAR,estimado_promedio_simple,164,AZUCAR,False,,2023-04-10
2023-04-17,15.0,AZUCAR,AZUCAR,observado,165,AZUCAR,False,,2023-04-17
2023-05-08,4.542000000000001,AZUCAR,AZUCAR,estimado_promedio_simple,166,AZUCAR,False,,2023-05-08
2023-06-19,4.542000000000001,AZUCAR,AZUCAR,estimado_promedio_simple,167,AZUCAR,False,,2023-06-19
2023-07-03,4.542000000000001,AZUCAR,AZUCAR,estimado_promedio_simple,168,AZUCAR,False,,2023-07-03
2023-07-10,25.0,AZUCAR,AZUCAR,observado,169,AZUCAR,False,,2023-07-10
2023-09-04,24.56,AZUCAR,AZUCAR,observado,170,AZUCAR,False,,2023-09-04
2023-10-23,4.542000000000001,AZUCAR,AZUCAR,estimado_promedio_simple,171,AZUCAR,False,,2023-10-23
2023-10-30,25.0,AZUCAR,AZUCAR,observado,172,AZUCAR,False,,2023-10-30
2023-11-13,24.0,AZUCAR,AZUCAR,observado,173,AZUCAR,False,,2023-11-13
2023-11-27,61.0,AZUCAR,AZUCAR,observado,174,AZUCAR,False,,2023-11-27
2023-12-04,22.5,AZUCAR,AZUCAR,observado,175,AZUCAR,False,,2023-12-04
2023-12-18,59.5,AZUCAR,AZUCAR,observado,176,AZUCAR,False,,2023-12-18
2024-01-29,4.542000000000001,AZUCAR,AZUCAR,estimado_promedio_simple,177,AZUCAR,False,,2024-01-29
2024-02-12,84.5,AZUCAR,AZUCAR,observado,178,AZUCAR,False,,2024-02-12
2024-02-19,4.542000000000001,AZUCAR,AZUCAR,estimado_promedio_simple,179,AZUCAR,False,,2024-02-19
2024-03-18,4.542000000000001,AZUCAR,AZUCAR,estimado_promedio_simple,180,AZUCAR,False,,2024-03-18
2024-04-15,4.542000000000001,AZUCAR,AZUCAR,estimado_promedio_simple,181,AZUCAR,False,,2024-04-15
2021-05-10,14.480846153846151,BASES,BASES,estimado_promedio_simple,182,BASES,False,,2021-05-10
2021-05-24,14.480846153846151,BASES,BASES,estimado_promedio_simple,183,BASES,False,,2021-05-24
2021-06-07,14.480846153846151,BASES,BASES,estimado_promedio_simple,184,BASES,False,,2021-06-07
2021-06-21,25.0,BASES,BASES,observado,185,BASES,False,,2021-06-21
2021-07-05,14.480846153846151,BASES,BASES,estimado_promedio_simple,186,BASES,False,,2021-07-05
2021-07-12,14.480846153846151,BASES,BASES,estimado_promedio_simple,187,BASES,False,,2021-07-12
2021-07-19,25.0,BASES,BASES,observado,188,BASES,False,,2021-07-19
2021-07-26,21.0,BASES,BASES,observado,189,BASES,False,,2021-07-26
2021-08-02,14.480846153846151,BASES,BASES,estimado_promedio_simple,190,BASES,False,,2021-08-02
2021-08-09,14.480846153846151,BASES,BASES,estimado_promedio_simple,191,BASES,False,,2021-08-09
2021-08-16,14.480846153846151,BASES,BASES,estimado_promedio_simple,192,BASES,False,,2021-08-16
2021-08-23,21.0,BASES,BASES,observado,193,BASES,False,,2021-08-23
2021-08-30,14.480846153846151,BASES,BASES,estimado_promedio_simple,194,BASES,False,,2021-08-30
2021-09-20,31.5,BASES,BASES,observado,195,BASES,False,,2021-09-20
2021-11-08,8.5,BASES,BASES,observado,196,BASES,False,,2021-11-08
2021-11-15,40.5,BASES,BASES,observado,197,BASES,False,,2021-11-15
2021-12-06,19.0,BASES,BASES,observado,198,BASES,False,,2021-12-06
2021-12-13,11.0,BASES,BASES,observado,199,BASES,False,,2021-12-13
2021-12-20,21.0,BASES,BASES,observado,200,BASES,False,,2021-12-20
2022-01-03,10.5,BASES,BASES,observado,201,BASES,False,,2022-01-03
2022-01-10,10.5,BASES,BASES,observado,202,BASES,False,,2022-01-10
2022-01-24,3.0,BASES,BASES,observado,203,BASES,False,,2022-01-24
2022-02-28,21.0,BASES,BASES,observado,204,BASES,False,,2022-02-28
2022-03-07,14.480846153846151,BASES,BASES,estimado_promedio_simple,205,BASES,False,,2022-03-07
2022-03-21,35.0,BASES,BASES,observado,206,BASES,False,,2022-03-21
2022-04-04,40.5,BASES,BASES,observado,207,BASES,False,,2022-04-04
2022-04-11,14.480846153846151,BASES,BASES,estimado_promedio_simple,208,BASES,False,,2022-04-11
2022-04-18,14.480846153846151,BASES,BASES,estimado_promedio_simple,209,BASES,False,,2022-04-18
2022-04-25,35.0,BASES,BASES,observado,210,BASES,False,,2022-04-25
2022-05-02,14.480846153846151,BASES,BASES,estimado_promedio_simple,211,BASES,False,,2022-05-02
2022-05-09,32.5,BASES,BASES,observado,212,BASES,False,,2022-05-09
2022-05-16,14.480846153846151,BASES,BASES,estimado_promedio_simple,213,BASES,False,,2022-05-16
2022-05-23,14.480846153846151,BASES,BASES,estimado_promedio_simple,214,BASES,False,,2022-05-23
2022-06-27,23.0,BASES,BASES,observado,215,BASES,False,,2022-06-27
2022-07-04,14.480846153846151,BASES,BASES,estimado_promedio_simple,216,BASES,False,,2022-07-04
2022-07-11,14.480846153846151,BASES,BASES,estimado_promedio_simple,217,BASES,False,,2022-07-11
2022-07-25,52.5,BASES,BASES,observado,218,BASES,False,,2022-07-25
2022-09-05,26.0,BASES,BASES,observado,219,BASES,False,,2022-09-05
2022-09-12,14.0,BASES,BASES,observado,220,BASES,False,,2022-09-12
2022-09-26,11.5,BASES,BASES,observado,221,BASES,False,,2022-09-26
2022-10-10,14.480846153846151,BASES,BASES,estimado_promedio_simple,222,BASES,False,,2022-10-10
2022-10-17,34.5,BASES,BASES,observado,223,BASES,False,,2022-10-17
2022-10-24,11.5,BASES,BASES,observado,224,BASES,False,,2022-10-24
2022-11-07,20.5,BASES,BASES,observado,225,BASES,False,,2022-11-07
2022-11-14,14.5,BASES,BASES,observado,226,BASES,False,,2022-11-14
2022-11-28,45.0,BASES,BASES,observado,227,BASES,False,,2022-11-28
2022-12-19,79.5,BASES,BASES,observado,228,BASES,False,,2022-12-19
2022-12-26,92.0,BASES,BASES,observado,229,BASES,False,,2022-12-26
2023-01-09,52.0,BASES,BASES,observado,230,BASES,False,,2023-01-09
2023-01-16,31.51,BASES,BASES,observado,231,BASES,False,,2023-01-16
2023-01-30,45.5,BASES,BASES,observado,232,BASES,False,,2023-01-30
2023-02-06,11.5,BASES,BASES,observado,233,BASES,False,,2023-02-06
2023-02-27,112.0,BASES,BASES,observado,234,BASES,False,,2023-02-27
2023-03-27,122.0,BASES,BASES,observado,235,BASES,False,,2023-03-27
2023-04-10,14.480846153846151,BASES,BASES,estimado_promedio_simple,236,BASES,False,,2023-04-10
2023-05-01,24.0,BASES,BASES,observado,237,BASES,False,,2023-05-01
2023-05-08,14.480846153846151,BASES,BASES,estimado_promedio_simple,238,BASES,False,,2023-05-08
2023-05-15,10.0,BASES,BASES,observado,239,BASES,False,,2023-05-15
2023-05-22,50.0,BASES,BASES,observado,240,BASES,False,,2023-05-22
2023-05-29,20.0,BASES,BASES,observado,241,BASES,False,,2023-05-29
2023-06-05,28.0,BASES,BASES,observado,242,BASES,False,,2023-06-05
2023-06-19,14.480846153846151,BASES,BASES,estimado_promedio_simple,243,BASES,False,,2023-06-19
2023-07-03,14.480846153846151,BASES,BASES,estimado_promedio_simple,244,BASES,False,,2023-07-03
2023-07-10,34.0,BASES,BASES,observado,245,BASES,False,,2023-07-10
2023-07-17,41.0,BASES,BASES,observado,246,BASES,False,,2023-07-17
2023-07-24,25.0,BASES,BASES,observado,247,BASES,False,,2023-07-24
2023-07-31,55.0,BASES,BASES,observado,248,BASES,False,,2023-07-31
2023-08-07,28.0,BASES,BASES,observado,249,BASES,False,,2023-08-07
2023-08-14,14.0,BASES,BASES,observado,250,BASES,False,,2023-08-14
2023-09-18,24.0,BASES,BASES,observado,251,BASES,False,,2023-09-18
2023-09-25,15.0,BASES,BASES,observado,252,BASES,False,,2023-09-25
2023-10-09,24.0,BASES,BASES,observado,253,BASES,False,,2023-10-09
2023-10-16,12.0,BASES,BASES,observado,254,BASES,False,,2023-10-16
2023-10-23,14.480846153846151,BASES,BASES,estimado_promedio_simple,255,BASES,False,,2023-10-23
2023-10-30,12.0,BASES,BASES,observado,256,BASES,False,,2023-10-30
2023-11-13,46.0,BASES,BASES,observado,257,BASES,False,,2023-11-13
2024-01-08,24.0,BASES,BASES,observado,258,BASES,False,,2024-01-08
2024-01-29,14.480846153846151,BASES,BASES,estimado_promedio_simple,259,BASES,False,,2024-01-29
2024-02-05,55.0,BASES,BASES,observado,260,BASES,False,,2024-02-05
2024-02-12,24.0,BASES,BASES,observado,261,BASES,False,,2024-02-12
2024-02-19,14.480846153846151,BASES,BASES,estimado_promedio_simple,262,BASES,False,,2024-02-19
2024-03-18,14.480846153846151,BASES,BASES,estimado_promedio_simple,263,BASES,False,,2024-03-18
2024-04-08,24.0,BASES,BASES,observado,264,BASES,False,,2024-04-08
2024-04-15,14.480846153846151,BASES,BASES,estimado_promedio_simple,265,BASES,False,,2024-04-15
2024-04-29,83.0,BASES,BASES,observado,266,BASES,False,,2024-04-29
2021-05-10,15.574307692307691,CAPACILLOS,CAPACILLOS,estimado_promedio_simple,267,CAPACILLOS,False,,2021-05-10
2021-05-24,15.574307692307691,CAPACILLOS,CAPACILLOS,estimado_promedio_simple,268,CAPACILLOS,False,,2021-05-24
2021-05-31,15.0,CAPACILLOS,CAPACILLOS,observado,269,CAPACILLOS,False,,2021-05-31
2021-06-07,15.574307692307691,CAPACILLOS,CAPACILLOS,estimado_promedio_simple,270,CAPACILLOS,False,,2021-06-07
2021-06-28,27.5,CAPACILLOS,CAPACILLOS,observado,271,CAPACILLOS,False,,2021-06-28
2021-07-05,15.574307692307691,CAPACILLOS,CAPACILLOS,estimado_promedio_simple,272,CAPACILLOS,False,,2021-07-05
2021-07-12,15.574307692307691,CAPACILLOS,CAPACILLOS,estimado_promedio_simple,273,CAPACILLOS,False,,2021-07-12
2021-07-19,75.0,CAPACILLOS,CAPACILLOS,observado,274,CAPACILLOS,False,,2021-07-19
2021-07-26,55.0,CAPACILLOS,CAPACILLOS,observado,275,CAPACILLOS,False,,2021-07-26
2021-08-02,15.574307692307691,CAPACILLOS,CAPACILLOS,estimado_promedio_simple,276,CAPACILLOS,False,,2021-08-02
2021-08-09,15.574307692307691,CAPACILLOS,CAPACILLOS,estimado_promedio_simple,277,CAPACILLOS,False,,2021-08-09
2021-08-16,15.574307692307691,CAPACILLOS,CAPACILLOS,estimado_promedio_simple,278,CAPACILLOS,False,,2021-08-16
2021-08-30,15.574307692307691,CAPACILLOS,CAPACILLOS,estimado_promedio_simple,279,CAPACILLOS,False,,2021-08-30
2021-09-20,105.0,CAPACILLOS,CAPACILLOS,observado,280,CAPACILLOS,False,,2021-09-20
2021-10-25,78.0,CAPACILLOS,CAPACILLOS,observado,281,CAPACILLOS,False,,2021-10-25
2021-11-15,45.0,CAPACILLOS,CAPACILLOS,observado,282,CAPACILLOS,False,,2021-11-15
2021-11-29,37.0,CAPACILLOS,CAPACILLOS,observado,283,CAPACILLOS,False,,2021-11-29
2021-12-20,20.0,CAPACILLOS,CAPACILLOS,observado,284,CAPACILLOS,False,,2021-12-20
2021-12-27,49.5,CAPACILLOS,CAPACILLOS,observado,285,CAPACILLOS,False,,2021-12-27
2022-01-03,45.0,CAPACILLOS,CAPACILLOS,observado,286,CAPACILLOS,False,,2022-01-03
2022-01-10,39.0,CAPACILLOS,CAPACILLOS,observado,287,CAPACILLOS,False,,2022-01-10
2022-03-07,15.574307692307691,CAPACILLOS,CAPACILLOS,estimado_promedio_simple,288,CAPACILLOS,False,,2022-03-07
2022-04-11,15.574307692307691,CAPACILLOS,CAPACILLOS,estimado_promedio_simple,289,CAPACILLOS,False,,2022-04-11
2022-04-18,15.574307692307691,CAPACILLOS,CAPACILLOS,estimado_promedio_simple,290,CAPACILLOS,False,,2022-04-18
2022-05-02,15.574307692307691,CAPACILLOS,CAPACILLOS,estimado_promedio_simple,291,CAPACILLOS,False,,2022-05-02
2022-05-16,15.574307692307691,CAPACILLOS,CAPACILLOS,estimado_promedio_simple,292,CAPACILLOS,False,,2022-05-16
2022-05-23,15.574307692307691,CAPACILLOS,CAPACILLOS,estimado_promedio_simple,293,CAPACILLOS,False,,2022-05-23
2022-06-13,39.0,CAPACILLOS,CAPACILLOS,observado,294,CAPACILLOS,False,,2022-06-13
2022-06-20,39.0,CAPACILLOS,CAPACILLOS,observado,295,CAPACILLOS,False,,2022-06-20
2022-07-04,15.574307692307691,CAPACILLOS,CAPACILLOS,estimado_promedio_simple,296,CAPACILLOS,False,,2022-07-04
2022-07-11,15.574307692307691,CAPACILLOS,CAPACILLOS,estimado_promedio_simple,297,CAPACILLOS,False,,2022-07-11
2022-08-29,76.0,CAPACILLOS,CAPACILLOS,observado,298,CAPACILLOS,False,,2022-08-29
2022-09-19,56.0,CAPACILLOS,CAPACILLOS,observado,299,CAPACILLOS,False,,2022-09-19
2022-10-03,70.0,CAPACILLOS,CAPACILLOS,observado,300,CAPACILLOS,False,,2022-10-03
2022-10-10,15.574307692307691,CAPACILLOS,CAPACILLOS,estimado_promedio_simple,301,CAPACILLOS,False,,2022-10-10
2022-10-17,81.0,CAPACILLOS,CAPACILLOS,observado,302,CAPACILLOS,False,,2022-10-17
2022-11-28,68.0,CAPACILLOS,CAPACILLOS,observado,303,CAPACILLOS,False,,2022-11-28
2023-01-02,86.0,CAPACILLOS,CAPACILLOS,observado,304,CAPACILLOS,False,,2023-01-02
2023-01-16,51.57,CAPACILLOS,CAPACILLOS,observado,305,CAPACILLOS,False,,2023-01-16
2023-01-30,39.0,CAPACILLOS,CAPACILLOS,observado,306,CAPACILLOS,False,,2023-01-30
2023-02-06,138.20999999999998,CAPACILLOS,CAPACILLOS,observado,307,CAPACILLOS,False,,2023-02-06
2023-03-06,63.26,CAPACILLOS,CAPACILLOS,observado,308,CAPACILLOS,False,,2023-03-06
2023-03-20,39.15,CAPACILLOS,CAPACILLOS,observado,309,CAPACILLOS,False,,2023-03-20
2023-04-10,15.574307692307691,CAPACILLOS,CAPACILLOS,estimado_promedio_simple,310,CAPACILLOS,False,,2023-04-10
2023-05-08,15.574307692307691,CAPACILLOS,CAPACILLOS,estimado_promedio_simple,311,CAPACILLOS,False,,2023-05-08
2023-06-19,15.574307692307691,CAPACILLOS,CAPACILLOS,estimado_promedio_simple,312,CAPACILLOS,False,,2023-06-19
2023-07-03,15.574307692307691,CAPACILLOS,CAPACILLOS,estimado_promedio_simple,313,CAPACILLOS,False,,2023-07-03
2023-07-24,141.8,CAPACILLOS,CAPACILLOS,observado,314,CAPACILLOS,False,,2023-07-24
2023-07-31,25.0,CAPACILLOS,CAPACILLOS,observado,315,CAPACILLOS,False,,2023-07-31
2023-08-07,42.370000000000005,CAPACILLOS,CAPACILLOS,observado,316,CAPACILLOS,False,,2023-08-07
2023-09-04,39.15,CAPACILLOS,CAPACILLOS,observado,317,CAPACILLOS,False,,2023-09-04
2023-10-16,56.0,CAPACILLOS,CAPACILLOS,observado,318,CAPACILLOS,False,,2023-10-16
2023-10-23,15.574307692307691,CAPACILLOS,CAPACILLOS,estimado_promedio_simple,319,CAPACILLOS,False,,2023-10-23
2023-10-30,166.0,CAPACILLOS,CAPACILLOS,observado,320,CAPACILLOS,False,,2023-10-30
2023-11-27,22.0,CAPACILLOS,CAPACILLOS,observado,321,CAPACILLOS,False,,2023-11-27
2023-12-04,56.0,CAPACILLOS,CAPACILLOS,observado,322,CAPACILLOS,False,,2023-12-04
2024-01-29,15.574307692307691,CAPACILLOS,CAPACILLOS,estimado_promedio_simple,323,CAPACILLOS,False,,2024-01-29
2024-02-05,39.15,CAPACILLOS,CAPACILLOS,observado,324,CAPACILLOS,False,,2024-02-05
2024-02-19,15.574307692307691,CAPACILLOS,CAPACILLOS,estimado_promedio_simple,325,CAPACILLOS,False,,2024-02-19
2024-03-18,15.574307692307691,CAPACILLOS,CAPACILLOS,estimado_promedio_simple,326,CAPACILLOS,False,,2024-03-18
2024-04-15,15.574307692307691,CAPACILLOS,CAPACILLOS,estimado_promedio_simple,327,CAPACILLOS,False,,2024-04-15
2021-05-10,5.576923076923077,CASETAS,CASETAS,estimado_promedio_simple,328,CASETAS,False,,2021-05-10
2021-05-24,5.576923076923077,CASETAS,CASETAS,estimado_promedio_simple,329,CASETAS,False,,2021-05-24
2021-06-07,5.576923076923077,CASETAS,CASETAS,estimado_promedio_simple,330,CASETAS,False,,2021-06-07
2021-07-05,5.576923076923077,CASETAS,CASETAS,estimado_promedio_simple,331,CASETAS,False,,2021-07-05
2021-07-12,5.576923076923077,CASETAS,CASETAS,estimado_promedio_simple,332,CASETAS,False,,2021-07-12
2021-08-02,5.576923076923077,CASETAS,CASETAS,estimado_promedio_simple,333,CASETAS,False,,2021-08-02
2021-08-09,5.576923076923077,CASETAS,CASETAS,estimado_promedio_simple,334,CASETAS,False,,2021-08-09
2021-08-16,5.576923076923077,CASETAS,CASETAS,estimado_promedio_simple,335,CASETAS,False,,2021-08-16
2021-08-30,5.576923076923077,CASETAS,CASETAS,estimado_promedio_simple,336,CASETAS,False,,2021-08-30
2022-03-07,5.576923076923077,CASETAS,CASETAS,estimado_promedio_simple,337,CASETAS,False,,2022-03-07
2022-04-11,5.576923076923077,CASETAS,CASETAS,estimado_promedio_simple,338,CASETAS,False,,2022-04-11
2022-04-18,5.576923076923077,CASETAS,CASETAS,estimado_promedio_simple,339,CASETAS,False,,2022-04-18
2022-05-02,5.576923076923077,CASETAS,CASETAS,estimado_promedio_simple,340,CASETAS,False,,2022-05-02
2022-05-16,5.576923076923077,CASETAS,CASETAS,estimado_promedio_simple,341,CASETAS,False,,2022-05-16
2022-05-23,5.576923076923077,CASETAS,CASETAS,estimado_promedio_simple,342,CASETAS,False,,2022-05-23
2022-07-04,5.576923076923077,CASETAS,CASETAS,estimado_promedio_simple,343,CASETAS,False,,2022-07-04
2022-07-11,5.576923076923077,CASETAS,CASETAS,estimado_promedio_simple,344,CASETAS,False,,2022-07-11
2022-10-10,5.576923076923077,CASETAS,CASETAS,estimado_promedio_simple,345,CASETAS,False,,2022-10-10
2023-01-30,58.0,CASETAS,CASETAS,observado,346,CASETAS,False,,2023-01-30
2023-03-20,74.0,CASETAS,CASETAS,observado,347,CASETAS,False,,2023-03-20
2023-04-10,5.576923076923077,CASETAS,CASETAS,estimado_promedio_simple,348,CASETAS,False,,2023-04-10
2023-05-08,5.576923076923077,CASETAS,CASETAS,estimado_promedio_simple,349,CASETAS,False,,2023-05-08
2023-06-19,5.576923076923077,CASETAS,CASETAS,estimado_promedio_simple,350,CASETAS,False,,2023-06-19
2023-07-03,5.576923076923077,CASETAS,CASETAS,estimado_promedio_simple,351,CASETAS,False,,2023-07-03
2023-09-18,38.0,CASETAS,CASETAS,observado,352,CASETAS,False,,2023-09-18
2023-10-09,37.0,CASETAS,CASETAS,observado,353,CASETAS,False,,2023-10-09
2023-10-23,5.576923076923077,CASETAS,CASETAS,estimado_promedio_simple,354,CASETAS,False,,2023-10-23
2023-10-30,63.0,CASETAS,CASETAS,observado,355,CASETAS,False,,2023-10-30
2023-12-04,130.0,CASETAS,CASETAS,observado,356,CASETAS,False,,2023-12-04
2023-12-25,65.0,CASETAS,CASETAS,observado,357,CASETAS,False,,2023-12-25
2024-01-01,65.0,CASETAS,CASETAS,observado,358,CASETAS,False,,2024-01-01
2024-01-08,65.0,CASETAS,CASETAS,observado,359,CASETAS,False,,2024-01-08
2024-01-29,5.576923076923077,CASETAS,CASETAS,estimado_promedio_simple,360,CASETAS,False,,2024-01-29
2024-02-12,130.0,CASETAS,CASETAS,observado,361,CASETAS,False,,2024-02-12
2024-02-19,5.576923076923077,CASETAS,CASETAS,estimado_promedio_simple,362,CASETAS,False,,2024-02-19
2024-03-18,5.576923076923077,CASETAS,CASETAS,estimado_promedio_simple,363,CASETAS,False,,2024-03-18
2024-04-15,5.576923076923077,CASETAS,CASETAS,estimado_promedio_simple,364,CASETAS,False,,2024-04-15
2021-05-03,52.0,CHANTILLY,CHANTILLY,observado,365,CHANTILLY,False,,2021-05-03
2021-05-10,52.63846153846154,CHANTILLY,CHANTILLY,estimado_promedio_simple,366,CHANTILLY,False,,2021-05-10
2021-05-24,52.63846153846154,CHANTILLY,CHANTILLY,estimado_promedio_simple,367,CHANTILLY,False,,2021-05-24
2021-06-07,52.63846153846154,CHANTILLY,CHANTILLY,estimado_promedio_simple,368,CHANTILLY,False,,2021-06-07
2021-06-28,46.0,CHANTILLY,CHANTILLY,observado,369,CHANTILLY,False,,2021-06-28
2021-07-05,52.63846153846154,CHANTILLY,CHANTILLY,estimado_promedio_simple,370,CHANTILLY,False,,2021-07-05
2021-07-12,52.63846153846154,CHANTILLY,CHANTILLY,estimado_promedio_simple,371,CHANTILLY,False,,2021-07-12
2021-07-19,132.0,CHANTILLY,CHANTILLY,observado,372,CHANTILLY,False,,2021-07-19
2021-07-26,161.0,CHANTILLY,CHANTILLY,observado,373,CHANTILLY,False,,2021-07-26
2021-08-02,52.63846153846154,CHANTILLY,CHANTILLY,estimado_promedio_simple,374,CHANTILLY,False,,2021-08-02
2021-08-09,52.63846153846154,CHANTILLY,CHANTILLY,estimado_promedio_simple,375,CHANTILLY,False,,2021-08-09
2021-08-16,52.63846153846154,CHANTILLY,CHANTILLY,estimado_promedio_simple,376,CHANTILLY,False,,2021-08-16
2021-08-23,44.0,CHANTILLY,CHANTILLY,observado,377,CHANTILLY,False,,2021-08-23
2021-08-30,52.63846153846154,CHANTILLY,CHANTILLY,estimado_promedio_simple,378,CHANTILLY,False,,2021-08-30
2021-09-27,161.0,CHANTILLY,CHANTILLY,observado,379,CHANTILLY,False,,2021-09-27
2021-10-11,88.0,CHANTILLY,CHANTILLY,observado,380,CHANTILLY,False,,2021-10-11
2021-10-18,44.0,CHANTILLY,CHANTILLY,observado,381,CHANTILLY,False,,2021-10-18
2021-10-25,140.0,CHANTILLY,CHANTILLY,observado,382,CHANTILLY,False,,2021-10-25
2021-11-01,52.0,CHANTILLY,CHANTILLY,observado,383,CHANTILLY,False,,2021-11-01
2021-11-29,52.0,CHANTILLY,CHANTILLY,observado,384,CHANTILLY,False,,2021-11-29
2021-12-06,210.0,CHANTILLY,CHANTILLY,observado,385,CHANTILLY,False,,2021-12-06
2021-12-13,104.0,CHANTILLY,CHANTILLY,observado,386,CHANTILLY,False,,2021-12-13
2021-12-20,54.0,CHANTILLY,CHANTILLY,observado,387,CHANTILLY,False,,2021-12-20
2021-12-27,108.0,CHANTILLY,CHANTILLY,observado,388,CHANTILLY,False,,2021-12-27
2022-01-10,137.0,CHANTILLY,CHANTILLY,observado,389,CHANTILLY,False,,2022-01-10
2022-01-24,64.0,CHANTILLY,CHANTILLY,observado,390,CHANTILLY,False,,2022-01-24
2022-02-07,198.0,CHANTILLY,CHANTILLY,observado,391,CHANTILLY,False,,2022-02-07
2022-02-21,66.0,CHANTILLY,CHANTILLY,observado,392,CHANTILLY,False,,2022-02-21
2022-02-28,66.0,CHANTILLY,CHANTILLY,observado,393,CHANTILLY,False,,2022-02-28
2022-03-07,52.63846153846154,CHANTILLY,CHANTILLY,estimado_promedio_simple,394,CHANTILLY,False,,2022-03-07
2022-03-21,66.0,CHANTILLY,CHANTILLY,observado,395,CHANTILLY,False,,2022-03-21
2022-04-11,52.63846153846154,CHANTILLY,CHANTILLY,estimado_promedio_simple,396,CHANTILLY,False,,2022-04-11
2022-04-18,52.63846153846154,CHANTILLY,CHANTILLY,estimado_promedio_simple,397,CHANTILLY,False,,2022-04-18
2022-04-25,66.0,CHANTILLY,CHANTILLY,observado,398,CHANTILLY,False,,2022-04-25
2022-05-02,52.63846153846154,CHANTILLY,CHANTILLY,estimado_promedio_simple,399,CHANTILLY,False,,2022-05-02
2022-05-09,54.0,CHANTILLY,CHANTILLY,observado,400,CHANTILLY,False,,2022-05-09
2022-05-16,52.63846153846154,CHANTILLY,CHANTILLY,estimado_promedio_simple,401,CHANTILLY,False,,2022-05-16
2022-05-23,52.63846153846154,CHANTILLY,CHANTILLY,estimado_promedio_simple,402,CHANTILLY,False,,2022-05-23
2022-05-30,108.0,CHANTILLY,CHANTILLY,observado,403,CHANTILLY,False,,2022-05-30
2022-06-06,132.0,CHANTILLY,CHANTILLY,observado,404,CHANTILLY,False,,2022-06-06
2022-06-27,198.0,CHANTILLY,CHANTILLY,observado,405,CHANTILLY,False,,2022-06-27
2022-07-04,52.63846153846154,CHANTILLY,CHANTILLY,estimado_promedio_simple,406,CHANTILLY,False,,2022-07-04
2022-07-11,52.63846153846154,CHANTILLY,CHANTILLY,estimado_promedio_simple,407,CHANTILLY,False,,2022-07-11
2022-07-25,188.0,CHANTILLY,CHANTILLY,observado,408,CHANTILLY,False,,2022-07-25
2022-08-15,132.0,CHANTILLY,CHANTILLY,observado,409,CHANTILLY,False,,2022-08-15
2022-08-29,61.0,CHANTILLY,CHANTILLY,observado,410,CHANTILLY,False,,2022-08-29
2022-09-05,61.0,CHANTILLY,CHANTILLY,observado,411,CHANTILLY,False,,2022-09-05
2022-09-19,193.0,CHANTILLY,CHANTILLY,observado,412,CHANTILLY,False,,2022-09-19
2022-09-26,61.0,CHANTILLY,CHANTILLY,observado,413,CHANTILLY,False,,2022-09-26
2022-10-10,52.63846153846154,CHANTILLY,CHANTILLY,estimado_promedio_simple,414,CHANTILLY,False,,2022-10-10
2022-11-07,115.0,CHANTILLY,CHANTILLY,observado,415,CHANTILLY,False,,2022-11-07
2022-11-21,61.0,CHANTILLY,CHANTILLY,observado,416,CHANTILLY,False,,2022-11-21
2022-11-28,61.0,CHANTILLY,CHANTILLY,observado,417,CHANTILLY,False,,2022-11-28
2022-12-05,61.0,CHANTILLY,CHANTILLY,observado,418,CHANTILLY,False,,2022-12-05
2022-12-19,183.0,CHANTILLY,CHANTILLY,observado,419,CHANTILLY,False,,2022-12-19
2022-12-26,205.0,CHANTILLY,CHANTILLY,observado,420,CHANTILLY,False,,2022-12-26
2023-01-23,122.0,CHANTILLY,CHANTILLY,observado,421,CHANTILLY,False,,2023-01-23
2023-01-30,61.0,CHANTILLY,CHANTILLY,observado,422,CHANTILLY,False,,2023-01-30
2023-02-06,61.0,CHANTILLY,CHANTILLY,observado,423,CHANTILLY,False,,2023-02-06
2023-02-13,61.0,CHANTILLY,CHANTILLY,observado,424,CHANTILLY,False,,2023-02-13
2023-02-27,61.0,CHANTILLY,CHANTILLY,observado,425,CHANTILLY,False,,2023-02-27
2023-03-13,61.0,CHANTILLY,CHANTILLY,observado,426,CHANTILLY,False,,2023-03-13
2023-04-10,52.63846153846154,CHANTILLY,CHANTILLY,estimado_promedio_simple,427,CHANTILLY,False,,2023-04-10
2023-04-17,69.0,CHANTILLY,CHANTILLY,observado,428,CHANTILLY,False,,2023-04-17
2023-04-24,69.0,CHANTILLY,CHANTILLY,observado,429,CHANTILLY,False,,2023-04-24
2023-05-08,52.63846153846154,CHANTILLY,CHANTILLY,estimado_promedio_simple,430,CHANTILLY,False,,2023-05-08
2023-05-22,69.0,CHANTILLY,CHANTILLY,observado,431,CHANTILLY,False,,2023-05-22
2023-06-12,69.0,CHANTILLY,CHANTILLY,observado,432,CHANTILLY,False,,2023-06-12
2023-06-19,52.63846153846154,CHANTILLY,CHANTILLY,estimado_promedio_simple,433,CHANTILLY,False,,2023-06-19
2023-07-03,52.63846153846154,CHANTILLY,CHANTILLY,estimado_promedio_simple,434,CHANTILLY,False,,2023-07-03
2023-07-10,138.0,CHANTILLY,CHANTILLY,observado,435,CHANTILLY,False,,2023-07-10
2023-07-17,69.0,CHANTILLY,CHANTILLY,observado,436,CHANTILLY,False,,2023-07-17
2023-07-31,138.0,CHANTILLY,CHANTILLY,observado,437,CHANTILLY,False,,2023-07-31
2023-08-07,69.0,CHANTILLY,CHANTILLY,observado,438,CHANTILLY,False,,2023-08-07
2023-08-14,69.0,CHANTILLY,CHANTILLY,observado,439,CHANTILLY,False,,2023-08-14
2023-08-21,69.0,CHANTILLY,CHANTILLY,observado,440,CHANTILLY,False,,2023-08-21
2023-08-28,69.0,CHANTILLY,CHANTILLY,observado,441,CHANTILLY,False,,2023-08-28
2023-09-11,138.0,CHANTILLY,CHANTILLY,observado,442,CHANTILLY,False,,2023-09-11
2023-09-25,71.0,CHANTILLY,CHANTILLY,observado,443,CHANTILLY,False,,2023-09-25
2023-10-16,142.0,CHANTILLY,CHANTILLY,observado,444,CHANTILLY,False,,2023-10-16
2023-10-23,52.63846153846154,CHANTILLY,CHANTILLY,estimado_promedio_simple,445,CHANTILLY,False,,2023-10-23
2023-10-30,205.0,CHANTILLY,CHANTILLY,observado,446,CHANTILLY,False,,2023-10-30
2023-11-13,71.0,CHANTILLY,CHANTILLY,observado,447,CHANTILLY,False,,2023-11-13
2023-12-04,142.0,CHANTILLY,CHANTILLY,observado,448,CHANTILLY,False,,2023-12-04
2023-12-11,205.0,CHANTILLY,CHANTILLY,observado,449,CHANTILLY,False,,2023-12-11
2023-12-25,142.0,CHANTILLY,CHANTILLY,observado,450,CHANTILLY,False,,2023-12-25
2024-01-29,52.63846153846154,CHANTILLY,CHANTILLY,estimado_promedio_simple,451,CHANTILLY,False,,2024-01-29
2024-02-12,418.0,CHANTILLY,CHANTILLY,observado,452,CHANTILLY,False,,2024-02-12
2024-02-19,52.63846153846154,CHANTILLY,CHANTILLY,estimado_promedio_simple,453,CHANTILLY,False,,2024-02-19
2024-03-18,52.63846153846154,CHANTILLY,CHANTILLY,estimado_promedio_simple,454,CHANTILLY,False,,2024-03-18
2024-04-15,52.63846153846154,CHANTILLY,CHANTILLY,estimado_promedio_simple,455,CHANTILLY,False,,2024-04-15
2021-05-10,73.33307692307692,CHOCOLATE,CHOCOLATE,estimado_promedio_simple,456,CHOCOLATE,False,,2021-05-10
2021-05-24,73.33307692307692,CHOCOLATE,CHOCOLATE,estimado_promedio_simple,457,CHOCOLATE,False,,2021-05-24
2021-06-07,73.33307692307692,CHOCOLATE,CHOCOLATE,estimado_promedio_simple,458,CHOCOLATE,False,,2021-06-07
2021-07-05,73.33307692307692,CHOCOLATE,CHOCOLATE,estimado_promedio_simple,459,CHOCOLATE,False,,2021-07-05
2021-07-12,73.33307692307692,CHOCOLATE,CHOCOLATE,estimado_promedio_simple,460,CHOCOLATE,False,,2021-07-12
2021-07-19,50.0,CHOCOLATE,CHOCOLATE,observado,461,CHOCOLATE,False,,2021-07-19
2021-07-26,40.0,CHOCOLATE,CHOCOLATE,observado,462,CHOCOLATE,False,,2021-07-26
2021-08-02,73.33307692307692,CHOCOLATE,CHOCOLATE,estimado_promedio_simple,463,CHOCOLATE,False,,2021-08-02
2021-08-09,73.33307692307692,CHOCOLATE,CHOCOLATE,estimado_promedio_simple,464,CHOCOLATE,False,,2021-08-09
2021-08-16,73.33307692307692,CHOCOLATE,CHOCOLATE,estimado_promedio_simple,465,CHOCOLATE,False,,2021-08-16
2021-08-30,73.33307692307692,CHOCOLATE,CHOCOLATE,estimado_promedio_simple,466,CHOCOLATE,False,,2021-08-30
2021-09-06,110.0,CHOCOLATE,CHOCOLATE,observado,467,CHOCOLATE,False,,2021-09-06
2021-11-01,21.5,CHOCOLATE,CHOCOLATE,observado,468,CHOCOLATE,False,,2021-11-01
2021-11-22,69.0,CHOCOLATE,CHOCOLATE,observado,469,CHOCOLATE,False,,2021-11-22
2021-11-29,108.0,CHOCOLATE,CHOCOLATE,observado,470,CHOCOLATE,False,,2021-11-29
2021-12-06,45.0,CHOCOLATE,CHOCOLATE,observado,471,CHOCOLATE,False,,2021-12-06
2021-12-13,40.0,CHOCOLATE,CHOCOLATE,observado,472,CHOCOLATE,False,,2021-12-13
2021-12-20,38.0,CHOCOLATE,CHOCOLATE,observado,473,CHOCOLATE,False,,2021-12-20
2022-01-10,31.5,CHOCOLATE,CHOCOLATE,observado,474,CHOCOLATE,False,,2022-01-10
2022-01-17,175.78,CHOCOLATE,CHOCOLATE,observado,475,CHOCOLATE,False,,2022-01-17
2022-01-31,16.0,CHOCOLATE,CHOCOLATE,observado,476,CHOCOLATE,False,,2022-01-31
2022-02-21,103.0,CHOCOLATE,CHOCOLATE,observado,477,CHOCOLATE,False,,2022-02-21
2022-02-28,47.0,CHOCOLATE,CHOCOLATE,observado,478,CHOCOLATE,False,,2022-02-28
2022-03-07,73.33307692307692,CHOCOLATE,CHOCOLATE,estimado_promedio_simple,479,CHOCOLATE,False,,2022-03-07
2022-04-04,45.0,CHOCOLATE,CHOCOLATE,observado,480,CHOCOLATE,False,,2022-04-04
2022-04-11,73.33307692307692,CHOCOLATE,CHOCOLATE,estimado_promedio_simple,481,CHOCOLATE,False,,2022-04-11
2022-04-18,73.33307692307692,CHOCOLATE,CHOCOLATE,estimado_promedio_simple,482,CHOCOLATE,False,,2022-04-18
2022-04-25,63.0,CHOCOLATE,CHOCOLATE,observado,483,CHOCOLATE,False,,2022-04-25
2022-05-02,73.33307692307692,CHOCOLATE,CHOCOLATE,estimado_promedio_simple,484,CHOCOLATE,False,,2022-05-02
2022-05-09,42.0,CHOCOLATE,CHOCOLATE,observado,485,CHOCOLATE,False,,2022-05-09
2022-05-16,73.33307692307692,CHOCOLATE,CHOCOLATE,estimado_promedio_simple,486,CHOCOLATE,False,,2022-05-16
2022-05-23,73.33307692307692,CHOCOLATE,CHOCOLATE,estimado_promedio_simple,487,CHOCOLATE,False,,2022-05-23
2022-06-20,7.0,CHOCOLATE,CHOCOLATE,observado,488,CHOCOLATE,False,,2022-06-20
2022-06-27,25.0,CHOCOLATE,CHOCOLATE,observado,489,CHOCOLATE,False,,2022-06-27
2022-07-04,73.33307692307692,CHOCOLATE,CHOCOLATE,estimado_promedio_simple,490,CHOCOLATE,False,,2022-07-04
2022-07-11,73.33307692307692,CHOCOLATE,CHOCOLATE,estimado_promedio_simple,491,CHOCOLATE,False,,2022-07-11
2022-07-25,43.0,CHOCOLATE,CHOCOLATE,observado,492,CHOCOLATE,False,,2022-07-25
2022-08-15,28.0,CHOCOLATE,CHOCOLATE,observado,493,CHOCOLATE,False,,2022-08-15
2022-08-29,17.0,CHOCOLATE,CHOCOLATE,observado,494,CHOCOLATE,False,,2022-08-29
2022-09-12,30.0,CHOCOLATE,CHOCOLATE,observado,495,CHOCOLATE,False,,2022-09-12
2022-09-19,66.0,CHOCOLATE,CHOCOLATE,observado,496,CHOCOLATE,False,,2022-09-19
2022-09-26,86.0,CHOCOLATE,CHOCOLATE,observado,497,CHOCOLATE,False,,2022-09-26
2022-10-10,73.33307692307692,CHOCOLATE,CHOCOLATE,estimado_promedio_simple,498,CHOCOLATE,False,,2022-10-10
2022-10-17,110.0,CHOCOLATE,CHOCOLATE,observado,499,CHOCOLATE,False,,2022-10-17
2022-11-07,79.0,CHOCOLATE,CHOCOLATE,observado,500,CHOCOLATE,False,,2022-11-07
2022-11-14,12.0,CHOCOLATE,CHOCOLATE,observado,501,CHOCOLATE,False,,2022-11-14
2022-11-28,135.0,CHOCOLATE,CHOCOLATE,observado,502,CHOCOLATE,False,,2022-11-28
2022-12-12,24.0,CHOCOLATE,CHOCOLATE,observado,503,CHOCOLATE,False,,2022-12-12
2022-12-19,22.0,CHOCOLATE,CHOCOLATE,observado,504,CHOCOLATE,False,,2022-12-19
2023-01-02,365.9,CHOCOLATE,CHOCOLATE,observado,505,CHOCOLATE,False,,2023-01-02
2023-01-09,45.0,CHOCOLATE,CHOCOLATE,observado,506,CHOCOLATE,False,,2023-01-09
2023-01-16,512.09,CHOCOLATE,CHOCOLATE,observado,507,CHOCOLATE,False,,2023-01-16
2023-01-23,45.0,CHOCOLATE,CHOCOLATE,observado,508,CHOCOLATE,False,,2023-01-23
2023-01-30,68.0,CHOCOLATE,CHOCOLATE,observado,509,CHOCOLATE,False,,2023-01-30
2023-02-06,186.15,CHOCOLATE,CHOCOLATE,observado,510,CHOCOLATE,False,,2023-02-06
2023-02-13,136.0,CHOCOLATE,CHOCOLATE,observado,511,CHOCOLATE,False,,2023-02-13
2023-02-27,24.0,CHOCOLATE,CHOCOLATE,observado,512,CHOCOLATE,False,,2023-02-27
2023-03-06,294.06,CHOCOLATE,CHOCOLATE,observado,513,CHOCOLATE,False,,2023-03-06
2023-03-13,261.0,CHOCOLATE,CHOCOLATE,observado,514,CHOCOLATE,False,,2023-03-13
2023-03-20,45.0,CHOCOLATE,CHOCOLATE,observado,515,CHOCOLATE,False,,2023-03-20
2023-03-27,203.0,CHOCOLATE,CHOCOLATE,observado,516,CHOCOLATE,False,,2023-03-27
2023-04-10,73.33307692307692,CHOCOLATE,CHOCOLATE,estimado_promedio_simple,517,CHOCOLATE,False,,2023-04-10
2023-04-17,187.0,CHOCOLATE,CHOCOLATE,observado,518,CHOCOLATE,False,,2023-04-17
2023-05-01,166.0,CHOCOLATE,CHOCOLATE,observado,519,CHOCOLATE,False,,2023-05-01
2023-05-08,73.33307692307692,CHOCOLATE,CHOCOLATE,estimado_promedio_simple,520,CHOCOLATE,False,,2023-05-08
2023-05-22,456.98,CHOCOLATE,CHOCOLATE,observado,521,CHOCOLATE,False,,2023-05-22
2023-06-05,50.0,CHOCOLATE,CHOCOLATE,observado,522,CHOCOLATE,False,,2023-06-05
2023-06-19,73.33307692307692,CHOCOLATE,CHOCOLATE,estimado_promedio_simple,523,CHOCOLATE,False,,2023-06-19
2023-06-26,145.55,CHOCOLATE,CHOCOLATE,observado,524,CHOCOLATE,False,,2023-06-26
2023-07-03,73.33307692307692,CHOCOLATE,CHOCOLATE,estimado_promedio_simple,525,CHOCOLATE,False,,2023-07-03
2023-07-10,361.5,CHOCOLATE,CHOCOLATE,observado,526,CHOCOLATE,False,,2023-07-10
2023-07-17,23.0,CHOCOLATE,CHOCOLATE,observado,527,CHOCOLATE,False,,2023-07-17
2023-07-24,64.0,CHOCOLATE,CHOCOLATE,observado,528,CHOCOLATE,False,,2023-07-24
2023-07-31,371.0,CHOCOLATE,CHOCOLATE,observado,529,CHOCOLATE,False,,2023-07-31
2023-08-07,78.97999999999999,CHOCOLATE,CHOCOLATE,observado,530,CHOCOLATE,False,,2023-08-07
2023-08-14,173.0,CHOCOLATE,CHOCOLATE,observado,531,CHOCOLATE,False,,2023-08-14
2023-08-21,62.0,CHOCOLATE,CHOCOLATE,observado,532,CHOCOLATE,False,,2023-08-21
2023-09-04,476.62,CHOCOLATE,CHOCOLATE,observado,533,CHOCOLATE,False,,2023-09-04
2023-09-11,35.0,CHOCOLATE,CHOCOLATE,observado,534,CHOCOLATE,False,,2023-09-11
2023-09-18,54.0,CHOCOLATE,CHOCOLATE,observado,535,CHOCOLATE,False,,2023-09-18
2023-09-25,63.0,CHOCOLATE,CHOCOLATE,observado,536,CHOCOLATE,False,,2023-09-25
2023-10-09,202.0,CHOCOLATE,CHOCOLATE,observado,537,CHOCOLATE,False,,2023-10-09
2023-10-16,67.2,CHOCOLATE,CHOCOLATE,observado,538,CHOCOLATE,False,,2023-10-16
2023-10-23,73.33307692307692,CHOCOLATE,CHOCOLATE,estimado_promedio_simple,539,CHOCOLATE,False,,2023-10-23
2023-10-30,207.49,CHOCOLATE,CHOCOLATE,observado,540,CHOCOLATE,False,,2023-10-30
2023-11-06,126.0,CHOCOLATE,CHOCOLATE,observado,541,CHOCOLATE,False,,2023-11-06
2023-11-20,256.0,CHOCOLATE,CHOCOLATE,observado,542,CHOCOLATE,False,,2023-11-20
2023-12-04,79.0,CHOCOLATE,CHOCOLATE,observado,543,CHOCOLATE,False,,2023-12-04
2023-12-11,110.0,CHOCOLATE,CHOCOLATE,observado,544,CHOCOLATE,False,,2023-12-11
2023-12-25,145.0,CHOCOLATE,CHOCOLATE,observado,545,CHOCOLATE,False,,2023-12-25
2024-01-08,38.0,CHOCOLATE,CHOCOLATE,observado,546,CHOCOLATE,False,,2024-01-08
2024-01-22,168.0,CHOCOLATE,CHOCOLATE,observado,547,CHOCOLATE,False,,2024-01-22
2024-01-29,73.33307692307692,CHOCOLATE,CHOCOLATE,estimado_promedio_simple,548,CHOCOLATE,False,,2024-01-29
2024-02-05,16.0,CHOCOLATE,CHOCOLATE,observado,549,CHOCOLATE,False,,2024-02-05
2024-02-12,171.0,CHOCOLATE,CHOCOLATE,observado,550,CHOCOLATE,False,,2024-02-12
2024-02-19,73.33307692307692,CHOCOLATE,CHOCOLATE,estimado_promedio_simple,551,CHOCOLATE,False,,2024-02-19
2024-02-26,85.0,CHOCOLATE,CHOCOLATE,observado,552,CHOCOLATE,False,,2024-02-26
2024-03-04,192.0,CHOCOLATE,CHOCOLATE,observado,553,CHOCOLATE,False,,2024-03-04
2024-03-11,32.0,CHOCOLATE,CHOCOLATE,observado,554,CHOCOLATE,False,,2024-03-11
2024-03-18,73.33307692307692,CHOCOLATE,CHOCOLATE,estimado_promedio_simple,555,CHOCOLATE,False,,2024-03-18
2024-03-25,482.0,CHOCOLATE,CHOCOLATE,observado,556,CHOCOLATE,False,,2024-03-25
2024-04-01,110.0,CHOCOLATE,CHOCOLATE,observado,557,CHOCOLATE,False,,2024-04-01
2024-04-15,73.33307692307692,CHOCOLATE,CHOCOLATE,estimado_promedio_simple,558,CHOCOLATE,False,,2024-04-15
2024-04-22,63.0,CHOCOLATE,CHOCOLATE,observado,559,CHOCOLATE,False,,2024-04-22
2024-04-29,302.0,CHOCOLATE,CHOCOLATE,observado,560,CHOCOLATE,False,,2024-04-29
2021-05-10,5.4423076923076925,COLORANTES,COLORANTES,estimado_promedio_simple,561,COLORANTES,False,,2021-05-10
2021-05-24,5.4423076923076925,COLORANTES,COLORANTES,estimado_promedio_simple,562,COLORANTES,False,,2021-05-24
2021-06-07,5.4423076923076925,COLORANTES,COLORANTES,estimado_promedio_simple,563,COLORANTES,False,,2021-06-07
2021-07-05,5.4423076923076925,COLORANTES,COLORANTES,estimado_promedio_simple,564,COLORANTES,False,,2021-07-05
2021-07-12,5.4423076923076925,COLORANTES,COLORANTES,estimado_promedio_simple,565,COLORANTES,False,,2021-07-12
2021-08-02,5.4423076923076925,COLORANTES,COLORANTES,estimado_promedio_simple,566,COLORANTES,False,,2021-08-02
2021-08-09,5.4423076923076925,COLORANTES,COLORANTES,estimado_promedio_simple,567,COLORANTES,False,,2021-08-09
2021-08-16,5.4423076923076925,COLORANTES,COLORANTES,estimado_promedio_simple,568,COLORANTES,False,,2021-08-16
2021-08-30,5.4423076923076925,COLORANTES,COLORANTES,estimado_promedio_simple,569,COLORANTES,False,,2021-08-30
2022-01-10,14.5,COLORANTES,COLORANTES,observado,570,COLORANTES,False,,2022-01-10
2022-03-07,5.4423076923076925,COLORANTES,COLORANTES,estimado_promedio_simple,571,COLORANTES,False,,2022-03-07
2022-04-11,5.4423076923076925,COLORANTES,COLORANTES,estimado_promedio_simple,572,COLORANTES,False,,2022-04-11
2022-04-18,5.4423076923076925,COLORANTES,COLORANTES,estimado_promedio_simple,573,COLORANTES,False,,2022-04-18
2022-05-02,5.4423076923076925,COLORANTES,COLORANTES,estimado_promedio_simple,574,COLORANTES,False,,2022-05-02
2022-05-16,5.4423076923076925,COLORANTES,COLORANTES,estimado_promedio_simple,575,COLORANTES,False,,2022-05-16
2022-05-23,5.4423076923076925,COLORANTES,COLORANTES,estimado_promedio_simple,576,COLORANTES,False,,2022-05-23
2022-07-04,5.4423076923076925,COLORANTES,COLORANTES,estimado_promedio_simple,577,COLORANTES,False,,2022-07-04
2022-07-11,5.4423076923076925,COLORANTES,COLORANTES,estimado_promedio_simple,578,COLORANTES,False,,2022-07-11
2022-08-22,24.0,COLORANTES,COLORANTES,observado,579,COLORANTES,False,,2022-08-22
2022-09-26,12.0,COLORANTES,COLORANTES,observado,580,COLORANTES,False,,2022-09-26
2022-10-10,5.4423076923076925,COLORANTES,COLORANTES,estimado_promedio_simple,581,COLORANTES,False,,2022-10-10
2022-12-05,12.0,COLORANTES,COLORANTES,observado,582,COLORANTES,False,,2022-12-05
2022-12-12,12.0,COLORANTES,COLORANTES,observado,583,COLORANTES,False,,2022-12-12
2022-12-19,12.0,COLORANTES,COLORANTES,observado,584,COLORANTES,False,,2022-12-19
2023-01-02,290.0,COLORANTES,COLORANTES,observado,585,COLORANTES,False,,2023-01-02
2023-04-10,5.4423076923076925,COLORANTES,COLORANTES,estimado_promedio_simple,586,COLORANTES,False,,2023-04-10
2023-05-08,5.4423076923076925,COLORANTES,COLORANTES,estimado_promedio_simple,587,COLORANTES,False,,2023-05-08
2023-06-19,5.4423076923076925,COLORANTES,COLORANTES,estimado_promedio_simple,588,COLORANTES,False,,2023-06-19
2023-07-03,5.4423076923076925,COLORANTES,COLORANTES,estimado_promedio_simple,589,COLORANTES,False,,2023-07-03
2023-09-04,46.0,COLORANTES,COLORANTES,observado,590,COLORANTES,False,,2023-09-04
2023-09-11,20.0,COLORANTES,COLORANTES,observado,591,COLORANTES,False,,2023-09-11
2023-10-23,5.4423076923076925,COLORANTES,COLORANTES,estimado_promedio_simple,592,COLORANTES,False,,2023-10-23
2023-12-04,42.0,COLORANTES,COLORANTES,observado,593,COLORANTES,False,,2023-12-04
2023-12-11,85.0,COLORANTES,COLORANTES,observado,594,COLORANTES,False,,2023-12-11
2024-01-08,46.0,COLORANTES,COLORANTES,observado,595,COLORANTES,False,,2024-01-08
2024-01-29,5.4423076923076925,COLORANTES,COLORANTES,estimado_promedio_simple,596,COLORANTES,False,,2024-01-29
2024-02-12,92.0,COLORANTES,COLORANTES,observado,597,COLORANTES,False,,2024-02-12
2024-02-19,5.4423076923076925,COLORANTES,COLORANTES,estimado_promedio_simple,598,COLORANTES,False,,2024-02-19
2024-03-18,5.4423076923076925,COLORANTES,COLORANTES,estimado_promedio_simple,599,COLORANTES,False,,2024-03-18
2024-04-15,5.4423076923076925,COLORANTES,COLORANTES,estimado_promedio_simple,600,COLORANTES,False,,2024-04-15
2021-05-10,4.817,CONSUMIBLES,CONSUMIBLES,estimado_promedio_simple,601,CONSUMIBLES,False,,2021-05-10
2021-05-24,4.817,CONSUMIBLES,CONSUMIBLES,estimado_promedio_simple,602,CONSUMIBLES,False,,2021-05-24
2021-06-07,4.817,CONSUMIBLES,CONSUMIBLES,estimado_promedio_simple,603,CONSUMIBLES,False,,2021-06-07
2021-07-05,4.817,CONSUMIBLES,CONSUMIBLES,estimado_promedio_simple,604,CONSUMIBLES,False,,2021-07-05
2021-07-12,4.817,CONSUMIBLES,CONSUMIBLES,estimado_promedio_simple,605,CONSUMIBLES,False,,2021-07-12
2021-07-19,14.0,CONSUMIBLES,CONSUMIBLES,observado,606,CONSUMIBLES,False,,2021-07-19
2021-08-02,4.817,CONSUMIBLES,CONSUMIBLES,estimado_promedio_simple,607,CONSUMIBLES,False,,2021-08-02
2021-08-09,4.817,CONSUMIBLES,CONSUMIBLES,estimado_promedio_simple,608,CONSUMIBLES,False,,2021-08-09
2021-08-16,4.817,CONSUMIBLES,CONSUMIBLES,estimado_promedio_simple,609,CONSUMIBLES,False,,2021-08-16
2021-08-23,20.0,CONSUMIBLES,CONSUMIBLES,observado,610,CONSUMIBLES,False,,2021-08-23
2021-08-30,4.817,CONSUMIBLES,CONSUMIBLES,estimado_promedio_simple,611,CONSUMIBLES,False,,2021-08-30
2021-09-20,10.0,CONSUMIBLES,CONSUMIBLES,observado,612,CONSUMIBLES,False,,2021-09-20
2021-10-25,10.0,CONSUMIBLES,CONSUMIBLES,observado,613,CONSUMIBLES,False,,2021-10-25
2021-11-15,28.0,CONSUMIBLES,CONSUMIBLES,observado,614,CONSUMIBLES,False,,2021-11-15
2022-01-03,10.0,CONSUMIBLES,CONSUMIBLES,observado,615,CONSUMIBLES,False,,2022-01-03
2022-01-10,11.0,CONSUMIBLES,CONSUMIBLES,observado,616,CONSUMIBLES,False,,2022-01-10
2022-01-17,52.64,CONSUMIBLES,CONSUMIBLES,observado,617,CONSUMIBLES,False,,2022-01-17
2022-02-07,10.0,CONSUMIBLES,CONSUMIBLES,observado,618,CONSUMIBLES,False,,2022-02-07
2022-03-07,4.817,CONSUMIBLES,CONSUMIBLES,estimado_promedio_simple,619,CONSUMIBLES,False,,2022-03-07
2022-04-04,40.0,CONSUMIBLES,CONSUMIBLES,observado,620,CONSUMIBLES,False,,2022-04-04
2022-04-11,4.817,CONSUMIBLES,CONSUMIBLES,estimado_promedio_simple,621,CONSUMIBLES,False,,2022-04-11
2022-04-18,4.817,CONSUMIBLES,CONSUMIBLES,estimado_promedio_simple,622,CONSUMIBLES,False,,2022-04-18
2022-05-02,4.817,CONSUMIBLES,CONSUMIBLES,estimado_promedio_simple,623,CONSUMIBLES,False,,2022-05-02
2022-05-16,4.817,CONSUMIBLES,CONSUMIBLES,estimado_promedio_simple,624,CONSUMIBLES,False,,2022-05-16
2022-05-23,4.817,CONSUMIBLES,CONSUMIBLES,estimado_promedio_simple,625,CONSUMIBLES,False,,2022-05-23
2022-05-30,25.0,CONSUMIBLES,CONSUMIBLES,observado,626,CONSUMIBLES,False,,2022-05-30
2022-06-27,5.5,CONSUMIBLES,CONSUMIBLES,observado,627,CONSUMIBLES,False,,2022-06-27
2022-07-04,4.817,CONSUMIBLES,CONSUMIBLES,estimado_promedio_simple,628,CONSUMIBLES,False,,2022-07-04
2022-07-11,4.817,CONSUMIBLES,CONSUMIBLES,estimado_promedio_simple,629,CONSUMIBLES,False,,2022-07-11
2022-10-10,4.817,CONSUMIBLES,CONSUMIBLES,estimado_promedio_simple,630,CONSUMIBLES,False,,2022-10-10
2022-12-26,55.0,CONSUMIBLES,CONSUMIBLES,observado,631,CONSUMIBLES,False,,2022-12-26
2023-01-16,14.94,CONSUMIBLES,CONSUMIBLES,observado,632,CONSUMIBLES,False,,2023-01-16
2023-01-30,10.0,CONSUMIBLES,CONSUMIBLES,observado,633,CONSUMIBLES,False,,2023-01-30
2023-02-06,22.91,CONSUMIBLES,CONSUMIBLES,observado,634,CONSUMIBLES,False,,2023-02-06
2023-03-06,23.92,CONSUMIBLES,CONSUMIBLES,observado,635,CONSUMIBLES,False,,2023-03-06
2023-04-10,4.817,CONSUMIBLES,CONSUMIBLES,estimado_promedio_simple,636,CONSUMIBLES,False,,2023-04-10
2023-05-08,4.817,CONSUMIBLES,CONSUMIBLES,estimado_promedio_simple,637,CONSUMIBLES,False,,2023-05-08
2023-05-22,46.0,CONSUMIBLES,CONSUMIBLES,observado,638,CONSUMIBLES,False,,2023-05-22
2023-06-19,4.817,CONSUMIBLES,CONSUMIBLES,estimado_promedio_simple,639,CONSUMIBLES,False,,2023-06-19
2023-07-03,4.817,CONSUMIBLES,CONSUMIBLES,estimado_promedio_simple,640,CONSUMIBLES,False,,2023-07-03
2023-08-21,42.0,CONSUMIBLES,CONSUMIBLES,observado,641,CONSUMIBLES,False,,2023-08-21
2023-10-16,12.0,CONSUMIBLES,CONSUMIBLES,observado,642,CONSUMIBLES,False,,2023-10-16
2023-10-23,4.817,CONSUMIBLES,CONSUMIBLES,estimado_promedio_simple,643,CONSUMIBLES,False,,2023-10-23
2023-11-13,26.0,CONSUMIBLES,CONSUMIBLES,observado,644,CONSUMIBLES,False,,2023-11-13
2023-11-27,21.25,CONSUMIBLES,CONSUMIBLES,observado,645,CONSUMIBLES,False,,2023-11-27
2023-12-04,20.0,CONSUMIBLES,CONSUMIBLES,observado,646,CONSUMIBLES,False,,2023-12-04
2023-12-18,21.25,CONSUMIBLES,CONSUMIBLES,observado,647,CONSUMIBLES,False,,2023-12-18
2023-12-25,18.0,CONSUMIBLES,CONSUMIBLES,observado,648,CONSUMIBLES,False,,2023-12-25
2024-01-29,4.817,CONSUMIBLES,CONSUMIBLES,estimado_promedio_simple,649,CONSUMIBLES,False,,2024-01-29
2024-02-12,14.0,CONSUMIBLES,CONSUMIBLES,observado,650,CONSUMIBLES,False,,2024-02-12
2024-02-19,4.817,CONSUMIBLES,CONSUMIBLES,estimado_promedio_simple,651,CONSUMIBLES,False,,2024-02-19
2024-03-18,4.817,CONSUMIBLES,CONSUMIBLES,estimado_promedio_simple,652,CONSUMIBLES,False,,2024-03-18
2024-04-08,42.8,CONSUMIBLES,CONSUMIBLES,observado,653,CONSUMIBLES,False,,2024-04-08
2024-04-15,4.817,CONSUMIBLES,CONSUMIBLES,estimado_promedio_simple,654,CONSUMIBLES,False,,2024-04-15
2021-05-10,40.83192307692308,DECORACION,DECORACION,estimado_promedio_simple,655,DECORACION,False,,2021-05-10
2021-05-24,40.83192307692308,DECORACION,DECORACION,estimado_promedio_simple,656,DECORACION,False,,2021-05-24
2021-05-31,45.0,DECORACION,DECORACION,observado,657,DECORACION,False,,2021-05-31
2021-06-07,40.83192307692308,DECORACION,DECORACION,estimado_promedio_simple,658,DECORACION,False,,2021-06-07
2021-07-05,40.83192307692308,DECORACION,DECORACION,estimado_promedio_simple,659,DECORACION,False,,2021-07-05
2021-07-12,40.83192307692308,DECORACION,DECORACION,estimado_promedio_simple,660,DECORACION,False,,2021-07-12
2021-07-19,218.0,DECORACION,DECORACION,observado,661,DECORACION,False,,2021-07-19
2021-07-26,65.0,DECORACION,DECORACION,observado,662,DECORACION,False,,2021-07-26
2021-08-02,40.83192307692308,DECORACION,DECORACION,estimado_promedio_simple,663,DECORACION,False,,2021-08-02
2021-08-09,40.83192307692308,DECORACION,DECORACION,estimado_promedio_simple,664,DECORACION,False,,2021-08-09
2021-08-16,40.83192307692308,DECORACION,DECORACION,estimado_promedio_simple,665,DECORACION,False,,2021-08-16
2021-08-23,150.0,DECORACION,DECORACION,observado,666,DECORACION,False,,2021-08-23
2021-08-30,40.83192307692308,DECORACION,DECORACION,estimado_promedio_simple,667,DECORACION,False,,2021-08-30
2021-09-06,45.0,DECORACION,DECORACION,observado,668,DECORACION,False,,2021-09-06
2021-09-20,180.0,DECORACION,DECORACION,observado,669,DECORACION,False,,2021-09-20
2021-10-04,24.0,DECORACION,DECORACION,observado,670,DECORACION,False,,2021-10-04
2021-11-22,45.0,DECORACION,DECORACION,observado,671,DECORACION,False,,2021-11-22
2021-11-29,126.0,DECORACION,DECORACION,observado,672,DECORACION,False,,2021-11-29
2021-12-06,135.0,DECORACION,DECORACION,observado,673,DECORACION,False,,2021-12-06
2021-12-13,90.0,DECORACION,DECORACION,observado,674,DECORACION,False,,2021-12-13
2021-12-20,45.0,DECORACION,DECORACION,observado,675,DECORACION,False,,2021-12-20
2022-01-03,62.5,DECORACION,DECORACION,observado,676,DECORACION,False,,2022-01-03
2022-01-10,184.5,DECORACION,DECORACION,observado,677,DECORACION,False,,2022-01-10
2022-01-17,464.15,DECORACION,DECORACION,observado,678,DECORACION,False,,2022-01-17
2022-01-31,62.5,DECORACION,DECORACION,observado,679,DECORACION,False,,2022-01-31
2022-02-07,70.0,DECORACION,DECORACION,observado,680,DECORACION,False,,2022-02-07
2022-02-14,125.0,DECORACION,DECORACION,observado,681,DECORACION,False,,2022-02-14
2022-02-21,15.0,DECORACION,DECORACION,observado,682,DECORACION,False,,2022-02-21
2022-03-07,40.83192307692308,DECORACION,DECORACION,estimado_promedio_simple,683,DECORACION,False,,2022-03-07
2022-03-21,45.0,DECORACION,DECORACION,observado,684,DECORACION,False,,2022-03-21
2022-04-11,40.83192307692308,DECORACION,DECORACION,estimado_promedio_simple,685,DECORACION,False,,2022-04-11
2022-04-18,40.83192307692308,DECORACION,DECORACION,estimado_promedio_simple,686,DECORACION,False,,2022-04-18
2022-05-02,40.83192307692308,DECORACION,DECORACION,estimado_promedio_simple,687,DECORACION,False,,2022-05-02
2022-05-09,44.0,DECORACION,DECORACION,observado,688,DECORACION,False,,2022-05-09
2022-05-16,40.83192307692308,DECORACION,DECORACION,estimado_promedio_simple,689,DECORACION,False,,2022-05-16
2022-05-23,40.83192307692308,DECORACION,DECORACION,estimado_promedio_simple,690,DECORACION,False,,2022-05-23
2022-05-30,17.5,DECORACION,DECORACION,observado,691,DECORACION,False,,2022-05-30
2022-06-27,21.0,DECORACION,DECORACION,observado,692,DECORACION,False,,2022-06-27
2022-07-04,40.83192307692308,DECORACION,DECORACION,estimado_promedio_simple,693,DECORACION,False,,2022-07-04
2022-07-11,40.83192307692308,DECORACION,DECORACION,estimado_promedio_simple,694,DECORACION,False,,2022-07-11
2022-07-18,90.0,DECORACION,DECORACION,observado,695,DECORACION,False,,2022-07-18
2022-09-05,22.0,DECORACION,DECORACION,observado,696,DECORACION,False,,2022-09-05
2022-09-19,34.0,DECORACION,DECORACION,observado,697,DECORACION,False,,2022-09-19
2022-09-26,45.0,DECORACION,DECORACION,observado,698,DECORACION,False,,2022-09-26
2022-10-10,40.83192307692308,DECORACION,DECORACION,estimado_promedio_simple,699,DECORACION,False,,2022-10-10
2022-10-17,65.0,DECORACION,DECORACION,observado,700,DECORACION,False,,2022-10-17
2022-10-24,45.0,DECORACION,DECORACION,observado,701,DECORACION,False,,2022-10-24
2022-11-07,125.0,DECORACION,DECORACION,observado,702,DECORACION,False,,2022-11-07
2022-11-14,45.0,DECORACION,DECORACION,observado,703,DECORACION,False,,2022-11-14
2022-11-21,92.5,DECORACION,DECORACION,observado,704,DECORACION,False,,2022-11-21
2022-11-28,108.0,DECORACION,DECORACION,observado,705,DECORACION,False,,2022-11-28
2022-12-12,318.0,DECORACION,DECORACION,observado,706,DECORACION,False,,2022-12-12
2022-12-19,293.0,DECORACION,DECORACION,observado,707,DECORACION,False,,2022-12-19
2022-12-26,115.0,DECORACION,DECORACION,observado,708,DECORACION,False,,2022-12-26
2023-01-02,45.0,DECORACION,DECORACION,observado,709,DECORACION,False,,2023-01-02
2023-02-27,118.0,DECORACION,DECORACION,observado,710,DECORACION,False,,2023-02-27
2023-03-06,35.0,DECORACION,DECORACION,observado,711,DECORACION,False,,2023-03-06
2023-03-27,65.0,DECORACION,DECORACION,observado,712,DECORACION,False,,2023-03-27
2023-04-10,40.83192307692308,DECORACION,DECORACION,estimado_promedio_simple,713,DECORACION,False,,2023-04-10
2023-05-01,100.0,DECORACION,DECORACION,observado,714,DECORACION,False,,2023-05-01
2023-05-08,40.83192307692308,DECORACION,DECORACION,estimado_promedio_simple,715,DECORACION,False,,2023-05-08
2023-06-19,40.83192307692308,DECORACION,DECORACION,estimado_promedio_simple,716,DECORACION,False,,2023-06-19
2023-07-03,40.83192307692308,DECORACION,DECORACION,estimado_promedio_simple,717,DECORACION,False,,2023-07-03
2023-08-07,48.0,DECORACION,DECORACION,observado,718,DECORACION,False,,2023-08-07
2023-08-28,85.0,DECORACION,DECORACION,observado,719,DECORACION,False,,2023-08-28
2023-09-04,40.0,DECORACION,DECORACION,observado,720,DECORACION,False,,2023-09-04
2023-09-18,135.0,DECORACION,DECORACION,observado,721,DECORACION,False,,2023-09-18
2023-10-09,45.5,DECORACION,DECORACION,observado,722,DECORACION,False,,2023-10-09
2023-10-23,40.83192307692308,DECORACION,DECORACION,estimado_promedio_simple,723,DECORACION,False,,2023-10-23
2023-11-27,130.0,DECORACION,DECORACION,observado,724,DECORACION,False,,2023-11-27
2023-12-04,175.0,DECORACION,DECORACION,observado,725,DECORACION,False,,2023-12-04
2023-12-11,90.0,DECORACION,DECORACION,observado,726,DECORACION,False,,2023-12-11
2024-01-08,163.0,DECORACION,DECORACION,observado,727,DECORACION,False,,2024-01-08
2024-01-22,50.0,DECORACION,DECORACION,observado,728,DECORACION,False,,2024-01-22
2024-01-29,40.83192307692308,DECORACION,DECORACION,estimado_promedio_simple,729,DECORACION,False,,2024-01-29
2024-02-05,78.0,DECORACION,DECORACION,observado,730,DECORACION,False,,2024-02-05
2024-02-12,124.0,DECORACION,DECORACION,observado,731,DECORACION,False,,2024-02-12
2024-02-19,40.83192307692308,DECORACION,DECORACION,estimado_promedio_simple,732,DECORACION,False,,2024-02-19
2024-03-11,20.0,DECORACION,DECORACION,observado,733,DECORACION,False,,2024-03-11
2024-03-18,40.83192307692308,DECORACION,DECORACION,estimado_promedio_simple,734,DECORACION,False,,2024-03-18
2024-04-15,40.83192307692308,DECORACION,DECORACION,estimado_promedio_simple,735,DECORACION,False,,2024-04-15
2024-04-29,85.0,DECORACION,DECORACION,observado,736,DECORACION,False,,2024-04-29
2021-05-10,15.384615384615383,DOMO,DOMO,estimado_promedio_simple,737,DOMO,False,,2021-05-10
2021-05-24,15.384615384615383,DOMO,DOMO,estimado_promedio_simple,738,DOMO,False,,2021-05-24
2021-06-07,15.384615384615383,DOMO,DOMO,estimado_promedio_simple,739,DOMO,False,,2021-06-07
2021-07-05,15.384615384615383,DOMO,DOMO,estimado_promedio_simple,740,DOMO,False,,2021-07-05
2021-07-12,15.384615384615383,DOMO,DOMO,estimado_promedio_simple,741,DOMO,False,,2021-07-12
2021-08-02,15.384615384615383,DOMO,DOMO,estimado_promedio_simple,742,DOMO,False,,2021-08-02
2021-08-09,15.384615384615383,DOMO,DOMO,estimado_promedio_simple,743,DOMO,False,,2021-08-09
2021-08-16,15.384615384615383,DOMO,DOMO,estimado_promedio_simple,744,DOMO,False,,2021-08-16
2021-08-30,15.384615384615383,DOMO,DOMO,estimado_promedio_simple,745,DOMO,False,,2021-08-30
2022-03-07,15.384615384615383,DOMO,DOMO,estimado_promedio_simple,746,DOMO,False,,2022-03-07
2022-04-11,15.384615384615383,DOMO,DOMO,estimado_promedio_simple,747,DOMO,False,,2022-04-11
2022-04-18,15.384615384615383,DOMO,DOMO,estimado_promedio_simple,748,DOMO,False,,2022-04-18
2022-05-02,15.384615384615383,DOMO,DOMO,estimado_promedio_simple,749,DOMO,False,,2022-05-02
2022-05-16,15.384615384615383,DOMO,DOMO,estimado_promedio_simple,750,DOMO,False,,2022-05-16
2022-05-23,15.384615384615383,DOMO,DOMO,estimado_promedio_simple,751,DOMO,False,,2022-05-23
2022-07-04,15.384615384615383,DOMO,DOMO,estimado_promedio_simple,752,DOMO,False,,2022-07-04
2022-07-11,15.384615384615383,DOMO,DOMO,estimado_promedio_simple,753,DOMO,False,,2022-07-11
2022-10-10,15.384615384615383,DOMO,DOMO,estimado_promedio_simple,754,DOMO,False,,2022-10-10
2023-04-10,15.384615384615383,DOMO,DOMO,estimado_promedio_simple,755,DOMO,False,,2023-04-10
2023-05-08,15.384615384615383,DOMO,DOMO,estimado_promedio_simple,756,DOMO,False,,2023-05-08
2023-06-19,15.384615384615383,DOMO,DOMO,estimado_promedio_simple,757,DOMO,False,,2023-06-19
2023-07-03,15.384615384615383,DOMO,DOMO,estimado_promedio_simple,758,DOMO,False,,2023-07-03
2023-08-28,2000.0,DOMO,DOMO,observado,759,DOMO,False,,2023-08-28
2023-10-23,15.384615384615383,DOMO,DOMO,estimado_promedio_simple,760,DOMO,False,,2023-10-23
2024-01-29,15.384615384615383,DOMO,DOMO,estimado_promedio_simple,761,DOMO,False,,2024-01-29
2024-02-19,15.384615384615383,DOMO,DOMO,estimado_promedio_simple,762,DOMO,False,,2024-02-19
2024-03-18,15.384615384615383,DOMO,DOMO,estimado_promedio_simple,763,DOMO,False,,2024-03-18
2024-04-15,15.384615384615383,DOMO,DOMO,estimado_promedio_simple,764,DOMO,False,,2024-04-15
2021-05-10,5.709923076923077,DULCERIA,DULCERIA,estimado_promedio_simple,765,DULCERIA,False,,2021-05-10
2021-05-24,5.709923076923077,DULCERIA,DULCERIA,estimado_promedio_simple,766,DULCERIA,False,,2021-05-24
2021-06-07,5.709923076923077,DULCERIA,DULCERIA,estimado_promedio_simple,767,DULCERIA,False,,2021-06-07
2021-07-05,5.709923076923077,DULCERIA,DULCERIA,estimado_promedio_simple,768,DULCERIA,False,,2021-07-05
2021-07-12,5.709923076923077,DULCERIA,DULCERIA,estimado_promedio_simple,769,DULCERIA,False,,2021-07-12
2021-08-02,5.709923076923077,DULCERIA,DULCERIA,estimado_promedio_simple,770,DULCERIA,False,,2021-08-02
2021-08-09,5.709923076923077,DULCERIA,DULCERIA,estimado_promedio_simple,771,DULCERIA,False,,2021-08-09
2021-08-16,5.709923076923077,DULCERIA,DULCERIA,estimado_promedio_simple,772,DULCERIA,False,,2021-08-16
2021-08-30,5.709923076923077,DULCERIA,DULCERIA,estimado_promedio_simple,773,DULCERIA,False,,2021-08-30
2021-11-29,30.0,DULCERIA,DULCERIA,observado,774,DULCERIA,False,,2021-11-29
2022-02-21,16.0,DULCERIA,DULCERIA,observado,775,DULCERIA,False,,2022-02-21
2022-03-07,5.709923076923077,DULCERIA,DULCERIA,estimado_promedio_simple,776,DULCERIA,False,,2022-03-07
2022-04-11,5.709923076923077,DULCERIA,DULCERIA,estimado_promedio_simple,777,DULCERIA,False,,2022-04-11
2022-04-18,5.709923076923077,DULCERIA,DULCERIA,estimado_promedio_simple,778,DULCERIA,False,,2022-04-18
2022-04-25,58.5,DULCERIA,DULCERIA,observado,779,DULCERIA,False,,2022-04-25
2022-05-02,5.709923076923077,DULCERIA,DULCERIA,estimado_promedio_simple,780,DULCERIA,False,,2022-05-02
2022-05-16,5.709923076923077,DULCERIA,DULCERIA,estimado_promedio_simple,781,DULCERIA,False,,2022-05-16
2022-05-23,5.709923076923077,DULCERIA,DULCERIA,estimado_promedio_simple,782,DULCERIA,False,,2022-05-23
2022-07-04,5.709923076923077,DULCERIA,DULCERIA,estimado_promedio_simple,783,DULCERIA,False,,2022-07-04
2022-07-11,5.709923076923077,DULCERIA,DULCERIA,estimado_promedio_simple,784,DULCERIA,False,,2022-07-11
2022-08-08,15.0,DULCERIA,DULCERIA,observado,785,DULCERIA,False,,2022-08-08
2022-10-10,5.709923076923077,DULCERIA,DULCERIA,estimado_promedio_simple,786,DULCERIA,False,,2022-10-10
2022-12-12,40.0,DULCERIA,DULCERIA,observado,787,DULCERIA,False,,2022-12-12
2022-12-19,56.0,DULCERIA,DULCERIA,observado,788,DULCERIA,False,,2022-12-19
2023-03-13,22.0,DULCERIA,DULCERIA,observado,789,DULCERIA,False,,2023-03-13
2023-04-10,5.709923076923077,DULCERIA,DULCERIA,estimado_promedio_simple,790,DULCERIA,False,,2023-04-10
2023-04-17,22.0,DULCERIA,DULCERIA,observado,791,DULCERIA,False,,2023-04-17
2023-05-08,5.709923076923077,DULCERIA,DULCERIA,estimado_promedio_simple,792,DULCERIA,False,,2023-05-08
2023-06-19,5.709923076923077,DULCERIA,DULCERIA,estimado_promedio_simple,793,DULCERIA,False,,2023-06-19
2023-07-03,5.709923076923077,DULCERIA,DULCERIA,estimado_promedio_simple,794,DULCERIA,False,,2023-07-03
2023-07-17,22.0,DULCERIA,DULCERIA,observado,795,DULCERIA,False,,2023-07-17
2023-07-31,22.0,DULCERIA,DULCERIA,observado,796,DULCERIA,False,,2023-07-31
2023-08-07,44.0,DULCERIA,DULCERIA,observado,797,DULCERIA,False,,2023-08-07
2023-09-04,180.92,DULCERIA,DULCERIA,observado,798,DULCERIA,False,,2023-09-04
2023-10-23,5.709923076923077,DULCERIA,DULCERIA,estimado_promedio_simple,799,DULCERIA,False,,2023-10-23
2023-12-04,132.58,DULCERIA,DULCERIA,observado,800,DULCERIA,False,,2023-12-04
2024-01-29,5.709923076923077,DULCERIA,DULCERIA,estimado_promedio_simple,801,DULCERIA,False,,2024-01-29
2024-02-12,66.29,DULCERIA,DULCERIA,observado,802,DULCERIA,False,,2024-02-12
2024-02-19,5.709923076923077,DULCERIA,DULCERIA,estimado_promedio_simple,803,DULCERIA,False,,2024-02-19
2024-03-11,15.0,DULCERIA,DULCERIA,observado,804,DULCERIA,False,,2024-03-11
2024-03-18,5.709923076923077,DULCERIA,DULCERIA,estimado_promedio_simple,805,DULCERIA,False,,2024-03-18
2024-04-15,5.709923076923077,DULCERIA,DULCERIA,estimado_promedio_simple,806,DULCERIA,False,,2024-04-15
2021-05-03,48.0,EMPAQUE,EMPAQUE,observado,807,EMPAQUE,False,,2021-05-03
2021-05-10,57.70776923076923,EMPAQUE,EMPAQUE,estimado_promedio_simple,808,EMPAQUE,False,,2021-05-10
2021-05-17,35.0,EMPAQUE,EMPAQUE,observado,809,EMPAQUE,False,,2021-05-17
2021-05-24,57.70776923076923,EMPAQUE,EMPAQUE,estimado_promedio_simple,810,EMPAQUE,False,,2021-05-24
2021-06-07,57.70776923076923,EMPAQUE,EMPAQUE,estimado_promedio_simple,811,EMPAQUE,False,,2021-06-07
2021-06-14,35.0,EMPAQUE,EMPAQUE,observado,812,EMPAQUE,False,,2021-06-14
2021-07-05,57.70776923076923,EMPAQUE,EMPAQUE,estimado_promedio_simple,813,EMPAQUE,False,,2021-07-05
2021-07-12,57.70776923076923,EMPAQUE,EMPAQUE,estimado_promedio_simple,814,EMPAQUE,False,,2021-07-12
2021-07-19,170.0,EMPAQUE,EMPAQUE,observado,815,EMPAQUE,False,,2021-07-19
2021-07-26,40.0,EMPAQUE,EMPAQUE,observado,816,EMPAQUE,False,,2021-07-26
2021-08-02,57.70776923076923,EMPAQUE,EMPAQUE,estimado_promedio_simple,817,EMPAQUE,False,,2021-08-02
2021-08-09,57.70776923076923,EMPAQUE,EMPAQUE,estimado_promedio_simple,818,EMPAQUE,False,,2021-08-09
2021-08-16,57.70776923076923,EMPAQUE,EMPAQUE,estimado_promedio_simple,819,EMPAQUE,False,,2021-08-16
2021-08-23,110.0,EMPAQUE,EMPAQUE,observado,820,EMPAQUE,False,,2021-08-23
2021-08-30,57.70776923076923,EMPAQUE,EMPAQUE,estimado_promedio_simple,821,EMPAQUE,False,,2021-08-30
2021-09-06,30.0,EMPAQUE,EMPAQUE,observado,822,EMPAQUE,False,,2021-09-06
2021-09-27,118.0,EMPAQUE,EMPAQUE,observado,823,EMPAQUE,False,,2021-09-27
2021-10-18,16.0,EMPAQUE,EMPAQUE,observado,824,EMPAQUE,False,,2021-10-18
2021-10-25,55.0,EMPAQUE,EMPAQUE,observado,825,EMPAQUE,False,,2021-10-25
2021-11-01,15.0,EMPAQUE,EMPAQUE,observado,826,EMPAQUE,False,,2021-11-01
2021-11-08,54.0,EMPAQUE,EMPAQUE,observado,827,EMPAQUE,False,,2021-11-08
2021-11-15,35.0,EMPAQUE,EMPAQUE,observado,828,EMPAQUE,False,,2021-11-15
2021-11-29,30.0,EMPAQUE,EMPAQUE,observado,829,EMPAQUE,False,,2021-11-29
2021-12-06,182.0,EMPAQUE,EMPAQUE,observado,830,EMPAQUE,False,,2021-12-06
2021-12-13,94.0,EMPAQUE,EMPAQUE,observado,831,EMPAQUE,False,,2021-12-13
2021-12-20,34.0,EMPAQUE,EMPAQUE,observado,832,EMPAQUE,False,,2021-12-20
2021-12-27,64.0,EMPAQUE,EMPAQUE,observado,833,EMPAQUE,False,,2021-12-27
2022-01-10,42.5,EMPAQUE,EMPAQUE,observado,834,EMPAQUE,False,,2022-01-10
2022-01-17,160.1,EMPAQUE,EMPAQUE,observado,835,EMPAQUE,False,,2022-01-17
2022-01-24,32.0,EMPAQUE,EMPAQUE,observado,836,EMPAQUE,False,,2022-01-24
2022-01-31,65.0,EMPAQUE,EMPAQUE,observado,837,EMPAQUE,False,,2022-01-31
2022-02-07,112.5,EMPAQUE,EMPAQUE,observado,838,EMPAQUE,False,,2022-02-07
2022-03-07,57.70776923076923,EMPAQUE,EMPAQUE,estimado_promedio_simple,839,EMPAQUE,False,,2022-03-07
2022-03-14,428.5,EMPAQUE,EMPAQUE,observado,840,EMPAQUE,False,,2022-03-14
2022-04-04,25.0,EMPAQUE,EMPAQUE,observado,841,EMPAQUE,False,,2022-04-04
2022-04-11,57.70776923076923,EMPAQUE,EMPAQUE,estimado_promedio_simple,842,EMPAQUE,False,,2022-04-11
2022-04-18,57.70776923076923,EMPAQUE,EMPAQUE,estimado_promedio_simple,843,EMPAQUE,False,,2022-04-18
2022-05-02,57.70776923076923,EMPAQUE,EMPAQUE,estimado_promedio_simple,844,EMPAQUE,False,,2022-05-02
2022-05-09,50.0,EMPAQUE,EMPAQUE,observado,845,EMPAQUE,False,,2022-05-09
2022-05-16,57.70776923076923,EMPAQUE,EMPAQUE,estimado_promedio_simple,846,EMPAQUE,False,,2022-05-16
2022-05-23,57.70776923076923,EMPAQUE,EMPAQUE,estimado_promedio_simple,847,EMPAQUE,False,,2022-05-23
2022-05-30,55.5,EMPAQUE,EMPAQUE,observado,848,EMPAQUE,False,,2022-05-30
2022-06-27,33.0,EMPAQUE,EMPAQUE,observado,849,EMPAQUE,False,,2022-06-27
2022-07-04,57.70776923076923,EMPAQUE,EMPAQUE,estimado_promedio_simple,850,EMPAQUE,False,,2022-07-04
2022-07-11,57.70776923076923,EMPAQUE,EMPAQUE,estimado_promedio_simple,851,EMPAQUE,False,,2022-07-11
2022-07-25,62.0,EMPAQUE,EMPAQUE,observado,852,EMPAQUE,False,,2022-07-25
2022-08-08,65.0,EMPAQUE,EMPAQUE,observado,853,EMPAQUE,False,,2022-08-08
2022-08-22,14.5,EMPAQUE,EMPAQUE,observado,854,EMPAQUE,False,,2022-08-22
2022-08-29,62.0,EMPAQUE,EMPAQUE,observado,855,EMPAQUE,False,,2022-08-29
2022-09-19,64.0,EMPAQUE,EMPAQUE,observado,856,EMPAQUE,False,,2022-09-19
2022-10-10,57.70776923076923,EMPAQUE,EMPAQUE,estimado_promedio_simple,857,EMPAQUE,False,,2022-10-10
2022-10-17,50.0,EMPAQUE,EMPAQUE,observado,858,EMPAQUE,False,,2022-10-17
2022-10-24,37.0,EMPAQUE,EMPAQUE,observado,859,EMPAQUE,False,,2022-10-24
2022-11-28,48.0,EMPAQUE,EMPAQUE,observado,860,EMPAQUE,False,,2022-11-28
2022-12-26,21.0,EMPAQUE,EMPAQUE,observado,861,EMPAQUE,False,,2022-12-26
2023-01-02,10.0,EMPAQUE,EMPAQUE,observado,862,EMPAQUE,False,,2023-01-02
2023-01-16,255.32,EMPAQUE,EMPAQUE,observado,863,EMPAQUE,False,,2023-01-16
2023-01-23,25.0,EMPAQUE,EMPAQUE,observado,864,EMPAQUE,False,,2023-01-23
2023-02-06,264.2,EMPAQUE,EMPAQUE,observado,865,EMPAQUE,False,,2023-02-06
2023-02-13,32.0,EMPAQUE,EMPAQUE,observado,866,EMPAQUE,False,,2023-02-13
2023-03-06,44.0,EMPAQUE,EMPAQUE,observado,867,EMPAQUE,False,,2023-03-06
2023-03-13,82.0,EMPAQUE,EMPAQUE,observado,868,EMPAQUE,False,,2023-03-13
2023-03-20,179.32,EMPAQUE,EMPAQUE,observado,869,EMPAQUE,False,,2023-03-20
2023-03-27,52.0,EMPAQUE,EMPAQUE,observado,870,EMPAQUE,False,,2023-03-27
2023-04-10,57.70776923076923,EMPAQUE,EMPAQUE,estimado_promedio_simple,871,EMPAQUE,False,,2023-04-10
2023-04-17,20.0,EMPAQUE,EMPAQUE,observado,872,EMPAQUE,False,,2023-04-17
2023-05-08,57.70776923076923,EMPAQUE,EMPAQUE,estimado_promedio_simple,873,EMPAQUE,False,,2023-05-08
2023-06-05,52.0,EMPAQUE,EMPAQUE,observado,874,EMPAQUE,False,,2023-06-05
2023-06-19,57.70776923076923,EMPAQUE,EMPAQUE,estimado_promedio_simple,875,EMPAQUE,False,,2023-06-19
2023-07-03,57.70776923076923,EMPAQUE,EMPAQUE,estimado_promedio_simple,876,EMPAQUE,False,,2023-07-03
2023-07-10,36.0,EMPAQUE,EMPAQUE,observado,877,EMPAQUE,False,,2023-07-10
2023-07-17,81.0,EMPAQUE,EMPAQUE,observado,878,EMPAQUE,False,,2023-07-17
2023-07-24,179.32,EMPAQUE,EMPAQUE,observado,879,EMPAQUE,False,,2023-07-24
2023-08-07,145.0,EMPAQUE,EMPAQUE,observado,880,EMPAQUE,False,,2023-08-07
2023-09-04,553.64,EMPAQUE,EMPAQUE,observado,881,EMPAQUE,False,,2023-09-04
2023-09-11,78.0,EMPAQUE,EMPAQUE,observado,882,EMPAQUE,False,,2023-09-11
2023-10-09,80.0,EMPAQUE,EMPAQUE,observado,883,EMPAQUE,False,,2023-10-09
2023-10-16,1118.0,EMPAQUE,EMPAQUE,observado,884,EMPAQUE,False,,2023-10-16
2023-10-23,57.70776923076923,EMPAQUE,EMPAQUE,estimado_promedio_simple,885,EMPAQUE,False,,2023-10-23
2023-10-30,121.32,EMPAQUE,EMPAQUE,observado,886,EMPAQUE,False,,2023-10-30
2023-11-13,25.0,EMPAQUE,EMPAQUE,observado,887,EMPAQUE,False,,2023-11-13
2023-11-20,96.0,EMPAQUE,EMPAQUE,observado,888,EMPAQUE,False,,2023-11-20
2023-11-27,122.0,EMPAQUE,EMPAQUE,observado,889,EMPAQUE,False,,2023-11-27
2023-12-04,218.47,EMPAQUE,EMPAQUE,observado,890,EMPAQUE,False,,2023-12-04
2023-12-11,38.0,EMPAQUE,EMPAQUE,observado,891,EMPAQUE,False,,2023-12-11
2023-12-25,261.0,EMPAQUE,EMPAQUE,observado,892,EMPAQUE,False,,2023-12-25
2024-01-08,64.0,EMPAQUE,EMPAQUE,observado,893,EMPAQUE,False,,2024-01-08
2024-01-29,57.70776923076923,EMPAQUE,EMPAQUE,estimado_promedio_simple,894,EMPAQUE,False,,2024-01-29
2024-02-05,332.92,EMPAQUE,EMPAQUE,observado,895,EMPAQUE,False,,2024-02-05
2024-02-12,52.9,EMPAQUE,EMPAQUE,observado,896,EMPAQUE,False,,2024-02-12
2024-02-19,57.70776923076923,EMPAQUE,EMPAQUE,estimado_promedio_simple,897,EMPAQUE,False,,2024-02-19
2024-02-26,38.0,EMPAQUE,EMPAQUE,observado,898,EMPAQUE,False,,2024-02-26
2024-03-18,57.70776923076923,EMPAQUE,EMPAQUE,estimado_promedio_simple,899,EMPAQUE,False,,2024-03-18
2024-03-25,64.0,EMPAQUE,EMPAQUE,observado,900,EMPAQUE,False,,2024-03-25
2024-04-08,48.0,EMPAQUE,EMPAQUE,observado,901,EMPAQUE,False,,2024-04-08
2024-04-15,57.70776923076923,EMPAQUE,EMPAQUE,estimado_promedio_simple,902,EMPAQUE,False,,2024-04-15
2024-04-29,141.0,EMPAQUE,EMPAQUE,observado,903,EMPAQUE,False,,2024-04-29
2021-05-10,66.13076923076923,FONDANT,FONDANT,estimado_promedio_simple,904,FONDANT,False,,2021-05-10
2021-05-17,83.0,FONDANT,FONDANT,observado,905,FONDANT,False,,2021-05-17
2021-05-24,66.13076923076923,FONDANT,FONDANT,estimado_promedio_simple,906,FONDANT,False,,2021-05-24
2021-06-07,66.13076923076923,FONDANT,FONDANT,estimado_promedio_simple,907,FONDANT,False,,2021-06-07
2021-06-21,83.0,FONDANT,FONDANT,observado,908,FONDANT,False,,2021-06-21
2021-07-05,66.13076923076923,FONDANT,FONDANT,estimado_promedio_simple,909,FONDANT,False,,2021-07-05
2021-07-12,66.13076923076923,FONDANT,FONDANT,estimado_promedio_simple,910,FONDANT,False,,2021-07-12
2021-07-19,249.0,FONDANT,FONDANT,observado,911,FONDANT,False,,2021-07-19
2021-07-26,83.0,FONDANT,FONDANT,observado,912,FONDANT,False,,2021-07-26
2021-08-02,66.13076923076923,FONDANT,FONDANT,estimado_promedio_simple,913,FONDANT,False,,2021-08-02
2021-08-09,66.13076923076923,FONDANT,FONDANT,estimado_promedio_simple,914,FONDANT,False,,2021-08-09
2021-08-16,66.13076923076923,FONDANT,FONDANT,estimado_promedio_simple,915,FONDANT,False,,2021-08-16
2021-08-23,83.0,FONDANT,FONDANT,observado,916,FONDANT,False,,2021-08-23
2021-08-30,66.13076923076923,FONDANT,FONDANT,estimado_promedio_simple,917,FONDANT,False,,2021-08-30
2021-09-13,166.0,FONDANT,FONDANT,observado,918,FONDANT,False,,2021-09-13
2021-09-20,83.0,FONDANT,FONDANT,observado,919,FONDANT,False,,2021-09-20
2021-11-15,166.0,FONDANT,FONDANT,observado,920,FONDANT,False,,2021-11-15
2021-11-22,83.0,FONDANT,FONDANT,observado,921,FONDANT,False,,2021-11-22
2021-12-06,249.0,FONDANT,FONDANT,observado,922,FONDANT,False,,2021-12-06
2021-12-20,95.0,FONDANT,FONDANT,observado,923,FONDANT,False,,2021-12-20
2022-01-10,166.0,FONDANT,FONDANT,observado,924,FONDANT,False,,2022-01-10
2022-02-07,95.0,FONDANT,FONDANT,observado,925,FONDANT,False,,2022-02-07
2022-02-28,166.0,FONDANT,FONDANT,observado,926,FONDANT,False,,2022-02-28
2022-03-07,66.13076923076923,FONDANT,FONDANT,estimado_promedio_simple,927,FONDANT,False,,2022-03-07
2022-03-21,83.0,FONDANT,FONDANT,observado,928,FONDANT,False,,2022-03-21
2022-04-04,332.0,FONDANT,FONDANT,observado,929,FONDANT,False,,2022-04-04
2022-04-11,66.13076923076923,FONDANT,FONDANT,estimado_promedio_simple,930,FONDANT,False,,2022-04-11
2022-04-18,66.13076923076923,FONDANT,FONDANT,estimado_promedio_simple,931,FONDANT,False,,2022-04-18
2022-04-25,83.0,FONDANT,FONDANT,observado,932,FONDANT,False,,2022-04-25
2022-05-02,66.13076923076923,FONDANT,FONDANT,estimado_promedio_simple,933,FONDANT,False,,2022-05-02
2022-05-09,166.0,FONDANT,FONDANT,observado,934,FONDANT,False,,2022-05-09
2022-05-16,66.13076923076923,FONDANT,FONDANT,estimado_promedio_simple,935,FONDANT,False,,2022-05-16
2022-05-23,66.13076923076923,FONDANT,FONDANT,estimado_promedio_simple,936,FONDANT,False,,2022-05-23
2022-06-13,83.0,FONDANT,FONDANT,observado,937,FONDANT,False,,2022-06-13
2022-06-27,166.0,FONDANT,FONDANT,observado,938,FONDANT,False,,2022-06-27
2022-07-04,66.13076923076923,FONDANT,FONDANT,estimado_promedio_simple,939,FONDANT,False,,2022-07-04
2022-07-11,66.13076923076923,FONDANT,FONDANT,estimado_promedio_simple,940,FONDANT,False,,2022-07-11
2022-07-25,166.0,FONDANT,FONDANT,observado,941,FONDANT,False,,2022-07-25
2022-08-22,166.0,FONDANT,FONDANT,observado,942,FONDANT,False,,2022-08-22
2022-09-05,83.0,FONDANT,FONDANT,observado,943,FONDANT,False,,2022-09-05
2022-09-12,83.0,FONDANT,FONDANT,observado,944,FONDANT,False,,2022-09-12
2022-09-26,85.0,FONDANT,FONDANT,observado,945,FONDANT,False,,2022-09-26
2022-10-10,66.13076923076923,FONDANT,FONDANT,estimado_promedio_simple,946,FONDANT,False,,2022-10-10
2022-11-07,166.0,FONDANT,FONDANT,observado,947,FONDANT,False,,2022-11-07
2022-11-21,83.0,FONDANT,FONDANT,observado,948,FONDANT,False,,2022-11-21
2022-11-28,166.0,FONDANT,FONDANT,observado,949,FONDANT,False,,2022-11-28
2022-12-12,83.0,FONDANT,FONDANT,observado,950,FONDANT,False,,2022-12-12
2022-12-19,415.0,FONDANT,FONDANT,observado,951,FONDANT,False,,2022-12-19
2022-12-26,415.0,FONDANT,FONDANT,observado,952,FONDANT,False,,2022-12-26
2023-01-16,83.0,FONDANT,FONDANT,observado,953,FONDANT,False,,2023-01-16
2023-02-06,83.0,FONDANT,FONDANT,observado,954,FONDANT,False,,2023-02-06
2023-02-27,415.0,FONDANT,FONDANT,observado,955,FONDANT,False,,2023-02-27
2023-03-27,259.0,FONDANT,FONDANT,observado,956,FONDANT,False,,2023-03-27
2023-04-03,83.0,FONDANT,FONDANT,observado,957,FONDANT,False,,2023-04-03
2023-04-10,66.13076923076923,FONDANT,FONDANT,estimado_promedio_simple,958,FONDANT,False,,2023-04-10
2023-05-01,83.0,FONDANT,FONDANT,observado,959,FONDANT,False,,2023-05-01
2023-05-08,66.13076923076923,FONDANT,FONDANT,estimado_promedio_simple,960,FONDANT,False,,2023-05-08
2023-05-22,166.0,FONDANT,FONDANT,observado,961,FONDANT,False,,2023-05-22
2023-06-05,83.0,FONDANT,FONDANT,observado,962,FONDANT,False,,2023-06-05
2023-06-19,66.13076923076923,FONDANT,FONDANT,estimado_promedio_simple,963,FONDANT,False,,2023-06-19
2023-06-26,166.0,FONDANT,FONDANT,observado,964,FONDANT,False,,2023-06-26
2023-07-03,66.13076923076923,FONDANT,FONDANT,estimado_promedio_simple,965,FONDANT,False,,2023-07-03
2023-07-10,166.0,FONDANT,FONDANT,observado,966,FONDANT,False,,2023-07-10
2023-07-17,166.0,FONDANT,FONDANT,observado,967,FONDANT,False,,2023-07-17
2023-07-24,83.0,FONDANT,FONDANT,observado,968,FONDANT,False,,2023-07-24
2023-07-31,166.0,FONDANT,FONDANT,observado,969,FONDANT,False,,2023-07-31
2023-08-14,83.0,FONDANT,FONDANT,observado,970,FONDANT,False,,2023-08-14
2023-09-04,166.0,FONDANT,FONDANT,observado,971,FONDANT,False,,2023-09-04
2023-09-25,166.0,FONDANT,FONDANT,observado,972,FONDANT,False,,2023-09-25
2023-10-09,166.0,FONDANT,FONDANT,observado,973,FONDANT,False,,2023-10-09
2023-10-16,166.0,FONDANT,FONDANT,observado,974,FONDANT,False,,2023-10-16
2023-10-23,66.13076923076923,FONDANT,FONDANT,estimado_promedio_simple,975,FONDANT,False,,2023-10-23
2023-10-30,83.0,FONDANT,FONDANT,observado,976,FONDANT,False,,2023-10-30
2023-11-06,83.0,FONDANT,FONDANT,observado,977,FONDANT,False,,2023-11-06
2023-11-13,83.0,FONDANT,FONDANT,observado,978,FONDANT,False,,2023-11-13
2023-12-04,83.0,FONDANT,FONDANT,observado,979,FONDANT,False,,2023-12-04
2023-12-11,83.0,FONDANT,FONDANT,observado,980,FONDANT,False,,2023-12-11
2024-01-08,83.0,FONDANT,FONDANT,observado,981,FONDANT,False,,2024-01-08
2024-01-29,66.13076923076923,FONDANT,FONDANT,estimado_promedio_simple,982,FONDANT,False,,2024-01-29
2024-02-05,249.0,FONDANT,FONDANT,observado,983,FONDANT,False,,2024-02-05
2024-02-12,166.0,FONDANT,FONDANT,observado,984,FONDANT,False,,2024-02-12
2024-02-19,66.13076923076923,FONDANT,FONDANT,estimado_promedio_simple,985,FONDANT,False,,2024-02-19
2024-03-18,66.13076923076923,FONDANT,FONDANT,estimado_promedio_simple,986,FONDANT,False,,2024-03-18
2024-04-08,87.0,FONDANT,FONDANT,observado,987,FONDANT,False,,2024-04-08
2024-04-15,66.13076923076923,FONDANT,FONDANT,estimado_promedio_simple,988,FONDANT,False,,2024-04-15
2024-04-29,174.0,FONDANT,FONDANT,observado,989,FONDANT,False,,2024-04-29
2021-05-10,7.092538461538461,GALLETAS,GALLETAS,estimado_promedio_simple,990,GALLETAS,False,,2021-05-10
2021-05-24,7.092538461538461,GALLETAS,GALLETAS,estimado_promedio_simple,991,GALLETAS,False,,2021-05-24
2021-06-07,7.092538461538461,GALLETAS,GALLETAS,estimado_promedio_simple,992,GALLETAS,False,,2021-06-07
2021-07-05,7.092538461538461,GALLETAS,GALLETAS,estimado_promedio_simple,993,GALLETAS,False,,2021-07-05
2021-07-12,7.092538461538461,GALLETAS,GALLETAS,estimado_promedio_simple,994,GALLETAS,False,,2021-07-12
2021-08-02,7.092538461538461,GALLETAS,GALLETAS,estimado_promedio_simple,995,GALLETAS,False,,2021-08-02
2021-08-09,7.092538461538461,GALLETAS,GALLETAS,estimado_promedio_simple,996,GALLETAS,False,,2021-08-09
2021-08-16,7.092538461538461,GALLETAS,GALLETAS,estimado_promedio_simple,997,GALLETAS,False,,2021-08-16
2021-08-30,7.092538461538461,GALLETAS,GALLETAS,estimado_promedio_simple,998,GALLETAS,False,,2021-08-30
2021-09-27,22.7,GALLETAS,GALLETAS,observado,999,GALLETAS,False,,2021-09-27
2021-11-29,21.9,GALLETAS,GALLETAS,observado,1000,GALLETAS,False,,2021-11-29
2022-01-31,21.9,GALLETAS,GALLETAS,observado,1001,GALLETAS,False,,2022-01-31
2022-03-07,7.092538461538461,GALLETAS,GALLETAS,estimado_promedio_simple,1002,GALLETAS,False,,2022-03-07
2022-04-11,7.092538461538461,GALLETAS,GALLETAS,estimado_promedio_simple,1003,GALLETAS,False,,2022-04-11
2022-04-18,7.092538461538461,GALLETAS,GALLETAS,estimado_promedio_simple,1004,GALLETAS,False,,2022-04-18
2022-05-02,7.092538461538461,GALLETAS,GALLETAS,estimado_promedio_simple,1005,GALLETAS,False,,2022-05-02
2022-05-09,82.0,GALLETAS,GALLETAS,observado,1006,GALLETAS,False,,2022-05-09
2022-05-16,7.092538461538461,GALLETAS,GALLETAS,estimado_promedio_simple,1007,GALLETAS,False,,2022-05-16
2022-05-23,7.092538461538461,GALLETAS,GALLETAS,estimado_promedio_simple,1008,GALLETAS,False,,2022-05-23
2022-07-04,7.092538461538461,GALLETAS,GALLETAS,estimado_promedio_simple,1009,GALLETAS,False,,2022-07-04
2022-07-11,7.092538461538461,GALLETAS,GALLETAS,estimado_promedio_simple,1010,GALLETAS,False,,2022-07-11
2022-08-29,43.0,GALLETAS,GALLETAS,observado,1011,GALLETAS,False,,2022-08-29
2022-09-26,43.0,GALLETAS,GALLETAS,observado,1012,GALLETAS,False,,2022-09-26
2022-10-10,7.092538461538461,GALLETAS,GALLETAS,estimado_promedio_simple,1013,GALLETAS,False,,2022-10-10
2022-11-28,21.5,GALLETAS,GALLETAS,observado,1014,GALLETAS,False,,2022-11-28
2023-01-02,28.5,GALLETAS,GALLETAS,observado,1015,GALLETAS,False,,2023-01-02
2023-01-16,33.0,GALLETAS,GALLETAS,observado,1016,GALLETAS,False,,2023-01-16
2023-01-23,41.5,GALLETAS,GALLETAS,observado,1017,GALLETAS,False,,2023-01-23
2023-01-30,45.0,GALLETAS,GALLETAS,observado,1018,GALLETAS,False,,2023-01-30
2023-02-06,57.5,GALLETAS,GALLETAS,observado,1019,GALLETAS,False,,2023-02-06
2023-02-20,22.5,GALLETAS,GALLETAS,observado,1020,GALLETAS,False,,2023-02-20
2023-04-10,7.092538461538461,GALLETAS,GALLETAS,estimado_promedio_simple,1021,GALLETAS,False,,2023-04-10
2023-05-08,7.092538461538461,GALLETAS,GALLETAS,estimado_promedio_simple,1022,GALLETAS,False,,2023-05-08
2023-06-19,7.092538461538461,GALLETAS,GALLETAS,estimado_promedio_simple,1023,GALLETAS,False,,2023-06-19
2023-07-03,7.092538461538461,GALLETAS,GALLETAS,estimado_promedio_simple,1024,GALLETAS,False,,2023-07-03
2023-07-31,48.0,GALLETAS,GALLETAS,observado,1025,GALLETAS,False,,2023-07-31
2023-09-25,67.5,GALLETAS,GALLETAS,observado,1026,GALLETAS,False,,2023-09-25
2023-10-23,7.092538461538461,GALLETAS,GALLETAS,estimado_promedio_simple,1027,GALLETAS,False,,2023-10-23
2023-10-30,57.0,GALLETAS,GALLETAS,observado,1028,GALLETAS,False,,2023-10-30
2023-11-27,53.0,GALLETAS,GALLETAS,observado,1029,GALLETAS,False,,2023-11-27
2023-12-18,60.0,GALLETAS,GALLETAS,observado,1030,GALLETAS,False,,2023-12-18
2024-01-29,7.092538461538461,GALLETAS,GALLETAS,estimado_promedio_simple,1031,GALLETAS,False,,2024-01-29
2024-02-05,66.53,GALLETAS,GALLETAS,observado,1032,GALLETAS,False,,2024-02-05
2024-02-12,86.0,GALLETAS,GALLETAS,observado,1033,GALLETAS,False,,2024-02-12
2024-02-19,7.092538461538461,GALLETAS,GALLETAS,estimado_promedio_simple,1034,GALLETAS,False,,2024-02-19
2024-03-18,7.092538461538461,GALLETAS,GALLETAS,estimado_promedio_simple,1035,GALLETAS,False,,2024-03-18
2024-04-15,7.092538461538461,GALLETAS,GALLETAS,estimado_promedio_simple,1036,GALLETAS,False,,2024-04-15
2021-05-10,77.99369230769231,HARINA,HARINA,estimado_promedio_simple,1037,HARINA,False,,2021-05-10
2021-05-24,77.99369230769231,HARINA,HARINA,estimado_promedio_simple,1038,HARINA,False,,2021-05-24
2021-06-07,77.99369230769231,HARINA,HARINA,estimado_promedio_simple,1039,HARINA,False,,2021-06-07
2021-06-28,33.0,HARINA,HARINA,observado,1040,HARINA,False,,2021-06-28
2021-07-05,77.99369230769231,HARINA,HARINA,estimado_promedio_simple,1041,HARINA,False,,2021-07-05
2021-07-12,77.99369230769231,HARINA,HARINA,estimado_promedio_simple,1042,HARINA,False,,2021-07-12
2021-07-19,90.0,HARINA,HARINA,observado,1043,HARINA,False,,2021-07-19
2021-07-26,52.0,HARINA,HARINA,observado,1044,HARINA,False,,2021-07-26
2021-08-02,77.99369230769231,HARINA,HARINA,estimado_promedio_simple,1045,HARINA,False,,2021-08-02
2021-08-09,77.99369230769231,HARINA,HARINA,estimado_promedio_simple,1046,HARINA,False,,2021-08-09
2021-08-16,77.99369230769231,HARINA,HARINA,estimado_promedio_simple,1047,HARINA,False,,2021-08-16
2021-08-23,68.0,HARINA,HARINA,observado,1048,HARINA,False,,2021-08-23
2021-08-30,77.99369230769231,HARINA,HARINA,estimado_promedio_simple,1049,HARINA,False,,2021-08-30
2021-09-20,45.0,HARINA,HARINA,observado,1050,HARINA,False,,2021-09-20
2021-09-27,71.0,HARINA,HARINA,observado,1051,HARINA,False,,2021-09-27
2021-10-04,100.0,HARINA,HARINA,observado,1052,HARINA,False,,2021-10-04
2021-10-11,45.0,HARINA,HARINA,observado,1053,HARINA,False,,2021-10-11
2021-10-25,120.0,HARINA,HARINA,observado,1054,HARINA,False,,2021-10-25
2021-11-08,78.0,HARINA,HARINA,observado,1055,HARINA,False,,2021-11-08
2021-11-15,142.0,HARINA,HARINA,observado,1056,HARINA,False,,2021-11-15
2021-11-29,169.5,HARINA,HARINA,observado,1057,HARINA,False,,2021-11-29
2021-12-06,143.0,HARINA,HARINA,observado,1058,HARINA,False,,2021-12-06
2021-12-13,105.0,HARINA,HARINA,observado,1059,HARINA,False,,2021-12-13
2021-12-27,58.0,HARINA,HARINA,observado,1060,HARINA,False,,2021-12-27
2022-02-07,54.5,HARINA,HARINA,observado,1061,HARINA,False,,2022-02-07
2022-02-21,107.0,HARINA,HARINA,observado,1062,HARINA,False,,2022-02-21
2022-02-28,47.0,HARINA,HARINA,observado,1063,HARINA,False,,2022-02-28
2022-03-07,77.99369230769231,HARINA,HARINA,estimado_promedio_simple,1064,HARINA,False,,2022-03-07
2022-03-21,57.0,HARINA,HARINA,observado,1065,HARINA,False,,2022-03-21
2022-04-11,77.99369230769231,HARINA,HARINA,estimado_promedio_simple,1066,HARINA,False,,2022-04-11
2022-04-18,77.99369230769231,HARINA,HARINA,estimado_promedio_simple,1067,HARINA,False,,2022-04-18
2022-04-25,161.0,HARINA,HARINA,observado,1068,HARINA,False,,2022-04-25
2022-05-02,77.99369230769231,HARINA,HARINA,estimado_promedio_simple,1069,HARINA,False,,2022-05-02
2022-05-09,78.0,HARINA,HARINA,observado,1070,HARINA,False,,2022-05-09
2022-05-16,77.99369230769231,HARINA,HARINA,estimado_promedio_simple,1071,HARINA,False,,2022-05-16
2022-05-23,77.99369230769231,HARINA,HARINA,estimado_promedio_simple,1072,HARINA,False,,2022-05-23
2022-05-30,158.0,HARINA,HARINA,observado,1073,HARINA,False,,2022-05-30
2022-07-04,77.99369230769231,HARINA,HARINA,estimado_promedio_simple,1074,HARINA,False,,2022-07-04
2022-07-11,77.99369230769231,HARINA,HARINA,estimado_promedio_simple,1075,HARINA,False,,2022-07-11
2022-07-25,133.0,HARINA,HARINA,observado,1076,HARINA,False,,2022-07-25
2022-08-15,65.0,HARINA,HARINA,observado,1077,HARINA,False,,2022-08-15
2022-08-29,93.0,HARINA,HARINA,observado,1078,HARINA,False,,2022-08-29
2022-09-12,65.0,HARINA,HARINA,observado,1079,HARINA,False,,2022-09-12
2022-09-19,101.0,HARINA,HARINA,observado,1080,HARINA,False,,2022-09-19
2022-09-26,20.0,HARINA,HARINA,observado,1081,HARINA,False,,2022-09-26
2022-10-10,77.99369230769231,HARINA,HARINA,estimado_promedio_simple,1082,HARINA,False,,2022-10-10
2022-10-17,172.0,HARINA,HARINA,observado,1083,HARINA,False,,2022-10-17
2022-11-07,116.0,HARINA,HARINA,observado,1084,HARINA,False,,2022-11-07
2022-11-28,21.0,HARINA,HARINA,observado,1085,HARINA,False,,2022-11-28
2022-12-05,51.0,HARINA,HARINA,observado,1086,HARINA,False,,2022-12-05
2022-12-19,246.0,HARINA,HARINA,observado,1087,HARINA,False,,2022-12-19
2022-12-26,167.0,HARINA,HARINA,observado,1088,HARINA,False,,2022-12-26
2023-01-02,238.0,HARINA,HARINA,observado,1089,HARINA,False,,2023-01-02
2023-01-09,130.0,HARINA,HARINA,observado,1090,HARINA,False,,2023-01-09
2023-01-16,65.0,HARINA,HARINA,observado,1091,HARINA,False,,2023-01-16
2023-01-23,130.0,HARINA,HARINA,observado,1092,HARINA,False,,2023-01-23
2023-01-30,51.0,HARINA,HARINA,observado,1093,HARINA,False,,2023-01-30
2023-02-13,232.0,HARINA,HARINA,observado,1094,HARINA,False,,2023-02-13
2023-02-20,20.0,HARINA,HARINA,observado,1095,HARINA,False,,2023-02-20
2023-02-27,85.0,HARINA,HARINA,observado,1096,HARINA,False,,2023-02-27
2023-03-13,279.0,HARINA,HARINA,observado,1097,HARINA,False,,2023-03-13
2023-03-27,259.0,HARINA,HARINA,observado,1098,HARINA,False,,2023-03-27
2023-04-10,77.99369230769231,HARINA,HARINA,estimado_promedio_simple,1099,HARINA,False,,2023-04-10
2023-04-17,78.5,HARINA,HARINA,observado,1100,HARINA,False,,2023-04-17
2023-05-01,187.0,HARINA,HARINA,observado,1101,HARINA,False,,2023-05-01
2023-05-08,77.99369230769231,HARINA,HARINA,estimado_promedio_simple,1102,HARINA,False,,2023-05-08
2023-05-22,167.0,HARINA,HARINA,observado,1103,HARINA,False,,2023-05-22
2023-06-19,77.99369230769231,HARINA,HARINA,estimado_promedio_simple,1104,HARINA,False,,2023-06-19
2023-06-26,177.0,HARINA,HARINA,observado,1105,HARINA,False,,2023-06-26
2023-07-03,77.99369230769231,HARINA,HARINA,estimado_promedio_simple,1106,HARINA,False,,2023-07-03
2023-07-10,293.0,HARINA,HARINA,observado,1107,HARINA,False,,2023-07-10
2023-07-17,51.0,HARINA,HARINA,observado,1108,HARINA,False,,2023-07-17
2023-07-24,112.0,HARINA,HARINA,observado,1109,HARINA,False,,2023-07-24
2023-07-31,326.0,HARINA,HARINA,observado,1110,HARINA,False,,2023-07-31
2023-08-07,51.0,HARINA,HARINA,observado,1111,HARINA,False,,2023-08-07
2023-08-14,116.0,HARINA,HARINA,observado,1112,HARINA,False,,2023-08-14
2023-08-21,61.0,HARINA,HARINA,observado,1113,HARINA,False,,2023-08-21
2023-08-28,51.0,HARINA,HARINA,observado,1114,HARINA,False,,2023-08-28
2023-09-04,170.0,HARINA,HARINA,observado,1115,HARINA,False,,2023-09-04
2023-09-11,68.0,HARINA,HARINA,observado,1116,HARINA,False,,2023-09-11
2023-09-18,68.0,HARINA,HARINA,observado,1117,HARINA,False,,2023-09-18
2023-09-25,72.5,HARINA,HARINA,observado,1118,HARINA,False,,2023-09-25
2023-10-02,51.0,HARINA,HARINA,observado,1119,HARINA,False,,2023-10-02
2023-10-09,163.0,HARINA,HARINA,observado,1120,HARINA,False,,2023-10-09
2023-10-16,112.0,HARINA,HARINA,observado,1121,HARINA,False,,2023-10-16
2023-10-23,77.99369230769231,HARINA,HARINA,estimado_promedio_simple,1122,HARINA,False,,2023-10-23
2023-10-30,244.0,HARINA,HARINA,observado,1123,HARINA,False,,2023-10-30
2023-11-06,126.0,HARINA,HARINA,observado,1124,HARINA,False,,2023-11-06
2023-11-13,194.0,HARINA,HARINA,observado,1125,HARINA,False,,2023-11-13
2023-11-20,64.0,HARINA,HARINA,observado,1126,HARINA,False,,2023-11-20
2023-11-27,17.0,HARINA,HARINA,observado,1127,HARINA,False,,2023-11-27
2023-12-04,314.59000000000003,HARINA,HARINA,observado,1128,HARINA,False,,2023-12-04
2023-12-11,182.0,HARINA,HARINA,observado,1129,HARINA,False,,2023-12-11
2023-12-25,72.0,HARINA,HARINA,observado,1130,HARINA,False,,2023-12-25
2024-01-08,196.59,HARINA,HARINA,observado,1131,HARINA,False,,2024-01-08
2024-01-29,77.99369230769231,HARINA,HARINA,estimado_promedio_simple,1132,HARINA,False,,2024-01-29
2024-02-05,172.0,HARINA,HARINA,observado,1133,HARINA,False,,2024-02-05
2024-02-12,303.0,HARINA,HARINA,observado,1134,HARINA,False,,2024-02-12
2024-02-19,77.99369230769231,HARINA,HARINA,estimado_promedio_simple,1135,HARINA,False,,2024-02-19
2024-02-26,108.0,HARINA,HARINA,observado,1136,HARINA,False,,2024-02-26
2024-03-04,72.0,HARINA,HARINA,observado,1137,HARINA,False,,2024-03-04
2024-03-11,54.0,HARINA,HARINA,observado,1138,HARINA,False,,2024-03-11
2024-03-18,77.99369230769231,HARINA,HARINA,estimado_promedio_simple,1139,HARINA,False,,2024-03-18
2024-03-25,518.0,HARINA,HARINA,observado,1140,HARINA,False,,2024-03-25
2024-04-08,64.0,HARINA,HARINA,observado,1141,HARINA,False,,2024-04-08
2024-04-15,77.99369230769231,HARINA,HARINA,estimado_promedio_simple,1142,HARINA,False,,2024-04-15
2024-04-29,342.0,HARINA,HARINA,observado,1143,HARINA,False,,2024-04-29
2021-05-10,2.15,HORNEADO,HORNEADO,estimado_promedio_simple,1144,HORNEADO,False,,2021-05-10
2021-05-24,2.15,HORNEADO,HORNEADO,estimado_promedio_simple,1145,HORNEADO,False,,2021-05-24
2021-06-07,2.15,HORNEADO,HORNEADO,estimado_promedio_simple,1146,HORNEADO,False,,2021-06-07
2021-07-05,2.15,HORNEADO,HORNEADO,estimado_promedio_simple,1147,HORNEADO,False,,2021-07-05
2021-07-12,2.15,HORNEADO,HORNEADO,estimado_promedio_simple,1148,HORNEADO,False,,2021-07-12
2021-08-02,2.15,HORNEADO,HORNEADO,estimado_promedio_simple,1149,HORNEADO,False,,2021-08-02
2021-08-09,2.15,HORNEADO,HORNEADO,estimado_promedio_simple,1150,HORNEADO,False,,2021-08-09
2021-08-16,2.15,HORNEADO,HORNEADO,estimado_promedio_simple,1151,HORNEADO,False,,2021-08-16
2021-08-30,2.15,HORNEADO,HORNEADO,estimado_promedio_simple,1152,HORNEADO,False,,2021-08-30
2022-03-07,2.15,HORNEADO,HORNEADO,estimado_promedio_simple,1153,HORNEADO,False,,2022-03-07
2022-04-11,2.15,HORNEADO,HORNEADO,estimado_promedio_simple,1154,HORNEADO,False,,2022-04-11
2022-04-18,2.15,HORNEADO,HORNEADO,estimado_promedio_simple,1155,HORNEADO,False,,2022-04-18
2022-05-02,2.15,HORNEADO,HORNEADO,estimado_promedio_simple,1156,HORNEADO,False,,2022-05-02
2022-05-16,2.15,HORNEADO,HORNEADO,estimado_promedio_simple,1157,HORNEADO,False,,2022-05-16
2022-05-23,2.15,HORNEADO,HORNEADO,estimado_promedio_simple,1158,HORNEADO,False,,2022-05-23
2022-07-04,2.15,HORNEADO,HORNEADO,estimado_promedio_simple,1159,HORNEADO,False,,2022-07-04
2022-07-11,2.15,HORNEADO,HORNEADO,estimado_promedio_simple,1160,HORNEADO,False,,2022-07-11
2022-08-29,29.5,HORNEADO,HORNEADO,observado,1161,HORNEADO,False,,2022-08-29
2022-10-10,2.15,HORNEADO,HORNEADO,estimado_promedio_simple,1162,HORNEADO,False,,2022-10-10
2022-12-26,22.0,HORNEADO,HORNEADO,observado,1163,HORNEADO,False,,2022-12-26
2023-04-10,2.15,HORNEADO,HORNEADO,estimado_promedio_simple,1164,HORNEADO,False,,2023-04-10
2023-05-08,2.15,HORNEADO,HORNEADO,estimado_promedio_simple,1165,HORNEADO,False,,2023-05-08
2023-06-19,2.15,HORNEADO,HORNEADO,estimado_promedio_simple,1166,HORNEADO,False,,2023-06-19
2023-07-03,2.15,HORNEADO,HORNEADO,estimado_promedio_simple,1167,HORNEADO,False,,2023-07-03
2023-10-23,2.15,HORNEADO,HORNEADO,estimado_promedio_simple,1168,HORNEADO,False,,2023-10-23
2024-01-29,2.15,HORNEADO,HORNEADO,estimado_promedio_simple,1169,HORNEADO,False,,2024-01-29
2024-02-12,60.0,HORNEADO,HORNEADO,observado,1170,HORNEADO,False,,2024-02-12
2024-02-19,2.15,HORNEADO,HORNEADO,estimado_promedio_simple,1171,HORNEADO,False,,2024-02-19
2024-03-18,2.15,HORNEADO,HORNEADO,estimado_promedio_simple,1172,HORNEADO,False,,2024-03-18
2024-04-08,112.0,HORNEADO,HORNEADO,observado,1173,HORNEADO,False,,2024-04-08
2024-04-15,2.15,HORNEADO,HORNEADO,estimado_promedio_simple,1174,HORNEADO,False,,2024-04-15
2024-04-29,56.0,HORNEADO,HORNEADO,observado,1175,HORNEADO,False,,2024-04-29
2021-05-10,20.97423076923077,HUEVO,HUEVO,estimado_promedio_simple,1176,HUEVO,False,,2021-05-10
2021-05-24,20.97423076923077,HUEVO,HUEVO,estimado_promedio_simple,1177,HUEVO,False,,2021-05-24
2021-06-07,20.97423076923077,HUEVO,HUEVO,estimado_promedio_simple,1178,HUEVO,False,,2021-06-07
2021-07-05,20.97423076923077,HUEVO,HUEVO,estimado_promedio_simple,1179,HUEVO,False,,2021-07-05
2021-07-12,20.97423076923077,HUEVO,HUEVO,estimado_promedio_simple,1180,HUEVO,False,,2021-07-12
2021-08-02,20.97423076923077,HUEVO,HUEVO,estimado_promedio_simple,1181,HUEVO,False,,2021-08-02
2021-08-09,20.97423076923077,HUEVO,HUEVO,estimado_promedio_simple,1182,HUEVO,False,,2021-08-09
2021-08-16,20.97423076923077,HUEVO,HUEVO,estimado_promedio_simple,1183,HUEVO,False,,2021-08-16
2021-08-30,20.97423076923077,HUEVO,HUEVO,estimado_promedio_simple,1184,HUEVO,False,,2021-08-30
2021-10-25,36.0,HUEVO,HUEVO,observado,1185,HUEVO,False,,2021-10-25
2021-12-06,27.0,HUEVO,HUEVO,observado,1186,HUEVO,False,,2021-12-06
2021-12-27,108.9,HUEVO,HUEVO,observado,1187,HUEVO,False,,2021-12-27
2022-01-31,80.0,HUEVO,HUEVO,observado,1188,HUEVO,False,,2022-01-31
2022-02-28,79.0,HUEVO,HUEVO,observado,1189,HUEVO,False,,2022-02-28
2022-03-07,20.97423076923077,HUEVO,HUEVO,estimado_promedio_simple,1190,HUEVO,False,,2022-03-07
2022-03-28,80.0,HUEVO,HUEVO,observado,1191,HUEVO,False,,2022-03-28
2022-04-11,20.97423076923077,HUEVO,HUEVO,estimado_promedio_simple,1192,HUEVO,False,,2022-04-11
2022-04-18,20.97423076923077,HUEVO,HUEVO,estimado_promedio_simple,1193,HUEVO,False,,2022-04-18
2022-04-25,80.0,HUEVO,HUEVO,observado,1194,HUEVO,False,,2022-04-25
2022-05-02,20.97423076923077,HUEVO,HUEVO,estimado_promedio_simple,1195,HUEVO,False,,2022-05-02
2022-05-16,20.97423076923077,HUEVO,HUEVO,estimado_promedio_simple,1196,HUEVO,False,,2022-05-16
2022-05-23,20.97423076923077,HUEVO,HUEVO,estimado_promedio_simple,1197,HUEVO,False,,2022-05-23
2022-05-30,85.0,HUEVO,HUEVO,observado,1198,HUEVO,False,,2022-05-30
2022-06-27,80.0,HUEVO,HUEVO,observado,1199,HUEVO,False,,2022-06-27
2022-07-04,20.97423076923077,HUEVO,HUEVO,estimado_promedio_simple,1200,HUEVO,False,,2022-07-04
2022-07-11,20.97423076923077,HUEVO,HUEVO,estimado_promedio_simple,1201,HUEVO,False,,2022-07-11
2022-08-01,80.0,HUEVO,HUEVO,observado,1202,HUEVO,False,,2022-08-01
2022-09-19,43.0,HUEVO,HUEVO,observado,1203,HUEVO,False,,2022-09-19
2022-09-26,83.0,HUEVO,HUEVO,observado,1204,HUEVO,False,,2022-09-26
2022-10-10,20.97423076923077,HUEVO,HUEVO,estimado_promedio_simple,1205,HUEVO,False,,2022-10-10
2022-10-24,43.0,HUEVO,HUEVO,observado,1206,HUEVO,False,,2022-10-24
2022-10-31,80.0,HUEVO,HUEVO,observado,1207,HUEVO,False,,2022-10-31
2022-11-28,95.0,HUEVO,HUEVO,observado,1208,HUEVO,False,,2022-11-28
2022-12-19,33.5,HUEVO,HUEVO,observado,1209,HUEVO,False,,2022-12-19
2023-01-23,46.5,HUEVO,HUEVO,observado,1210,HUEVO,False,,2023-01-23
2023-02-13,6.0,HUEVO,HUEVO,observado,1211,HUEVO,False,,2023-02-13
2023-02-27,47.0,HUEVO,HUEVO,observado,1212,HUEVO,False,,2023-02-27
2023-03-13,157.08999999999995,HUEVO,HUEVO,observado,1213,HUEVO,False,,2023-03-13
2023-04-03,85.36,HUEVO,HUEVO,observado,1214,HUEVO,False,,2023-04-03
2023-04-10,20.97423076923077,HUEVO,HUEVO,estimado_promedio_simple,1215,HUEVO,False,,2023-04-10
2023-04-17,85.0,HUEVO,HUEVO,observado,1216,HUEVO,False,,2023-04-17
2023-04-24,69.08,HUEVO,HUEVO,observado,1217,HUEVO,False,,2023-04-24
2023-05-01,153.8,HUEVO,HUEVO,observado,1218,HUEVO,False,,2023-05-01
2023-05-08,20.97423076923077,HUEVO,HUEVO,estimado_promedio_simple,1219,HUEVO,False,,2023-05-08
2023-06-19,20.97423076923077,HUEVO,HUEVO,estimado_promedio_simple,1220,HUEVO,False,,2023-06-19
2023-07-03,20.97423076923077,HUEVO,HUEVO,estimado_promedio_simple,1221,HUEVO,False,,2023-07-03
2023-07-10,41.53,HUEVO,HUEVO,observado,1222,HUEVO,False,,2023-07-10
2023-07-17,75.0,HUEVO,HUEVO,observado,1223,HUEVO,False,,2023-07-17
2023-07-24,52.5,HUEVO,HUEVO,observado,1224,HUEVO,False,,2023-07-24
2023-07-31,30.0,HUEVO,HUEVO,observado,1225,HUEVO,False,,2023-07-31
2023-08-21,76.0,HUEVO,HUEVO,observado,1226,HUEVO,False,,2023-08-21
2023-09-04,75.0,HUEVO,HUEVO,observado,1227,HUEVO,False,,2023-09-04
2023-10-09,30.5,HUEVO,HUEVO,observado,1228,HUEVO,False,,2023-10-09
2023-10-16,78.0,HUEVO,HUEVO,observado,1229,HUEVO,False,,2023-10-16
2023-10-23,20.97423076923077,HUEVO,HUEVO,estimado_promedio_simple,1230,HUEVO,False,,2023-10-23
2023-10-30,152.0,HUEVO,HUEVO,observado,1231,HUEVO,False,,2023-10-30
2023-12-25,80.0,HUEVO,HUEVO,observado,1232,HUEVO,False,,2023-12-25
2024-01-08,83.89,HUEVO,HUEVO,observado,1233,HUEVO,False,,2024-01-08
2024-01-29,20.97423076923077,HUEVO,HUEVO,estimado_promedio_simple,1234,HUEVO,False,,2024-01-29
2024-02-12,189.0,HUEVO,HUEVO,observado,1235,HUEVO,False,,2024-02-12
2024-02-19,20.97423076923077,HUEVO,HUEVO,estimado_promedio_simple,1236,HUEVO,False,,2024-02-19
2024-03-18,20.97423076923077,HUEVO,HUEVO,estimado_promedio_simple,1237,HUEVO,False,,2024-03-18
2024-04-15,20.97423076923077,HUEVO,HUEVO,estimado_promedio_simple,1238,HUEVO,False,,2024-04-15
2021-05-10,0.3461538461538461,JARABE,JARABE,estimado_promedio_simple,1239,JARABE,False,,2021-05-10
2021-05-24,0.3461538461538461,JARABE,JARABE,estimado_promedio_simple,1240,JARABE,False,,2021-05-24
2021-06-07,0.3461538461538461,JARABE,JARABE,estimado_promedio_simple,1241,JARABE,False,,2021-06-07
2021-07-05,0.3461538461538461,JARABE,JARABE,estimado_promedio_simple,1242,JARABE,False,,2021-07-05
2021-07-12,0.3461538461538461,JARABE,JARABE,estimado_promedio_simple,1243,JARABE,False,,2021-07-12
2021-08-02,0.3461538461538461,JARABE,JARABE,estimado_promedio_simple,1244,JARABE,False,,2021-08-02
2021-08-09,0.3461538461538461,JARABE,JARABE,estimado_promedio_simple,1245,JARABE,False,,2021-08-09
2021-08-16,0.3461538461538461,JARABE,JARABE,estimado_promedio_simple,1246,JARABE,False,,2021-08-16
2021-08-30,0.3461538461538461,JARABE,JARABE,estimado_promedio_simple,1247,JARABE,False,,2021-08-30
2022-03-07,0.3461538461538461,JARABE,JARABE,estimado_promedio_simple,1248,JARABE,False,,2022-03-07
2022-04-11,0.3461538461538461,JARABE,JARABE,estimado_promedio_simple,1249,JARABE,False,,2022-04-11
2022-04-18,0.3461538461538461,JARABE,JARABE,estimado_promedio_simple,1250,JARABE,False,,2022-04-18
2022-05-02,0.3461538461538461,JARABE,JARABE,estimado_promedio_simple,1251,JARABE,False,,2022-05-02
2022-05-16,0.3461538461538461,JARABE,JARABE,estimado_promedio_simple,1252,JARABE,False,,2022-05-16
2022-05-23,0.3461538461538461,JARABE,JARABE,estimado_promedio_simple,1253,JARABE,False,,2022-05-23
2022-07-04,0.3461538461538461,JARABE,JARABE,estimado_promedio_simple,1254,JARABE,False,,2022-07-04
2022-07-11,0.3461538461538461,JARABE,JARABE,estimado_promedio_simple,1255,JARABE,False,,2022-07-11
2022-10-10,0.3461538461538461,JARABE,JARABE,estimado_promedio_simple,1256,JARABE,False,,2022-10-10
2023-04-10,0.3461538461538461,JARABE,JARABE,estimado_promedio_simple,1257,JARABE,False,,2023-04-10
2023-05-08,0.3461538461538461,JARABE,JARABE,estimado_promedio_simple,1258,JARABE,False,,2023-05-08
2023-06-19,0.3461538461538461,JARABE,JARABE,estimado_promedio_simple,1259,JARABE,False,,2023-06-19
2023-07-03,0.3461538461538461,JARABE,JARABE,estimado_promedio_simple,1260,JARABE,False,,2023-07-03
2023-10-23,0.3461538461538461,JARABE,JARABE,estimado_promedio_simple,1261,JARABE,False,,2023-10-23
2024-01-29,0.3461538461538461,JARABE,JARABE,estimado_promedio_simple,1262,JARABE,False,,2024-01-29
2024-02-19,0.3461538461538461,JARABE,JARABE,estimado_promedio_simple,1263,JARABE,False,,2024-02-19
2024-03-18,0.3461538461538461,JARABE,JARABE,estimado_promedio_simple,1264,JARABE,False,,2024-03-18
2024-04-15,0.3461538461538461,JARABE,JARABE,estimado_promedio_simple,1265,JARABE,False,,2024-04-15
2024-04-29,45.0,JARABE,JARABE,observado,1266,JARABE,False,,2024-04-29
2021-05-10,0.3769230769230769,LECHE EN POLVO,LECHE EN POLVO,estimado_promedio_simple,1267,LECHE EN POLVO,False,,2021-05-10
2021-05-24,0.3769230769230769,LECHE EN POLVO,LECHE EN POLVO,estimado_promedio_simple,1268,LECHE EN POLVO,False,,2021-05-24
2021-06-07,0.3769230769230769,LECHE EN POLVO,LECHE EN POLVO,estimado_promedio_simple,1269,LECHE EN POLVO,False,,2021-06-07
2021-07-05,0.3769230769230769,LECHE EN POLVO,LECHE EN POLVO,estimado_promedio_simple,1270,LECHE EN POLVO,False,,2021-07-05
2021-07-12,0.3769230769230769,LECHE EN POLVO,LECHE EN POLVO,estimado_promedio_simple,1271,LECHE EN POLVO,False,,2021-07-12
2021-08-02,0.3769230769230769,LECHE EN POLVO,LECHE EN POLVO,estimado_promedio_simple,1272,LECHE EN POLVO,False,,2021-08-02
2021-08-09,0.3769230769230769,LECHE EN POLVO,LECHE EN POLVO,estimado_promedio_simple,1273,LECHE EN POLVO,False,,2021-08-09
2021-08-16,0.3769230769230769,LECHE EN POLVO,LECHE EN POLVO,estimado_promedio_simple,1274,LECHE EN POLVO,False,,2021-08-16
2021-08-30,0.3769230769230769,LECHE EN POLVO,LECHE EN POLVO,estimado_promedio_simple,1275,LECHE EN POLVO,False,,2021-08-30
2022-03-07,0.3769230769230769,LECHE EN POLVO,LECHE EN POLVO,estimado_promedio_simple,1276,LECHE EN POLVO,False,,2022-03-07
2022-04-11,0.3769230769230769,LECHE EN POLVO,LECHE EN POLVO,estimado_promedio_simple,1277,LECHE EN POLVO,False,,2022-04-11
2022-04-18,0.3769230769230769,LECHE EN POLVO,LECHE EN POLVO,estimado_promedio_simple,1278,LECHE EN POLVO,False,,2022-04-18
2022-05-02,0.3769230769230769,LECHE EN POLVO,LECHE EN POLVO,estimado_promedio_simple,1279,LECHE EN POLVO,False,,2022-05-02
2022-05-16,0.3769230769230769,LECHE EN POLVO,LECHE EN POLVO,estimado_promedio_simple,1280,LECHE EN POLVO,False,,2022-05-16
2022-05-23,0.3769230769230769,LECHE EN POLVO,LECHE EN POLVO,estimado_promedio_simple,1281,LECHE EN POLVO,False,,2022-05-23
2022-07-04,0.3769230769230769,LECHE EN POLVO,LECHE EN POLVO,estimado_promedio_simple,1282,LECHE EN POLVO,False,,2022-07-04
2022-07-11,0.3769230769230769,LECHE EN POLVO,LECHE EN POLVO,estimado_promedio_simple,1283,LECHE EN POLVO,False,,2022-07-11
2022-10-10,0.3769230769230769,LECHE EN POLVO,LECHE EN POLVO,estimado_promedio_simple,1284,LECHE EN POLVO,False,,2022-10-10
2023-02-27,24.0,LECHE EN POLVO,LECHE EN POLVO,observado,1285,LECHE EN POLVO,False,,2023-02-27
2023-04-10,0.3769230769230769,LECHE EN POLVO,LECHE EN POLVO,estimado_promedio_simple,1286,LECHE EN POLVO,False,,2023-04-10
2023-05-08,0.3769230769230769,LECHE EN POLVO,LECHE EN POLVO,estimado_promedio_simple,1287,LECHE EN POLVO,False,,2023-05-08
2023-06-19,0.3769230769230769,LECHE EN POLVO,LECHE EN POLVO,estimado_promedio_simple,1288,LECHE EN POLVO,False,,2023-06-19
2023-07-03,0.3769230769230769,LECHE EN POLVO,LECHE EN POLVO,estimado_promedio_simple,1289,LECHE EN POLVO,False,,2023-07-03
2023-10-23,0.3769230769230769,LECHE EN POLVO,LECHE EN POLVO,estimado_promedio_simple,1290,LECHE EN POLVO,False,,2023-10-23
2024-01-29,0.3769230769230769,LECHE EN POLVO,LECHE EN POLVO,estimado_promedio_simple,1291,LECHE EN POLVO,False,,2024-01-29
2024-02-12,25.0,LECHE EN POLVO,LECHE EN POLVO,observado,1292,LECHE EN POLVO,False,,2024-02-12
2024-02-19,0.3769230769230769,LECHE EN POLVO,LECHE EN POLVO,estimado_promedio_simple,1293,LECHE EN POLVO,False,,2024-02-19
2024-03-18,0.3769230769230769,LECHE EN POLVO,LECHE EN POLVO,estimado_promedio_simple,1294,LECHE EN POLVO,False,,2024-03-18
2024-04-15,0.3769230769230769,LECHE EN POLVO,LECHE EN POLVO,estimado_promedio_simple,1295,LECHE EN POLVO,False,,2024-04-15
2021-05-10,1.1876923076923078,LECHERA,LECHERA,estimado_promedio_simple,1296,LECHERA,False,,2021-05-10
2021-05-24,1.1876923076923078,LECHERA,LECHERA,estimado_promedio_simple,1297,LECHERA,False,,2021-05-24
2021-06-07,1.1876923076923078,LECHERA,LECHERA,estimado_promedio_simple,1298,LECHERA,False,,2021-06-07
2021-07-05,1.1876923076923078,LECHERA,LECHERA,estimado_promedio_simple,1299,LECHERA,False,,2021-07-05
2021-07-12,1.1876923076923078,LECHERA,LECHERA,estimado_promedio_simple,1300,LECHERA,False,,2021-07-12
2021-08-02,1.1876923076923078,LECHERA,LECHERA,estimado_promedio_simple,1301,LECHERA,False,,2021-08-02
2021-08-09,1.1876923076923078,LECHERA,LECHERA,estimado_promedio_simple,1302,LECHERA,False,,2021-08-09
2021-08-16,1.1876923076923078,LECHERA,LECHERA,estimado_promedio_simple,1303,LECHERA,False,,2021-08-16
2021-08-30,1.1876923076923078,LECHERA,LECHERA,estimado_promedio_simple,1304,LECHERA,False,,2021-08-30
2022-03-07,1.1876923076923078,LECHERA,LECHERA,estimado_promedio_simple,1305,LECHERA,False,,2022-03-07
2022-04-11,1.1876923076923078,LECHERA,LECHERA,estimado_promedio_simple,1306,LECHERA,False,,2022-04-11
2022-04-18,1.1876923076923078,LECHERA,LECHERA,estimado_promedio_simple,1307,LECHERA,False,,2022-04-18
2022-05-02,1.1876923076923078,LECHERA,LECHERA,estimado_promedio_simple,1308,LECHERA,False,,2022-05-02
2022-05-16,1.1876923076923078,LECHERA,LECHERA,estimado_promedio_simple,1309,LECHERA,False,,2022-05-16
2022-05-23,1.1876923076923078,LECHERA,LECHERA,estimado_promedio_simple,1310,LECHERA,False,,2022-05-23
2022-06-27,17.9,LECHERA,LECHERA,observado,1311,LECHERA,False,,2022-06-27
2022-07-04,1.1876923076923078,LECHERA,LECHERA,estimado_promedio_simple,1312,LECHERA,False,,2022-07-04
2022-07-11,1.1876923076923078,LECHERA,LECHERA,estimado_promedio_simple,1313,LECHERA,False,,2022-07-11
2022-08-29,22.5,LECHERA,LECHERA,observado,1314,LECHERA,False,,2022-08-29
2022-10-10,1.1876923076923078,LECHERA,LECHERA,estimado_promedio_simple,1315,LECHERA,False,,2022-10-10
2023-03-27,62.0,LECHERA,LECHERA,observado,1316,LECHERA,False,,2023-03-27
2023-04-10,1.1876923076923078,LECHERA,LECHERA,estimado_promedio_simple,1317,LECHERA,False,,2023-04-10
2023-05-08,1.1876923076923078,LECHERA,LECHERA,estimado_promedio_simple,1318,LECHERA,False,,2023-05-08
2023-06-19,1.1876923076923078,LECHERA,LECHERA,estimado_promedio_simple,1319,LECHERA,False,,2023-06-19
2023-07-03,1.1876923076923078,LECHERA,LECHERA,estimado_promedio_simple,1320,LECHERA,False,,2023-07-03
2023-10-23,1.1876923076923078,LECHERA,LECHERA,estimado_promedio_simple,1321,LECHERA,False,,2023-10-23
2024-01-29,1.1876923076923078,LECHERA,LECHERA,estimado_promedio_simple,1322,LECHERA,False,,2024-01-29
2024-02-12,52.0,LECHERA,LECHERA,observado,1323,LECHERA,False,,2024-02-12
2024-02-19,1.1876923076923078,LECHERA,LECHERA,estimado_promedio_simple,1324,LECHERA,False,,2024-02-19
2024-03-18,1.1876923076923078,LECHERA,LECHERA,estimado_promedio_simple,1325,LECHERA,False,,2024-03-18
2024-04-15,1.1876923076923078,LECHERA,LECHERA,estimado_promedio_simple,1326,LECHERA,False,,2024-04-15
2021-05-10,4.915384615384616,LICORES,LICORES,estimado_promedio_simple,1327,LICORES,False,,2021-05-10
2021-05-24,4.915384615384616,LICORES,LICORES,estimado_promedio_simple,1328,LICORES,False,,2021-05-24
2021-06-07,4.915384615384616,LICORES,LICORES,estimado_promedio_simple,1329,LICORES,False,,2021-06-07
2021-07-05,4.915384615384616,LICORES,LICORES,estimado_promedio_simple,1330,LICORES,False,,2021-07-05
2021-07-12,4.915384615384616,LICORES,LICORES,estimado_promedio_simple,1331,LICORES,False,,2021-07-12
2021-08-02,4.915384615384616,LICORES,LICORES,estimado_promedio_simple,1332,LICORES,False,,2021-08-02
2021-08-09,4.915384615384616,LICORES,LICORES,estimado_promedio_simple,1333,LICORES,False,,2021-08-09
2021-08-16,4.915384615384616,LICORES,LICORES,estimado_promedio_simple,1334,LICORES,False,,2021-08-16
2021-08-30,4.915384615384616,LICORES,LICORES,estimado_promedio_simple,1335,LICORES,False,,2021-08-30
2022-03-07,4.915384615384616,LICORES,LICORES,estimado_promedio_simple,1336,LICORES,False,,2022-03-07
2022-04-11,4.915384615384616,LICORES,LICORES,estimado_promedio_simple,1337,LICORES,False,,2022-04-11
2022-04-18,4.915384615384616,LICORES,LICORES,estimado_promedio_simple,1338,LICORES,False,,2022-04-18
2022-05-02,4.915384615384616,LICORES,LICORES,estimado_promedio_simple,1339,LICORES,False,,2022-05-02
2022-05-16,4.915384615384616,LICORES,LICORES,estimado_promedio_simple,1340,LICORES,False,,2022-05-16
2022-05-23,4.915384615384616,LICORES,LICORES,estimado_promedio_simple,1341,LICORES,False,,2022-05-23
2022-07-04,4.915384615384616,LICORES,LICORES,estimado_promedio_simple,1342,LICORES,False,,2022-07-04
2022-07-11,4.915384615384616,LICORES,LICORES,estimado_promedio_simple,1343,LICORES,False,,2022-07-11
2022-10-10,4.915384615384616,LICORES,LICORES,estimado_promedio_simple,1344,LICORES,False,,2022-10-10
2023-03-13,149.0,LICORES,LICORES,observado,1345,LICORES,False,,2023-03-13
2023-04-10,4.915384615384616,LICORES,LICORES,estimado_promedio_simple,1346,LICORES,False,,2023-04-10
2023-05-08,4.915384615384616,LICORES,LICORES,estimado_promedio_simple,1347,LICORES,False,,2023-05-08
2023-06-19,4.915384615384616,LICORES,LICORES,estimado_promedio_simple,1348,LICORES,False,,2023-06-19
2023-07-03,4.915384615384616,LICORES,LICORES,estimado_promedio_simple,1349,LICORES,False,,2023-07-03
2023-09-04,190.0,LICORES,LICORES,observado,1350,LICORES,False,,2023-09-04
2023-10-02,300.0,LICORES,LICORES,observado,1351,LICORES,False,,2023-10-02
2023-10-23,4.915384615384616,LICORES,LICORES,estimado_promedio_simple,1352,LICORES,False,,2023-10-23
2024-01-29,4.915384615384616,LICORES,LICORES,estimado_promedio_simple,1353,LICORES,False,,2024-01-29
2024-02-19,4.915384615384616,LICORES,LICORES,estimado_promedio_simple,1354,LICORES,False,,2024-02-19
2024-03-18,4.915384615384616,LICORES,LICORES,estimado_promedio_simple,1355,LICORES,False,,2024-03-18
2024-04-15,4.915384615384616,LICORES,LICORES,estimado_promedio_simple,1356,LICORES,False,,2024-04-15
2021-05-10,0.1692307692307692,MANTECA VEGETAL,MANTECA VEGETAL,estimado_promedio_simple,1357,MANTECA VEGETAL,False,,2021-05-10
2021-05-24,0.1692307692307692,MANTECA VEGETAL,MANTECA VEGETAL,estimado_promedio_simple,1358,MANTECA VEGETAL,False,,2021-05-24
2021-06-07,0.1692307692307692,MANTECA VEGETAL,MANTECA VEGETAL,estimado_promedio_simple,1359,MANTECA VEGETAL,False,,2021-06-07
2021-07-05,0.1692307692307692,MANTECA VEGETAL,MANTECA VEGETAL,estimado_promedio_simple,1360,MANTECA VEGETAL,False,,2021-07-05
2021-07-12,0.1692307692307692,MANTECA VEGETAL,MANTECA VEGETAL,estimado_promedio_simple,1361,MANTECA VEGETAL,False,,2021-07-12
2021-08-02,0.1692307692307692,MANTECA VEGETAL,MANTECA VEGETAL,estimado_promedio_simple,1362,MANTECA VEGETAL,False,,2021-08-02
2021-08-09,0.1692307692307692,MANTECA VEGETAL,MANTECA VEGETAL,estimado_promedio_simple,1363,MANTECA VEGETAL,False,,2021-08-09
2021-08-16,0.1692307692307692,MANTECA VEGETAL,MANTECA VEGETAL,estimado_promedio_simple,1364,MANTECA VEGETAL,False,,2021-08-16
2021-08-30,0.1692307692307692,MANTECA VEGETAL,MANTECA VEGETAL,estimado_promedio_simple,1365,MANTECA VEGETAL,False,,2021-08-30
2022-03-07,0.1692307692307692,MANTECA VEGETAL,MANTECA VEGETAL,estimado_promedio_simple,1366,MANTECA VEGETAL,False,,2022-03-07
2022-04-11,0.1692307692307692,MANTECA VEGETAL,MANTECA VEGETAL,estimado_promedio_simple,1367,MANTECA VEGETAL,False,,2022-04-11
2022-04-18,0.1692307692307692,MANTECA VEGETAL,MANTECA VEGETAL,estimado_promedio_simple,1368,MANTECA VEGETAL,False,,2022-04-18
2022-05-02,0.1692307692307692,MANTECA VEGETAL,MANTECA VEGETAL,estimado_promedio_simple,1369,MANTECA VEGETAL,False,,2022-05-02
2022-05-16,0.1692307692307692,MANTECA VEGETAL,MANTECA VEGETAL,estimado_promedio_simple,1370,MANTECA VEGETAL,False,,2022-05-16
2022-05-23,0.1692307692307692,MANTECA VEGETAL,MANTECA VEGETAL,estimado_promedio_simple,1371,MANTECA VEGETAL,False,,2022-05-23
2022-07-04,0.1692307692307692,MANTECA VEGETAL,MANTECA VEGETAL,estimado_promedio_simple,1372,MANTECA VEGETAL,False,,2022-07-04
2022-07-11,0.1692307692307692,MANTECA VEGETAL,MANTECA VEGETAL,estimado_promedio_simple,1373,MANTECA VEGETAL,False,,2022-07-11
2022-10-10,0.1692307692307692,MANTECA VEGETAL,MANTECA VEGETAL,estimado_promedio_simple,1374,MANTECA VEGETAL,False,,2022-10-10
2023-04-10,0.1692307692307692,MANTECA VEGETAL,MANTECA VEGETAL,estimado_promedio_simple,1375,MANTECA VEGETAL,False,,2023-04-10
2023-05-08,0.1692307692307692,MANTECA VEGETAL,MANTECA VEGETAL,estimado_promedio_simple,1376,MANTECA VEGETAL,False,,2023-05-08
2023-06-19,0.1692307692307692,MANTECA VEGETAL,MANTECA VEGETAL,estimado_promedio_simple,1377,MANTECA VEGETAL,False,,2023-06-19
2023-07-03,0.1692307692307692,MANTECA VEGETAL,MANTECA VEGETAL,estimado_promedio_simple,1378,MANTECA VEGETAL,False,,2023-07-03
2023-10-23,0.1692307692307692,MANTECA VEGETAL,MANTECA VEGETAL,estimado_promedio_simple,1379,MANTECA VEGETAL,False,,2023-10-23
2024-01-29,0.1692307692307692,MANTECA VEGETAL,MANTECA VEGETAL,estimado_promedio_simple,1380,MANTECA VEGETAL,False,,2024-01-29
2024-02-12,22.0,MANTECA VEGETAL,MANTECA VEGETAL,observado,1381,MANTECA VEGETAL,False,,2024-02-12
2024-02-19,0.1692307692307692,MANTECA VEGETAL,MANTECA VEGETAL,estimado_promedio_simple,1382,MANTECA VEGETAL,False,,2024-02-19
2024-03-18,0.1692307692307692,MANTECA VEGETAL,MANTECA VEGETAL,estimado_promedio_simple,1383,MANTECA VEGETAL,False,,2024-03-18
2024-04-15,0.1692307692307692,MANTECA VEGETAL,MANTECA VEGETAL,estimado_promedio_simple,1384,MANTECA VEGETAL,False,,2024-04-15
2021-05-10,13.81153846153846,MANTEQUILLA,MANTEQUILLA,estimado_promedio_simple,1385,MANTEQUILLA,False,,2021-05-10
2021-05-24,13.81153846153846,MANTEQUILLA,MANTEQUILLA,estimado_promedio_simple,1386,MANTEQUILLA,False,,2021-05-24
2021-06-07,13.81153846153846,MANTEQUILLA,MANTEQUILLA,estimado_promedio_simple,1387,MANTEQUILLA,False,,2021-06-07
2021-07-05,13.81153846153846,MANTEQUILLA,MANTEQUILLA,estimado_promedio_simple,1388,MANTEQUILLA,False,,2021-07-05
2021-07-12,13.81153846153846,MANTEQUILLA,MANTEQUILLA,estimado_promedio_simple,1389,MANTEQUILLA,False,,2021-07-12
2021-08-02,13.81153846153846,MANTEQUILLA,MANTEQUILLA,estimado_promedio_simple,1390,MANTEQUILLA,False,,2021-08-02
2021-08-09,13.81153846153846,MANTEQUILLA,MANTEQUILLA,estimado_promedio_simple,1391,MANTEQUILLA,False,,2021-08-09
2021-08-16,13.81153846153846,MANTEQUILLA,MANTEQUILLA,estimado_promedio_simple,1392,MANTEQUILLA,False,,2021-08-16
2021-08-30,13.81153846153846,MANTEQUILLA,MANTEQUILLA,estimado_promedio_simple,1393,MANTEQUILLA,False,,2021-08-30
2022-02-07,185.0,MANTEQUILLA,MANTEQUILLA,observado,1394,MANTEQUILLA,False,,2022-02-07
2022-03-07,13.81153846153846,MANTEQUILLA,MANTEQUILLA,estimado_promedio_simple,1395,MANTEQUILLA,False,,2022-03-07
2022-04-11,13.81153846153846,MANTEQUILLA,MANTEQUILLA,estimado_promedio_simple,1396,MANTEQUILLA,False,,2022-04-11
2022-04-18,13.81153846153846,MANTEQUILLA,MANTEQUILLA,estimado_promedio_simple,1397,MANTEQUILLA,False,,2022-04-18
2022-05-02,13.81153846153846,MANTEQUILLA,MANTEQUILLA,estimado_promedio_simple,1398,MANTEQUILLA,False,,2022-05-02
2022-05-16,13.81153846153846,MANTEQUILLA,MANTEQUILLA,estimado_promedio_simple,1399,MANTEQUILLA,False,,2022-05-16
2022-05-23,13.81153846153846,MANTEQUILLA,MANTEQUILLA,estimado_promedio_simple,1400,MANTEQUILLA,False,,2022-05-23
2022-07-04,13.81153846153846,MANTEQUILLA,MANTEQUILLA,estimado_promedio_simple,1401,MANTEQUILLA,False,,2022-07-04
2022-07-11,13.81153846153846,MANTEQUILLA,MANTEQUILLA,estimado_promedio_simple,1402,MANTEQUILLA,False,,2022-07-11
2022-09-26,62.0,MANTEQUILLA,MANTEQUILLA,observado,1403,MANTEQUILLA,False,,2022-09-26
2022-10-10,13.81153846153846,MANTEQUILLA,MANTEQUILLA,estimado_promedio_simple,1404,MANTEQUILLA,False,,2022-10-10
2022-11-28,63.0,MANTEQUILLA,MANTEQUILLA,observado,1405,MANTEQUILLA,False,,2022-11-28
2023-01-09,49.0,MANTEQUILLA,MANTEQUILLA,observado,1406,MANTEQUILLA,False,,2023-01-09
2023-01-23,146.0,MANTEQUILLA,MANTEQUILLA,observado,1407,MANTEQUILLA,False,,2023-01-23
2023-02-20,47.0,MANTEQUILLA,MANTEQUILLA,observado,1408,MANTEQUILLA,False,,2023-02-20
2023-03-13,78.0,MANTEQUILLA,MANTEQUILLA,observado,1409,MANTEQUILLA,False,,2023-03-13
2023-04-10,13.81153846153846,MANTEQUILLA,MANTEQUILLA,estimado_promedio_simple,1410,MANTEQUILLA,False,,2023-04-10
2023-04-17,30.0,MANTEQUILLA,MANTEQUILLA,observado,1411,MANTEQUILLA,False,,2023-04-17
2023-05-08,13.81153846153846,MANTEQUILLA,MANTEQUILLA,estimado_promedio_simple,1412,MANTEQUILLA,False,,2023-05-08
2023-05-22,58.0,MANTEQUILLA,MANTEQUILLA,observado,1413,MANTEQUILLA,False,,2023-05-22
2023-06-19,13.81153846153846,MANTEQUILLA,MANTEQUILLA,estimado_promedio_simple,1414,MANTEQUILLA,False,,2023-06-19
2023-07-03,13.81153846153846,MANTEQUILLA,MANTEQUILLA,estimado_promedio_simple,1415,MANTEQUILLA,False,,2023-07-03
2023-09-25,30.5,MANTEQUILLA,MANTEQUILLA,observado,1416,MANTEQUILLA,False,,2023-09-25
2023-10-16,58.0,MANTEQUILLA,MANTEQUILLA,observado,1417,MANTEQUILLA,False,,2023-10-16
2023-10-23,13.81153846153846,MANTEQUILLA,MANTEQUILLA,estimado_promedio_simple,1418,MANTEQUILLA,False,,2023-10-23
2023-10-30,16.0,MANTEQUILLA,MANTEQUILLA,observado,1419,MANTEQUILLA,False,,2023-10-30
2023-11-13,76.0,MANTEQUILLA,MANTEQUILLA,observado,1420,MANTEQUILLA,False,,2023-11-13
2023-11-27,152.0,MANTEQUILLA,MANTEQUILLA,observado,1421,MANTEQUILLA,False,,2023-11-27
2023-12-04,199.0,MANTEQUILLA,MANTEQUILLA,observado,1422,MANTEQUILLA,False,,2023-12-04
2024-01-08,58.0,MANTEQUILLA,MANTEQUILLA,observado,1423,MANTEQUILLA,False,,2024-01-08
2024-01-15,115.0,MANTEQUILLA,MANTEQUILLA,observado,1424,MANTEQUILLA,False,,2024-01-15
2024-01-22,58.0,MANTEQUILLA,MANTEQUILLA,observado,1425,MANTEQUILLA,False,,2024-01-22
2024-01-29,13.81153846153846,MANTEQUILLA,MANTEQUILLA,estimado_promedio_simple,1426,MANTEQUILLA,False,,2024-01-29
2024-02-05,116.0,MANTEQUILLA,MANTEQUILLA,observado,1427,MANTEQUILLA,False,,2024-02-05
2024-02-19,13.81153846153846,MANTEQUILLA,MANTEQUILLA,estimado_promedio_simple,1428,MANTEQUILLA,False,,2024-02-19
2024-03-04,199.0,MANTEQUILLA,MANTEQUILLA,observado,1429,MANTEQUILLA,False,,2024-03-04
2024-03-18,13.81153846153846,MANTEQUILLA,MANTEQUILLA,estimado_promedio_simple,1430,MANTEQUILLA,False,,2024-03-18
2024-04-15,13.81153846153846,MANTEQUILLA,MANTEQUILLA,estimado_promedio_simple,1431,MANTEQUILLA,False,,2024-04-15
2021-05-10,9.896846153846155,NO DEFINIDO,NO DEFINIDO,estimado_promedio_simple,1432,NO DEFINIDO,False,,2021-05-10
2021-05-24,9.896846153846155,NO DEFINIDO,NO DEFINIDO,estimado_promedio_simple,1433,NO DEFINIDO,False,,2021-05-24
2021-06-07,9.896846153846155,NO DEFINIDO,NO DEFINIDO,estimado_promedio_simple,1434,NO DEFINIDO,False,,2021-06-07
2021-07-05,9.896846153846155,NO DEFINIDO,NO DEFINIDO,estimado_promedio_simple,1435,NO DEFINIDO,False,,2021-07-05
2021-07-12,9.896846153846155,NO DEFINIDO,NO DEFINIDO,estimado_promedio_simple,1436,NO DEFINIDO,False,,2021-07-12
2021-08-02,9.896846153846155,NO DEFINIDO,NO DEFINIDO,estimado_promedio_simple,1437,NO DEFINIDO,False,,2021-08-02
2021-08-09,9.896846153846155,NO DEFINIDO,NO DEFINIDO,estimado_promedio_simple,1438,NO DEFINIDO,False,,2021-08-09
2021-08-16,9.896846153846155,NO DEFINIDO,NO DEFINIDO,estimado_promedio_simple,1439,NO DEFINIDO,False,,2021-08-16
2021-08-30,9.896846153846155,NO DEFINIDO,NO DEFINIDO,estimado_promedio_simple,1440,NO DEFINIDO,False,,2021-08-30
2021-09-27,14.5,NO DEFINIDO,NO DEFINIDO,observado,1441,NO DEFINIDO,False,,2021-09-27
2021-11-29,159.4,NO DEFINIDO,NO DEFINIDO,observado,1442,NO DEFINIDO,False,,2021-11-29
2021-12-06,60.0,NO DEFINIDO,NO DEFINIDO,observado,1443,NO DEFINIDO,False,,2021-12-06
2022-01-10,238.0,NO DEFINIDO,NO DEFINIDO,observado,1444,NO DEFINIDO,False,,2022-01-10
2022-02-07,48.0,NO DEFINIDO,NO DEFINIDO,observado,1445,NO DEFINIDO,False,,2022-02-07
2022-03-07,9.896846153846155,NO DEFINIDO,NO DEFINIDO,estimado_promedio_simple,1446,NO DEFINIDO,False,,2022-03-07
2022-04-11,9.896846153846155,NO DEFINIDO,NO DEFINIDO,estimado_promedio_simple,1447,NO DEFINIDO,False,,2022-04-11
2022-04-18,9.896846153846155,NO DEFINIDO,NO DEFINIDO,estimado_promedio_simple,1448,NO DEFINIDO,False,,2022-04-18
2022-04-25,200.0,NO DEFINIDO,NO DEFINIDO,observado,1449,NO DEFINIDO,False,,2022-04-25
2022-05-02,9.896846153846155,NO DEFINIDO,NO DEFINIDO,estimado_promedio_simple,1450,NO DEFINIDO,False,,2022-05-02
2022-05-16,9.896846153846155,NO DEFINIDO,NO DEFINIDO,estimado_promedio_simple,1451,NO DEFINIDO,False,,2022-05-16
2022-05-23,9.896846153846155,NO DEFINIDO,NO DEFINIDO,estimado_promedio_simple,1452,NO DEFINIDO,False,,2022-05-23
2022-07-04,9.896846153846155,NO DEFINIDO,NO DEFINIDO,estimado_promedio_simple,1453,NO DEFINIDO,False,,2022-07-04
2022-07-11,9.896846153846155,NO DEFINIDO,NO DEFINIDO,estimado_promedio_simple,1454,NO DEFINIDO,False,,2022-07-11
2022-08-29,29.0,NO DEFINIDO,NO DEFINIDO,observado,1455,NO DEFINIDO,False,,2022-08-29
2022-10-10,9.896846153846155,NO DEFINIDO,NO DEFINIDO,estimado_promedio_simple,1456,NO DEFINIDO,False,,2022-10-10
2023-03-20,43.75,NO DEFINIDO,NO DEFINIDO,observado,1457,NO DEFINIDO,False,,2023-03-20
2023-04-10,9.896846153846155,NO DEFINIDO,NO DEFINIDO,estimado_promedio_simple,1458,NO DEFINIDO,False,,2023-04-10
2023-05-08,9.896846153846155,NO DEFINIDO,NO DEFINIDO,estimado_promedio_simple,1459,NO DEFINIDO,False,,2023-05-08
2023-06-19,9.896846153846155,NO DEFINIDO,NO DEFINIDO,estimado_promedio_simple,1460,NO DEFINIDO,False,,2023-06-19
2023-07-03,9.896846153846155,NO DEFINIDO,NO DEFINIDO,estimado_promedio_simple,1461,NO DEFINIDO,False,,2023-07-03
2023-10-23,9.896846153846155,NO DEFINIDO,NO DEFINIDO,estimado_promedio_simple,1462,NO DEFINIDO,False,,2023-10-23
2023-11-27,437.94,NO DEFINIDO,NO DEFINIDO,observado,1463,NO DEFINIDO,False,,2023-11-27
2023-12-25,56.0,NO DEFINIDO,NO DEFINIDO,observado,1464,NO DEFINIDO,False,,2023-12-25
2024-01-29,9.896846153846155,NO DEFINIDO,NO DEFINIDO,estimado_promedio_simple,1465,NO DEFINIDO,False,,2024-01-29
2024-02-19,9.896846153846155,NO DEFINIDO,NO DEFINIDO,estimado_promedio_simple,1466,NO DEFINIDO,False,,2024-02-19
2024-03-18,9.896846153846155,NO DEFINIDO,NO DEFINIDO,estimado_promedio_simple,1467,NO DEFINIDO,False,,2024-03-18
2024-04-15,9.896846153846155,NO DEFINIDO,NO DEFINIDO,estimado_promedio_simple,1468,NO DEFINIDO,False,,2024-04-15
2021-05-10,15.108230769230769,OTROS,OTROS,estimado_promedio_simple,1469,OTROS,False,,2021-05-10
2021-05-24,15.108230769230769,OTROS,OTROS,estimado_promedio_simple,1470,OTROS,False,,2021-05-24
2021-06-07,15.108230769230769,OTROS,OTROS,estimado_promedio_simple,1471,OTROS,False,,2021-06-07
2021-07-05,15.108230769230769,OTROS,OTROS,estimado_promedio_simple,1472,OTROS,False,,2021-07-05
2021-07-12,15.108230769230769,OTROS,OTROS,estimado_promedio_simple,1473,OTROS,False,,2021-07-12
2021-08-02,15.108230769230769,OTROS,OTROS,estimado_promedio_simple,1474,OTROS,False,,2021-08-02
2021-08-09,15.108230769230769,OTROS,OTROS,estimado_promedio_simple,1475,OTROS,False,,2021-08-09
2021-08-16,15.108230769230769,OTROS,OTROS,estimado_promedio_simple,1476,OTROS,False,,2021-08-16
2021-08-30,15.108230769230769,OTROS,OTROS,estimado_promedio_simple,1477,OTROS,False,,2021-08-30
2022-01-10,43.5,OTROS,OTROS,observado,1478,OTROS,False,,2022-01-10
2022-03-07,15.108230769230769,OTROS,OTROS,estimado_promedio_simple,1479,OTROS,False,,2022-03-07
2022-04-11,15.108230769230769,OTROS,OTROS,estimado_promedio_simple,1480,OTROS,False,,2022-04-11
2022-04-18,15.108230769230769,OTROS,OTROS,estimado_promedio_simple,1481,OTROS,False,,2022-04-18
2022-05-02,15.108230769230769,OTROS,OTROS,estimado_promedio_simple,1482,OTROS,False,,2022-05-02
2022-05-09,10.0,OTROS,OTROS,observado,1483,OTROS,False,,2022-05-09
2022-05-16,15.108230769230769,OTROS,OTROS,estimado_promedio_simple,1484,OTROS,False,,2022-05-16
2022-05-23,15.108230769230769,OTROS,OTROS,estimado_promedio_simple,1485,OTROS,False,,2022-05-23
2022-07-04,15.108230769230769,OTROS,OTROS,estimado_promedio_simple,1486,OTROS,False,,2022-07-04
2022-07-11,15.108230769230769,OTROS,OTROS,estimado_promedio_simple,1487,OTROS,False,,2022-07-11
2022-09-19,65.0,OTROS,OTROS,observado,1488,OTROS,False,,2022-09-19
2022-10-10,15.108230769230769,OTROS,OTROS,estimado_promedio_simple,1489,OTROS,False,,2022-10-10
2023-01-02,88.0,OTROS,OTROS,observado,1490,OTROS,False,,2023-01-02
2023-01-16,19.96,OTROS,OTROS,observado,1491,OTROS,False,,2023-01-16
2023-02-06,120.25,OTROS,OTROS,observado,1492,OTROS,False,,2023-02-06
2023-02-27,215.0,OTROS,OTROS,observado,1493,OTROS,False,,2023-02-27
2023-03-06,37.5,OTROS,OTROS,observado,1494,OTROS,False,,2023-03-06
2023-03-13,163.0,OTROS,OTROS,observado,1495,OTROS,False,,2023-03-13
2023-04-10,15.108230769230769,OTROS,OTROS,estimado_promedio_simple,1496,OTROS,False,,2023-04-10
2023-04-17,28.0,OTROS,OTROS,observado,1497,OTROS,False,,2023-04-17
2023-05-08,15.108230769230769,OTROS,OTROS,estimado_promedio_simple,1498,OTROS,False,,2023-05-08
2023-05-29,7.0,OTROS,OTROS,observado,1499,OTROS,False,,2023-05-29
2023-06-19,15.108230769230769,OTROS,OTROS,estimado_promedio_simple,1500,OTROS,False,,2023-06-19
2023-07-03,15.108230769230769,OTROS,OTROS,estimado_promedio_simple,1501,OTROS,False,,2023-07-03
2023-07-10,45.0,OTROS,OTROS,observado,1502,OTROS,False,,2023-07-10
2023-07-24,28.95,OTROS,OTROS,observado,1503,OTROS,False,,2023-07-24
2023-09-11,3.0,OTROS,OTROS,observado,1504,OTROS,False,,2023-09-11
2023-10-16,308.97,OTROS,OTROS,observado,1505,OTROS,False,,2023-10-16
2023-10-23,15.108230769230769,OTROS,OTROS,estimado_promedio_simple,1506,OTROS,False,,2023-10-23
2023-10-30,21.0,OTROS,OTROS,observado,1507,OTROS,False,,2023-10-30
2023-11-20,433.0,OTROS,OTROS,observado,1508,OTROS,False,,2023-11-20
2023-12-04,249.94,OTROS,OTROS,observado,1509,OTROS,False,,2023-12-04
2024-01-29,15.108230769230769,OTROS,OTROS,estimado_promedio_simple,1510,OTROS,False,,2024-01-29
2024-02-12,32.0,OTROS,OTROS,observado,1511,OTROS,False,,2024-02-12
2024-02-19,15.108230769230769,OTROS,OTROS,estimado_promedio_simple,1512,OTROS,False,,2024-02-19
2024-03-18,15.108230769230769,OTROS,OTROS,estimado_promedio_simple,1513,OTROS,False,,2024-03-18
2024-04-08,45.0,OTROS,OTROS,observado,1514,OTROS,False,,2024-04-08
2024-04-15,15.108230769230769,OTROS,OTROS,estimado_promedio_simple,1515,OTROS,False,,2024-04-15
2021-05-10,14.314615384615385,QUESO CREMA,QUESO CREMA,estimado_promedio_simple,1516,QUESO CREMA,False,,2021-05-10
2021-05-24,14.314615384615385,QUESO CREMA,QUESO CREMA,estimado_promedio_simple,1517,QUESO CREMA,False,,2021-05-24
2021-06-07,14.314615384615385,QUESO CREMA,QUESO CREMA,estimado_promedio_simple,1518,QUESO CREMA,False,,2021-06-07
2021-07-05,14.314615384615385,QUESO CREMA,QUESO CREMA,estimado_promedio_simple,1519,QUESO CREMA,False,,2021-07-05
2021-07-12,14.314615384615385,QUESO CREMA,QUESO CREMA,estimado_promedio_simple,1520,QUESO CREMA,False,,2021-07-12
2021-08-02,14.314615384615385,QUESO CREMA,QUESO CREMA,estimado_promedio_simple,1521,QUESO CREMA,False,,2021-08-02
2021-08-09,14.314615384615385,QUESO CREMA,QUESO CREMA,estimado_promedio_simple,1522,QUESO CREMA,False,,2021-08-09
2021-08-16,14.314615384615385,QUESO CREMA,QUESO CREMA,estimado_promedio_simple,1523,QUESO CREMA,False,,2021-08-16
2021-08-30,14.314615384615385,QUESO CREMA,QUESO CREMA,estimado_promedio_simple,1524,QUESO CREMA,False,,2021-08-30
2022-03-07,14.314615384615385,QUESO CREMA,QUESO CREMA,estimado_promedio_simple,1525,QUESO CREMA,False,,2022-03-07
2022-04-11,14.314615384615385,QUESO CREMA,QUESO CREMA,estimado_promedio_simple,1526,QUESO CREMA,False,,2022-04-11
2022-04-18,14.314615384615385,QUESO CREMA,QUESO CREMA,estimado_promedio_simple,1527,QUESO CREMA,False,,2022-04-18
2022-04-25,35.0,QUESO CREMA,QUESO CREMA,observado,1528,QUESO CREMA,False,,2022-04-25
2022-05-02,14.314615384615385,QUESO CREMA,QUESO CREMA,estimado_promedio_simple,1529,QUESO CREMA,False,,2022-05-02
2022-05-16,14.314615384615385,QUESO CREMA,QUESO CREMA,estimado_promedio_simple,1530,QUESO CREMA,False,,2022-05-16
2022-05-23,14.314615384615385,QUESO CREMA,QUESO CREMA,estimado_promedio_simple,1531,QUESO CREMA,False,,2022-05-23
2022-05-30,30.0,QUESO CREMA,QUESO CREMA,observado,1532,QUESO CREMA,False,,2022-05-30
2022-07-04,14.314615384615385,QUESO CREMA,QUESO CREMA,estimado_promedio_simple,1533,QUESO CREMA,False,,2022-07-04
2022-07-11,14.314615384615385,QUESO CREMA,QUESO CREMA,estimado_promedio_simple,1534,QUESO CREMA,False,,2022-07-11
2022-07-25,30.0,QUESO CREMA,QUESO CREMA,observado,1535,QUESO CREMA,False,,2022-07-25
2022-08-15,30.0,QUESO CREMA,QUESO CREMA,observado,1536,QUESO CREMA,False,,2022-08-15
2022-09-19,30.5,QUESO CREMA,QUESO CREMA,observado,1537,QUESO CREMA,False,,2022-09-19
2022-09-26,65.5,QUESO CREMA,QUESO CREMA,observado,1538,QUESO CREMA,False,,2022-09-26
2022-10-10,14.314615384615385,QUESO CREMA,QUESO CREMA,estimado_promedio_simple,1539,QUESO CREMA,False,,2022-10-10
2022-10-24,35.0,QUESO CREMA,QUESO CREMA,observado,1540,QUESO CREMA,False,,2022-10-24
2022-12-05,35.0,QUESO CREMA,QUESO CREMA,observado,1541,QUESO CREMA,False,,2022-12-05
2022-12-12,35.0,QUESO CREMA,QUESO CREMA,observado,1542,QUESO CREMA,False,,2022-12-12
2022-12-19,39.5,QUESO CREMA,QUESO CREMA,observado,1543,QUESO CREMA,False,,2022-12-19
2022-12-26,155.0,QUESO CREMA,QUESO CREMA,observado,1544,QUESO CREMA,False,,2022-12-26
2023-02-06,39.5,QUESO CREMA,QUESO CREMA,observado,1545,QUESO CREMA,False,,2023-02-06
2023-02-13,35.0,QUESO CREMA,QUESO CREMA,observado,1546,QUESO CREMA,False,,2023-02-13
2023-02-27,76.0,QUESO CREMA,QUESO CREMA,observado,1547,QUESO CREMA,False,,2023-02-27
2023-03-13,155.0,QUESO CREMA,QUESO CREMA,observado,1548,QUESO CREMA,False,,2023-03-13
2023-04-10,14.314615384615385,QUESO CREMA,QUESO CREMA,estimado_promedio_simple,1549,QUESO CREMA,False,,2023-04-10
2023-04-24,35.0,QUESO CREMA,QUESO CREMA,observado,1550,QUESO CREMA,False,,2023-04-24
2023-05-08,14.314615384615385,QUESO CREMA,QUESO CREMA,estimado_promedio_simple,1551,QUESO CREMA,False,,2023-05-08
2023-05-22,36.5,QUESO CREMA,QUESO CREMA,observado,1552,QUESO CREMA,False,,2023-05-22
2023-06-19,14.314615384615385,QUESO CREMA,QUESO CREMA,estimado_promedio_simple,1553,QUESO CREMA,False,,2023-06-19
2023-06-26,74.0,QUESO CREMA,QUESO CREMA,observado,1554,QUESO CREMA,False,,2023-06-26
2023-07-03,14.314615384615385,QUESO CREMA,QUESO CREMA,estimado_promedio_simple,1555,QUESO CREMA,False,,2023-07-03
2023-07-10,68.0,QUESO CREMA,QUESO CREMA,observado,1556,QUESO CREMA,False,,2023-07-10
2023-07-31,74.0,QUESO CREMA,QUESO CREMA,observado,1557,QUESO CREMA,False,,2023-07-31
2023-08-14,37.0,QUESO CREMA,QUESO CREMA,observado,1558,QUESO CREMA,False,,2023-08-14
2023-09-11,140.0,QUESO CREMA,QUESO CREMA,observado,1559,QUESO CREMA,False,,2023-09-11
2023-10-23,14.314615384615385,QUESO CREMA,QUESO CREMA,estimado_promedio_simple,1560,QUESO CREMA,False,,2023-10-23
2023-12-04,179.2,QUESO CREMA,QUESO CREMA,observado,1561,QUESO CREMA,False,,2023-12-04
2023-12-25,80.0,QUESO CREMA,QUESO CREMA,observado,1562,QUESO CREMA,False,,2023-12-25
2024-01-08,142.2,QUESO CREMA,QUESO CREMA,observado,1563,QUESO CREMA,False,,2024-01-08
2024-01-29,14.314615384615385,QUESO CREMA,QUESO CREMA,estimado_promedio_simple,1564,QUESO CREMA,False,,2024-01-29
2024-02-12,70.0,QUESO CREMA,QUESO CREMA,observado,1565,QUESO CREMA,False,,2024-02-12
2024-02-19,14.314615384615385,QUESO CREMA,QUESO CREMA,estimado_promedio_simple,1566,QUESO CREMA,False,,2024-02-19
2024-02-26,99.0,QUESO CREMA,QUESO CREMA,observado,1567,QUESO CREMA,False,,2024-02-26
2024-03-18,14.314615384615385,QUESO CREMA,QUESO CREMA,estimado_promedio_simple,1568,QUESO CREMA,False,,2024-03-18
2024-04-15,14.314615384615385,QUESO CREMA,QUESO CREMA,estimado_promedio_simple,1569,QUESO CREMA,False,,2024-04-15
2021-05-10,48.901,RELLENO,RELLENO,estimado_promedio_simple,1570,RELLENO,False,,2021-05-10
2021-05-24,48.901,RELLENO,RELLENO,estimado_promedio_simple,1571,RELLENO,False,,2021-05-24
2021-06-07,48.901,RELLENO,RELLENO,estimado_promedio_simple,1572,RELLENO,False,,2021-06-07
2021-07-05,48.901,RELLENO,RELLENO,estimado_promedio_simple,1573,RELLENO,False,,2021-07-05
2021-07-12,48.901,RELLENO,RELLENO,estimado_promedio_simple,1574,RELLENO,False,,2021-07-12
2021-07-19,55.0,RELLENO,RELLENO,observado,1575,RELLENO,False,,2021-07-19
2021-07-26,222.0,RELLENO,RELLENO,observado,1576,RELLENO,False,,2021-07-26
2021-08-02,48.901,RELLENO,RELLENO,estimado_promedio_simple,1577,RELLENO,False,,2021-08-02
2021-08-09,48.901,RELLENO,RELLENO,estimado_promedio_simple,1578,RELLENO,False,,2021-08-09
2021-08-16,48.901,RELLENO,RELLENO,estimado_promedio_simple,1579,RELLENO,False,,2021-08-16
2021-08-23,83.0,RELLENO,RELLENO,observado,1580,RELLENO,False,,2021-08-23
2021-08-30,48.901,RELLENO,RELLENO,estimado_promedio_simple,1581,RELLENO,False,,2021-08-30
2021-09-20,49.0,RELLENO,RELLENO,observado,1582,RELLENO,False,,2021-09-20
2021-09-27,124.0,RELLENO,RELLENO,observado,1583,RELLENO,False,,2021-09-27
2021-10-04,60.0,RELLENO,RELLENO,observado,1584,RELLENO,False,,2021-10-04
2021-10-18,34.0,RELLENO,RELLENO,observado,1585,RELLENO,False,,2021-10-18
2021-10-25,135.0,RELLENO,RELLENO,observado,1586,RELLENO,False,,2021-10-25
2021-11-08,65.0,RELLENO,RELLENO,observado,1587,RELLENO,False,,2021-11-08
2021-11-15,45.0,RELLENO,RELLENO,observado,1588,RELLENO,False,,2021-11-15
2021-11-22,34.0,RELLENO,RELLENO,observado,1589,RELLENO,False,,2021-11-22
2021-11-29,149.5,RELLENO,RELLENO,observado,1590,RELLENO,False,,2021-11-29
2021-12-06,83.4,RELLENO,RELLENO,observado,1591,RELLENO,False,,2021-12-06
2021-12-13,84.0,RELLENO,RELLENO,observado,1592,RELLENO,False,,2021-12-13
2021-12-27,61.84,RELLENO,RELLENO,observado,1593,RELLENO,False,,2021-12-27
2022-01-10,63.0,RELLENO,RELLENO,observado,1594,RELLENO,False,,2022-01-10
2022-01-17,39.7,RELLENO,RELLENO,observado,1595,RELLENO,False,,2022-01-17
2022-01-24,65.5,RELLENO,RELLENO,observado,1596,RELLENO,False,,2022-01-24
2022-02-07,31.5,RELLENO,RELLENO,observado,1597,RELLENO,False,,2022-02-07
2022-02-28,52.0,RELLENO,RELLENO,observado,1598,RELLENO,False,,2022-02-28
2022-03-07,48.901,RELLENO,RELLENO,estimado_promedio_simple,1599,RELLENO,False,,2022-03-07
2022-03-21,31.5,RELLENO,RELLENO,observado,1600,RELLENO,False,,2022-03-21
2022-04-11,48.901,RELLENO,RELLENO,estimado_promedio_simple,1601,RELLENO,False,,2022-04-11
2022-04-18,48.901,RELLENO,RELLENO,estimado_promedio_simple,1602,RELLENO,False,,2022-04-18
2022-04-25,118.5,RELLENO,RELLENO,observado,1603,RELLENO,False,,2022-04-25
2022-05-02,48.901,RELLENO,RELLENO,estimado_promedio_simple,1604,RELLENO,False,,2022-05-02
2022-05-09,128.5,RELLENO,RELLENO,observado,1605,RELLENO,False,,2022-05-09
2022-05-16,48.901,RELLENO,RELLENO,estimado_promedio_simple,1606,RELLENO,False,,2022-05-16
2022-05-23,48.901,RELLENO,RELLENO,estimado_promedio_simple,1607,RELLENO,False,,2022-05-23
2022-05-30,65.0,RELLENO,RELLENO,observado,1608,RELLENO,False,,2022-05-30
2022-07-04,48.901,RELLENO,RELLENO,estimado_promedio_simple,1609,RELLENO,False,,2022-07-04
2022-07-11,48.901,RELLENO,RELLENO,estimado_promedio_simple,1610,RELLENO,False,,2022-07-11
2022-07-25,192.0,RELLENO,RELLENO,observado,1611,RELLENO,False,,2022-07-25
2022-08-29,52.0,RELLENO,RELLENO,observado,1612,RELLENO,False,,2022-08-29
2022-09-05,65.0,RELLENO,RELLENO,observado,1613,RELLENO,False,,2022-09-05
2022-09-12,65.0,RELLENO,RELLENO,observado,1614,RELLENO,False,,2022-09-12
2022-09-19,49.5,RELLENO,RELLENO,observado,1615,RELLENO,False,,2022-09-19
2022-10-10,48.901,RELLENO,RELLENO,estimado_promedio_simple,1616,RELLENO,False,,2022-10-10
2022-10-17,65.0,RELLENO,RELLENO,observado,1617,RELLENO,False,,2022-10-17
2022-11-07,132.0,RELLENO,RELLENO,observado,1618,RELLENO,False,,2022-11-07
2022-11-28,44.0,RELLENO,RELLENO,observado,1619,RELLENO,False,,2022-11-28
2022-12-12,40.0,RELLENO,RELLENO,observado,1620,RELLENO,False,,2022-12-12
2022-12-19,65.0,RELLENO,RELLENO,observado,1621,RELLENO,False,,2022-12-19
2022-12-26,49.5,RELLENO,RELLENO,observado,1622,RELLENO,False,,2022-12-26
2023-01-02,144.0,RELLENO,RELLENO,observado,1623,RELLENO,False,,2023-01-02
2023-01-09,97.0,RELLENO,RELLENO,observado,1624,RELLENO,False,,2023-01-09
2023-01-23,93.0,RELLENO,RELLENO,observado,1625,RELLENO,False,,2023-01-23
2023-02-13,117.0,RELLENO,RELLENO,observado,1626,RELLENO,False,,2023-02-13
2023-03-06,54.72,RELLENO,RELLENO,observado,1627,RELLENO,False,,2023-03-06
2023-03-13,192.0,RELLENO,RELLENO,observado,1628,RELLENO,False,,2023-03-13
2023-03-27,100.0,RELLENO,RELLENO,observado,1629,RELLENO,False,,2023-03-27
2023-04-10,48.901,RELLENO,RELLENO,estimado_promedio_simple,1630,RELLENO,False,,2023-04-10
2023-04-17,58.0,RELLENO,RELLENO,observado,1631,RELLENO,False,,2023-04-17
2023-05-01,99.0,RELLENO,RELLENO,observado,1632,RELLENO,False,,2023-05-01
2023-05-08,48.901,RELLENO,RELLENO,estimado_promedio_simple,1633,RELLENO,False,,2023-05-08
2023-05-22,99.0,RELLENO,RELLENO,observado,1634,RELLENO,False,,2023-05-22
2023-06-19,48.901,RELLENO,RELLENO,estimado_promedio_simple,1635,RELLENO,False,,2023-06-19
2023-07-03,48.901,RELLENO,RELLENO,estimado_promedio_simple,1636,RELLENO,False,,2023-07-03
2023-07-10,198.0,RELLENO,RELLENO,observado,1637,RELLENO,False,,2023-07-10
2023-07-17,52.0,RELLENO,RELLENO,observado,1638,RELLENO,False,,2023-07-17
2023-07-24,54.0,RELLENO,RELLENO,observado,1639,RELLENO,False,,2023-07-24
2023-07-31,308.0,RELLENO,RELLENO,observado,1640,RELLENO,False,,2023-07-31
2023-08-07,29.5,RELLENO,RELLENO,observado,1641,RELLENO,False,,2023-08-07
2023-08-21,145.0,RELLENO,RELLENO,observado,1642,RELLENO,False,,2023-08-21
2023-09-04,219.46,RELLENO,RELLENO,observado,1643,RELLENO,False,,2023-09-04
2023-10-02,140.0,RELLENO,RELLENO,observado,1644,RELLENO,False,,2023-10-02
2023-10-09,52.0,RELLENO,RELLENO,observado,1645,RELLENO,False,,2023-10-09
2023-10-23,48.901,RELLENO,RELLENO,estimado_promedio_simple,1646,RELLENO,False,,2023-10-23
2023-10-30,318.99,RELLENO,RELLENO,observado,1647,RELLENO,False,,2023-10-30
2023-11-27,26.0,RELLENO,RELLENO,observado,1648,RELLENO,False,,2023-11-27
2023-12-04,386.08,RELLENO,RELLENO,observado,1649,RELLENO,False,,2023-12-04
2023-12-11,57.0,RELLENO,RELLENO,observado,1650,RELLENO,False,,2023-12-11
2023-12-18,116.0,RELLENO,RELLENO,observado,1651,RELLENO,False,,2023-12-18
2024-01-29,48.901,RELLENO,RELLENO,estimado_promedio_simple,1652,RELLENO,False,,2024-01-29
2024-02-05,96.44,RELLENO,RELLENO,observado,1653,RELLENO,False,,2024-02-05
2024-02-12,62.0,RELLENO,RELLENO,observado,1654,RELLENO,False,,2024-02-12
2024-02-19,48.901,RELLENO,RELLENO,estimado_promedio_simple,1655,RELLENO,False,,2024-02-19
2024-03-11,57.0,RELLENO,RELLENO,observado,1656,RELLENO,False,,2024-03-11
2024-03-18,48.901,RELLENO,RELLENO,estimado_promedio_simple,1657,RELLENO,False,,2024-03-18
2024-03-25,175.0,RELLENO,RELLENO,observado,1658,RELLENO,False,,2024-03-25
2024-04-15,48.901,RELLENO,RELLENO,estimado_promedio_simple,1659,RELLENO,False,,2024-04-15
2024-04-29,112.0,RELLENO,RELLENO,observado,1660,RELLENO,False,,2024-04-29
2021-05-10,5.223076923076923,ROYALICING,ROYALICING,estimado_promedio_simple,1661,ROYALICING,False,,2021-05-10
2021-05-24,5.223076923076923,ROYALICING,ROYALICING,estimado_promedio_simple,1662,ROYALICING,False,,2021-05-24
2021-06-07,5.223076923076923,ROYALICING,ROYALICING,estimado_promedio_simple,1663,ROYALICING,False,,2021-06-07
2021-07-05,5.223076923076923,ROYALICING,ROYALICING,estimado_promedio_simple,1664,ROYALICING,False,,2021-07-05
2021-07-12,5.223076923076923,ROYALICING,ROYALICING,estimado_promedio_simple,1665,ROYALICING,False,,2021-07-12
2021-08-02,5.223076923076923,ROYALICING,ROYALICING,estimado_promedio_simple,1666,ROYALICING,False,,2021-08-02
2021-08-09,5.223076923076923,ROYALICING,ROYALICING,estimado_promedio_simple,1667,ROYALICING,False,,2021-08-09
2021-08-16,5.223076923076923,ROYALICING,ROYALICING,estimado_promedio_simple,1668,ROYALICING,False,,2021-08-16
2021-08-30,5.223076923076923,ROYALICING,ROYALICING,estimado_promedio_simple,1669,ROYALICING,False,,2021-08-30
2022-02-07,50.0,ROYALICING,ROYALICING,observado,1670,ROYALICING,False,,2022-02-07
2022-03-07,5.223076923076923,ROYALICING,ROYALICING,estimado_promedio_simple,1671,ROYALICING,False,,2022-03-07
2022-04-11,5.223076923076923,ROYALICING,ROYALICING,estimado_promedio_simple,1672,ROYALICING,False,,2022-04-11
2022-04-18,5.223076923076923,ROYALICING,ROYALICING,estimado_promedio_simple,1673,ROYALICING,False,,2022-04-18
2022-05-02,5.223076923076923,ROYALICING,ROYALICING,estimado_promedio_simple,1674,ROYALICING,False,,2022-05-02
2022-05-09,50.0,ROYALICING,ROYALICING,observado,1675,ROYALICING,False,,2022-05-09
2022-05-16,5.223076923076923,ROYALICING,ROYALICING,estimado_promedio_simple,1676,ROYALICING,False,,2022-05-16
2022-05-23,5.223076923076923,ROYALICING,ROYALICING,estimado_promedio_simple,1677,ROYALICING,False,,2022-05-23
2022-07-04,5.223076923076923,ROYALICING,ROYALICING,estimado_promedio_simple,1678,ROYALICING,False,,2022-07-04
2022-07-11,5.223076923076923,ROYALICING,ROYALICING,estimado_promedio_simple,1679,ROYALICING,False,,2022-07-11
2022-07-25,59.0,ROYALICING,ROYALICING,observado,1680,ROYALICING,False,,2022-07-25
2022-10-10,5.223076923076923,ROYALICING,ROYALICING,estimado_promedio_simple,1681,ROYALICING,False,,2022-10-10
2023-01-23,100.0,ROYALICING,ROYALICING,observado,1682,ROYALICING,False,,2023-01-23
2023-03-27,50.0,ROYALICING,ROYALICING,observado,1683,ROYALICING,False,,2023-03-27
2023-04-10,5.223076923076923,ROYALICING,ROYALICING,estimado_promedio_simple,1684,ROYALICING,False,,2023-04-10
2023-05-01,75.0,ROYALICING,ROYALICING,observado,1685,ROYALICING,False,,2023-05-01
2023-05-08,5.223076923076923,ROYALICING,ROYALICING,estimado_promedio_simple,1686,ROYALICING,False,,2023-05-08
2023-06-19,5.223076923076923,ROYALICING,ROYALICING,estimado_promedio_simple,1687,ROYALICING,False,,2023-06-19
2023-07-03,5.223076923076923,ROYALICING,ROYALICING,estimado_promedio_simple,1688,ROYALICING,False,,2023-07-03
2023-10-23,5.223076923076923,ROYALICING,ROYALICING,estimado_promedio_simple,1689,ROYALICING,False,,2023-10-23
2023-11-13,95.0,ROYALICING,ROYALICING,observado,1690,ROYALICING,False,,2023-11-13
2023-12-04,95.0,ROYALICING,ROYALICING,observado,1691,ROYALICING,False,,2023-12-04
2024-01-29,5.223076923076923,ROYALICING,ROYALICING,estimado_promedio_simple,1692,ROYALICING,False,,2024-01-29
2024-02-19,5.223076923076923,ROYALICING,ROYALICING,estimado_promedio_simple,1693,ROYALICING,False,,2024-02-19
2024-03-04,50.0,ROYALICING,ROYALICING,observado,1694,ROYALICING,False,,2024-03-04
2024-03-18,5.223076923076923,ROYALICING,ROYALICING,estimado_promedio_simple,1695,ROYALICING,False,,2024-03-18
2024-04-08,55.0,ROYALICING,ROYALICING,observado,1696,ROYALICING,False,,2024-04-08
2024-04-15,5.223076923076923,ROYALICING,ROYALICING,estimado_promedio_simple,1697,ROYALICING,False,,2024-04-15
2021-05-10,0.1153846153846153,SABORIZANTE,SABORIZANTE,estimado_promedio_simple,1698,SABORIZANTE,False,,2021-05-10
2021-05-24,0.1153846153846153,SABORIZANTE,SABORIZANTE,estimado_promedio_simple,1699,SABORIZANTE,False,,2021-05-24
2021-06-07,0.1153846153846153,SABORIZANTE,SABORIZANTE,estimado_promedio_simple,1700,SABORIZANTE,False,,2021-06-07
2021-07-05,0.1153846153846153,SABORIZANTE,SABORIZANTE,estimado_promedio_simple,1701,SABORIZANTE,False,,2021-07-05
2021-07-12,0.1153846153846153,SABORIZANTE,SABORIZANTE,estimado_promedio_simple,1702,SABORIZANTE,False,,2021-07-12
2021-08-02,0.1153846153846153,SABORIZANTE,SABORIZANTE,estimado_promedio_simple,1703,SABORIZANTE,False,,2021-08-02
2021-08-09,0.1153846153846153,SABORIZANTE,SABORIZANTE,estimado_promedio_simple,1704,SABORIZANTE,False,,2021-08-09
2021-08-16,0.1153846153846153,SABORIZANTE,SABORIZANTE,estimado_promedio_simple,1705,SABORIZANTE,False,,2021-08-16
2021-08-30,0.1153846153846153,SABORIZANTE,SABORIZANTE,estimado_promedio_simple,1706,SABORIZANTE,False,,2021-08-30
2022-03-07,0.1153846153846153,SABORIZANTE,SABORIZANTE,estimado_promedio_simple,1707,SABORIZANTE,False,,2022-03-07
2022-04-11,0.1153846153846153,SABORIZANTE,SABORIZANTE,estimado_promedio_simple,1708,SABORIZANTE,False,,2022-04-11
2022-04-18,0.1153846153846153,SABORIZANTE,SABORIZANTE,estimado_promedio_simple,1709,SABORIZANTE,False,,2022-04-18
2022-05-02,0.1153846153846153,SABORIZANTE,SABORIZANTE,estimado_promedio_simple,1710,SABORIZANTE,False,,2022-05-02
2022-05-16,0.1153846153846153,SABORIZANTE,SABORIZANTE,estimado_promedio_simple,1711,SABORIZANTE,False,,2022-05-16
2022-05-23,0.1153846153846153,SABORIZANTE,SABORIZANTE,estimado_promedio_simple,1712,SABORIZANTE,False,,2022-05-23
2022-07-04,0.1153846153846153,SABORIZANTE,SABORIZANTE,estimado_promedio_simple,1713,SABORIZANTE,False,,2022-07-04
2022-07-11,0.1153846153846153,SABORIZANTE,SABORIZANTE,estimado_promedio_simple,1714,SABORIZANTE,False,,2022-07-11
2022-10-10,0.1153846153846153,SABORIZANTE,SABORIZANTE,estimado_promedio_simple,1715,SABORIZANTE,False,,2022-10-10
2023-04-10,0.1153846153846153,SABORIZANTE,SABORIZANTE,estimado_promedio_simple,1716,SABORIZANTE,False,,2023-04-10
2023-05-08,0.1153846153846153,SABORIZANTE,SABORIZANTE,estimado_promedio_simple,1717,SABORIZANTE,False,,2023-05-08
2023-06-19,0.1153846153846153,SABORIZANTE,SABORIZANTE,estimado_promedio_simple,1718,SABORIZANTE,False,,2023-06-19
2023-07-03,0.1153846153846153,SABORIZANTE,SABORIZANTE,estimado_promedio_simple,1719,SABORIZANTE,False,,2023-07-03
2023-10-23,0.1153846153846153,SABORIZANTE,SABORIZANTE,estimado_promedio_simple,1720,SABORIZANTE,False,,2023-10-23
2023-11-13,15.0,SABORIZANTE,SABORIZANTE,observado,1721,SABORIZANTE,False,,2023-11-13
2024-01-29,0.1153846153846153,SABORIZANTE,SABORIZANTE,estimado_promedio_simple,1722,SABORIZANTE,False,,2024-01-29
2024-02-19,0.1153846153846153,SABORIZANTE,SABORIZANTE,estimado_promedio_simple,1723,SABORIZANTE,False,,2024-02-19
2024-03-18,0.1153846153846153,SABORIZANTE,SABORIZANTE,estimado_promedio_simple,1724,SABORIZANTE,False,,2024-03-18
2024-04-15,0.1153846153846153,SABORIZANTE,SABORIZANTE,estimado_promedio_simple,1725,SABORIZANTE,False,,2024-04-15
2021-05-10,7.615384615384615,TRANSFER,TRANSFER,estimado_promedio_simple,1726,TRANSFER,False,,2021-05-10
2021-05-24,7.615384615384615,TRANSFER,TRANSFER,estimado_promedio_simple,1727,TRANSFER,False,,2021-05-24
2021-06-07,7.615384615384615,TRANSFER,TRANSFER,estimado_promedio_simple,1728,TRANSFER,False,,2021-06-07
2021-07-05,7.615384615384615,TRANSFER,TRANSFER,estimado_promedio_simple,1729,TRANSFER,False,,2021-07-05
2021-07-12,7.615384615384615,TRANSFER,TRANSFER,estimado_promedio_simple,1730,TRANSFER,False,,2021-07-12
2021-08-02,7.615384615384615,TRANSFER,TRANSFER,estimado_promedio_simple,1731,TRANSFER,False,,2021-08-02
2021-08-09,7.615384615384615,TRANSFER,TRANSFER,estimado_promedio_simple,1732,TRANSFER,False,,2021-08-09
2021-08-16,7.615384615384615,TRANSFER,TRANSFER,estimado_promedio_simple,1733,TRANSFER,False,,2021-08-16
2021-08-30,7.615384615384615,TRANSFER,TRANSFER,estimado_promedio_simple,1734,TRANSFER,False,,2021-08-30
2022-03-07,7.615384615384615,TRANSFER,TRANSFER,estimado_promedio_simple,1735,TRANSFER,False,,2022-03-07
2022-04-11,7.615384615384615,TRANSFER,TRANSFER,estimado_promedio_simple,1736,TRANSFER,False,,2022-04-11
2022-04-18,7.615384615384615,TRANSFER,TRANSFER,estimado_promedio_simple,1737,TRANSFER,False,,2022-04-18
2022-05-02,7.615384615384615,TRANSFER,TRANSFER,estimado_promedio_simple,1738,TRANSFER,False,,2022-05-02
2022-05-16,7.615384615384615,TRANSFER,TRANSFER,estimado_promedio_simple,1739,TRANSFER,False,,2022-05-16
2022-05-23,7.615384615384615,TRANSFER,TRANSFER,estimado_promedio_simple,1740,TRANSFER,False,,2022-05-23
2022-07-04,7.615384615384615,TRANSFER,TRANSFER,estimado_promedio_simple,1741,TRANSFER,False,,2022-07-04
2022-07-11,7.615384615384615,TRANSFER,TRANSFER,estimado_promedio_simple,1742,TRANSFER,False,,2022-07-11
2022-10-10,7.615384615384615,TRANSFER,TRANSFER,estimado_promedio_simple,1743,TRANSFER,False,,2022-10-10
2023-01-30,45.0,TRANSFER,TRANSFER,observado,1744,TRANSFER,False,,2023-01-30
2023-02-27,135.0,TRANSFER,TRANSFER,observado,1745,TRANSFER,False,,2023-02-27
2023-04-10,7.615384615384615,TRANSFER,TRANSFER,estimado_promedio_simple,1746,TRANSFER,False,,2023-04-10
2023-05-01,90.0,TRANSFER,TRANSFER,observado,1747,TRANSFER,False,,2023-05-01
2023-05-08,7.615384615384615,TRANSFER,TRANSFER,estimado_promedio_simple,1748,TRANSFER,False,,2023-05-08
2023-05-15,45.0,TRANSFER,TRANSFER,observado,1749,TRANSFER,False,,2023-05-15
2023-06-19,7.615384615384615,TRANSFER,TRANSFER,estimado_promedio_simple,1750,TRANSFER,False,,2023-06-19
2023-07-03,7.615384615384615,TRANSFER,TRANSFER,estimado_promedio_simple,1751,TRANSFER,False,,2023-07-03
2023-07-10,180.0,TRANSFER,TRANSFER,observado,1752,TRANSFER,False,,2023-07-10
2023-07-17,45.0,TRANSFER,TRANSFER,observado,1753,TRANSFER,False,,2023-07-17
2023-08-07,90.0,TRANSFER,TRANSFER,observado,1754,TRANSFER,False,,2023-08-07
2023-09-04,90.0,TRANSFER,TRANSFER,observado,1755,TRANSFER,False,,2023-09-04
2023-09-25,45.0,TRANSFER,TRANSFER,observado,1756,TRANSFER,False,,2023-09-25
2023-10-09,135.0,TRANSFER,TRANSFER,observado,1757,TRANSFER,False,,2023-10-09
2023-10-16,45.0,TRANSFER,TRANSFER,observado,1758,TRANSFER,False,,2023-10-16
2023-10-23,7.615384615384615,TRANSFER,TRANSFER,estimado_promedio_simple,1759,TRANSFER,False,,2023-10-23
2023-10-30,45.0,TRANSFER,TRANSFER,observado,1760,TRANSFER,False,,2023-10-30
2024-01-29,7.615384615384615,TRANSFER,TRANSFER,estimado_promedio_simple,1761,TRANSFER,False,,2024-01-29
2024-02-19,7.615384615384615,TRANSFER,TRANSFER,estimado_promedio_simple,1762,TRANSFER,False,,2024-02-19
2024-03-18,7.615384615384615,TRANSFER,TRANSFER,estimado_promedio_simple,1763,TRANSFER,False,,2024-03-18
2024-04-15,7.615384615384615,TRANSFER,TRANSFER,estimado_promedio_simple,1764,TRANSFER,False,,2024-04-15
